ISO-10303-21;
HEADER;
FILE_DESCRIPTION(('KiCad electronic assembly'),'2;1');
FILE_NAME('pd_amp.step','2026-10-04T14:09:43',('Pcbnew'),('Kicad'),
  'Open CASCADE STEP processor 7.9','KiCad to STEP converter','Unknown'
  );
FILE_SCHEMA(('AUTOMOTIVE_DESIGN { 1 0 10303 214 1 1 1 1 }'));
ENDSEC;
DATA;
#1 = APPLICATION_PROTOCOL_DEFINITION('international standard',
  'automotive_design',2000,#2);
#2 = APPLICATION_CONTEXT(
  'core data for automotive mechanical design processes');
#3 = SHAPE_DEFINITION_REPRESENTATION(#4,#10);
#4 = PRODUCT_DEFINITION_SHAPE('','',#5);
#5 = PRODUCT_DEFINITION('design','',#6,#9);
#6 = PRODUCT_DEFINITION_FORMATION('','',#7);
#7 = PRODUCT('pd_amp 1','pd_amp 1','',(#8));
#8 = PRODUCT_CONTEXT('',#2,'mechanical');
#9 = PRODUCT_DEFINITION_CONTEXT('part definition',#2,'design');
#10 = SHAPE_REPRESENTATION('',(#11,#15,#19,#23,#27,#31,#35,#39,#43),#47
  );
#11 = AXIS2_PLACEMENT_3D('',#12,#13,#14);
#12 = CARTESIAN_POINT('',(0.,0.,0.));
#13 = DIRECTION('',(0.,0.,1.));
#14 = DIRECTION('',(1.,0.,-0.));
#15 = AXIS2_PLACEMENT_3D('',#16,#17,#18);
#16 = CARTESIAN_POINT('',(26.035,-3.81,1.595));
#17 = DIRECTION('',(0.,0.,1.));
#18 = DIRECTION('',(1.,0.,0.));
#19 = AXIS2_PLACEMENT_3D('',#20,#21,#22);
#20 = CARTESIAN_POINT('',(8.89,-15.24,1.595));
#21 = DIRECTION('',(0.,-0.,1.));
#22 = DIRECTION('',(1.110223024625E-16,1.,0.));
#23 = AXIS2_PLACEMENT_3D('',#24,#25,#26);
#24 = CARTESIAN_POINT('',(5.715,-3.81,1.595));
#25 = DIRECTION('',(0.,0.,1.));
#26 = DIRECTION('',(1.,0.,0.));
#27 = AXIS2_PLACEMENT_3D('',#28,#29,#30);
#28 = CARTESIAN_POINT('',(13.335,-12.7,1.595));
#29 = DIRECTION('',(0.,-0.,1.));
#30 = DIRECTION('',(1.110223024625E-16,1.,0.));
#31 = AXIS2_PLACEMENT_3D('',#32,#33,#34);
#32 = CARTESIAN_POINT('',(24.13,-12.065,1.595));
#33 = DIRECTION('',(0.,0.,1.));
#34 = DIRECTION('',(1.,0.,0.));
#35 = AXIS2_PLACEMENT_3D('',#36,#37,#38);
#36 = CARTESIAN_POINT('',(4.445,-14.605,1.595));
#37 = DIRECTION('',(0.,-0.,1.));
#38 = DIRECTION('',(1.110223024625E-16,1.,0.));
#39 = AXIS2_PLACEMENT_3D('',#40,#41,#42);
#40 = CARTESIAN_POINT('',(0.,0.,0.));
#41 = DIRECTION('',(0.,0.,1.));
#42 = DIRECTION('',(1.,0.,-0.));
#43 = AXIS2_PLACEMENT_3D('',#44,#45,#46);
#44 = CARTESIAN_POINT('',(0.,0.,0.));
#45 = DIRECTION('',(0.,0.,1.));
#46 = DIRECTION('',(1.,0.,-0.));
#47 = ( GEOMETRIC_REPRESENTATION_CONTEXT(3) 
GLOBAL_UNCERTAINTY_ASSIGNED_CONTEXT((#51)) GLOBAL_UNIT_ASSIGNED_CONTEXT(
(#48,#49,#50)) REPRESENTATION_CONTEXT('Context #1',
  '3D Context with UNIT and UNCERTAINTY') );
#48 = ( LENGTH_UNIT() NAMED_UNIT(*) SI_UNIT(.MILLI.,.METRE.) );
#49 = ( NAMED_UNIT(*) PLANE_ANGLE_UNIT() SI_UNIT($,.RADIAN.) );
#50 = ( NAMED_UNIT(*) SI_UNIT($,.STERADIAN.) SOLID_ANGLE_UNIT() );
#51 = UNCERTAINTY_MEASURE_WITH_UNIT(LENGTH_MEASURE(5.E-07),#48,
  'distance_accuracy_value','confusion accuracy');
#52 = PRODUCT_RELATED_PRODUCT_CATEGORY('part',$,(#7));
#53 = SHAPE_DEFINITION_REPRESENTATION(#54,#60);
#54 = PRODUCT_DEFINITION_SHAPE('','',#55);
#55 = PRODUCT_DEFINITION('design','',#56,#59);
#56 = PRODUCT_DEFINITION_FORMATION('','',#57);
#57 = PRODUCT('JST_XH_B3B-XH-A_1x03_P2.50mm_Vertical',
  'JST_XH_B3B-XH-A_1x03_P2.50mm_Vertical','',(#58));
#58 = PRODUCT_CONTEXT('',#2,'mechanical');
#59 = PRODUCT_DEFINITION_CONTEXT('part definition',#2,'design');
#60 = SHAPE_REPRESENTATION('',(#11,#61),#65);
#61 = AXIS2_PLACEMENT_3D('',#62,#63,#64);
#62 = CARTESIAN_POINT('',(0.,0.,0.));
#63 = DIRECTION('',(0.,0.,1.));
#64 = DIRECTION('',(1.,0.,-0.));
#65 = ( GEOMETRIC_REPRESENTATION_CONTEXT(3) 
GLOBAL_UNCERTAINTY_ASSIGNED_CONTEXT((#69)) GLOBAL_UNIT_ASSIGNED_CONTEXT(
(#66,#67,#68)) REPRESENTATION_CONTEXT('Context #1',
  '3D Context with UNIT and UNCERTAINTY') );
#66 = ( LENGTH_UNIT() NAMED_UNIT(*) SI_UNIT(.MILLI.,.METRE.) );
#67 = ( NAMED_UNIT(*) PLANE_ANGLE_UNIT() SI_UNIT($,.RADIAN.) );
#68 = ( NAMED_UNIT(*) SI_UNIT($,.STERADIAN.) SOLID_ANGLE_UNIT() );
#69 = UNCERTAINTY_MEASURE_WITH_UNIT(LENGTH_MEASURE(1.E-07),#66,
  'distance_accuracy_value','confusion accuracy');
#70 = CONTEXT_DEPENDENT_SHAPE_REPRESENTATION(#71,#73);
#71 = ( REPRESENTATION_RELATIONSHIP('','',#60,#10) 
REPRESENTATION_RELATIONSHIP_WITH_TRANSFORMATION(#72) 
SHAPE_REPRESENTATION_RELATIONSHIP() );
#72 = ITEM_DEFINED_TRANSFORMATION('','',#11,#15);
#73 = PRODUCT_DEFINITION_SHAPE('Placement','Placement of an item',#74);
#74 = NEXT_ASSEMBLY_USAGE_OCCURRENCE('2','J1','',#5,#55,$);
#75 = PRODUCT_RELATED_PRODUCT_CATEGORY('part',$,(#57));
#76 = SHAPE_DEFINITION_REPRESENTATION(#77,#83);
#77 = PRODUCT_DEFINITION_SHAPE('','',#78);
#78 = PRODUCT_DEFINITION('design','',#79,#82);
#79 = PRODUCT_DEFINITION_FORMATION('','',#80);
#80 = PRODUCT('JST_B3B_XH_A','JST_B3B_XH_A','',(#81));
#81 = PRODUCT_CONTEXT('',#2,'mechanical');
#82 = PRODUCT_DEFINITION_CONTEXT('part definition',#2,'design');
#83 = ADVANCED_BREP_SHAPE_REPRESENTATION('',(#11,#84),#3605);
#84 = MANIFOLD_SOLID_BREP('',#85);
#85 = CLOSED_SHELL('',(#86,#158,#197,#221,#286,#310,#430,#454,#519,#544,
    #593,#610,#634,#651,#821,#845,#1079,#1103,#1136,#1160,#1191,#1208,
    #1241,#1265,#1296,#1313,#1346,#1370,#1401,#1413,#1446,#1463,#1480,
    #1492,#1606,#1623,#1640,#1657,#1674,#1691,#1708,#1725,#1742,#1759,
    #1776,#1793,#1810,#1827,#1844,#1856,#1873,#1890,#1907,#1953,#1999,
    #2045,#2076,#2100,#2124,#2141,#2172,#2196,#2220,#2237,#2268,#2292,
    #2316,#2333,#2396,#2420,#2476,#2493,#2524,#2548,#2572,#2589,#2652,
    #2676,#2732,#2749,#2780,#2804,#2828,#2845,#2876,#2900,#2924,#2941,
    #2972,#2996,#3020,#3037,#3084,#3115,#3127,#3144,#3170,#3203,#3234,
    #3258,#3282,#3299,#3346,#3377,#3389,#3406,#3432,#3465,#3477,#3489,
    #3501,#3518,#3535,#3547,#3559,#3576,#3593));
#86 = ADVANCED_FACE('',(#87),#153,.T.);
#87 = FACE_BOUND('',#88,.T.);
#88 = EDGE_LOOP('',(#89,#99,#107,#115,#123,#131,#139,#147));
#89 = ORIENTED_EDGE('',*,*,#90,.T.);
#90 = EDGE_CURVE('',#91,#93,#95,.T.);
#91 = VERTEX_POINT('',#92);
#92 = CARTESIAN_POINT('',(-1.8,0.5,7.));
#93 = VERTEX_POINT('',#94);
#94 = CARTESIAN_POINT('',(-2.45,0.5,7.));
#95 = LINE('',#96,#97);
#96 = CARTESIAN_POINT('',(7.45,0.5,7.));
#97 = VECTOR('',#98,1.);
#98 = DIRECTION('',(-1.,1.224646799147E-16,0.));
#99 = ORIENTED_EDGE('',*,*,#100,.T.);
#100 = EDGE_CURVE('',#93,#101,#103,.T.);
#101 = VERTEX_POINT('',#102);
#102 = CARTESIAN_POINT('',(-2.45,-3.4,7.));
#103 = LINE('',#104,#105);
#104 = CARTESIAN_POINT('',(-2.45,2.35,7.));
#105 = VECTOR('',#106,1.);
#106 = DIRECTION('',(-1.224646799147E-16,-1.,0.));
#107 = ORIENTED_EDGE('',*,*,#108,.T.);
#108 = EDGE_CURVE('',#101,#109,#111,.T.);
#109 = VERTEX_POINT('',#110);
#110 = CARTESIAN_POINT('',(7.45,-3.4,7.));
#111 = LINE('',#112,#113);
#112 = CARTESIAN_POINT('',(-2.45,-3.4,7.));
#113 = VECTOR('',#114,1.);
#114 = DIRECTION('',(1.,-1.224646799147E-16,0.));
#115 = ORIENTED_EDGE('',*,*,#116,.T.);
#116 = EDGE_CURVE('',#109,#117,#119,.T.);
#117 = VERTEX_POINT('',#118);
#118 = CARTESIAN_POINT('',(7.45,0.5,7.));
#119 = LINE('',#120,#121);
#120 = CARTESIAN_POINT('',(7.45,-3.4,7.));
#121 = VECTOR('',#122,1.);
#122 = DIRECTION('',(1.224646799147E-16,1.,0.));
#123 = ORIENTED_EDGE('',*,*,#124,.T.);
#124 = EDGE_CURVE('',#117,#125,#127,.T.);
#125 = VERTEX_POINT('',#126);
#126 = CARTESIAN_POINT('',(6.8,0.5,7.));
#127 = LINE('',#128,#129);
#128 = CARTESIAN_POINT('',(7.45,0.5,7.));
#129 = VECTOR('',#130,1.);
#130 = DIRECTION('',(-1.,1.224646799147E-16,0.));
#131 = ORIENTED_EDGE('',*,*,#132,.F.);
#132 = EDGE_CURVE('',#133,#125,#135,.T.);
#133 = VERTEX_POINT('',#134);
#134 = CARTESIAN_POINT('',(6.8,-2.85,7.));
#135 = LINE('',#136,#137);
#136 = CARTESIAN_POINT('',(6.8,-2.65,7.));
#137 = VECTOR('',#138,1.);
#138 = DIRECTION('',(1.224646799147E-16,1.,0.));
#139 = ORIENTED_EDGE('',*,*,#140,.F.);
#140 = EDGE_CURVE('',#141,#133,#143,.T.);
#141 = VERTEX_POINT('',#142);
#142 = CARTESIAN_POINT('',(-1.8,-2.85,7.));
#143 = LINE('',#144,#145);
#144 = CARTESIAN_POINT('',(-1.6,-2.85,7.));
#145 = VECTOR('',#146,1.);
#146 = DIRECTION('',(1.,-1.224646799147E-16,0.));
#147 = ORIENTED_EDGE('',*,*,#148,.F.);
#148 = EDGE_CURVE('',#91,#141,#149,.T.);
#149 = LINE('',#150,#151);
#150 = CARTESIAN_POINT('',(-1.8,0.5,7.));
#151 = VECTOR('',#152,1.);
#152 = DIRECTION('',(-1.224646799147E-16,-1.,0.));
#153 = PLANE('',#154);
#154 = AXIS2_PLACEMENT_3D('',#155,#156,#157);
#155 = CARTESIAN_POINT('',(2.5,-0.525,7.));
#156 = DIRECTION('',(0.,0.,1.));
#157 = DIRECTION('',(-1.,1.224646799147E-16,0.));
#158 = ADVANCED_FACE('',(#159),#192,.T.);
#159 = FACE_BOUND('',#160,.T.);
#160 = EDGE_LOOP('',(#161,#171,#179,#185,#186));
#161 = ORIENTED_EDGE('',*,*,#162,.T.);
#162 = EDGE_CURVE('',#163,#165,#167,.T.);
#163 = VERTEX_POINT('',#164);
#164 = CARTESIAN_POINT('',(-1.6,0.5,6.8));
#165 = VERTEX_POINT('',#166);
#166 = CARTESIAN_POINT('',(-1.6,0.5,3.65));
#167 = LINE('',#168,#169);
#168 = CARTESIAN_POINT('',(-1.6,0.5,5.325));
#169 = VECTOR('',#170,1.);
#170 = DIRECTION('',(-0.,0.,-1.));
#171 = ORIENTED_EDGE('',*,*,#172,.T.);
#172 = EDGE_CURVE('',#165,#173,#175,.T.);
#173 = VERTEX_POINT('',#174);
#174 = CARTESIAN_POINT('',(-2.45,0.5,3.65));
#175 = LINE('',#176,#177);
#176 = CARTESIAN_POINT('',(7.45,0.5,3.65));
#177 = VECTOR('',#178,1.);
#178 = DIRECTION('',(-1.,1.224646799147E-16,0.));
#179 = ORIENTED_EDGE('',*,*,#180,.T.);
#180 = EDGE_CURVE('',#173,#93,#181,.T.);
#181 = LINE('',#182,#183);
#182 = CARTESIAN_POINT('',(-2.45,0.5,1.825));
#183 = VECTOR('',#184,1.);
#184 = DIRECTION('',(0.,0.,1.));
#185 = ORIENTED_EDGE('',*,*,#90,.F.);
#186 = ORIENTED_EDGE('',*,*,#187,.T.);
#187 = EDGE_CURVE('',#91,#163,#188,.T.);
#188 = LINE('',#189,#190);
#189 = CARTESIAN_POINT('',(1.4,0.5,3.8));
#190 = VECTOR('',#191,1.);
#191 = DIRECTION('',(0.707106781187,-8.659560562349E-17,-0.707106781187)
  );
#192 = PLANE('',#193);
#193 = AXIS2_PLACEMENT_3D('',#194,#195,#196);
#194 = CARTESIAN_POINT('',(7.45,0.5,3.65));
#195 = DIRECTION('',(1.224646799147E-16,1.,0.));
#196 = DIRECTION('',(0.,-0.,1.));
#197 = ADVANCED_FACE('',(#198),#216,.F.);
#198 = FACE_BOUND('',#199,.T.);
#199 = EDGE_LOOP('',(#200,#201,#202,#210));
#200 = ORIENTED_EDGE('',*,*,#187,.F.);
#201 = ORIENTED_EDGE('',*,*,#148,.T.);
#202 = ORIENTED_EDGE('',*,*,#203,.T.);
#203 = EDGE_CURVE('',#141,#204,#206,.T.);
#204 = VERTEX_POINT('',#205);
#205 = CARTESIAN_POINT('',(-1.6,-2.65,6.8));
#206 = LINE('',#207,#208);
#207 = CARTESIAN_POINT('',(-1.141666666667,-2.191666666667,
    6.341666666667));
#208 = VECTOR('',#209,1.);
#209 = DIRECTION('',(0.57735026919,0.57735026919,-0.57735026919));
#210 = ORIENTED_EDGE('',*,*,#211,.F.);
#211 = EDGE_CURVE('',#163,#204,#212,.T.);
#212 = LINE('',#213,#214);
#213 = CARTESIAN_POINT('',(-1.6,0.5,6.8));
#214 = VECTOR('',#215,1.);
#215 = DIRECTION('',(-1.224646799147E-16,-1.,0.));
#216 = PLANE('',#217);
#217 = AXIS2_PLACEMENT_3D('',#218,#219,#220);
#218 = CARTESIAN_POINT('',(-1.7,0.5,6.9));
#219 = DIRECTION('',(-0.707106781187,8.659560562349E-17,-0.707106781187)
  );
#220 = DIRECTION('',(1.224646799147E-16,1.,-2.105272540809E-29));
#221 = ADVANCED_FACE('',(#222),#281,.F.);
#222 = FACE_BOUND('',#223,.F.);
#223 = EDGE_LOOP('',(#224,#234,#242,#250,#258,#267,#273,#274,#275));
#224 = ORIENTED_EDGE('',*,*,#225,.F.);
#225 = EDGE_CURVE('',#226,#228,#230,.T.);
#226 = VERTEX_POINT('',#227);
#227 = CARTESIAN_POINT('',(-2.45,2.35,0.));
#228 = VERTEX_POINT('',#229);
#229 = CARTESIAN_POINT('',(-2.45,-3.4,0.));
#230 = LINE('',#231,#232);
#231 = CARTESIAN_POINT('',(-2.45,2.35,0.));
#232 = VECTOR('',#233,1.);
#233 = DIRECTION('',(-1.224646799147E-16,-1.,0.));
#234 = ORIENTED_EDGE('',*,*,#235,.T.);
#235 = EDGE_CURVE('',#226,#236,#238,.T.);
#236 = VERTEX_POINT('',#237);
#237 = CARTESIAN_POINT('',(-2.45,2.35,7.));
#238 = LINE('',#239,#240);
#239 = CARTESIAN_POINT('',(-2.45,2.35,0.));
#240 = VECTOR('',#241,1.);
#241 = DIRECTION('',(0.,0.,1.));
#242 = ORIENTED_EDGE('',*,*,#243,.T.);
#243 = EDGE_CURVE('',#236,#244,#246,.T.);
#244 = VERTEX_POINT('',#245);
#245 = CARTESIAN_POINT('',(-2.45,1.5,7.));
#246 = LINE('',#247,#248);
#247 = CARTESIAN_POINT('',(-2.45,2.35,7.));
#248 = VECTOR('',#249,1.);
#249 = DIRECTION('',(-1.224646799147E-16,-1.,0.));
#250 = ORIENTED_EDGE('',*,*,#251,.T.);
#251 = EDGE_CURVE('',#244,#252,#254,.T.);
#252 = VERTEX_POINT('',#253);
#253 = CARTESIAN_POINT('',(-2.45,1.5,4.15));
#254 = LINE('',#255,#256);
#255 = CARTESIAN_POINT('',(-2.45,1.5,3.5));
#256 = VECTOR('',#257,1.);
#257 = DIRECTION('',(-0.,0.,-1.));
#258 = ORIENTED_EDGE('',*,*,#259,.F.);
#259 = EDGE_CURVE('',#260,#252,#262,.T.);
#260 = VERTEX_POINT('',#261);
#261 = CARTESIAN_POINT('',(-2.45,1.,3.65));
#262 = CIRCLE('',#263,0.5);
#263 = AXIS2_PLACEMENT_3D('',#264,#265,#266);
#264 = CARTESIAN_POINT('',(-2.45,1.,4.15));
#265 = DIRECTION('',(1.,-1.224646799147E-16,0.));
#266 = DIRECTION('',(1.224646799147E-16,1.,0.));
#267 = ORIENTED_EDGE('',*,*,#268,.T.);
#268 = EDGE_CURVE('',#260,#173,#269,.T.);
#269 = LINE('',#270,#271);
#270 = CARTESIAN_POINT('',(-2.45,1.675,3.65));
#271 = VECTOR('',#272,1.);
#272 = DIRECTION('',(-1.224646799147E-16,-1.,0.));
#273 = ORIENTED_EDGE('',*,*,#180,.T.);
#274 = ORIENTED_EDGE('',*,*,#100,.T.);
#275 = ORIENTED_EDGE('',*,*,#276,.F.);
#276 = EDGE_CURVE('',#228,#101,#277,.T.);
#277 = LINE('',#278,#279);
#278 = CARTESIAN_POINT('',(-2.45,-3.4,0.));
#279 = VECTOR('',#280,1.);
#280 = DIRECTION('',(0.,0.,1.));
#281 = PLANE('',#282);
#282 = AXIS2_PLACEMENT_3D('',#283,#284,#285);
#283 = CARTESIAN_POINT('',(-2.45,2.35,0.));
#284 = DIRECTION('',(1.,-1.224646799147E-16,0.));
#285 = DIRECTION('',(-1.224646799147E-16,-1.,0.));
#286 = ADVANCED_FACE('',(#287),#305,.F.);
#287 = FACE_BOUND('',#288,.T.);
#288 = EDGE_LOOP('',(#289,#290,#291,#299));
#289 = ORIENTED_EDGE('',*,*,#203,.F.);
#290 = ORIENTED_EDGE('',*,*,#140,.T.);
#291 = ORIENTED_EDGE('',*,*,#292,.T.);
#292 = EDGE_CURVE('',#133,#293,#295,.T.);
#293 = VERTEX_POINT('',#294);
#294 = CARTESIAN_POINT('',(6.6,-2.65,6.8));
#295 = LINE('',#296,#297);
#296 = CARTESIAN_POINT('',(5.3,-1.35,5.5));
#297 = VECTOR('',#298,1.);
#298 = DIRECTION('',(-0.57735026919,0.57735026919,-0.57735026919));
#299 = ORIENTED_EDGE('',*,*,#300,.F.);
#300 = EDGE_CURVE('',#204,#293,#301,.T.);
#301 = LINE('',#302,#303);
#302 = CARTESIAN_POINT('',(-1.6,-2.65,6.8));
#303 = VECTOR('',#304,1.);
#304 = DIRECTION('',(1.,-1.224646799147E-16,0.));
#305 = PLANE('',#306);
#306 = AXIS2_PLACEMENT_3D('',#307,#308,#309);
#307 = CARTESIAN_POINT('',(-1.6,-2.75,6.9));
#308 = DIRECTION('',(-8.659560562349E-17,-0.707106781187,-0.707106781187
    ));
#309 = DIRECTION('',(-1.,1.224646799147E-16,-2.105272540809E-29));
#310 = ADVANCED_FACE('',(#311),#425,.F.);
#311 = FACE_BOUND('',#312,.F.);
#312 = EDGE_LOOP('',(#313,#321,#322,#323,#331,#339,#347,#355,#363,#371,
    #379,#387,#395,#403,#411,#419));
#313 = ORIENTED_EDGE('',*,*,#314,.F.);
#314 = EDGE_CURVE('',#228,#315,#317,.T.);
#315 = VERTEX_POINT('',#316);
#316 = CARTESIAN_POINT('',(-0.75,-3.4,0.));
#317 = LINE('',#318,#319);
#318 = CARTESIAN_POINT('',(-2.45,-3.4,0.));
#319 = VECTOR('',#320,1.);
#320 = DIRECTION('',(1.,-1.224646799147E-16,0.));
#321 = ORIENTED_EDGE('',*,*,#276,.T.);
#322 = ORIENTED_EDGE('',*,*,#108,.T.);
#323 = ORIENTED_EDGE('',*,*,#324,.F.);
#324 = EDGE_CURVE('',#325,#109,#327,.T.);
#325 = VERTEX_POINT('',#326);
#326 = CARTESIAN_POINT('',(7.45,-3.4,0.));
#327 = LINE('',#328,#329);
#328 = CARTESIAN_POINT('',(7.45,-3.4,0.));
#329 = VECTOR('',#330,1.);
#330 = DIRECTION('',(0.,0.,1.));
#331 = ORIENTED_EDGE('',*,*,#332,.F.);
#332 = EDGE_CURVE('',#333,#325,#335,.T.);
#333 = VERTEX_POINT('',#334);
#334 = CARTESIAN_POINT('',(5.75,-3.4,0.));
#335 = LINE('',#336,#337);
#336 = CARTESIAN_POINT('',(-2.45,-3.4,0.));
#337 = VECTOR('',#338,1.);
#338 = DIRECTION('',(1.,-1.224646799147E-16,0.));
#339 = ORIENTED_EDGE('',*,*,#340,.F.);
#340 = EDGE_CURVE('',#341,#333,#343,.T.);
#341 = VERTEX_POINT('',#342);
#342 = CARTESIAN_POINT('',(5.75,-3.4,1.));
#343 = LINE('',#344,#345);
#344 = CARTESIAN_POINT('',(5.75,-3.4,1.));
#345 = VECTOR('',#346,1.);
#346 = DIRECTION('',(-0.,0.,-1.));
#347 = ORIENTED_EDGE('',*,*,#348,.T.);
#348 = EDGE_CURVE('',#341,#349,#351,.T.);
#349 = VERTEX_POINT('',#350);
#350 = CARTESIAN_POINT('',(4.25,-3.4,1.));
#351 = LINE('',#352,#353);
#352 = CARTESIAN_POINT('',(5.75,-3.4,1.));
#353 = VECTOR('',#354,1.);
#354 = DIRECTION('',(-1.,1.224646799147E-16,0.));
#355 = ORIENTED_EDGE('',*,*,#356,.T.);
#356 = EDGE_CURVE('',#349,#357,#359,.T.);
#357 = VERTEX_POINT('',#358);
#358 = CARTESIAN_POINT('',(4.25,-3.4,0.));
#359 = LINE('',#360,#361);
#360 = CARTESIAN_POINT('',(4.25,-3.4,1.));
#361 = VECTOR('',#362,1.);
#362 = DIRECTION('',(-0.,0.,-1.));
#363 = ORIENTED_EDGE('',*,*,#364,.F.);
#364 = EDGE_CURVE('',#365,#357,#367,.T.);
#365 = VERTEX_POINT('',#366);
#366 = CARTESIAN_POINT('',(3.25,-3.4,0.));
#367 = LINE('',#368,#369);
#368 = CARTESIAN_POINT('',(-2.45,-3.4,0.));
#369 = VECTOR('',#370,1.);
#370 = DIRECTION('',(1.,-1.224646799147E-16,0.));
#371 = ORIENTED_EDGE('',*,*,#372,.F.);
#372 = EDGE_CURVE('',#373,#365,#375,.T.);
#373 = VERTEX_POINT('',#374);
#374 = CARTESIAN_POINT('',(3.25,-3.4,1.));
#375 = LINE('',#376,#377);
#376 = CARTESIAN_POINT('',(3.25,-3.4,1.));
#377 = VECTOR('',#378,1.);
#378 = DIRECTION('',(-0.,0.,-1.));
#379 = ORIENTED_EDGE('',*,*,#380,.T.);
#380 = EDGE_CURVE('',#373,#381,#383,.T.);
#381 = VERTEX_POINT('',#382);
#382 = CARTESIAN_POINT('',(1.75,-3.4,1.));
#383 = LINE('',#384,#385);
#384 = CARTESIAN_POINT('',(3.25,-3.4,1.));
#385 = VECTOR('',#386,1.);
#386 = DIRECTION('',(-1.,1.224646799147E-16,0.));
#387 = ORIENTED_EDGE('',*,*,#388,.T.);
#388 = EDGE_CURVE('',#381,#389,#391,.T.);
#389 = VERTEX_POINT('',#390);
#390 = CARTESIAN_POINT('',(1.75,-3.4,0.));
#391 = LINE('',#392,#393);
#392 = CARTESIAN_POINT('',(1.75,-3.4,1.));
#393 = VECTOR('',#394,1.);
#394 = DIRECTION('',(-0.,0.,-1.));
#395 = ORIENTED_EDGE('',*,*,#396,.F.);
#396 = EDGE_CURVE('',#397,#389,#399,.T.);
#397 = VERTEX_POINT('',#398);
#398 = CARTESIAN_POINT('',(0.75,-3.4,0.));
#399 = LINE('',#400,#401);
#400 = CARTESIAN_POINT('',(-2.45,-3.4,0.));
#401 = VECTOR('',#402,1.);
#402 = DIRECTION('',(1.,-1.224646799147E-16,0.));
#403 = ORIENTED_EDGE('',*,*,#404,.F.);
#404 = EDGE_CURVE('',#405,#397,#407,.T.);
#405 = VERTEX_POINT('',#406);
#406 = CARTESIAN_POINT('',(0.75,-3.4,1.));
#407 = LINE('',#408,#409);
#408 = CARTESIAN_POINT('',(0.75,-3.4,1.));
#409 = VECTOR('',#410,1.);
#410 = DIRECTION('',(-0.,0.,-1.));
#411 = ORIENTED_EDGE('',*,*,#412,.T.);
#412 = EDGE_CURVE('',#405,#413,#415,.T.);
#413 = VERTEX_POINT('',#414);
#414 = CARTESIAN_POINT('',(-0.75,-3.4,1.));
#415 = LINE('',#416,#417);
#416 = CARTESIAN_POINT('',(0.75,-3.4,1.));
#417 = VECTOR('',#418,1.);
#418 = DIRECTION('',(-1.,1.224646799147E-16,0.));
#419 = ORIENTED_EDGE('',*,*,#420,.T.);
#420 = EDGE_CURVE('',#413,#315,#421,.T.);
#421 = LINE('',#422,#423);
#422 = CARTESIAN_POINT('',(-0.75,-3.4,1.));
#423 = VECTOR('',#424,1.);
#424 = DIRECTION('',(-0.,0.,-1.));
#425 = PLANE('',#426);
#426 = AXIS2_PLACEMENT_3D('',#427,#428,#429);
#427 = CARTESIAN_POINT('',(-2.45,-3.4,0.));
#428 = DIRECTION('',(1.224646799147E-16,1.,0.));
#429 = DIRECTION('',(1.,-1.224646799147E-16,0.));
#430 = ADVANCED_FACE('',(#431),#449,.F.);
#431 = FACE_BOUND('',#432,.T.);
#432 = EDGE_LOOP('',(#433,#434,#435,#443));
#433 = ORIENTED_EDGE('',*,*,#292,.F.);
#434 = ORIENTED_EDGE('',*,*,#132,.T.);
#435 = ORIENTED_EDGE('',*,*,#436,.T.);
#436 = EDGE_CURVE('',#125,#437,#439,.T.);
#437 = VERTEX_POINT('',#438);
#438 = CARTESIAN_POINT('',(6.6,0.5,6.8));
#439 = LINE('',#440,#441);
#440 = CARTESIAN_POINT('',(6.075,0.5,6.275));
#441 = VECTOR('',#442,1.);
#442 = DIRECTION('',(-0.707106781187,8.659560562349E-17,-0.707106781187)
  );
#443 = ORIENTED_EDGE('',*,*,#444,.F.);
#444 = EDGE_CURVE('',#293,#437,#445,.T.);
#445 = LINE('',#446,#447);
#446 = CARTESIAN_POINT('',(6.6,-2.65,6.8));
#447 = VECTOR('',#448,1.);
#448 = DIRECTION('',(1.224646799147E-16,1.,0.));
#449 = PLANE('',#450);
#450 = AXIS2_PLACEMENT_3D('',#451,#452,#453);
#451 = CARTESIAN_POINT('',(6.7,-2.65,6.9));
#452 = DIRECTION('',(0.707106781187,-8.659560562349E-17,-0.707106781187)
  );
#453 = DIRECTION('',(-1.224646799147E-16,-1.,-2.105272540809E-29));
#454 = ADVANCED_FACE('',(#455),#514,.F.);
#455 = FACE_BOUND('',#456,.F.);
#456 = EDGE_LOOP('',(#457,#465,#466,#467,#475,#483,#492,#500,#508));
#457 = ORIENTED_EDGE('',*,*,#458,.F.);
#458 = EDGE_CURVE('',#325,#459,#461,.T.);
#459 = VERTEX_POINT('',#460);
#460 = CARTESIAN_POINT('',(7.45,2.35,0.));
#461 = LINE('',#462,#463);
#462 = CARTESIAN_POINT('',(7.45,-3.4,0.));
#463 = VECTOR('',#464,1.);
#464 = DIRECTION('',(1.224646799147E-16,1.,0.));
#465 = ORIENTED_EDGE('',*,*,#324,.T.);
#466 = ORIENTED_EDGE('',*,*,#116,.T.);
#467 = ORIENTED_EDGE('',*,*,#468,.F.);
#468 = EDGE_CURVE('',#469,#117,#471,.T.);
#469 = VERTEX_POINT('',#470);
#470 = CARTESIAN_POINT('',(7.45,0.5,3.65));
#471 = LINE('',#472,#473);
#472 = CARTESIAN_POINT('',(7.45,0.5,3.65));
#473 = VECTOR('',#474,1.);
#474 = DIRECTION('',(0.,0.,1.));
#475 = ORIENTED_EDGE('',*,*,#476,.F.);
#476 = EDGE_CURVE('',#477,#469,#479,.T.);
#477 = VERTEX_POINT('',#478);
#478 = CARTESIAN_POINT('',(7.45,1.,3.65));
#479 = LINE('',#480,#481);
#480 = CARTESIAN_POINT('',(7.45,1.,3.65));
#481 = VECTOR('',#482,1.);
#482 = DIRECTION('',(-1.224646799147E-16,-1.,0.));
#483 = ORIENTED_EDGE('',*,*,#484,.F.);
#484 = EDGE_CURVE('',#485,#477,#487,.T.);
#485 = VERTEX_POINT('',#486);
#486 = CARTESIAN_POINT('',(7.45,1.5,4.15));
#487 = CIRCLE('',#488,0.5);
#488 = AXIS2_PLACEMENT_3D('',#489,#490,#491);
#489 = CARTESIAN_POINT('',(7.45,1.,4.15));
#490 = DIRECTION('',(-1.,1.224646799147E-16,0.));
#491 = DIRECTION('',(1.224646799147E-16,1.,0.));
#492 = ORIENTED_EDGE('',*,*,#493,.F.);
#493 = EDGE_CURVE('',#494,#485,#496,.T.);
#494 = VERTEX_POINT('',#495);
#495 = CARTESIAN_POINT('',(7.45,1.5,7.));
#496 = LINE('',#497,#498);
#497 = CARTESIAN_POINT('',(7.45,1.5,7.));
#498 = VECTOR('',#499,1.);
#499 = DIRECTION('',(-0.,0.,-1.));
#500 = ORIENTED_EDGE('',*,*,#501,.T.);
#501 = EDGE_CURVE('',#494,#502,#504,.T.);
#502 = VERTEX_POINT('',#503);
#503 = CARTESIAN_POINT('',(7.45,2.35,7.));
#504 = LINE('',#505,#506);
#505 = CARTESIAN_POINT('',(7.45,-3.4,7.));
#506 = VECTOR('',#507,1.);
#507 = DIRECTION('',(1.224646799147E-16,1.,0.));
#508 = ORIENTED_EDGE('',*,*,#509,.F.);
#509 = EDGE_CURVE('',#459,#502,#510,.T.);
#510 = LINE('',#511,#512);
#511 = CARTESIAN_POINT('',(7.45,2.35,0.));
#512 = VECTOR('',#513,1.);
#513 = DIRECTION('',(0.,0.,1.));
#514 = PLANE('',#515);
#515 = AXIS2_PLACEMENT_3D('',#516,#517,#518);
#516 = CARTESIAN_POINT('',(7.45,-3.4,0.));
#517 = DIRECTION('',(-1.,1.224646799147E-16,0.));
#518 = DIRECTION('',(1.224646799147E-16,1.,0.));
#519 = ADVANCED_FACE('',(#520),#539,.T.);
#520 = FACE_BOUND('',#521,.T.);
#521 = EDGE_LOOP('',(#522,#523,#524,#532,#538));
#522 = ORIENTED_EDGE('',*,*,#124,.F.);
#523 = ORIENTED_EDGE('',*,*,#468,.F.);
#524 = ORIENTED_EDGE('',*,*,#525,.T.);
#525 = EDGE_CURVE('',#469,#526,#528,.T.);
#526 = VERTEX_POINT('',#527);
#527 = CARTESIAN_POINT('',(6.6,0.5,3.65));
#528 = LINE('',#529,#530);
#529 = CARTESIAN_POINT('',(7.45,0.5,3.65));
#530 = VECTOR('',#531,1.);
#531 = DIRECTION('',(-1.,1.224646799147E-16,0.));
#532 = ORIENTED_EDGE('',*,*,#533,.T.);
#533 = EDGE_CURVE('',#526,#437,#534,.T.);
#534 = LINE('',#535,#536);
#535 = CARTESIAN_POINT('',(6.6,0.5,5.325));
#536 = VECTOR('',#537,1.);
#537 = DIRECTION('',(0.,0.,1.));
#538 = ORIENTED_EDGE('',*,*,#436,.F.);
#539 = PLANE('',#540);
#540 = AXIS2_PLACEMENT_3D('',#541,#542,#543);
#541 = CARTESIAN_POINT('',(7.45,0.5,3.65));
#542 = DIRECTION('',(1.224646799147E-16,1.,0.));
#543 = DIRECTION('',(0.,-0.,1.));
#544 = ADVANCED_FACE('',(#545),#588,.F.);
#545 = FACE_BOUND('',#546,.F.);
#546 = EDGE_LOOP('',(#547,#548,#556,#565,#573,#581,#587));
#547 = ORIENTED_EDGE('',*,*,#162,.T.);
#548 = ORIENTED_EDGE('',*,*,#549,.T.);
#549 = EDGE_CURVE('',#165,#550,#552,.T.);
#550 = VERTEX_POINT('',#551);
#551 = CARTESIAN_POINT('',(-1.6,1.,3.65));
#552 = LINE('',#553,#554);
#553 = CARTESIAN_POINT('',(-1.6,1.25,3.65));
#554 = VECTOR('',#555,1.);
#555 = DIRECTION('',(1.224646799147E-16,1.,0.));
#556 = ORIENTED_EDGE('',*,*,#557,.T.);
#557 = EDGE_CURVE('',#550,#558,#560,.T.);
#558 = VERTEX_POINT('',#559);
#559 = CARTESIAN_POINT('',(-1.6,1.5,4.15));
#560 = CIRCLE('',#561,0.5);
#561 = AXIS2_PLACEMENT_3D('',#562,#563,#564);
#562 = CARTESIAN_POINT('',(-1.6,1.,4.15));
#563 = DIRECTION('',(1.,-1.224646799147E-16,0.));
#564 = DIRECTION('',(1.224646799147E-16,1.,0.));
#565 = ORIENTED_EDGE('',*,*,#566,.T.);
#566 = EDGE_CURVE('',#558,#567,#569,.T.);
#567 = VERTEX_POINT('',#568);
#568 = CARTESIAN_POINT('',(-1.6,1.5,1.85));
#569 = LINE('',#570,#571);
#570 = CARTESIAN_POINT('',(-1.6,1.5,7.));
#571 = VECTOR('',#572,1.);
#572 = DIRECTION('',(0.,0.,-1.));
#573 = ORIENTED_EDGE('',*,*,#574,.T.);
#574 = EDGE_CURVE('',#567,#575,#577,.T.);
#575 = VERTEX_POINT('',#576);
#576 = CARTESIAN_POINT('',(-1.6,-2.65,1.85));
#577 = LINE('',#578,#579);
#578 = CARTESIAN_POINT('',(-1.6,1.5,1.85));
#579 = VECTOR('',#580,1.);
#580 = DIRECTION('',(-1.224646799147E-16,-1.,0.));
#581 = ORIENTED_EDGE('',*,*,#582,.F.);
#582 = EDGE_CURVE('',#204,#575,#583,.T.);
#583 = LINE('',#584,#585);
#584 = CARTESIAN_POINT('',(-1.6,-2.65,7.));
#585 = VECTOR('',#586,1.);
#586 = DIRECTION('',(0.,0.,-1.));
#587 = ORIENTED_EDGE('',*,*,#211,.F.);
#588 = PLANE('',#589);
#589 = AXIS2_PLACEMENT_3D('',#590,#591,#592);
#590 = CARTESIAN_POINT('',(-1.6,1.5,7.));
#591 = DIRECTION('',(-1.,1.224646799147E-16,0.));
#592 = DIRECTION('',(-1.224646799147E-16,-1.,0.));
#593 = ADVANCED_FACE('',(#594),#605,.T.);
#594 = FACE_BOUND('',#595,.T.);
#595 = EDGE_LOOP('',(#596,#597,#603,#604));
#596 = ORIENTED_EDGE('',*,*,#549,.T.);
#597 = ORIENTED_EDGE('',*,*,#598,.T.);
#598 = EDGE_CURVE('',#550,#260,#599,.T.);
#599 = LINE('',#600,#601);
#600 = CARTESIAN_POINT('',(7.45,1.,3.65));
#601 = VECTOR('',#602,1.);
#602 = DIRECTION('',(-1.,1.224646799147E-16,0.));
#603 = ORIENTED_EDGE('',*,*,#268,.T.);
#604 = ORIENTED_EDGE('',*,*,#172,.F.);
#605 = PLANE('',#606);
#606 = AXIS2_PLACEMENT_3D('',#607,#608,#609);
#607 = CARTESIAN_POINT('',(7.45,1.,3.65));
#608 = DIRECTION('',(0.,0.,1.));
#609 = DIRECTION('',(-1.224646799147E-16,-1.,0.));
#610 = ADVANCED_FACE('',(#611),#629,.F.);
#611 = FACE_BOUND('',#612,.F.);
#612 = EDGE_LOOP('',(#613,#614,#615,#623));
#613 = ORIENTED_EDGE('',*,*,#225,.T.);
#614 = ORIENTED_EDGE('',*,*,#314,.T.);
#615 = ORIENTED_EDGE('',*,*,#616,.T.);
#616 = EDGE_CURVE('',#315,#617,#619,.T.);
#617 = VERTEX_POINT('',#618);
#618 = CARTESIAN_POINT('',(-0.75,2.35,0.));
#619 = LINE('',#620,#621);
#620 = CARTESIAN_POINT('',(-0.75,-3.4,0.));
#621 = VECTOR('',#622,1.);
#622 = DIRECTION('',(1.224646799147E-16,1.,0.));
#623 = ORIENTED_EDGE('',*,*,#624,.T.);
#624 = EDGE_CURVE('',#617,#226,#625,.T.);
#625 = LINE('',#626,#627);
#626 = CARTESIAN_POINT('',(7.45,2.35,0.));
#627 = VECTOR('',#628,1.);
#628 = DIRECTION('',(-1.,1.224646799147E-16,0.));
#629 = PLANE('',#630);
#630 = AXIS2_PLACEMENT_3D('',#631,#632,#633);
#631 = CARTESIAN_POINT('',(2.5,-0.525,0.));
#632 = DIRECTION('',(0.,0.,1.));
#633 = DIRECTION('',(-1.,1.224646799147E-16,0.));
#634 = ADVANCED_FACE('',(#635),#646,.F.);
#635 = FACE_BOUND('',#636,.F.);
#636 = EDGE_LOOP('',(#637,#638,#639,#645));
#637 = ORIENTED_EDGE('',*,*,#598,.T.);
#638 = ORIENTED_EDGE('',*,*,#259,.T.);
#639 = ORIENTED_EDGE('',*,*,#640,.F.);
#640 = EDGE_CURVE('',#558,#252,#641,.T.);
#641 = LINE('',#642,#643);
#642 = CARTESIAN_POINT('',(7.45,1.5,4.15));
#643 = VECTOR('',#644,1.);
#644 = DIRECTION('',(-1.,1.224646799147E-16,0.));
#645 = ORIENTED_EDGE('',*,*,#557,.F.);
#646 = CYLINDRICAL_SURFACE('',#647,0.5);
#647 = AXIS2_PLACEMENT_3D('',#648,#649,#650);
#648 = CARTESIAN_POINT('',(7.45,1.,4.15));
#649 = DIRECTION('',(1.,-1.224646799147E-16,-0.));
#650 = DIRECTION('',(1.224646799147E-16,1.,0.));
#651 = ADVANCED_FACE('',(#652),#816,.T.);
#652 = FACE_BOUND('',#653,.T.);
#653 = EDGE_LOOP('',(#654,#655,#663,#671,#679,#687,#695,#704,#712,#720,
    #728,#736,#744,#753,#761,#769,#777,#785,#791,#792,#793,#794,#802,
    #810));
#654 = ORIENTED_EDGE('',*,*,#493,.F.);
#655 = ORIENTED_EDGE('',*,*,#656,.T.);
#656 = EDGE_CURVE('',#494,#657,#659,.T.);
#657 = VERTEX_POINT('',#658);
#658 = CARTESIAN_POINT('',(5.5,1.5,7.));
#659 = LINE('',#660,#661);
#660 = CARTESIAN_POINT('',(7.45,1.5,7.));
#661 = VECTOR('',#662,1.);
#662 = DIRECTION('',(-1.,1.224646799147E-16,0.));
#663 = ORIENTED_EDGE('',*,*,#664,.T.);
#664 = EDGE_CURVE('',#657,#665,#667,.T.);
#665 = VERTEX_POINT('',#666);
#666 = CARTESIAN_POINT('',(5.5,1.5,6.1));
#667 = LINE('',#668,#669);
#668 = CARTESIAN_POINT('',(5.5,1.5,5.327450166113));
#669 = VECTOR('',#670,1.);
#670 = DIRECTION('',(-4.93432455389E-16,8.449221308824E-17,-1.));
#671 = ORIENTED_EDGE('',*,*,#672,.T.);
#672 = EDGE_CURVE('',#665,#673,#675,.T.);
#673 = VERTEX_POINT('',#674);
#674 = CARTESIAN_POINT('',(5.25,1.5,5.85));
#675 = LINE('',#676,#677);
#676 = CARTESIAN_POINT('',(4.238725083056,1.5,4.838725083056));
#677 = VECTOR('',#678,1.);
#678 = DIRECTION('',(-0.707106781187,1.463406224556E-16,-0.707106781187)
  );
#679 = ORIENTED_EDGE('',*,*,#680,.T.);
#680 = EDGE_CURVE('',#673,#681,#683,.T.);
#681 = VERTEX_POINT('',#682);
#682 = CARTESIAN_POINT('',(5.5,1.5,5.6));
#683 = LINE('',#684,#685);
#684 = CARTESIAN_POINT('',(5.011274916944,1.5,6.088725083056));
#685 = VECTOR('',#686,1.);
#686 = DIRECTION('',(0.707106781187,-2.685058879138E-17,-0.707106781187)
  );
#687 = ORIENTED_EDGE('',*,*,#688,.T.);
#688 = EDGE_CURVE('',#681,#689,#691,.T.);
#689 = VERTEX_POINT('',#690);
#690 = CARTESIAN_POINT('',(5.5,1.5,3.85));
#691 = LINE('',#692,#693);
#692 = CARTESIAN_POINT('',(5.5,1.5,3.827450166113));
#693 = VECTOR('',#694,1.);
#694 = DIRECTION('',(1.034731183114E-32,8.449221308824E-17,-1.));
#695 = ORIENTED_EDGE('',*,*,#696,.F.);
#696 = EDGE_CURVE('',#697,#689,#699,.T.);
#697 = VERTEX_POINT('',#698);
#698 = CARTESIAN_POINT('',(4.75,1.5,3.1));
#699 = CIRCLE('',#700,0.75);
#700 = AXIS2_PLACEMENT_3D('',#701,#702,#703);
#701 = CARTESIAN_POINT('',(4.75,1.5,3.85));
#702 = DIRECTION('',(-1.224646799147E-16,-1.,0.));
#703 = DIRECTION('',(-0.,0.,-1.));
#704 = ORIENTED_EDGE('',*,*,#705,.T.);
#705 = EDGE_CURVE('',#697,#706,#708,.T.);
#706 = VERTEX_POINT('',#707);
#707 = CARTESIAN_POINT('',(4.,1.5,3.1));
#708 = LINE('',#709,#710);
#709 = CARTESIAN_POINT('',(3.25,1.5,3.1));
#710 = VECTOR('',#711,1.);
#711 = DIRECTION('',(-1.,1.224646799147E-16,0.));
#712 = ORIENTED_EDGE('',*,*,#713,.T.);
#713 = EDGE_CURVE('',#706,#714,#716,.T.);
#714 = VERTEX_POINT('',#715);
#715 = CARTESIAN_POINT('',(4.,1.5,7.));
#716 = LINE('',#717,#718);
#717 = CARTESIAN_POINT('',(4.,1.5,5.777450166113));
#718 = VECTOR('',#719,1.);
#719 = DIRECTION('',(-1.034731183114E-32,-8.449221308824E-17,1.));
#720 = ORIENTED_EDGE('',*,*,#721,.T.);
#721 = EDGE_CURVE('',#714,#722,#724,.T.);
#722 = VERTEX_POINT('',#723);
#723 = CARTESIAN_POINT('',(1.,1.5,7.));
#724 = LINE('',#725,#726);
#725 = CARTESIAN_POINT('',(7.45,1.5,7.));
#726 = VECTOR('',#727,1.);
#727 = DIRECTION('',(-1.,1.224646799147E-16,0.));
#728 = ORIENTED_EDGE('',*,*,#729,.F.);
#729 = EDGE_CURVE('',#730,#722,#732,.T.);
#730 = VERTEX_POINT('',#731);
#731 = CARTESIAN_POINT('',(1.,1.5,3.1));
#732 = LINE('',#733,#734);
#733 = CARTESIAN_POINT('',(1.,1.5,5.777450166113));
#734 = VECTOR('',#735,1.);
#735 = DIRECTION('',(-1.034731183114E-32,-8.449221308824E-17,1.));
#736 = ORIENTED_EDGE('',*,*,#737,.F.);
#737 = EDGE_CURVE('',#738,#730,#740,.T.);
#738 = VERTEX_POINT('',#739);
#739 = CARTESIAN_POINT('',(0.25,1.5,3.1));
#740 = LINE('',#741,#742);
#741 = CARTESIAN_POINT('',(1.75,1.5,3.1));
#742 = VECTOR('',#743,1.);
#743 = DIRECTION('',(1.,-1.224646799147E-16,-0.));
#744 = ORIENTED_EDGE('',*,*,#745,.F.);
#745 = EDGE_CURVE('',#746,#738,#748,.T.);
#746 = VERTEX_POINT('',#747);
#747 = CARTESIAN_POINT('',(-0.5,1.5,3.85));
#748 = CIRCLE('',#749,0.75);
#749 = AXIS2_PLACEMENT_3D('',#750,#751,#752);
#750 = CARTESIAN_POINT('',(0.25,1.5,3.85));
#751 = DIRECTION('',(-1.224646799147E-16,-1.,0.));
#752 = DIRECTION('',(-0.,0.,-1.));
#753 = ORIENTED_EDGE('',*,*,#754,.F.);
#754 = EDGE_CURVE('',#755,#746,#757,.T.);
#755 = VERTEX_POINT('',#756);
#756 = CARTESIAN_POINT('',(-0.5,1.5,5.6));
#757 = LINE('',#758,#759);
#758 = CARTESIAN_POINT('',(-0.5,1.5,3.827450166113));
#759 = VECTOR('',#760,1.);
#760 = DIRECTION('',(1.034731183114E-32,8.449221308824E-17,-1.));
#761 = ORIENTED_EDGE('',*,*,#762,.F.);
#762 = EDGE_CURVE('',#763,#755,#765,.T.);
#763 = VERTEX_POINT('',#764);
#764 = CARTESIAN_POINT('',(-0.25,1.5,5.85));
#765 = LINE('',#766,#767);
#766 = CARTESIAN_POINT('',(-1.127491694352E-02,1.5,6.088725083056));
#767 = VECTOR('',#768,1.);
#768 = DIRECTION('',(-0.707106781187,1.463406224556E-16,-0.707106781187)
  );
#769 = ORIENTED_EDGE('',*,*,#770,.F.);
#770 = EDGE_CURVE('',#771,#763,#773,.T.);
#771 = VERTEX_POINT('',#772);
#772 = CARTESIAN_POINT('',(-0.5,1.5,6.1));
#773 = LINE('',#774,#775);
#774 = CARTESIAN_POINT('',(0.761274916944,1.5,4.838725083056));
#775 = VECTOR('',#776,1.);
#776 = DIRECTION('',(0.707106781187,-2.685058879138E-17,-0.707106781187)
  );
#777 = ORIENTED_EDGE('',*,*,#778,.F.);
#778 = EDGE_CURVE('',#779,#771,#781,.T.);
#779 = VERTEX_POINT('',#780);
#780 = CARTESIAN_POINT('',(-0.5,1.5,7.));
#781 = LINE('',#782,#783);
#782 = CARTESIAN_POINT('',(-0.5,1.5,5.327450166113));
#783 = VECTOR('',#784,1.);
#784 = DIRECTION('',(1.034731183114E-32,8.449221308824E-17,-1.));
#785 = ORIENTED_EDGE('',*,*,#786,.T.);
#786 = EDGE_CURVE('',#779,#244,#787,.T.);
#787 = LINE('',#788,#789);
#788 = CARTESIAN_POINT('',(7.45,1.5,7.));
#789 = VECTOR('',#790,1.);
#790 = DIRECTION('',(-1.,1.224646799147E-16,0.));
#791 = ORIENTED_EDGE('',*,*,#251,.T.);
#792 = ORIENTED_EDGE('',*,*,#640,.F.);
#793 = ORIENTED_EDGE('',*,*,#566,.T.);
#794 = ORIENTED_EDGE('',*,*,#795,.F.);
#795 = EDGE_CURVE('',#796,#567,#798,.T.);
#796 = VERTEX_POINT('',#797);
#797 = CARTESIAN_POINT('',(6.6,1.5,1.85));
#798 = LINE('',#799,#800);
#799 = CARTESIAN_POINT('',(6.6,1.5,1.85));
#800 = VECTOR('',#801,1.);
#801 = DIRECTION('',(-1.,1.224646799147E-16,0.));
#802 = ORIENTED_EDGE('',*,*,#803,.F.);
#803 = EDGE_CURVE('',#804,#796,#806,.T.);
#804 = VERTEX_POINT('',#805);
#805 = CARTESIAN_POINT('',(6.6,1.5,4.15));
#806 = LINE('',#807,#808);
#807 = CARTESIAN_POINT('',(6.6,1.5,7.));
#808 = VECTOR('',#809,1.);
#809 = DIRECTION('',(0.,0.,-1.));
#810 = ORIENTED_EDGE('',*,*,#811,.F.);
#811 = EDGE_CURVE('',#485,#804,#812,.T.);
#812 = LINE('',#813,#814);
#813 = CARTESIAN_POINT('',(7.45,1.5,4.15));
#814 = VECTOR('',#815,1.);
#815 = DIRECTION('',(-1.,1.224646799147E-16,0.));
#816 = PLANE('',#817);
#817 = AXIS2_PLACEMENT_3D('',#818,#819,#820);
#818 = CARTESIAN_POINT('',(2.5,1.5,4.554900332226));
#819 = DIRECTION('',(-1.224646799147E-16,-1.,-8.449221308824E-17));
#820 = DIRECTION('',(-1.034731183114E-32,-8.449221308824E-17,1.));
#821 = ADVANCED_FACE('',(#822),#840,.T.);
#822 = FACE_BOUND('',#823,.T.);
#823 = EDGE_LOOP('',(#824,#825,#833,#839));
#824 = ORIENTED_EDGE('',*,*,#786,.F.);
#825 = ORIENTED_EDGE('',*,*,#826,.F.);
#826 = EDGE_CURVE('',#827,#779,#829,.T.);
#827 = VERTEX_POINT('',#828);
#828 = CARTESIAN_POINT('',(-0.5,2.35,7.));
#829 = LINE('',#830,#831);
#830 = CARTESIAN_POINT('',(-0.5,2.35,7.));
#831 = VECTOR('',#832,1.);
#832 = DIRECTION('',(-1.224646799147E-16,-1.,0.));
#833 = ORIENTED_EDGE('',*,*,#834,.T.);
#834 = EDGE_CURVE('',#827,#236,#835,.T.);
#835 = LINE('',#836,#837);
#836 = CARTESIAN_POINT('',(7.45,2.35,7.));
#837 = VECTOR('',#838,1.);
#838 = DIRECTION('',(-1.,1.224646799147E-16,0.));
#839 = ORIENTED_EDGE('',*,*,#243,.T.);
#840 = PLANE('',#841);
#841 = AXIS2_PLACEMENT_3D('',#842,#843,#844);
#842 = CARTESIAN_POINT('',(2.5,-0.525,7.));
#843 = DIRECTION('',(0.,0.,1.));
#844 = DIRECTION('',(-1.,1.224646799147E-16,0.));
#845 = ADVANCED_FACE('',(#846),#1074,.F.);
#846 = FACE_BOUND('',#847,.F.);
#847 = EDGE_LOOP('',(#848,#856,#857,#865,#873,#881,#889,#897,#906,#914,
    #922,#930,#938,#946,#955,#963,#971,#979,#985,#986,#987,#988,#996,
    #1004,#1012,#1020,#1028,#1036,#1044,#1052,#1060,#1068));
#848 = ORIENTED_EDGE('',*,*,#849,.F.);
#849 = EDGE_CURVE('',#459,#850,#852,.T.);
#850 = VERTEX_POINT('',#851);
#851 = CARTESIAN_POINT('',(5.75,2.35,0.));
#852 = LINE('',#853,#854);
#853 = CARTESIAN_POINT('',(7.45,2.35,0.));
#854 = VECTOR('',#855,1.);
#855 = DIRECTION('',(-1.,1.224646799147E-16,0.));
#856 = ORIENTED_EDGE('',*,*,#509,.T.);
#857 = ORIENTED_EDGE('',*,*,#858,.T.);
#858 = EDGE_CURVE('',#502,#859,#861,.T.);
#859 = VERTEX_POINT('',#860);
#860 = CARTESIAN_POINT('',(5.5,2.35,7.));
#861 = LINE('',#862,#863);
#862 = CARTESIAN_POINT('',(7.45,2.35,7.));
#863 = VECTOR('',#864,1.);
#864 = DIRECTION('',(-1.,1.224646799147E-16,0.));
#865 = ORIENTED_EDGE('',*,*,#866,.F.);
#866 = EDGE_CURVE('',#867,#859,#869,.T.);
#867 = VERTEX_POINT('',#868);
#868 = CARTESIAN_POINT('',(5.5,2.35,6.1));
#869 = LINE('',#870,#871);
#870 = CARTESIAN_POINT('',(5.5,2.35,6.1));
#871 = VECTOR('',#872,1.);
#872 = DIRECTION('',(4.93432455389E-16,-6.042804770875E-32,1.));
#873 = ORIENTED_EDGE('',*,*,#874,.F.);
#874 = EDGE_CURVE('',#875,#867,#877,.T.);
#875 = VERTEX_POINT('',#876);
#876 = CARTESIAN_POINT('',(5.25,2.35,5.85));
#877 = LINE('',#878,#879);
#878 = CARTESIAN_POINT('',(5.25,2.35,5.85));
#879 = VECTOR('',#880,1.);
#880 = DIRECTION('',(0.707106781187,-8.659560562349E-17,0.707106781187)
  );
#881 = ORIENTED_EDGE('',*,*,#882,.F.);
#882 = EDGE_CURVE('',#883,#875,#885,.T.);
#883 = VERTEX_POINT('',#884);
#884 = CARTESIAN_POINT('',(5.5,2.35,5.6));
#885 = LINE('',#886,#887);
#886 = CARTESIAN_POINT('',(5.5,2.35,5.6));
#887 = VECTOR('',#888,1.);
#888 = DIRECTION('',(-0.707106781187,8.659560562349E-17,0.707106781187)
  );
#889 = ORIENTED_EDGE('',*,*,#890,.F.);
#890 = EDGE_CURVE('',#891,#883,#893,.T.);
#891 = VERTEX_POINT('',#892);
#892 = CARTESIAN_POINT('',(5.5,2.35,3.85));
#893 = LINE('',#894,#895);
#894 = CARTESIAN_POINT('',(5.5,2.35,3.1));
#895 = VECTOR('',#896,1.);
#896 = DIRECTION('',(0.,0.,1.));
#897 = ORIENTED_EDGE('',*,*,#898,.F.);
#898 = EDGE_CURVE('',#899,#891,#901,.T.);
#899 = VERTEX_POINT('',#900);
#900 = CARTESIAN_POINT('',(4.75,2.35,3.1));
#901 = CIRCLE('',#902,0.75);
#902 = AXIS2_PLACEMENT_3D('',#903,#904,#905);
#903 = CARTESIAN_POINT('',(4.75,2.35,3.85));
#904 = DIRECTION('',(-1.224646799147E-16,-1.,0.));
#905 = DIRECTION('',(0.,0.,1.));
#906 = ORIENTED_EDGE('',*,*,#907,.F.);
#907 = EDGE_CURVE('',#908,#899,#910,.T.);
#908 = VERTEX_POINT('',#909);
#909 = CARTESIAN_POINT('',(4.,2.35,3.1));
#910 = LINE('',#911,#912);
#911 = CARTESIAN_POINT('',(4.,2.35,3.1));
#912 = VECTOR('',#913,1.);
#913 = DIRECTION('',(1.,-1.224646799147E-16,0.));
#914 = ORIENTED_EDGE('',*,*,#915,.F.);
#915 = EDGE_CURVE('',#916,#908,#918,.T.);
#916 = VERTEX_POINT('',#917);
#917 = CARTESIAN_POINT('',(4.,2.35,7.));
#918 = LINE('',#919,#920);
#919 = CARTESIAN_POINT('',(4.,2.35,7.));
#920 = VECTOR('',#921,1.);
#921 = DIRECTION('',(-0.,0.,-1.));
#922 = ORIENTED_EDGE('',*,*,#923,.T.);
#923 = EDGE_CURVE('',#916,#924,#926,.T.);
#924 = VERTEX_POINT('',#925);
#925 = CARTESIAN_POINT('',(1.,2.35,7.));
#926 = LINE('',#927,#928);
#927 = CARTESIAN_POINT('',(7.45,2.35,7.));
#928 = VECTOR('',#929,1.);
#929 = DIRECTION('',(-1.,1.224646799147E-16,0.));
#930 = ORIENTED_EDGE('',*,*,#931,.T.);
#931 = EDGE_CURVE('',#924,#932,#934,.T.);
#932 = VERTEX_POINT('',#933);
#933 = CARTESIAN_POINT('',(1.,2.35,3.1));
#934 = LINE('',#935,#936);
#935 = CARTESIAN_POINT('',(1.,2.35,7.));
#936 = VECTOR('',#937,1.);
#937 = DIRECTION('',(-0.,0.,-1.));
#938 = ORIENTED_EDGE('',*,*,#939,.T.);
#939 = EDGE_CURVE('',#932,#940,#942,.T.);
#940 = VERTEX_POINT('',#941);
#941 = CARTESIAN_POINT('',(0.25,2.35,3.1));
#942 = LINE('',#943,#944);
#943 = CARTESIAN_POINT('',(1.,2.35,3.1));
#944 = VECTOR('',#945,1.);
#945 = DIRECTION('',(-1.,1.224646799147E-16,0.));
#946 = ORIENTED_EDGE('',*,*,#947,.T.);
#947 = EDGE_CURVE('',#940,#948,#950,.T.);
#948 = VERTEX_POINT('',#949);
#949 = CARTESIAN_POINT('',(-0.5,2.35,3.85));
#950 = CIRCLE('',#951,0.75);
#951 = AXIS2_PLACEMENT_3D('',#952,#953,#954);
#952 = CARTESIAN_POINT('',(0.25,2.35,3.85));
#953 = DIRECTION('',(1.224646799147E-16,1.,-0.));
#954 = DIRECTION('',(0.,0.,1.));
#955 = ORIENTED_EDGE('',*,*,#956,.T.);
#956 = EDGE_CURVE('',#948,#957,#959,.T.);
#957 = VERTEX_POINT('',#958);
#958 = CARTESIAN_POINT('',(-0.5,2.35,5.6));
#959 = LINE('',#960,#961);
#960 = CARTESIAN_POINT('',(-0.5,2.35,3.1));
#961 = VECTOR('',#962,1.);
#962 = DIRECTION('',(0.,0.,1.));
#963 = ORIENTED_EDGE('',*,*,#964,.T.);
#964 = EDGE_CURVE('',#957,#965,#967,.T.);
#965 = VERTEX_POINT('',#966);
#966 = CARTESIAN_POINT('',(-0.25,2.35,5.85));
#967 = LINE('',#968,#969);
#968 = CARTESIAN_POINT('',(-0.5,2.35,5.6));
#969 = VECTOR('',#970,1.);
#970 = DIRECTION('',(0.707106781187,-8.659560562349E-17,0.707106781187)
  );
#971 = ORIENTED_EDGE('',*,*,#972,.T.);
#972 = EDGE_CURVE('',#965,#973,#975,.T.);
#973 = VERTEX_POINT('',#974);
#974 = CARTESIAN_POINT('',(-0.5,2.35,6.1));
#975 = LINE('',#976,#977);
#976 = CARTESIAN_POINT('',(-0.25,2.35,5.85));
#977 = VECTOR('',#978,1.);
#978 = DIRECTION('',(-0.707106781187,8.659560562349E-17,0.707106781187)
  );
#979 = ORIENTED_EDGE('',*,*,#980,.T.);
#980 = EDGE_CURVE('',#973,#827,#981,.T.);
#981 = LINE('',#982,#983);
#982 = CARTESIAN_POINT('',(-0.5,2.35,6.1));
#983 = VECTOR('',#984,1.);
#984 = DIRECTION('',(0.,0.,1.));
#985 = ORIENTED_EDGE('',*,*,#834,.T.);
#986 = ORIENTED_EDGE('',*,*,#235,.F.);
#987 = ORIENTED_EDGE('',*,*,#624,.F.);
#988 = ORIENTED_EDGE('',*,*,#989,.T.);
#989 = EDGE_CURVE('',#617,#990,#992,.T.);
#990 = VERTEX_POINT('',#991);
#991 = CARTESIAN_POINT('',(-0.75,2.35,1.));
#992 = LINE('',#993,#994);
#993 = CARTESIAN_POINT('',(-0.75,2.35,0.));
#994 = VECTOR('',#995,1.);
#995 = DIRECTION('',(0.,0.,1.));
#996 = ORIENTED_EDGE('',*,*,#997,.F.);
#997 = EDGE_CURVE('',#998,#990,#1000,.T.);
#998 = VERTEX_POINT('',#999);
#999 = CARTESIAN_POINT('',(0.75,2.35,1.));
#1000 = LINE('',#1001,#1002);
#1001 = CARTESIAN_POINT('',(0.75,2.35,1.));
#1002 = VECTOR('',#1003,1.);
#1003 = DIRECTION('',(-1.,1.224646799147E-16,0.));
#1004 = ORIENTED_EDGE('',*,*,#1005,.F.);
#1005 = EDGE_CURVE('',#1006,#998,#1008,.T.);
#1006 = VERTEX_POINT('',#1007);
#1007 = CARTESIAN_POINT('',(0.75,2.35,0.));
#1008 = LINE('',#1009,#1010);
#1009 = CARTESIAN_POINT('',(0.75,2.35,0.));
#1010 = VECTOR('',#1011,1.);
#1011 = DIRECTION('',(0.,0.,1.));
#1012 = ORIENTED_EDGE('',*,*,#1013,.F.);
#1013 = EDGE_CURVE('',#1014,#1006,#1016,.T.);
#1014 = VERTEX_POINT('',#1015);
#1015 = CARTESIAN_POINT('',(1.75,2.35,0.));
#1016 = LINE('',#1017,#1018);
#1017 = CARTESIAN_POINT('',(7.45,2.35,0.));
#1018 = VECTOR('',#1019,1.);
#1019 = DIRECTION('',(-1.,1.224646799147E-16,0.));
#1020 = ORIENTED_EDGE('',*,*,#1021,.T.);
#1021 = EDGE_CURVE('',#1014,#1022,#1024,.T.);
#1022 = VERTEX_POINT('',#1023);
#1023 = CARTESIAN_POINT('',(1.75,2.35,1.));
#1024 = LINE('',#1025,#1026);
#1025 = CARTESIAN_POINT('',(1.75,2.35,0.));
#1026 = VECTOR('',#1027,1.);
#1027 = DIRECTION('',(0.,0.,1.));
#1028 = ORIENTED_EDGE('',*,*,#1029,.F.);
#1029 = EDGE_CURVE('',#1030,#1022,#1032,.T.);
#1030 = VERTEX_POINT('',#1031);
#1031 = CARTESIAN_POINT('',(3.25,2.35,1.));
#1032 = LINE('',#1033,#1034);
#1033 = CARTESIAN_POINT('',(3.25,2.35,1.));
#1034 = VECTOR('',#1035,1.);
#1035 = DIRECTION('',(-1.,1.224646799147E-16,0.));
#1036 = ORIENTED_EDGE('',*,*,#1037,.F.);
#1037 = EDGE_CURVE('',#1038,#1030,#1040,.T.);
#1038 = VERTEX_POINT('',#1039);
#1039 = CARTESIAN_POINT('',(3.25,2.35,0.));
#1040 = LINE('',#1041,#1042);
#1041 = CARTESIAN_POINT('',(3.25,2.35,0.));
#1042 = VECTOR('',#1043,1.);
#1043 = DIRECTION('',(0.,0.,1.));
#1044 = ORIENTED_EDGE('',*,*,#1045,.F.);
#1045 = EDGE_CURVE('',#1046,#1038,#1048,.T.);
#1046 = VERTEX_POINT('',#1047);
#1047 = CARTESIAN_POINT('',(4.25,2.35,0.));
#1048 = LINE('',#1049,#1050);
#1049 = CARTESIAN_POINT('',(7.45,2.35,0.));
#1050 = VECTOR('',#1051,1.);
#1051 = DIRECTION('',(-1.,1.224646799147E-16,0.));
#1052 = ORIENTED_EDGE('',*,*,#1053,.T.);
#1053 = EDGE_CURVE('',#1046,#1054,#1056,.T.);
#1054 = VERTEX_POINT('',#1055);
#1055 = CARTESIAN_POINT('',(4.25,2.35,1.));
#1056 = LINE('',#1057,#1058);
#1057 = CARTESIAN_POINT('',(4.25,2.35,0.));
#1058 = VECTOR('',#1059,1.);
#1059 = DIRECTION('',(0.,0.,1.));
#1060 = ORIENTED_EDGE('',*,*,#1061,.F.);
#1061 = EDGE_CURVE('',#1062,#1054,#1064,.T.);
#1062 = VERTEX_POINT('',#1063);
#1063 = CARTESIAN_POINT('',(5.75,2.35,1.));
#1064 = LINE('',#1065,#1066);
#1065 = CARTESIAN_POINT('',(5.75,2.35,1.));
#1066 = VECTOR('',#1067,1.);
#1067 = DIRECTION('',(-1.,1.224646799147E-16,0.));
#1068 = ORIENTED_EDGE('',*,*,#1069,.F.);
#1069 = EDGE_CURVE('',#850,#1062,#1070,.T.);
#1070 = LINE('',#1071,#1072);
#1071 = CARTESIAN_POINT('',(5.75,2.35,0.));
#1072 = VECTOR('',#1073,1.);
#1073 = DIRECTION('',(0.,0.,1.));
#1074 = PLANE('',#1075);
#1075 = AXIS2_PLACEMENT_3D('',#1076,#1077,#1078);
#1076 = CARTESIAN_POINT('',(7.45,2.35,0.));
#1077 = DIRECTION('',(-1.224646799147E-16,-1.,0.));
#1078 = DIRECTION('',(-1.,1.224646799147E-16,0.));
#1079 = ADVANCED_FACE('',(#1080),#1098,.F.);
#1080 = FACE_BOUND('',#1081,.F.);
#1081 = EDGE_LOOP('',(#1082,#1083,#1091,#1097));
#1082 = ORIENTED_EDGE('',*,*,#582,.T.);
#1083 = ORIENTED_EDGE('',*,*,#1084,.T.);
#1084 = EDGE_CURVE('',#575,#1085,#1087,.T.);
#1085 = VERTEX_POINT('',#1086);
#1086 = CARTESIAN_POINT('',(6.6,-2.65,1.85));
#1087 = LINE('',#1088,#1089);
#1088 = CARTESIAN_POINT('',(-1.6,-2.65,1.85));
#1089 = VECTOR('',#1090,1.);
#1090 = DIRECTION('',(1.,-1.224646799147E-16,0.));
#1091 = ORIENTED_EDGE('',*,*,#1092,.F.);
#1092 = EDGE_CURVE('',#293,#1085,#1093,.T.);
#1093 = LINE('',#1094,#1095);
#1094 = CARTESIAN_POINT('',(6.6,-2.65,7.));
#1095 = VECTOR('',#1096,1.);
#1096 = DIRECTION('',(0.,0.,-1.));
#1097 = ORIENTED_EDGE('',*,*,#300,.F.);
#1098 = PLANE('',#1099);
#1099 = AXIS2_PLACEMENT_3D('',#1100,#1101,#1102);
#1100 = CARTESIAN_POINT('',(-1.6,-2.65,7.));
#1101 = DIRECTION('',(-1.224646799147E-16,-1.,0.));
#1102 = DIRECTION('',(1.,-1.224646799147E-16,0.));
#1103 = ADVANCED_FACE('',(#1104),#1131,.T.);
#1104 = FACE_BOUND('',#1105,.T.);
#1105 = EDGE_LOOP('',(#1106,#1107,#1115,#1123,#1129,#1130));
#1106 = ORIENTED_EDGE('',*,*,#989,.T.);
#1107 = ORIENTED_EDGE('',*,*,#1108,.T.);
#1108 = EDGE_CURVE('',#990,#1109,#1111,.T.);
#1109 = VERTEX_POINT('',#1110);
#1110 = CARTESIAN_POINT('',(-0.75,0.5,0.3));
#1111 = LINE('',#1112,#1113);
#1112 = CARTESIAN_POINT('',(-0.75,2.35,1.));
#1113 = VECTOR('',#1114,1.);
#1114 = DIRECTION('',(-1.14539532148E-16,-0.935286257456,-0.353892097416
    ));
#1115 = ORIENTED_EDGE('',*,*,#1116,.T.);
#1116 = EDGE_CURVE('',#1109,#1117,#1119,.T.);
#1117 = VERTEX_POINT('',#1118);
#1118 = CARTESIAN_POINT('',(-0.75,-0.5,0.3));
#1119 = LINE('',#1120,#1121);
#1120 = CARTESIAN_POINT('',(-0.75,0.5,0.3));
#1121 = VECTOR('',#1122,1.);
#1122 = DIRECTION('',(-1.224646799147E-16,-1.,0.));
#1123 = ORIENTED_EDGE('',*,*,#1124,.T.);
#1124 = EDGE_CURVE('',#1117,#413,#1125,.T.);
#1125 = LINE('',#1126,#1127);
#1126 = CARTESIAN_POINT('',(-0.75,-0.5,0.3));
#1127 = VECTOR('',#1128,1.);
#1128 = DIRECTION('',(-1.190457365237E-16,-0.972082208573,0.234640533104
    ));
#1129 = ORIENTED_EDGE('',*,*,#420,.T.);
#1130 = ORIENTED_EDGE('',*,*,#616,.T.);
#1131 = PLANE('',#1132);
#1132 = AXIS2_PLACEMENT_3D('',#1133,#1134,#1135);
#1133 = CARTESIAN_POINT('',(-0.75,-0.515451356496,0.330008245993));
#1134 = DIRECTION('',(1.,-1.224646799147E-16,-1.256256073143E-32));
#1135 = DIRECTION('',(-1.256256073143E-32,1.538469978883E-48,-1.));
#1136 = ADVANCED_FACE('',(#1137),#1155,.F.);
#1137 = FACE_BOUND('',#1138,.F.);
#1138 = EDGE_LOOP('',(#1139,#1147,#1148,#1149));
#1139 = ORIENTED_EDGE('',*,*,#1140,.T.);
#1140 = EDGE_CURVE('',#1141,#1117,#1143,.T.);
#1141 = VERTEX_POINT('',#1142);
#1142 = CARTESIAN_POINT('',(0.75,-0.5,0.3));
#1143 = LINE('',#1144,#1145);
#1144 = CARTESIAN_POINT('',(0.75,-0.5,0.3));
#1145 = VECTOR('',#1146,1.);
#1146 = DIRECTION('',(-1.,1.224646799147E-16,0.));
#1147 = ORIENTED_EDGE('',*,*,#1124,.T.);
#1148 = ORIENTED_EDGE('',*,*,#412,.F.);
#1149 = ORIENTED_EDGE('',*,*,#1150,.F.);
#1150 = EDGE_CURVE('',#1141,#405,#1151,.T.);
#1151 = LINE('',#1152,#1153);
#1152 = CARTESIAN_POINT('',(0.75,-0.5,0.3));
#1153 = VECTOR('',#1154,1.);
#1154 = DIRECTION('',(-1.190457365237E-16,-0.972082208573,0.234640533104
    ));
#1155 = PLANE('',#1156);
#1156 = AXIS2_PLACEMENT_3D('',#1157,#1158,#1159);
#1157 = CARTESIAN_POINT('',(0.75,-0.5,0.3));
#1158 = DIRECTION('',(2.87351777816E-17,0.234640533104,0.972082208573));
#1159 = DIRECTION('',(-1.190457365237E-16,-0.972082208573,0.234640533104
    ));
#1160 = ADVANCED_FACE('',(#1161),#1186,.F.);
#1161 = FACE_BOUND('',#1162,.F.);
#1162 = EDGE_LOOP('',(#1163,#1164,#1172,#1178,#1179,#1180));
#1163 = ORIENTED_EDGE('',*,*,#1005,.T.);
#1164 = ORIENTED_EDGE('',*,*,#1165,.T.);
#1165 = EDGE_CURVE('',#998,#1166,#1168,.T.);
#1166 = VERTEX_POINT('',#1167);
#1167 = CARTESIAN_POINT('',(0.75,0.5,0.3));
#1168 = LINE('',#1169,#1170);
#1169 = CARTESIAN_POINT('',(0.75,2.35,1.));
#1170 = VECTOR('',#1171,1.);
#1171 = DIRECTION('',(-1.14539532148E-16,-0.935286257456,-0.353892097416
    ));
#1172 = ORIENTED_EDGE('',*,*,#1173,.T.);
#1173 = EDGE_CURVE('',#1166,#1141,#1174,.T.);
#1174 = LINE('',#1175,#1176);
#1175 = CARTESIAN_POINT('',(0.75,0.5,0.3));
#1176 = VECTOR('',#1177,1.);
#1177 = DIRECTION('',(-1.224646799147E-16,-1.,0.));
#1178 = ORIENTED_EDGE('',*,*,#1150,.T.);
#1179 = ORIENTED_EDGE('',*,*,#404,.T.);
#1180 = ORIENTED_EDGE('',*,*,#1181,.T.);
#1181 = EDGE_CURVE('',#397,#1006,#1182,.T.);
#1182 = LINE('',#1183,#1184);
#1183 = CARTESIAN_POINT('',(0.75,-3.4,0.));
#1184 = VECTOR('',#1185,1.);
#1185 = DIRECTION('',(1.224646799147E-16,1.,0.));
#1186 = PLANE('',#1187);
#1187 = AXIS2_PLACEMENT_3D('',#1188,#1189,#1190);
#1188 = CARTESIAN_POINT('',(0.75,-0.515451356496,0.330008245993));
#1189 = DIRECTION('',(1.,-1.224646799147E-16,-1.256256073143E-32));
#1190 = DIRECTION('',(-1.256256073143E-32,1.538469978883E-48,-1.));
#1191 = ADVANCED_FACE('',(#1192),#1203,.F.);
#1192 = FACE_BOUND('',#1193,.F.);
#1193 = EDGE_LOOP('',(#1194,#1195,#1196,#1202));
#1194 = ORIENTED_EDGE('',*,*,#1181,.F.);
#1195 = ORIENTED_EDGE('',*,*,#396,.T.);
#1196 = ORIENTED_EDGE('',*,*,#1197,.T.);
#1197 = EDGE_CURVE('',#389,#1014,#1198,.T.);
#1198 = LINE('',#1199,#1200);
#1199 = CARTESIAN_POINT('',(1.75,-3.4,0.));
#1200 = VECTOR('',#1201,1.);
#1201 = DIRECTION('',(1.224646799147E-16,1.,0.));
#1202 = ORIENTED_EDGE('',*,*,#1013,.T.);
#1203 = PLANE('',#1204);
#1204 = AXIS2_PLACEMENT_3D('',#1205,#1206,#1207);
#1205 = CARTESIAN_POINT('',(2.5,-0.525,0.));
#1206 = DIRECTION('',(0.,0.,1.));
#1207 = DIRECTION('',(-1.,1.224646799147E-16,0.));
#1208 = ADVANCED_FACE('',(#1209),#1236,.T.);
#1209 = FACE_BOUND('',#1210,.T.);
#1210 = EDGE_LOOP('',(#1211,#1212,#1220,#1228,#1234,#1235));
#1211 = ORIENTED_EDGE('',*,*,#1021,.T.);
#1212 = ORIENTED_EDGE('',*,*,#1213,.T.);
#1213 = EDGE_CURVE('',#1022,#1214,#1216,.T.);
#1214 = VERTEX_POINT('',#1215);
#1215 = CARTESIAN_POINT('',(1.75,0.5,0.3));
#1216 = LINE('',#1217,#1218);
#1217 = CARTESIAN_POINT('',(1.75,2.35,1.));
#1218 = VECTOR('',#1219,1.);
#1219 = DIRECTION('',(-1.14539532148E-16,-0.935286257456,-0.353892097416
    ));
#1220 = ORIENTED_EDGE('',*,*,#1221,.T.);
#1221 = EDGE_CURVE('',#1214,#1222,#1224,.T.);
#1222 = VERTEX_POINT('',#1223);
#1223 = CARTESIAN_POINT('',(1.75,-0.5,0.3));
#1224 = LINE('',#1225,#1226);
#1225 = CARTESIAN_POINT('',(1.75,0.5,0.3));
#1226 = VECTOR('',#1227,1.);
#1227 = DIRECTION('',(-1.224646799147E-16,-1.,0.));
#1228 = ORIENTED_EDGE('',*,*,#1229,.T.);
#1229 = EDGE_CURVE('',#1222,#381,#1230,.T.);
#1230 = LINE('',#1231,#1232);
#1231 = CARTESIAN_POINT('',(1.75,-0.5,0.3));
#1232 = VECTOR('',#1233,1.);
#1233 = DIRECTION('',(-1.190457365237E-16,-0.972082208573,0.234640533104
    ));
#1234 = ORIENTED_EDGE('',*,*,#388,.T.);
#1235 = ORIENTED_EDGE('',*,*,#1197,.T.);
#1236 = PLANE('',#1237);
#1237 = AXIS2_PLACEMENT_3D('',#1238,#1239,#1240);
#1238 = CARTESIAN_POINT('',(1.75,-0.515451356496,0.330008245993));
#1239 = DIRECTION('',(1.,-1.224646799147E-16,-1.256256073143E-32));
#1240 = DIRECTION('',(-1.256256073143E-32,1.538469978883E-48,-1.));
#1241 = ADVANCED_FACE('',(#1242),#1260,.F.);
#1242 = FACE_BOUND('',#1243,.F.);
#1243 = EDGE_LOOP('',(#1244,#1252,#1253,#1254));
#1244 = ORIENTED_EDGE('',*,*,#1245,.T.);
#1245 = EDGE_CURVE('',#1246,#1222,#1248,.T.);
#1246 = VERTEX_POINT('',#1247);
#1247 = CARTESIAN_POINT('',(3.25,-0.5,0.3));
#1248 = LINE('',#1249,#1250);
#1249 = CARTESIAN_POINT('',(3.25,-0.5,0.3));
#1250 = VECTOR('',#1251,1.);
#1251 = DIRECTION('',(-1.,1.224646799147E-16,0.));
#1252 = ORIENTED_EDGE('',*,*,#1229,.T.);
#1253 = ORIENTED_EDGE('',*,*,#380,.F.);
#1254 = ORIENTED_EDGE('',*,*,#1255,.F.);
#1255 = EDGE_CURVE('',#1246,#373,#1256,.T.);
#1256 = LINE('',#1257,#1258);
#1257 = CARTESIAN_POINT('',(3.25,-0.5,0.3));
#1258 = VECTOR('',#1259,1.);
#1259 = DIRECTION('',(-1.190457365237E-16,-0.972082208573,0.234640533104
    ));
#1260 = PLANE('',#1261);
#1261 = AXIS2_PLACEMENT_3D('',#1262,#1263,#1264);
#1262 = CARTESIAN_POINT('',(3.25,-0.5,0.3));
#1263 = DIRECTION('',(2.87351777816E-17,0.234640533104,0.972082208573));
#1264 = DIRECTION('',(-1.190457365237E-16,-0.972082208573,0.234640533104
    ));
#1265 = ADVANCED_FACE('',(#1266),#1291,.F.);
#1266 = FACE_BOUND('',#1267,.F.);
#1267 = EDGE_LOOP('',(#1268,#1269,#1277,#1283,#1284,#1285));
#1268 = ORIENTED_EDGE('',*,*,#1037,.T.);
#1269 = ORIENTED_EDGE('',*,*,#1270,.T.);
#1270 = EDGE_CURVE('',#1030,#1271,#1273,.T.);
#1271 = VERTEX_POINT('',#1272);
#1272 = CARTESIAN_POINT('',(3.25,0.5,0.3));
#1273 = LINE('',#1274,#1275);
#1274 = CARTESIAN_POINT('',(3.25,2.35,1.));
#1275 = VECTOR('',#1276,1.);
#1276 = DIRECTION('',(-1.14539532148E-16,-0.935286257456,-0.353892097416
    ));
#1277 = ORIENTED_EDGE('',*,*,#1278,.T.);
#1278 = EDGE_CURVE('',#1271,#1246,#1279,.T.);
#1279 = LINE('',#1280,#1281);
#1280 = CARTESIAN_POINT('',(3.25,0.5,0.3));
#1281 = VECTOR('',#1282,1.);
#1282 = DIRECTION('',(-1.224646799147E-16,-1.,0.));
#1283 = ORIENTED_EDGE('',*,*,#1255,.T.);
#1284 = ORIENTED_EDGE('',*,*,#372,.T.);
#1285 = ORIENTED_EDGE('',*,*,#1286,.T.);
#1286 = EDGE_CURVE('',#365,#1038,#1287,.T.);
#1287 = LINE('',#1288,#1289);
#1288 = CARTESIAN_POINT('',(3.25,-3.4,0.));
#1289 = VECTOR('',#1290,1.);
#1290 = DIRECTION('',(1.224646799147E-16,1.,0.));
#1291 = PLANE('',#1292);
#1292 = AXIS2_PLACEMENT_3D('',#1293,#1294,#1295);
#1293 = CARTESIAN_POINT('',(3.25,-0.515451356496,0.330008245993));
#1294 = DIRECTION('',(1.,-1.224646799147E-16,-1.256256073143E-32));
#1295 = DIRECTION('',(-1.256256073143E-32,1.538469978883E-48,-1.));
#1296 = ADVANCED_FACE('',(#1297),#1308,.F.);
#1297 = FACE_BOUND('',#1298,.F.);
#1298 = EDGE_LOOP('',(#1299,#1300,#1306,#1307));
#1299 = ORIENTED_EDGE('',*,*,#364,.T.);
#1300 = ORIENTED_EDGE('',*,*,#1301,.T.);
#1301 = EDGE_CURVE('',#357,#1046,#1302,.T.);
#1302 = LINE('',#1303,#1304);
#1303 = CARTESIAN_POINT('',(4.25,-3.4,0.));
#1304 = VECTOR('',#1305,1.);
#1305 = DIRECTION('',(1.224646799147E-16,1.,0.));
#1306 = ORIENTED_EDGE('',*,*,#1045,.T.);
#1307 = ORIENTED_EDGE('',*,*,#1286,.F.);
#1308 = PLANE('',#1309);
#1309 = AXIS2_PLACEMENT_3D('',#1310,#1311,#1312);
#1310 = CARTESIAN_POINT('',(2.5,-0.525,0.));
#1311 = DIRECTION('',(0.,0.,1.));
#1312 = DIRECTION('',(-1.,1.224646799147E-16,0.));
#1313 = ADVANCED_FACE('',(#1314),#1341,.T.);
#1314 = FACE_BOUND('',#1315,.T.);
#1315 = EDGE_LOOP('',(#1316,#1317,#1325,#1333,#1339,#1340));
#1316 = ORIENTED_EDGE('',*,*,#1053,.T.);
#1317 = ORIENTED_EDGE('',*,*,#1318,.T.);
#1318 = EDGE_CURVE('',#1054,#1319,#1321,.T.);
#1319 = VERTEX_POINT('',#1320);
#1320 = CARTESIAN_POINT('',(4.25,0.5,0.3));
#1321 = LINE('',#1322,#1323);
#1322 = CARTESIAN_POINT('',(4.25,2.35,1.));
#1323 = VECTOR('',#1324,1.);
#1324 = DIRECTION('',(-1.14539532148E-16,-0.935286257456,-0.353892097416
    ));
#1325 = ORIENTED_EDGE('',*,*,#1326,.T.);
#1326 = EDGE_CURVE('',#1319,#1327,#1329,.T.);
#1327 = VERTEX_POINT('',#1328);
#1328 = CARTESIAN_POINT('',(4.25,-0.5,0.3));
#1329 = LINE('',#1330,#1331);
#1330 = CARTESIAN_POINT('',(4.25,0.5,0.3));
#1331 = VECTOR('',#1332,1.);
#1332 = DIRECTION('',(-1.224646799147E-16,-1.,0.));
#1333 = ORIENTED_EDGE('',*,*,#1334,.T.);
#1334 = EDGE_CURVE('',#1327,#349,#1335,.T.);
#1335 = LINE('',#1336,#1337);
#1336 = CARTESIAN_POINT('',(4.25,-0.5,0.3));
#1337 = VECTOR('',#1338,1.);
#1338 = DIRECTION('',(-1.190457365237E-16,-0.972082208573,0.234640533104
    ));
#1339 = ORIENTED_EDGE('',*,*,#356,.T.);
#1340 = ORIENTED_EDGE('',*,*,#1301,.T.);
#1341 = PLANE('',#1342);
#1342 = AXIS2_PLACEMENT_3D('',#1343,#1344,#1345);
#1343 = CARTESIAN_POINT('',(4.25,-0.515451356496,0.330008245993));
#1344 = DIRECTION('',(1.,-1.224646799147E-16,-1.256256073143E-32));
#1345 = DIRECTION('',(-1.256256073143E-32,1.538469978883E-48,-1.));
#1346 = ADVANCED_FACE('',(#1347),#1365,.F.);
#1347 = FACE_BOUND('',#1348,.F.);
#1348 = EDGE_LOOP('',(#1349,#1357,#1358,#1359));
#1349 = ORIENTED_EDGE('',*,*,#1350,.T.);
#1350 = EDGE_CURVE('',#1351,#1327,#1353,.T.);
#1351 = VERTEX_POINT('',#1352);
#1352 = CARTESIAN_POINT('',(5.75,-0.5,0.3));
#1353 = LINE('',#1354,#1355);
#1354 = CARTESIAN_POINT('',(5.75,-0.5,0.3));
#1355 = VECTOR('',#1356,1.);
#1356 = DIRECTION('',(-1.,1.224646799147E-16,0.));
#1357 = ORIENTED_EDGE('',*,*,#1334,.T.);
#1358 = ORIENTED_EDGE('',*,*,#348,.F.);
#1359 = ORIENTED_EDGE('',*,*,#1360,.F.);
#1360 = EDGE_CURVE('',#1351,#341,#1361,.T.);
#1361 = LINE('',#1362,#1363);
#1362 = CARTESIAN_POINT('',(5.75,-0.5,0.3));
#1363 = VECTOR('',#1364,1.);
#1364 = DIRECTION('',(-1.190457365237E-16,-0.972082208573,0.234640533104
    ));
#1365 = PLANE('',#1366);
#1366 = AXIS2_PLACEMENT_3D('',#1367,#1368,#1369);
#1367 = CARTESIAN_POINT('',(5.75,-0.5,0.3));
#1368 = DIRECTION('',(2.87351777816E-17,0.234640533104,0.972082208573));
#1369 = DIRECTION('',(-1.190457365237E-16,-0.972082208573,0.234640533104
    ));
#1370 = ADVANCED_FACE('',(#1371),#1396,.F.);
#1371 = FACE_BOUND('',#1372,.F.);
#1372 = EDGE_LOOP('',(#1373,#1374,#1382,#1388,#1389,#1390));
#1373 = ORIENTED_EDGE('',*,*,#1069,.T.);
#1374 = ORIENTED_EDGE('',*,*,#1375,.T.);
#1375 = EDGE_CURVE('',#1062,#1376,#1378,.T.);
#1376 = VERTEX_POINT('',#1377);
#1377 = CARTESIAN_POINT('',(5.75,0.5,0.3));
#1378 = LINE('',#1379,#1380);
#1379 = CARTESIAN_POINT('',(5.75,2.35,1.));
#1380 = VECTOR('',#1381,1.);
#1381 = DIRECTION('',(-1.14539532148E-16,-0.935286257456,-0.353892097416
    ));
#1382 = ORIENTED_EDGE('',*,*,#1383,.T.);
#1383 = EDGE_CURVE('',#1376,#1351,#1384,.T.);
#1384 = LINE('',#1385,#1386);
#1385 = CARTESIAN_POINT('',(5.75,0.5,0.3));
#1386 = VECTOR('',#1387,1.);
#1387 = DIRECTION('',(-1.224646799147E-16,-1.,0.));
#1388 = ORIENTED_EDGE('',*,*,#1360,.T.);
#1389 = ORIENTED_EDGE('',*,*,#340,.T.);
#1390 = ORIENTED_EDGE('',*,*,#1391,.T.);
#1391 = EDGE_CURVE('',#333,#850,#1392,.T.);
#1392 = LINE('',#1393,#1394);
#1393 = CARTESIAN_POINT('',(5.75,-3.4,0.));
#1394 = VECTOR('',#1395,1.);
#1395 = DIRECTION('',(1.224646799147E-16,1.,0.));
#1396 = PLANE('',#1397);
#1397 = AXIS2_PLACEMENT_3D('',#1398,#1399,#1400);
#1398 = CARTESIAN_POINT('',(5.75,-0.515451356496,0.330008245993));
#1399 = DIRECTION('',(1.,-1.224646799147E-16,-1.256256073143E-32));
#1400 = DIRECTION('',(-1.256256073143E-32,1.538469978883E-48,-1.));
#1401 = ADVANCED_FACE('',(#1402),#1408,.F.);
#1402 = FACE_BOUND('',#1403,.F.);
#1403 = EDGE_LOOP('',(#1404,#1405,#1406,#1407));
#1404 = ORIENTED_EDGE('',*,*,#458,.T.);
#1405 = ORIENTED_EDGE('',*,*,#849,.T.);
#1406 = ORIENTED_EDGE('',*,*,#1391,.F.);
#1407 = ORIENTED_EDGE('',*,*,#332,.T.);
#1408 = PLANE('',#1409);
#1409 = AXIS2_PLACEMENT_3D('',#1410,#1411,#1412);
#1410 = CARTESIAN_POINT('',(2.5,-0.525,0.));
#1411 = DIRECTION('',(0.,0.,1.));
#1412 = DIRECTION('',(-1.,1.224646799147E-16,0.));
#1413 = ADVANCED_FACE('',(#1414),#1441,.F.);
#1414 = FACE_BOUND('',#1415,.F.);
#1415 = EDGE_LOOP('',(#1416,#1417,#1418,#1419,#1425,#1426,#1435));
#1416 = ORIENTED_EDGE('',*,*,#533,.T.);
#1417 = ORIENTED_EDGE('',*,*,#444,.F.);
#1418 = ORIENTED_EDGE('',*,*,#1092,.T.);
#1419 = ORIENTED_EDGE('',*,*,#1420,.T.);
#1420 = EDGE_CURVE('',#1085,#796,#1421,.T.);
#1421 = LINE('',#1422,#1423);
#1422 = CARTESIAN_POINT('',(6.6,-2.65,1.85));
#1423 = VECTOR('',#1424,1.);
#1424 = DIRECTION('',(1.224646799147E-16,1.,0.));
#1425 = ORIENTED_EDGE('',*,*,#803,.F.);
#1426 = ORIENTED_EDGE('',*,*,#1427,.F.);
#1427 = EDGE_CURVE('',#1428,#804,#1430,.T.);
#1428 = VERTEX_POINT('',#1429);
#1429 = CARTESIAN_POINT('',(6.6,1.,3.65));
#1430 = CIRCLE('',#1431,0.5);
#1431 = AXIS2_PLACEMENT_3D('',#1432,#1433,#1434);
#1432 = CARTESIAN_POINT('',(6.6,1.,4.15));
#1433 = DIRECTION('',(1.,-1.224646799147E-16,0.));
#1434 = DIRECTION('',(1.224646799147E-16,1.,0.));
#1435 = ORIENTED_EDGE('',*,*,#1436,.T.);
#1436 = EDGE_CURVE('',#1428,#526,#1437,.T.);
#1437 = LINE('',#1438,#1439);
#1438 = CARTESIAN_POINT('',(6.6,-0.825,3.65));
#1439 = VECTOR('',#1440,1.);
#1440 = DIRECTION('',(-1.224646799147E-16,-1.,0.));
#1441 = PLANE('',#1442);
#1442 = AXIS2_PLACEMENT_3D('',#1443,#1444,#1445);
#1443 = CARTESIAN_POINT('',(6.6,-2.65,7.));
#1444 = DIRECTION('',(1.,-1.224646799147E-16,0.));
#1445 = DIRECTION('',(1.224646799147E-16,1.,0.));
#1446 = ADVANCED_FACE('',(#1447),#1458,.T.);
#1447 = FACE_BOUND('',#1448,.T.);
#1448 = EDGE_LOOP('',(#1449,#1450,#1451,#1452));
#1449 = ORIENTED_EDGE('',*,*,#656,.F.);
#1450 = ORIENTED_EDGE('',*,*,#501,.T.);
#1451 = ORIENTED_EDGE('',*,*,#858,.T.);
#1452 = ORIENTED_EDGE('',*,*,#1453,.T.);
#1453 = EDGE_CURVE('',#859,#657,#1454,.T.);
#1454 = LINE('',#1455,#1456);
#1455 = CARTESIAN_POINT('',(5.5,2.35,7.));
#1456 = VECTOR('',#1457,1.);
#1457 = DIRECTION('',(-1.224646799147E-16,-1.,0.));
#1458 = PLANE('',#1459);
#1459 = AXIS2_PLACEMENT_3D('',#1460,#1461,#1462);
#1460 = CARTESIAN_POINT('',(2.5,-0.525,7.));
#1461 = DIRECTION('',(0.,0.,1.));
#1462 = DIRECTION('',(-1.,1.224646799147E-16,0.));
#1463 = ADVANCED_FACE('',(#1464),#1475,.F.);
#1464 = FACE_BOUND('',#1465,.F.);
#1465 = EDGE_LOOP('',(#1466,#1472,#1473,#1474));
#1466 = ORIENTED_EDGE('',*,*,#1467,.T.);
#1467 = EDGE_CURVE('',#477,#1428,#1468,.T.);
#1468 = LINE('',#1469,#1470);
#1469 = CARTESIAN_POINT('',(7.45,1.,3.65));
#1470 = VECTOR('',#1471,1.);
#1471 = DIRECTION('',(-1.,1.224646799147E-16,0.));
#1472 = ORIENTED_EDGE('',*,*,#1427,.T.);
#1473 = ORIENTED_EDGE('',*,*,#811,.F.);
#1474 = ORIENTED_EDGE('',*,*,#484,.T.);
#1475 = CYLINDRICAL_SURFACE('',#1476,0.5);
#1476 = AXIS2_PLACEMENT_3D('',#1477,#1478,#1479);
#1477 = CARTESIAN_POINT('',(7.45,1.,4.15));
#1478 = DIRECTION('',(1.,-1.224646799147E-16,-0.));
#1479 = DIRECTION('',(1.224646799147E-16,1.,0.));
#1480 = ADVANCED_FACE('',(#1481),#1487,.T.);
#1481 = FACE_BOUND('',#1482,.T.);
#1482 = EDGE_LOOP('',(#1483,#1484,#1485,#1486));
#1483 = ORIENTED_EDGE('',*,*,#476,.F.);
#1484 = ORIENTED_EDGE('',*,*,#1467,.T.);
#1485 = ORIENTED_EDGE('',*,*,#1436,.T.);
#1486 = ORIENTED_EDGE('',*,*,#525,.F.);
#1487 = PLANE('',#1488);
#1488 = AXIS2_PLACEMENT_3D('',#1489,#1490,#1491);
#1489 = CARTESIAN_POINT('',(7.45,1.,3.65));
#1490 = DIRECTION('',(0.,0.,1.));
#1491 = DIRECTION('',(-1.224646799147E-16,-1.,0.));
#1492 = ADVANCED_FACE('',(#1493,#1499,#1533,#1567),#1601,.T.);
#1493 = FACE_BOUND('',#1494,.T.);
#1494 = EDGE_LOOP('',(#1495,#1496,#1497,#1498));
#1495 = ORIENTED_EDGE('',*,*,#795,.T.);
#1496 = ORIENTED_EDGE('',*,*,#574,.T.);
#1497 = ORIENTED_EDGE('',*,*,#1084,.T.);
#1498 = ORIENTED_EDGE('',*,*,#1420,.T.);
#1499 = FACE_BOUND('',#1500,.T.);
#1500 = EDGE_LOOP('',(#1501,#1511,#1519,#1527));
#1501 = ORIENTED_EDGE('',*,*,#1502,.F.);
#1502 = EDGE_CURVE('',#1503,#1505,#1507,.T.);
#1503 = VERTEX_POINT('',#1504);
#1504 = CARTESIAN_POINT('',(-0.32,0.32,1.85));
#1505 = VERTEX_POINT('',#1506);
#1506 = CARTESIAN_POINT('',(-0.32,-0.32,1.85));
#1507 = LINE('',#1508,#1509);
#1508 = CARTESIAN_POINT('',(-0.32,-0.26920299558,1.85));
#1509 = VECTOR('',#1510,1.);
#1510 = DIRECTION('',(-1.224646799147E-16,-1.,0.));
#1511 = ORIENTED_EDGE('',*,*,#1512,.T.);
#1512 = EDGE_CURVE('',#1503,#1513,#1515,.T.);
#1513 = VERTEX_POINT('',#1514);
#1514 = CARTESIAN_POINT('',(0.32,0.32,1.85));
#1515 = LINE('',#1516,#1517);
#1516 = CARTESIAN_POINT('',(1.41,0.32,1.85));
#1517 = VECTOR('',#1518,1.);
#1518 = DIRECTION('',(1.,-1.224646799147E-16,-7.789680114753E-33));
#1519 = ORIENTED_EDGE('',*,*,#1520,.T.);
#1520 = EDGE_CURVE('',#1513,#1521,#1523,.T.);
#1521 = VERTEX_POINT('',#1522);
#1522 = CARTESIAN_POINT('',(0.32,-0.32,1.85));
#1523 = LINE('',#1524,#1525);
#1524 = CARTESIAN_POINT('',(0.32,-0.26920299558,1.85));
#1525 = VECTOR('',#1526,1.);
#1526 = DIRECTION('',(-1.224646799147E-16,-1.,0.));
#1527 = ORIENTED_EDGE('',*,*,#1528,.T.);
#1528 = EDGE_CURVE('',#1521,#1505,#1529,.T.);
#1529 = LINE('',#1530,#1531);
#1530 = CARTESIAN_POINT('',(1.41,-0.32,1.85));
#1531 = VECTOR('',#1532,1.);
#1532 = DIRECTION('',(-1.,1.224646799147E-16,7.789680114753E-33));
#1533 = FACE_BOUND('',#1534,.T.);
#1534 = EDGE_LOOP('',(#1535,#1545,#1553,#1561));
#1535 = ORIENTED_EDGE('',*,*,#1536,.F.);
#1536 = EDGE_CURVE('',#1537,#1539,#1541,.T.);
#1537 = VERTEX_POINT('',#1538);
#1538 = CARTESIAN_POINT('',(4.68,0.32,1.85));
#1539 = VERTEX_POINT('',#1540);
#1540 = CARTESIAN_POINT('',(4.68,-0.32,1.85));
#1541 = LINE('',#1542,#1543);
#1542 = CARTESIAN_POINT('',(4.68,-0.26920299558,1.85));
#1543 = VECTOR('',#1544,1.);
#1544 = DIRECTION('',(-1.224646799147E-16,-1.,0.));
#1545 = ORIENTED_EDGE('',*,*,#1546,.T.);
#1546 = EDGE_CURVE('',#1537,#1547,#1549,.T.);
#1547 = VERTEX_POINT('',#1548);
#1548 = CARTESIAN_POINT('',(5.32,0.32,1.85));
#1549 = LINE('',#1550,#1551);
#1550 = CARTESIAN_POINT('',(3.91,0.32,1.85));
#1551 = VECTOR('',#1552,1.);
#1552 = DIRECTION('',(1.,-1.224646799147E-16,-7.789680114753E-33));
#1553 = ORIENTED_EDGE('',*,*,#1554,.T.);
#1554 = EDGE_CURVE('',#1547,#1555,#1557,.T.);
#1555 = VERTEX_POINT('',#1556);
#1556 = CARTESIAN_POINT('',(5.32,-0.32,1.85));
#1557 = LINE('',#1558,#1559);
#1558 = CARTESIAN_POINT('',(5.32,-0.26920299558,1.85));
#1559 = VECTOR('',#1560,1.);
#1560 = DIRECTION('',(-1.224646799147E-16,-1.,0.));
#1561 = ORIENTED_EDGE('',*,*,#1562,.T.);
#1562 = EDGE_CURVE('',#1555,#1539,#1563,.T.);
#1563 = LINE('',#1564,#1565);
#1564 = CARTESIAN_POINT('',(3.91,-0.32,1.85));
#1565 = VECTOR('',#1566,1.);
#1566 = DIRECTION('',(-1.,1.224646799147E-16,7.789680114753E-33));
#1567 = FACE_BOUND('',#1568,.T.);
#1568 = EDGE_LOOP('',(#1569,#1579,#1587,#1595));
#1569 = ORIENTED_EDGE('',*,*,#1570,.F.);
#1570 = EDGE_CURVE('',#1571,#1573,#1575,.T.);
#1571 = VERTEX_POINT('',#1572);
#1572 = CARTESIAN_POINT('',(2.18,0.32,1.85));
#1573 = VERTEX_POINT('',#1574);
#1574 = CARTESIAN_POINT('',(2.18,-0.32,1.85));
#1575 = LINE('',#1576,#1577);
#1576 = CARTESIAN_POINT('',(2.18,-0.2875,1.85));
#1577 = VECTOR('',#1578,1.);
#1578 = DIRECTION('',(-1.224646799147E-16,-1.,0.));
#1579 = ORIENTED_EDGE('',*,*,#1580,.T.);
#1580 = EDGE_CURVE('',#1571,#1581,#1583,.T.);
#1581 = VERTEX_POINT('',#1582);
#1582 = CARTESIAN_POINT('',(2.82,0.32,1.85));
#1583 = LINE('',#1584,#1585);
#1584 = CARTESIAN_POINT('',(2.66,0.32,1.85));
#1585 = VECTOR('',#1586,1.);
#1586 = DIRECTION('',(1.,-1.224646799147E-16,-7.789680114753E-33));
#1587 = ORIENTED_EDGE('',*,*,#1588,.T.);
#1588 = EDGE_CURVE('',#1581,#1589,#1591,.T.);
#1589 = VERTEX_POINT('',#1590);
#1590 = CARTESIAN_POINT('',(2.82,-0.32,1.85));
#1591 = LINE('',#1592,#1593);
#1592 = CARTESIAN_POINT('',(2.82,-0.2875,1.85));
#1593 = VECTOR('',#1594,1.);
#1594 = DIRECTION('',(-1.224646799147E-16,-1.,0.));
#1595 = ORIENTED_EDGE('',*,*,#1596,.T.);
#1596 = EDGE_CURVE('',#1589,#1573,#1597,.T.);
#1597 = LINE('',#1598,#1599);
#1598 = CARTESIAN_POINT('',(2.66,-0.32,1.85));
#1599 = VECTOR('',#1600,1.);
#1600 = DIRECTION('',(-1.,1.224646799147E-16,7.789680114753E-33));
#1601 = PLANE('',#1602);
#1602 = AXIS2_PLACEMENT_3D('',#1603,#1604,#1605);
#1603 = CARTESIAN_POINT('',(2.5,-0.575,1.85));
#1604 = DIRECTION('',(7.789680114753E-33,-9.539606818914E-49,1.));
#1605 = DIRECTION('',(-1.,1.224646799147E-16,7.789680114753E-33));
#1606 = ADVANCED_FACE('',(#1607),#1618,.F.);
#1607 = FACE_BOUND('',#1608,.F.);
#1608 = EDGE_LOOP('',(#1609,#1610,#1616,#1617));
#1609 = ORIENTED_EDGE('',*,*,#980,.F.);
#1610 = ORIENTED_EDGE('',*,*,#1611,.T.);
#1611 = EDGE_CURVE('',#973,#771,#1612,.T.);
#1612 = LINE('',#1613,#1614);
#1613 = CARTESIAN_POINT('',(-0.5,2.35,6.1));
#1614 = VECTOR('',#1615,1.);
#1615 = DIRECTION('',(-1.224646799147E-16,-1.,0.));
#1616 = ORIENTED_EDGE('',*,*,#778,.F.);
#1617 = ORIENTED_EDGE('',*,*,#826,.F.);
#1618 = PLANE('',#1619);
#1619 = AXIS2_PLACEMENT_3D('',#1620,#1621,#1622);
#1620 = CARTESIAN_POINT('',(-0.5,2.35,6.1));
#1621 = DIRECTION('',(-1.,1.224646799147E-16,0.));
#1622 = DIRECTION('',(0.,0.,1.));
#1623 = ADVANCED_FACE('',(#1624),#1635,.F.);
#1624 = FACE_BOUND('',#1625,.F.);
#1625 = EDGE_LOOP('',(#1626,#1627,#1633,#1634));
#1626 = ORIENTED_EDGE('',*,*,#972,.F.);
#1627 = ORIENTED_EDGE('',*,*,#1628,.T.);
#1628 = EDGE_CURVE('',#965,#763,#1629,.T.);
#1629 = LINE('',#1630,#1631);
#1630 = CARTESIAN_POINT('',(-0.25,2.35,5.85));
#1631 = VECTOR('',#1632,1.);
#1632 = DIRECTION('',(-1.224646799147E-16,-1.,0.));
#1633 = ORIENTED_EDGE('',*,*,#770,.F.);
#1634 = ORIENTED_EDGE('',*,*,#1611,.F.);
#1635 = PLANE('',#1636);
#1636 = AXIS2_PLACEMENT_3D('',#1637,#1638,#1639);
#1637 = CARTESIAN_POINT('',(-0.25,2.35,5.85));
#1638 = DIRECTION('',(-0.707106781187,8.659560562349E-17,-0.707106781187
    ));
#1639 = DIRECTION('',(-0.707106781187,8.659560562349E-17,0.707106781187)
  );
#1640 = ADVANCED_FACE('',(#1641),#1652,.F.);
#1641 = FACE_BOUND('',#1642,.F.);
#1642 = EDGE_LOOP('',(#1643,#1644,#1650,#1651));
#1643 = ORIENTED_EDGE('',*,*,#964,.F.);
#1644 = ORIENTED_EDGE('',*,*,#1645,.T.);
#1645 = EDGE_CURVE('',#957,#755,#1646,.T.);
#1646 = LINE('',#1647,#1648);
#1647 = CARTESIAN_POINT('',(-0.5,2.35,5.6));
#1648 = VECTOR('',#1649,1.);
#1649 = DIRECTION('',(-1.224646799147E-16,-1.,0.));
#1650 = ORIENTED_EDGE('',*,*,#762,.F.);
#1651 = ORIENTED_EDGE('',*,*,#1628,.F.);
#1652 = PLANE('',#1653);
#1653 = AXIS2_PLACEMENT_3D('',#1654,#1655,#1656);
#1654 = CARTESIAN_POINT('',(-0.5,2.35,5.6));
#1655 = DIRECTION('',(-0.707106781187,8.659560562349E-17,0.707106781187)
  );
#1656 = DIRECTION('',(0.707106781187,-8.659560562349E-17,0.707106781187)
  );
#1657 = ADVANCED_FACE('',(#1658),#1669,.F.);
#1658 = FACE_BOUND('',#1659,.F.);
#1659 = EDGE_LOOP('',(#1660,#1661,#1667,#1668));
#1660 = ORIENTED_EDGE('',*,*,#956,.F.);
#1661 = ORIENTED_EDGE('',*,*,#1662,.T.);
#1662 = EDGE_CURVE('',#948,#746,#1663,.T.);
#1663 = LINE('',#1664,#1665);
#1664 = CARTESIAN_POINT('',(-0.5,2.35,3.85));
#1665 = VECTOR('',#1666,1.);
#1666 = DIRECTION('',(-1.224646799147E-16,-1.,0.));
#1667 = ORIENTED_EDGE('',*,*,#754,.F.);
#1668 = ORIENTED_EDGE('',*,*,#1645,.F.);
#1669 = PLANE('',#1670);
#1670 = AXIS2_PLACEMENT_3D('',#1671,#1672,#1673);
#1671 = CARTESIAN_POINT('',(-0.5,2.35,3.1));
#1672 = DIRECTION('',(-1.,1.224646799147E-16,0.));
#1673 = DIRECTION('',(0.,0.,1.));
#1674 = ADVANCED_FACE('',(#1675),#1686,.F.);
#1675 = FACE_BOUND('',#1676,.F.);
#1676 = EDGE_LOOP('',(#1677,#1678,#1679,#1680));
#1677 = ORIENTED_EDGE('',*,*,#745,.F.);
#1678 = ORIENTED_EDGE('',*,*,#1662,.F.);
#1679 = ORIENTED_EDGE('',*,*,#947,.F.);
#1680 = ORIENTED_EDGE('',*,*,#1681,.T.);
#1681 = EDGE_CURVE('',#940,#738,#1682,.T.);
#1682 = LINE('',#1683,#1684);
#1683 = CARTESIAN_POINT('',(0.25,2.35,3.1));
#1684 = VECTOR('',#1685,1.);
#1685 = DIRECTION('',(-1.224646799147E-16,-1.,0.));
#1686 = CYLINDRICAL_SURFACE('',#1687,0.75);
#1687 = AXIS2_PLACEMENT_3D('',#1688,#1689,#1690);
#1688 = CARTESIAN_POINT('',(0.25,2.35,3.85));
#1689 = DIRECTION('',(-1.224646799147E-16,-1.,0.));
#1690 = DIRECTION('',(-0.,0.,-1.));
#1691 = ADVANCED_FACE('',(#1692),#1703,.F.);
#1692 = FACE_BOUND('',#1693,.F.);
#1693 = EDGE_LOOP('',(#1694,#1695,#1696,#1702));
#1694 = ORIENTED_EDGE('',*,*,#1681,.F.);
#1695 = ORIENTED_EDGE('',*,*,#939,.F.);
#1696 = ORIENTED_EDGE('',*,*,#1697,.T.);
#1697 = EDGE_CURVE('',#932,#730,#1698,.T.);
#1698 = LINE('',#1699,#1700);
#1699 = CARTESIAN_POINT('',(1.,2.35,3.1));
#1700 = VECTOR('',#1701,1.);
#1701 = DIRECTION('',(-1.224646799147E-16,-1.,0.));
#1702 = ORIENTED_EDGE('',*,*,#737,.F.);
#1703 = PLANE('',#1704);
#1704 = AXIS2_PLACEMENT_3D('',#1705,#1706,#1707);
#1705 = CARTESIAN_POINT('',(1.,2.35,3.1));
#1706 = DIRECTION('',(-0.,0.,-1.));
#1707 = DIRECTION('',(-1.,1.224646799147E-16,0.));
#1708 = ADVANCED_FACE('',(#1709),#1720,.F.);
#1709 = FACE_BOUND('',#1710,.F.);
#1710 = EDGE_LOOP('',(#1711,#1712,#1718,#1719));
#1711 = ORIENTED_EDGE('',*,*,#931,.F.);
#1712 = ORIENTED_EDGE('',*,*,#1713,.T.);
#1713 = EDGE_CURVE('',#924,#722,#1714,.T.);
#1714 = LINE('',#1715,#1716);
#1715 = CARTESIAN_POINT('',(1.,2.35,7.));
#1716 = VECTOR('',#1717,1.);
#1717 = DIRECTION('',(-1.224646799147E-16,-1.,0.));
#1718 = ORIENTED_EDGE('',*,*,#729,.F.);
#1719 = ORIENTED_EDGE('',*,*,#1697,.F.);
#1720 = PLANE('',#1721);
#1721 = AXIS2_PLACEMENT_3D('',#1722,#1723,#1724);
#1722 = CARTESIAN_POINT('',(1.,2.35,7.));
#1723 = DIRECTION('',(1.,-1.224646799147E-16,0.));
#1724 = DIRECTION('',(0.,-0.,-1.));
#1725 = ADVANCED_FACE('',(#1726),#1737,.T.);
#1726 = FACE_BOUND('',#1727,.T.);
#1727 = EDGE_LOOP('',(#1728,#1729,#1735,#1736));
#1728 = ORIENTED_EDGE('',*,*,#721,.F.);
#1729 = ORIENTED_EDGE('',*,*,#1730,.F.);
#1730 = EDGE_CURVE('',#916,#714,#1731,.T.);
#1731 = LINE('',#1732,#1733);
#1732 = CARTESIAN_POINT('',(4.,2.35,7.));
#1733 = VECTOR('',#1734,1.);
#1734 = DIRECTION('',(-1.224646799147E-16,-1.,0.));
#1735 = ORIENTED_EDGE('',*,*,#923,.T.);
#1736 = ORIENTED_EDGE('',*,*,#1713,.T.);
#1737 = PLANE('',#1738);
#1738 = AXIS2_PLACEMENT_3D('',#1739,#1740,#1741);
#1739 = CARTESIAN_POINT('',(2.5,-0.525,7.));
#1740 = DIRECTION('',(0.,0.,1.));
#1741 = DIRECTION('',(-1.,1.224646799147E-16,0.));
#1742 = ADVANCED_FACE('',(#1743),#1754,.T.);
#1743 = FACE_BOUND('',#1744,.T.);
#1744 = EDGE_LOOP('',(#1745,#1746,#1747,#1748));
#1745 = ORIENTED_EDGE('',*,*,#915,.F.);
#1746 = ORIENTED_EDGE('',*,*,#1730,.T.);
#1747 = ORIENTED_EDGE('',*,*,#713,.F.);
#1748 = ORIENTED_EDGE('',*,*,#1749,.F.);
#1749 = EDGE_CURVE('',#908,#706,#1750,.T.);
#1750 = LINE('',#1751,#1752);
#1751 = CARTESIAN_POINT('',(4.,2.35,3.1));
#1752 = VECTOR('',#1753,1.);
#1753 = DIRECTION('',(-1.224646799147E-16,-1.,0.));
#1754 = PLANE('',#1755);
#1755 = AXIS2_PLACEMENT_3D('',#1756,#1757,#1758);
#1756 = CARTESIAN_POINT('',(4.,2.35,7.));
#1757 = DIRECTION('',(1.,-1.224646799147E-16,0.));
#1758 = DIRECTION('',(0.,-0.,-1.));
#1759 = ADVANCED_FACE('',(#1760),#1771,.T.);
#1760 = FACE_BOUND('',#1761,.T.);
#1761 = EDGE_LOOP('',(#1762,#1768,#1769,#1770));
#1762 = ORIENTED_EDGE('',*,*,#1763,.F.);
#1763 = EDGE_CURVE('',#899,#697,#1764,.T.);
#1764 = LINE('',#1765,#1766);
#1765 = CARTESIAN_POINT('',(4.75,2.35,3.1));
#1766 = VECTOR('',#1767,1.);
#1767 = DIRECTION('',(-1.224646799147E-16,-1.,0.));
#1768 = ORIENTED_EDGE('',*,*,#907,.F.);
#1769 = ORIENTED_EDGE('',*,*,#1749,.T.);
#1770 = ORIENTED_EDGE('',*,*,#705,.F.);
#1771 = PLANE('',#1772);
#1772 = AXIS2_PLACEMENT_3D('',#1773,#1774,#1775);
#1773 = CARTESIAN_POINT('',(4.,2.35,3.1));
#1774 = DIRECTION('',(0.,0.,1.));
#1775 = DIRECTION('',(1.,-1.224646799147E-16,0.));
#1776 = ADVANCED_FACE('',(#1777),#1788,.F.);
#1777 = FACE_BOUND('',#1778,.F.);
#1778 = EDGE_LOOP('',(#1779,#1780,#1781,#1787));
#1779 = ORIENTED_EDGE('',*,*,#1763,.F.);
#1780 = ORIENTED_EDGE('',*,*,#898,.T.);
#1781 = ORIENTED_EDGE('',*,*,#1782,.T.);
#1782 = EDGE_CURVE('',#891,#689,#1783,.T.);
#1783 = LINE('',#1784,#1785);
#1784 = CARTESIAN_POINT('',(5.5,2.35,3.85));
#1785 = VECTOR('',#1786,1.);
#1786 = DIRECTION('',(-1.224646799147E-16,-1.,0.));
#1787 = ORIENTED_EDGE('',*,*,#696,.F.);
#1788 = CYLINDRICAL_SURFACE('',#1789,0.75);
#1789 = AXIS2_PLACEMENT_3D('',#1790,#1791,#1792);
#1790 = CARTESIAN_POINT('',(4.75,2.35,3.85));
#1791 = DIRECTION('',(-1.224646799147E-16,-1.,0.));
#1792 = DIRECTION('',(0.,-0.,-1.));
#1793 = ADVANCED_FACE('',(#1794),#1805,.T.);
#1794 = FACE_BOUND('',#1795,.T.);
#1795 = EDGE_LOOP('',(#1796,#1797,#1798,#1799));
#1796 = ORIENTED_EDGE('',*,*,#890,.F.);
#1797 = ORIENTED_EDGE('',*,*,#1782,.T.);
#1798 = ORIENTED_EDGE('',*,*,#688,.F.);
#1799 = ORIENTED_EDGE('',*,*,#1800,.F.);
#1800 = EDGE_CURVE('',#883,#681,#1801,.T.);
#1801 = LINE('',#1802,#1803);
#1802 = CARTESIAN_POINT('',(5.5,2.35,5.6));
#1803 = VECTOR('',#1804,1.);
#1804 = DIRECTION('',(-1.224646799147E-16,-1.,0.));
#1805 = PLANE('',#1806);
#1806 = AXIS2_PLACEMENT_3D('',#1807,#1808,#1809);
#1807 = CARTESIAN_POINT('',(5.5,2.35,3.1));
#1808 = DIRECTION('',(-1.,1.224646799147E-16,0.));
#1809 = DIRECTION('',(0.,0.,1.));
#1810 = ADVANCED_FACE('',(#1811),#1822,.T.);
#1811 = FACE_BOUND('',#1812,.T.);
#1812 = EDGE_LOOP('',(#1813,#1814,#1815,#1816));
#1813 = ORIENTED_EDGE('',*,*,#882,.F.);
#1814 = ORIENTED_EDGE('',*,*,#1800,.T.);
#1815 = ORIENTED_EDGE('',*,*,#680,.F.);
#1816 = ORIENTED_EDGE('',*,*,#1817,.F.);
#1817 = EDGE_CURVE('',#875,#673,#1818,.T.);
#1818 = LINE('',#1819,#1820);
#1819 = CARTESIAN_POINT('',(5.25,2.35,5.85));
#1820 = VECTOR('',#1821,1.);
#1821 = DIRECTION('',(-1.224646799147E-16,-1.,0.));
#1822 = PLANE('',#1823);
#1823 = AXIS2_PLACEMENT_3D('',#1824,#1825,#1826);
#1824 = CARTESIAN_POINT('',(5.5,2.35,5.6));
#1825 = DIRECTION('',(-0.707106781187,8.659560562349E-17,-0.707106781187
    ));
#1826 = DIRECTION('',(-0.707106781187,8.659560562349E-17,0.707106781187)
  );
#1827 = ADVANCED_FACE('',(#1828),#1839,.T.);
#1828 = FACE_BOUND('',#1829,.T.);
#1829 = EDGE_LOOP('',(#1830,#1831,#1832,#1833));
#1830 = ORIENTED_EDGE('',*,*,#874,.F.);
#1831 = ORIENTED_EDGE('',*,*,#1817,.T.);
#1832 = ORIENTED_EDGE('',*,*,#672,.F.);
#1833 = ORIENTED_EDGE('',*,*,#1834,.F.);
#1834 = EDGE_CURVE('',#867,#665,#1835,.T.);
#1835 = LINE('',#1836,#1837);
#1836 = CARTESIAN_POINT('',(5.5,2.35,6.1));
#1837 = VECTOR('',#1838,1.);
#1838 = DIRECTION('',(-1.224646799147E-16,-1.,0.));
#1839 = PLANE('',#1840);
#1840 = AXIS2_PLACEMENT_3D('',#1841,#1842,#1843);
#1841 = CARTESIAN_POINT('',(5.25,2.35,5.85));
#1842 = DIRECTION('',(-0.707106781187,8.659560562349E-17,0.707106781187)
  );
#1843 = DIRECTION('',(0.707106781187,-8.659560562349E-17,0.707106781187)
  );
#1844 = ADVANCED_FACE('',(#1845),#1851,.T.);
#1845 = FACE_BOUND('',#1846,.T.);
#1846 = EDGE_LOOP('',(#1847,#1848,#1849,#1850));
#1847 = ORIENTED_EDGE('',*,*,#866,.F.);
#1848 = ORIENTED_EDGE('',*,*,#1834,.T.);
#1849 = ORIENTED_EDGE('',*,*,#664,.F.);
#1850 = ORIENTED_EDGE('',*,*,#1453,.F.);
#1851 = PLANE('',#1852);
#1852 = AXIS2_PLACEMENT_3D('',#1853,#1854,#1855);
#1853 = CARTESIAN_POINT('',(5.5,2.35,6.1));
#1854 = DIRECTION('',(-1.,1.224646799147E-16,4.93432455389E-16));
#1855 = DIRECTION('',(4.93432455389E-16,-6.042804770875E-32,1.));
#1856 = ADVANCED_FACE('',(#1857),#1868,.F.);
#1857 = FACE_BOUND('',#1858,.F.);
#1858 = EDGE_LOOP('',(#1859,#1860,#1861,#1867));
#1859 = ORIENTED_EDGE('',*,*,#1061,.T.);
#1860 = ORIENTED_EDGE('',*,*,#1318,.T.);
#1861 = ORIENTED_EDGE('',*,*,#1862,.F.);
#1862 = EDGE_CURVE('',#1376,#1319,#1863,.T.);
#1863 = LINE('',#1864,#1865);
#1864 = CARTESIAN_POINT('',(5.75,0.5,0.3));
#1865 = VECTOR('',#1866,1.);
#1866 = DIRECTION('',(-1.,1.224646799147E-16,0.));
#1867 = ORIENTED_EDGE('',*,*,#1375,.F.);
#1868 = PLANE('',#1869);
#1869 = AXIS2_PLACEMENT_3D('',#1870,#1871,#1872);
#1870 = CARTESIAN_POINT('',(5.75,2.35,1.));
#1871 = DIRECTION('',(-4.33392824344E-17,-0.353892097416,0.935286257456)
  );
#1872 = DIRECTION('',(-1.14539532148E-16,-0.935286257456,-0.353892097416
    ));
#1873 = ADVANCED_FACE('',(#1874),#1885,.F.);
#1874 = FACE_BOUND('',#1875,.F.);
#1875 = EDGE_LOOP('',(#1876,#1877,#1878,#1884));
#1876 = ORIENTED_EDGE('',*,*,#1029,.T.);
#1877 = ORIENTED_EDGE('',*,*,#1213,.T.);
#1878 = ORIENTED_EDGE('',*,*,#1879,.F.);
#1879 = EDGE_CURVE('',#1271,#1214,#1880,.T.);
#1880 = LINE('',#1881,#1882);
#1881 = CARTESIAN_POINT('',(3.25,0.5,0.3));
#1882 = VECTOR('',#1883,1.);
#1883 = DIRECTION('',(-1.,1.224646799147E-16,0.));
#1884 = ORIENTED_EDGE('',*,*,#1270,.F.);
#1885 = PLANE('',#1886);
#1886 = AXIS2_PLACEMENT_3D('',#1887,#1888,#1889);
#1887 = CARTESIAN_POINT('',(3.25,2.35,1.));
#1888 = DIRECTION('',(-4.33392824344E-17,-0.353892097416,0.935286257456)
  );
#1889 = DIRECTION('',(-1.14539532148E-16,-0.935286257456,-0.353892097416
    ));
#1890 = ADVANCED_FACE('',(#1891),#1902,.F.);
#1891 = FACE_BOUND('',#1892,.F.);
#1892 = EDGE_LOOP('',(#1893,#1894,#1895,#1901));
#1893 = ORIENTED_EDGE('',*,*,#997,.T.);
#1894 = ORIENTED_EDGE('',*,*,#1108,.T.);
#1895 = ORIENTED_EDGE('',*,*,#1896,.F.);
#1896 = EDGE_CURVE('',#1166,#1109,#1897,.T.);
#1897 = LINE('',#1898,#1899);
#1898 = CARTESIAN_POINT('',(0.75,0.5,0.3));
#1899 = VECTOR('',#1900,1.);
#1900 = DIRECTION('',(-1.,1.224646799147E-16,0.));
#1901 = ORIENTED_EDGE('',*,*,#1165,.F.);
#1902 = PLANE('',#1903);
#1903 = AXIS2_PLACEMENT_3D('',#1904,#1905,#1906);
#1904 = CARTESIAN_POINT('',(0.75,2.35,1.));
#1905 = DIRECTION('',(-4.33392824344E-17,-0.353892097416,0.935286257456)
  );
#1906 = DIRECTION('',(-1.14539532148E-16,-0.935286257456,-0.353892097416
    ));
#1907 = ADVANCED_FACE('',(#1908,#1914),#1948,.F.);
#1908 = FACE_BOUND('',#1909,.F.);
#1909 = EDGE_LOOP('',(#1910,#1911,#1912,#1913));
#1910 = ORIENTED_EDGE('',*,*,#1896,.T.);
#1911 = ORIENTED_EDGE('',*,*,#1116,.T.);
#1912 = ORIENTED_EDGE('',*,*,#1140,.F.);
#1913 = ORIENTED_EDGE('',*,*,#1173,.F.);
#1914 = FACE_BOUND('',#1915,.F.);
#1915 = EDGE_LOOP('',(#1916,#1926,#1934,#1942));
#1916 = ORIENTED_EDGE('',*,*,#1917,.F.);
#1917 = EDGE_CURVE('',#1918,#1920,#1922,.T.);
#1918 = VERTEX_POINT('',#1919);
#1919 = CARTESIAN_POINT('',(-0.32,0.32,0.3));
#1920 = VERTEX_POINT('',#1921);
#1921 = CARTESIAN_POINT('',(-0.32,-0.32,0.3));
#1922 = LINE('',#1923,#1924);
#1923 = CARTESIAN_POINT('',(-0.32,0.26829700442,0.3));
#1924 = VECTOR('',#1925,1.);
#1925 = DIRECTION('',(-1.224646799147E-16,-1.,0.));
#1926 = ORIENTED_EDGE('',*,*,#1927,.T.);
#1927 = EDGE_CURVE('',#1918,#1928,#1930,.T.);
#1928 = VERTEX_POINT('',#1929);
#1929 = CARTESIAN_POINT('',(0.32,0.32,0.3));
#1930 = LINE('',#1931,#1932);
#1931 = CARTESIAN_POINT('',(0.535,0.32,0.3));
#1932 = VECTOR('',#1933,1.);
#1933 = DIRECTION('',(1.,-1.224646799147E-16,0.));
#1934 = ORIENTED_EDGE('',*,*,#1935,.T.);
#1935 = EDGE_CURVE('',#1928,#1936,#1938,.T.);
#1936 = VERTEX_POINT('',#1937);
#1937 = CARTESIAN_POINT('',(0.32,-0.32,0.3));
#1938 = LINE('',#1939,#1940);
#1939 = CARTESIAN_POINT('',(0.32,0.26829700442,0.3));
#1940 = VECTOR('',#1941,1.);
#1941 = DIRECTION('',(-1.224646799147E-16,-1.,0.));
#1942 = ORIENTED_EDGE('',*,*,#1943,.T.);
#1943 = EDGE_CURVE('',#1936,#1920,#1944,.T.);
#1944 = LINE('',#1945,#1946);
#1945 = CARTESIAN_POINT('',(0.535,-0.32,0.3));
#1946 = VECTOR('',#1947,1.);
#1947 = DIRECTION('',(-1.,1.224646799147E-16,0.));
#1948 = PLANE('',#1949);
#1949 = AXIS2_PLACEMENT_3D('',#1950,#1951,#1952);
#1950 = CARTESIAN_POINT('',(0.75,0.5,0.3));
#1951 = DIRECTION('',(0.,0.,1.));
#1952 = DIRECTION('',(-1.224646799147E-16,-1.,0.));
#1953 = ADVANCED_FACE('',(#1954,#1960),#1994,.F.);
#1954 = FACE_BOUND('',#1955,.F.);
#1955 = EDGE_LOOP('',(#1956,#1957,#1958,#1959));
#1956 = ORIENTED_EDGE('',*,*,#1879,.T.);
#1957 = ORIENTED_EDGE('',*,*,#1221,.T.);
#1958 = ORIENTED_EDGE('',*,*,#1245,.F.);
#1959 = ORIENTED_EDGE('',*,*,#1278,.F.);
#1960 = FACE_BOUND('',#1961,.F.);
#1961 = EDGE_LOOP('',(#1962,#1972,#1980,#1988));
#1962 = ORIENTED_EDGE('',*,*,#1963,.F.);
#1963 = EDGE_CURVE('',#1964,#1966,#1968,.T.);
#1964 = VERTEX_POINT('',#1965);
#1965 = CARTESIAN_POINT('',(2.18,0.32,0.3));
#1966 = VERTEX_POINT('',#1967);
#1967 = CARTESIAN_POINT('',(2.18,-0.32,0.3));
#1968 = LINE('',#1969,#1970);
#1969 = CARTESIAN_POINT('',(2.18,0.25,0.3));
#1970 = VECTOR('',#1971,1.);
#1971 = DIRECTION('',(-1.224646799147E-16,-1.,0.));
#1972 = ORIENTED_EDGE('',*,*,#1973,.T.);
#1973 = EDGE_CURVE('',#1964,#1974,#1976,.T.);
#1974 = VERTEX_POINT('',#1975);
#1975 = CARTESIAN_POINT('',(2.82,0.32,0.3));
#1976 = LINE('',#1977,#1978);
#1977 = CARTESIAN_POINT('',(3.035,0.32,0.3));
#1978 = VECTOR('',#1979,1.);
#1979 = DIRECTION('',(1.,-1.224646799147E-16,0.));
#1980 = ORIENTED_EDGE('',*,*,#1981,.T.);
#1981 = EDGE_CURVE('',#1974,#1982,#1984,.T.);
#1982 = VERTEX_POINT('',#1983);
#1983 = CARTESIAN_POINT('',(2.82,-0.32,0.3));
#1984 = LINE('',#1985,#1986);
#1985 = CARTESIAN_POINT('',(2.82,0.25,0.3));
#1986 = VECTOR('',#1987,1.);
#1987 = DIRECTION('',(-1.224646799147E-16,-1.,0.));
#1988 = ORIENTED_EDGE('',*,*,#1989,.T.);
#1989 = EDGE_CURVE('',#1982,#1966,#1990,.T.);
#1990 = LINE('',#1991,#1992);
#1991 = CARTESIAN_POINT('',(3.035,-0.32,0.3));
#1992 = VECTOR('',#1993,1.);
#1993 = DIRECTION('',(-1.,1.224646799147E-16,0.));
#1994 = PLANE('',#1995);
#1995 = AXIS2_PLACEMENT_3D('',#1996,#1997,#1998);
#1996 = CARTESIAN_POINT('',(3.25,0.5,0.3));
#1997 = DIRECTION('',(0.,0.,1.));
#1998 = DIRECTION('',(-1.224646799147E-16,-1.,0.));
#1999 = ADVANCED_FACE('',(#2000,#2006),#2040,.F.);
#2000 = FACE_BOUND('',#2001,.F.);
#2001 = EDGE_LOOP('',(#2002,#2003,#2004,#2005));
#2002 = ORIENTED_EDGE('',*,*,#1862,.T.);
#2003 = ORIENTED_EDGE('',*,*,#1326,.T.);
#2004 = ORIENTED_EDGE('',*,*,#1350,.F.);
#2005 = ORIENTED_EDGE('',*,*,#1383,.F.);
#2006 = FACE_BOUND('',#2007,.F.);
#2007 = EDGE_LOOP('',(#2008,#2018,#2026,#2034));
#2008 = ORIENTED_EDGE('',*,*,#2009,.F.);
#2009 = EDGE_CURVE('',#2010,#2012,#2014,.T.);
#2010 = VERTEX_POINT('',#2011);
#2011 = CARTESIAN_POINT('',(4.68,0.32,0.3));
#2012 = VERTEX_POINT('',#2013);
#2013 = CARTESIAN_POINT('',(4.68,-0.32,0.3));
#2014 = LINE('',#2015,#2016);
#2015 = CARTESIAN_POINT('',(4.68,0.26829700442,0.3));
#2016 = VECTOR('',#2017,1.);
#2017 = DIRECTION('',(-1.224646799147E-16,-1.,0.));
#2018 = ORIENTED_EDGE('',*,*,#2019,.T.);
#2019 = EDGE_CURVE('',#2010,#2020,#2022,.T.);
#2020 = VERTEX_POINT('',#2021);
#2021 = CARTESIAN_POINT('',(5.32,0.32,0.3));
#2022 = LINE('',#2023,#2024);
#2023 = CARTESIAN_POINT('',(5.535,0.32,0.3));
#2024 = VECTOR('',#2025,1.);
#2025 = DIRECTION('',(1.,-1.224646799147E-16,0.));
#2026 = ORIENTED_EDGE('',*,*,#2027,.T.);
#2027 = EDGE_CURVE('',#2020,#2028,#2030,.T.);
#2028 = VERTEX_POINT('',#2029);
#2029 = CARTESIAN_POINT('',(5.32,-0.32,0.3));
#2030 = LINE('',#2031,#2032);
#2031 = CARTESIAN_POINT('',(5.32,0.26829700442,0.3));
#2032 = VECTOR('',#2033,1.);
#2033 = DIRECTION('',(-1.224646799147E-16,-1.,0.));
#2034 = ORIENTED_EDGE('',*,*,#2035,.T.);
#2035 = EDGE_CURVE('',#2028,#2012,#2036,.T.);
#2036 = LINE('',#2037,#2038);
#2037 = CARTESIAN_POINT('',(5.535,-0.32,0.3));
#2038 = VECTOR('',#2039,1.);
#2039 = DIRECTION('',(-1.,1.224646799147E-16,0.));
#2040 = PLANE('',#2041);
#2041 = AXIS2_PLACEMENT_3D('',#2042,#2043,#2044);
#2042 = CARTESIAN_POINT('',(5.75,0.5,0.3));
#2043 = DIRECTION('',(0.,0.,1.));
#2044 = DIRECTION('',(-1.224646799147E-16,-1.,0.));
#2045 = ADVANCED_FACE('',(#2046),#2071,.T.);
#2046 = FACE_BOUND('',#2047,.T.);
#2047 = EDGE_LOOP('',(#2048,#2049,#2057,#2065));
#2048 = ORIENTED_EDGE('',*,*,#1502,.T.);
#2049 = ORIENTED_EDGE('',*,*,#2050,.T.);
#2050 = EDGE_CURVE('',#1505,#2051,#2053,.T.);
#2051 = VERTEX_POINT('',#2052);
#2052 = CARTESIAN_POINT('',(-0.32,-0.32,6.3));
#2053 = LINE('',#2054,#2055);
#2054 = CARTESIAN_POINT('',(-0.32,-0.32,-0.9));
#2055 = VECTOR('',#2056,1.);
#2056 = DIRECTION('',(0.,0.,1.));
#2057 = ORIENTED_EDGE('',*,*,#2058,.T.);
#2058 = EDGE_CURVE('',#2051,#2059,#2061,.T.);
#2059 = VERTEX_POINT('',#2060);
#2060 = CARTESIAN_POINT('',(-0.32,0.32,6.3));
#2061 = LINE('',#2062,#2063);
#2062 = CARTESIAN_POINT('',(-0.32,-0.32,6.3));
#2063 = VECTOR('',#2064,1.);
#2064 = DIRECTION('',(1.224646799147E-16,1.,0.));
#2065 = ORIENTED_EDGE('',*,*,#2066,.T.);
#2066 = EDGE_CURVE('',#2059,#1503,#2067,.T.);
#2067 = LINE('',#2068,#2069);
#2068 = CARTESIAN_POINT('',(-0.32,0.32,6.5));
#2069 = VECTOR('',#2070,1.);
#2070 = DIRECTION('',(-0.,0.,-1.));
#2071 = PLANE('',#2072);
#2072 = AXIS2_PLACEMENT_3D('',#2073,#2074,#2075);
#2073 = CARTESIAN_POINT('',(-0.32,3.65940088399E-02,1.522832428212));
#2074 = DIRECTION('',(-1.,1.224646799147E-16,0.));
#2075 = DIRECTION('',(0.,0.,1.));
#2076 = ADVANCED_FACE('',(#2077),#2095,.F.);
#2077 = FACE_BOUND('',#2078,.F.);
#2078 = EDGE_LOOP('',(#2079,#2087,#2088,#2089));
#2079 = ORIENTED_EDGE('',*,*,#2080,.F.);
#2080 = EDGE_CURVE('',#1521,#2081,#2083,.T.);
#2081 = VERTEX_POINT('',#2082);
#2082 = CARTESIAN_POINT('',(0.32,-0.32,6.3));
#2083 = LINE('',#2084,#2085);
#2084 = CARTESIAN_POINT('',(0.32,-0.32,-0.9));
#2085 = VECTOR('',#2086,1.);
#2086 = DIRECTION('',(0.,0.,1.));
#2087 = ORIENTED_EDGE('',*,*,#1528,.T.);
#2088 = ORIENTED_EDGE('',*,*,#2050,.T.);
#2089 = ORIENTED_EDGE('',*,*,#2090,.F.);
#2090 = EDGE_CURVE('',#2081,#2051,#2091,.T.);
#2091 = LINE('',#2092,#2093);
#2092 = CARTESIAN_POINT('',(0.32,-0.32,6.3));
#2093 = VECTOR('',#2094,1.);
#2094 = DIRECTION('',(-1.,1.224646799147E-16,0.));
#2095 = PLANE('',#2096);
#2096 = AXIS2_PLACEMENT_3D('',#2097,#2098,#2099);
#2097 = CARTESIAN_POINT('',(0.32,-0.32,-0.9));
#2098 = DIRECTION('',(1.224646799147E-16,1.,0.));
#2099 = DIRECTION('',(0.,-0.,1.));
#2100 = ADVANCED_FACE('',(#2101),#2119,.F.);
#2101 = FACE_BOUND('',#2102,.F.);
#2102 = EDGE_LOOP('',(#2103,#2104,#2105,#2113));
#2103 = ORIENTED_EDGE('',*,*,#1520,.T.);
#2104 = ORIENTED_EDGE('',*,*,#2080,.T.);
#2105 = ORIENTED_EDGE('',*,*,#2106,.T.);
#2106 = EDGE_CURVE('',#2081,#2107,#2109,.T.);
#2107 = VERTEX_POINT('',#2108);
#2108 = CARTESIAN_POINT('',(0.32,0.32,6.3));
#2109 = LINE('',#2110,#2111);
#2110 = CARTESIAN_POINT('',(0.32,-0.32,6.3));
#2111 = VECTOR('',#2112,1.);
#2112 = DIRECTION('',(1.224646799147E-16,1.,0.));
#2113 = ORIENTED_EDGE('',*,*,#2114,.T.);
#2114 = EDGE_CURVE('',#2107,#1513,#2115,.T.);
#2115 = LINE('',#2116,#2117);
#2116 = CARTESIAN_POINT('',(0.32,0.32,6.5));
#2117 = VECTOR('',#2118,1.);
#2118 = DIRECTION('',(-0.,0.,-1.));
#2119 = PLANE('',#2120);
#2120 = AXIS2_PLACEMENT_3D('',#2121,#2122,#2123);
#2121 = CARTESIAN_POINT('',(0.32,3.65940088399E-02,1.522832428212));
#2122 = DIRECTION('',(-1.,1.224646799147E-16,0.));
#2123 = DIRECTION('',(0.,0.,1.));
#2124 = ADVANCED_FACE('',(#2125),#2136,.F.);
#2125 = FACE_BOUND('',#2126,.F.);
#2126 = EDGE_LOOP('',(#2127,#2128,#2134,#2135));
#2127 = ORIENTED_EDGE('',*,*,#2114,.F.);
#2128 = ORIENTED_EDGE('',*,*,#2129,.T.);
#2129 = EDGE_CURVE('',#2107,#2059,#2130,.T.);
#2130 = LINE('',#2131,#2132);
#2131 = CARTESIAN_POINT('',(0.32,0.32,6.3));
#2132 = VECTOR('',#2133,1.);
#2133 = DIRECTION('',(-1.,1.224646799147E-16,0.));
#2134 = ORIENTED_EDGE('',*,*,#2066,.T.);
#2135 = ORIENTED_EDGE('',*,*,#1512,.T.);
#2136 = PLANE('',#2137);
#2137 = AXIS2_PLACEMENT_3D('',#2138,#2139,#2140);
#2138 = CARTESIAN_POINT('',(0.32,0.32,6.5));
#2139 = DIRECTION('',(-1.224646799147E-16,-1.,0.));
#2140 = DIRECTION('',(-0.,0.,-1.));
#2141 = ADVANCED_FACE('',(#2142),#2167,.T.);
#2142 = FACE_BOUND('',#2143,.T.);
#2143 = EDGE_LOOP('',(#2144,#2145,#2153,#2161));
#2144 = ORIENTED_EDGE('',*,*,#1536,.T.);
#2145 = ORIENTED_EDGE('',*,*,#2146,.T.);
#2146 = EDGE_CURVE('',#1539,#2147,#2149,.T.);
#2147 = VERTEX_POINT('',#2148);
#2148 = CARTESIAN_POINT('',(4.68,-0.32,6.3));
#2149 = LINE('',#2150,#2151);
#2150 = CARTESIAN_POINT('',(4.68,-0.32,-0.9));
#2151 = VECTOR('',#2152,1.);
#2152 = DIRECTION('',(0.,0.,1.));
#2153 = ORIENTED_EDGE('',*,*,#2154,.T.);
#2154 = EDGE_CURVE('',#2147,#2155,#2157,.T.);
#2155 = VERTEX_POINT('',#2156);
#2156 = CARTESIAN_POINT('',(4.68,0.32,6.3));
#2157 = LINE('',#2158,#2159);
#2158 = CARTESIAN_POINT('',(4.68,-0.32,6.3));
#2159 = VECTOR('',#2160,1.);
#2160 = DIRECTION('',(1.224646799147E-16,1.,0.));
#2161 = ORIENTED_EDGE('',*,*,#2162,.T.);
#2162 = EDGE_CURVE('',#2155,#1537,#2163,.T.);
#2163 = LINE('',#2164,#2165);
#2164 = CARTESIAN_POINT('',(4.68,0.32,6.5));
#2165 = VECTOR('',#2166,1.);
#2166 = DIRECTION('',(-0.,0.,-1.));
#2167 = PLANE('',#2168);
#2168 = AXIS2_PLACEMENT_3D('',#2169,#2170,#2171);
#2169 = CARTESIAN_POINT('',(4.68,3.65940088399E-02,1.522832428212));
#2170 = DIRECTION('',(-1.,1.224646799147E-16,0.));
#2171 = DIRECTION('',(0.,0.,1.));
#2172 = ADVANCED_FACE('',(#2173),#2191,.F.);
#2173 = FACE_BOUND('',#2174,.F.);
#2174 = EDGE_LOOP('',(#2175,#2183,#2184,#2185));
#2175 = ORIENTED_EDGE('',*,*,#2176,.F.);
#2176 = EDGE_CURVE('',#1555,#2177,#2179,.T.);
#2177 = VERTEX_POINT('',#2178);
#2178 = CARTESIAN_POINT('',(5.32,-0.32,6.3));
#2179 = LINE('',#2180,#2181);
#2180 = CARTESIAN_POINT('',(5.32,-0.32,-0.9));
#2181 = VECTOR('',#2182,1.);
#2182 = DIRECTION('',(0.,0.,1.));
#2183 = ORIENTED_EDGE('',*,*,#1562,.T.);
#2184 = ORIENTED_EDGE('',*,*,#2146,.T.);
#2185 = ORIENTED_EDGE('',*,*,#2186,.F.);
#2186 = EDGE_CURVE('',#2177,#2147,#2187,.T.);
#2187 = LINE('',#2188,#2189);
#2188 = CARTESIAN_POINT('',(5.32,-0.32,6.3));
#2189 = VECTOR('',#2190,1.);
#2190 = DIRECTION('',(-1.,1.224646799147E-16,0.));
#2191 = PLANE('',#2192);
#2192 = AXIS2_PLACEMENT_3D('',#2193,#2194,#2195);
#2193 = CARTESIAN_POINT('',(5.32,-0.32,-0.9));
#2194 = DIRECTION('',(1.224646799147E-16,1.,0.));
#2195 = DIRECTION('',(0.,-0.,1.));
#2196 = ADVANCED_FACE('',(#2197),#2215,.F.);
#2197 = FACE_BOUND('',#2198,.F.);
#2198 = EDGE_LOOP('',(#2199,#2200,#2201,#2209));
#2199 = ORIENTED_EDGE('',*,*,#1554,.T.);
#2200 = ORIENTED_EDGE('',*,*,#2176,.T.);
#2201 = ORIENTED_EDGE('',*,*,#2202,.T.);
#2202 = EDGE_CURVE('',#2177,#2203,#2205,.T.);
#2203 = VERTEX_POINT('',#2204);
#2204 = CARTESIAN_POINT('',(5.32,0.32,6.3));
#2205 = LINE('',#2206,#2207);
#2206 = CARTESIAN_POINT('',(5.32,-0.32,6.3));
#2207 = VECTOR('',#2208,1.);
#2208 = DIRECTION('',(1.224646799147E-16,1.,0.));
#2209 = ORIENTED_EDGE('',*,*,#2210,.T.);
#2210 = EDGE_CURVE('',#2203,#1547,#2211,.T.);
#2211 = LINE('',#2212,#2213);
#2212 = CARTESIAN_POINT('',(5.32,0.32,6.5));
#2213 = VECTOR('',#2214,1.);
#2214 = DIRECTION('',(-0.,0.,-1.));
#2215 = PLANE('',#2216);
#2216 = AXIS2_PLACEMENT_3D('',#2217,#2218,#2219);
#2217 = CARTESIAN_POINT('',(5.32,3.65940088399E-02,1.522832428212));
#2218 = DIRECTION('',(-1.,1.224646799147E-16,0.));
#2219 = DIRECTION('',(0.,0.,1.));
#2220 = ADVANCED_FACE('',(#2221),#2232,.F.);
#2221 = FACE_BOUND('',#2222,.F.);
#2222 = EDGE_LOOP('',(#2223,#2224,#2230,#2231));
#2223 = ORIENTED_EDGE('',*,*,#2210,.F.);
#2224 = ORIENTED_EDGE('',*,*,#2225,.T.);
#2225 = EDGE_CURVE('',#2203,#2155,#2226,.T.);
#2226 = LINE('',#2227,#2228);
#2227 = CARTESIAN_POINT('',(5.32,0.32,6.3));
#2228 = VECTOR('',#2229,1.);
#2229 = DIRECTION('',(-1.,1.224646799147E-16,0.));
#2230 = ORIENTED_EDGE('',*,*,#2162,.T.);
#2231 = ORIENTED_EDGE('',*,*,#1546,.T.);
#2232 = PLANE('',#2233);
#2233 = AXIS2_PLACEMENT_3D('',#2234,#2235,#2236);
#2234 = CARTESIAN_POINT('',(5.32,0.32,6.5));
#2235 = DIRECTION('',(-1.224646799147E-16,-1.,0.));
#2236 = DIRECTION('',(-0.,0.,-1.));
#2237 = ADVANCED_FACE('',(#2238),#2263,.T.);
#2238 = FACE_BOUND('',#2239,.T.);
#2239 = EDGE_LOOP('',(#2240,#2241,#2249,#2257));
#2240 = ORIENTED_EDGE('',*,*,#1570,.T.);
#2241 = ORIENTED_EDGE('',*,*,#2242,.T.);
#2242 = EDGE_CURVE('',#1573,#2243,#2245,.T.);
#2243 = VERTEX_POINT('',#2244);
#2244 = CARTESIAN_POINT('',(2.18,-0.32,6.3));
#2245 = LINE('',#2246,#2247);
#2246 = CARTESIAN_POINT('',(2.18,-0.32,-3.4));
#2247 = VECTOR('',#2248,1.);
#2248 = DIRECTION('',(0.,0.,1.));
#2249 = ORIENTED_EDGE('',*,*,#2250,.T.);
#2250 = EDGE_CURVE('',#2243,#2251,#2253,.T.);
#2251 = VERTEX_POINT('',#2252);
#2252 = CARTESIAN_POINT('',(2.18,0.32,6.3));
#2253 = LINE('',#2254,#2255);
#2254 = CARTESIAN_POINT('',(2.18,-0.32,6.3));
#2255 = VECTOR('',#2256,1.);
#2256 = DIRECTION('',(1.224646799147E-16,1.,0.));
#2257 = ORIENTED_EDGE('',*,*,#2258,.T.);
#2258 = EDGE_CURVE('',#2251,#1571,#2259,.T.);
#2259 = LINE('',#2260,#2261);
#2260 = CARTESIAN_POINT('',(2.18,0.32,6.5));
#2261 = VECTOR('',#2262,1.);
#2262 = DIRECTION('',(-0.,0.,-1.));
#2263 = PLANE('',#2264);
#2264 = AXIS2_PLACEMENT_3D('',#2265,#2266,#2267);
#2265 = CARTESIAN_POINT('',(2.18,3.918869757272E-17,1.55));
#2266 = DIRECTION('',(-1.,1.224646799147E-16,0.));
#2267 = DIRECTION('',(0.,0.,1.));
#2268 = ADVANCED_FACE('',(#2269),#2287,.F.);
#2269 = FACE_BOUND('',#2270,.F.);
#2270 = EDGE_LOOP('',(#2271,#2279,#2280,#2281));
#2271 = ORIENTED_EDGE('',*,*,#2272,.F.);
#2272 = EDGE_CURVE('',#1589,#2273,#2275,.T.);
#2273 = VERTEX_POINT('',#2274);
#2274 = CARTESIAN_POINT('',(2.82,-0.32,6.3));
#2275 = LINE('',#2276,#2277);
#2276 = CARTESIAN_POINT('',(2.82,-0.32,-3.4));
#2277 = VECTOR('',#2278,1.);
#2278 = DIRECTION('',(0.,0.,1.));
#2279 = ORIENTED_EDGE('',*,*,#1596,.T.);
#2280 = ORIENTED_EDGE('',*,*,#2242,.T.);
#2281 = ORIENTED_EDGE('',*,*,#2282,.F.);
#2282 = EDGE_CURVE('',#2273,#2243,#2283,.T.);
#2283 = LINE('',#2284,#2285);
#2284 = CARTESIAN_POINT('',(2.82,-0.32,6.3));
#2285 = VECTOR('',#2286,1.);
#2286 = DIRECTION('',(-1.,1.224646799147E-16,0.));
#2287 = PLANE('',#2288);
#2288 = AXIS2_PLACEMENT_3D('',#2289,#2290,#2291);
#2289 = CARTESIAN_POINT('',(2.82,-0.32,-3.4));
#2290 = DIRECTION('',(1.224646799147E-16,1.,0.));
#2291 = DIRECTION('',(0.,-0.,1.));
#2292 = ADVANCED_FACE('',(#2293),#2311,.F.);
#2293 = FACE_BOUND('',#2294,.F.);
#2294 = EDGE_LOOP('',(#2295,#2296,#2297,#2305));
#2295 = ORIENTED_EDGE('',*,*,#1588,.T.);
#2296 = ORIENTED_EDGE('',*,*,#2272,.T.);
#2297 = ORIENTED_EDGE('',*,*,#2298,.T.);
#2298 = EDGE_CURVE('',#2273,#2299,#2301,.T.);
#2299 = VERTEX_POINT('',#2300);
#2300 = CARTESIAN_POINT('',(2.82,0.32,6.3));
#2301 = LINE('',#2302,#2303);
#2302 = CARTESIAN_POINT('',(2.82,-0.32,6.3));
#2303 = VECTOR('',#2304,1.);
#2304 = DIRECTION('',(1.224646799147E-16,1.,0.));
#2305 = ORIENTED_EDGE('',*,*,#2306,.T.);
#2306 = EDGE_CURVE('',#2299,#1581,#2307,.T.);
#2307 = LINE('',#2308,#2309);
#2308 = CARTESIAN_POINT('',(2.82,0.32,6.5));
#2309 = VECTOR('',#2310,1.);
#2310 = DIRECTION('',(-0.,0.,-1.));
#2311 = PLANE('',#2312);
#2312 = AXIS2_PLACEMENT_3D('',#2313,#2314,#2315);
#2313 = CARTESIAN_POINT('',(2.82,-3.918869757272E-17,1.55));
#2314 = DIRECTION('',(-1.,1.224646799147E-16,0.));
#2315 = DIRECTION('',(0.,0.,1.));
#2316 = ADVANCED_FACE('',(#2317),#2328,.F.);
#2317 = FACE_BOUND('',#2318,.F.);
#2318 = EDGE_LOOP('',(#2319,#2320,#2326,#2327));
#2319 = ORIENTED_EDGE('',*,*,#2306,.F.);
#2320 = ORIENTED_EDGE('',*,*,#2321,.T.);
#2321 = EDGE_CURVE('',#2299,#2251,#2322,.T.);
#2322 = LINE('',#2323,#2324);
#2323 = CARTESIAN_POINT('',(2.82,0.32,6.3));
#2324 = VECTOR('',#2325,1.);
#2325 = DIRECTION('',(-1.,1.224646799147E-16,0.));
#2326 = ORIENTED_EDGE('',*,*,#2258,.T.);
#2327 = ORIENTED_EDGE('',*,*,#1580,.T.);
#2328 = PLANE('',#2329);
#2329 = AXIS2_PLACEMENT_3D('',#2330,#2331,#2332);
#2330 = CARTESIAN_POINT('',(2.82,0.32,6.5));
#2331 = DIRECTION('',(-1.224646799147E-16,-1.,0.));
#2332 = DIRECTION('',(-0.,0.,-1.));
#2333 = ADVANCED_FACE('',(#2334),#2391,.T.);
#2334 = FACE_BOUND('',#2335,.T.);
#2335 = EDGE_LOOP('',(#2336,#2346,#2354,#2362,#2368,#2369,#2377,#2385));
#2336 = ORIENTED_EDGE('',*,*,#2337,.T.);
#2337 = EDGE_CURVE('',#2338,#2340,#2342,.T.);
#2338 = VERTEX_POINT('',#2339);
#2339 = CARTESIAN_POINT('',(-0.32,0.351578947368,-3.2));
#2340 = VERTEX_POINT('',#2341);
#2341 = CARTESIAN_POINT('',(-0.32,-0.288421052632,-3.2));
#2342 = LINE('',#2343,#2344);
#2343 = CARTESIAN_POINT('',(-0.32,0.32,-3.2));
#2344 = VECTOR('',#2345,1.);
#2345 = DIRECTION('',(-1.224646799147E-16,-1.,0.));
#2346 = ORIENTED_EDGE('',*,*,#2347,.T.);
#2347 = EDGE_CURVE('',#2340,#2348,#2350,.T.);
#2348 = VERTEX_POINT('',#2349);
#2349 = CARTESIAN_POINT('',(-0.32,-2.E-02,-1.5));
#2350 = LINE('',#2351,#2352);
#2351 = CARTESIAN_POINT('',(-0.32,-0.32,-3.4));
#2352 = VECTOR('',#2353,1.);
#2353 = DIRECTION('',(1.909990663905E-17,0.155962573473,0.987762965329)
  );
#2354 = ORIENTED_EDGE('',*,*,#2355,.T.);
#2355 = EDGE_CURVE('',#2348,#2356,#2358,.T.);
#2356 = VERTEX_POINT('',#2357);
#2357 = CARTESIAN_POINT('',(-0.32,-0.32,-0.9));
#2358 = LINE('',#2359,#2360);
#2359 = CARTESIAN_POINT('',(-0.32,-2.E-02,-1.5));
#2360 = VECTOR('',#2361,1.);
#2361 = DIRECTION('',(-5.476786982641E-17,-0.4472135955,0.894427191));
#2362 = ORIENTED_EDGE('',*,*,#2363,.T.);
#2363 = EDGE_CURVE('',#2356,#1920,#2364,.T.);
#2364 = LINE('',#2365,#2366);
#2365 = CARTESIAN_POINT('',(-0.32,-0.32,-0.9));
#2366 = VECTOR('',#2367,1.);
#2367 = DIRECTION('',(0.,0.,1.));
#2368 = ORIENTED_EDGE('',*,*,#1917,.F.);
#2369 = ORIENTED_EDGE('',*,*,#2370,.T.);
#2370 = EDGE_CURVE('',#1918,#2371,#2373,.T.);
#2371 = VERTEX_POINT('',#2372);
#2372 = CARTESIAN_POINT('',(-0.32,0.32,-0.9));
#2373 = LINE('',#2374,#2375);
#2374 = CARTESIAN_POINT('',(-0.32,0.32,6.5));
#2375 = VECTOR('',#2376,1.);
#2376 = DIRECTION('',(-0.,0.,-1.));
#2377 = ORIENTED_EDGE('',*,*,#2378,.T.);
#2378 = EDGE_CURVE('',#2371,#2379,#2381,.T.);
#2379 = VERTEX_POINT('',#2380);
#2380 = CARTESIAN_POINT('',(-0.32,0.62,-1.5));
#2381 = LINE('',#2382,#2383);
#2382 = CARTESIAN_POINT('',(-0.32,0.32,-0.9));
#2383 = VECTOR('',#2384,1.);
#2384 = DIRECTION('',(5.476786982641E-17,0.4472135955,-0.894427191));
#2385 = ORIENTED_EDGE('',*,*,#2386,.T.);
#2386 = EDGE_CURVE('',#2379,#2338,#2387,.T.);
#2387 = LINE('',#2388,#2389);
#2388 = CARTESIAN_POINT('',(-0.32,0.62,-1.5));
#2389 = VECTOR('',#2390,1.);
#2390 = DIRECTION('',(-1.909990663905E-17,-0.155962573473,
    -0.987762965329));
#2391 = PLANE('',#2392);
#2392 = AXIS2_PLACEMENT_3D('',#2393,#2394,#2395);
#2393 = CARTESIAN_POINT('',(-0.32,3.65940088399E-02,1.522832428212));
#2394 = DIRECTION('',(-1.,1.224646799147E-16,0.));
#2395 = DIRECTION('',(0.,0.,1.));
#2396 = ADVANCED_FACE('',(#2397),#2415,.F.);
#2397 = FACE_BOUND('',#2398,.F.);
#2398 = EDGE_LOOP('',(#2399,#2407,#2413,#2414));
#2399 = ORIENTED_EDGE('',*,*,#2400,.F.);
#2400 = EDGE_CURVE('',#2401,#1936,#2403,.T.);
#2401 = VERTEX_POINT('',#2402);
#2402 = CARTESIAN_POINT('',(0.32,-0.32,-0.9));
#2403 = LINE('',#2404,#2405);
#2404 = CARTESIAN_POINT('',(0.32,-0.32,-0.9));
#2405 = VECTOR('',#2406,1.);
#2406 = DIRECTION('',(0.,0.,1.));
#2407 = ORIENTED_EDGE('',*,*,#2408,.T.);
#2408 = EDGE_CURVE('',#2401,#2356,#2409,.T.);
#2409 = LINE('',#2410,#2411);
#2410 = CARTESIAN_POINT('',(0.32,-0.32,-0.9));
#2411 = VECTOR('',#2412,1.);
#2412 = DIRECTION('',(-1.,1.224646799147E-16,0.));
#2413 = ORIENTED_EDGE('',*,*,#2363,.T.);
#2414 = ORIENTED_EDGE('',*,*,#1943,.F.);
#2415 = PLANE('',#2416);
#2416 = AXIS2_PLACEMENT_3D('',#2417,#2418,#2419);
#2417 = CARTESIAN_POINT('',(0.32,-0.32,-0.9));
#2418 = DIRECTION('',(1.224646799147E-16,1.,0.));
#2419 = DIRECTION('',(0.,-0.,1.));
#2420 = ADVANCED_FACE('',(#2421),#2471,.F.);
#2421 = FACE_BOUND('',#2422,.F.);
#2422 = EDGE_LOOP('',(#2423,#2433,#2441,#2447,#2448,#2449,#2457,#2465));
#2423 = ORIENTED_EDGE('',*,*,#2424,.T.);
#2424 = EDGE_CURVE('',#2425,#2427,#2429,.T.);
#2425 = VERTEX_POINT('',#2426);
#2426 = CARTESIAN_POINT('',(0.32,0.351578947368,-3.2));
#2427 = VERTEX_POINT('',#2428);
#2428 = CARTESIAN_POINT('',(0.32,-0.288421052632,-3.2));
#2429 = LINE('',#2430,#2431);
#2430 = CARTESIAN_POINT('',(0.32,0.32,-3.2));
#2431 = VECTOR('',#2432,1.);
#2432 = DIRECTION('',(-1.224646799147E-16,-1.,0.));
#2433 = ORIENTED_EDGE('',*,*,#2434,.T.);
#2434 = EDGE_CURVE('',#2427,#2435,#2437,.T.);
#2435 = VERTEX_POINT('',#2436);
#2436 = CARTESIAN_POINT('',(0.32,-2.E-02,-1.5));
#2437 = LINE('',#2438,#2439);
#2438 = CARTESIAN_POINT('',(0.32,-0.32,-3.4));
#2439 = VECTOR('',#2440,1.);
#2440 = DIRECTION('',(1.909990663905E-17,0.155962573473,0.987762965329)
  );
#2441 = ORIENTED_EDGE('',*,*,#2442,.T.);
#2442 = EDGE_CURVE('',#2435,#2401,#2443,.T.);
#2443 = LINE('',#2444,#2445);
#2444 = CARTESIAN_POINT('',(0.32,-2.E-02,-1.5));
#2445 = VECTOR('',#2446,1.);
#2446 = DIRECTION('',(-5.476786982641E-17,-0.4472135955,0.894427191));
#2447 = ORIENTED_EDGE('',*,*,#2400,.T.);
#2448 = ORIENTED_EDGE('',*,*,#1935,.F.);
#2449 = ORIENTED_EDGE('',*,*,#2450,.T.);
#2450 = EDGE_CURVE('',#1928,#2451,#2453,.T.);
#2451 = VERTEX_POINT('',#2452);
#2452 = CARTESIAN_POINT('',(0.32,0.32,-0.9));
#2453 = LINE('',#2454,#2455);
#2454 = CARTESIAN_POINT('',(0.32,0.32,6.5));
#2455 = VECTOR('',#2456,1.);
#2456 = DIRECTION('',(-0.,0.,-1.));
#2457 = ORIENTED_EDGE('',*,*,#2458,.T.);
#2458 = EDGE_CURVE('',#2451,#2459,#2461,.T.);
#2459 = VERTEX_POINT('',#2460);
#2460 = CARTESIAN_POINT('',(0.32,0.62,-1.5));
#2461 = LINE('',#2462,#2463);
#2462 = CARTESIAN_POINT('',(0.32,0.32,-0.9));
#2463 = VECTOR('',#2464,1.);
#2464 = DIRECTION('',(5.476786982641E-17,0.4472135955,-0.894427191));
#2465 = ORIENTED_EDGE('',*,*,#2466,.T.);
#2466 = EDGE_CURVE('',#2459,#2425,#2467,.T.);
#2467 = LINE('',#2468,#2469);
#2468 = CARTESIAN_POINT('',(0.32,0.62,-1.5));
#2469 = VECTOR('',#2470,1.);
#2470 = DIRECTION('',(-1.909990663905E-17,-0.155962573473,
    -0.987762965329));
#2471 = PLANE('',#2472);
#2472 = AXIS2_PLACEMENT_3D('',#2473,#2474,#2475);
#2473 = CARTESIAN_POINT('',(0.32,3.65940088399E-02,1.522832428212));
#2474 = DIRECTION('',(-1.,1.224646799147E-16,0.));
#2475 = DIRECTION('',(0.,0.,1.));
#2476 = ADVANCED_FACE('',(#2477),#2488,.F.);
#2477 = FACE_BOUND('',#2478,.F.);
#2478 = EDGE_LOOP('',(#2479,#2480,#2481,#2482));
#2479 = ORIENTED_EDGE('',*,*,#2450,.F.);
#2480 = ORIENTED_EDGE('',*,*,#1927,.F.);
#2481 = ORIENTED_EDGE('',*,*,#2370,.T.);
#2482 = ORIENTED_EDGE('',*,*,#2483,.F.);
#2483 = EDGE_CURVE('',#2451,#2371,#2484,.T.);
#2484 = LINE('',#2485,#2486);
#2485 = CARTESIAN_POINT('',(0.32,0.32,-0.9));
#2486 = VECTOR('',#2487,1.);
#2487 = DIRECTION('',(-1.,1.224646799147E-16,0.));
#2488 = PLANE('',#2489);
#2489 = AXIS2_PLACEMENT_3D('',#2490,#2491,#2492);
#2490 = CARTESIAN_POINT('',(0.32,0.32,6.5));
#2491 = DIRECTION('',(-1.224646799147E-16,-1.,0.));
#2492 = DIRECTION('',(-0.,0.,-1.));
#2493 = ADVANCED_FACE('',(#2494),#2519,.T.);
#2494 = FACE_BOUND('',#2495,.T.);
#2495 = EDGE_LOOP('',(#2496,#2506,#2512,#2513));
#2496 = ORIENTED_EDGE('',*,*,#2497,.T.);
#2497 = EDGE_CURVE('',#2498,#2500,#2502,.T.);
#2498 = VERTEX_POINT('',#2499);
#2499 = CARTESIAN_POINT('',(2.18,0.32,-3.2));
#2500 = VERTEX_POINT('',#2501);
#2501 = CARTESIAN_POINT('',(2.18,-0.32,-3.2));
#2502 = LINE('',#2503,#2504);
#2503 = CARTESIAN_POINT('',(2.18,0.32,-3.2));
#2504 = VECTOR('',#2505,1.);
#2505 = DIRECTION('',(-1.224646799147E-16,-1.,0.));
#2506 = ORIENTED_EDGE('',*,*,#2507,.T.);
#2507 = EDGE_CURVE('',#2500,#1966,#2508,.T.);
#2508 = LINE('',#2509,#2510);
#2509 = CARTESIAN_POINT('',(2.18,-0.32,-3.4));
#2510 = VECTOR('',#2511,1.);
#2511 = DIRECTION('',(0.,0.,1.));
#2512 = ORIENTED_EDGE('',*,*,#1963,.F.);
#2513 = ORIENTED_EDGE('',*,*,#2514,.T.);
#2514 = EDGE_CURVE('',#1964,#2498,#2515,.T.);
#2515 = LINE('',#2516,#2517);
#2516 = CARTESIAN_POINT('',(2.18,0.32,6.5));
#2517 = VECTOR('',#2518,1.);
#2518 = DIRECTION('',(-0.,0.,-1.));
#2519 = PLANE('',#2520);
#2520 = AXIS2_PLACEMENT_3D('',#2521,#2522,#2523);
#2521 = CARTESIAN_POINT('',(2.18,3.918869757272E-17,1.55));
#2522 = DIRECTION('',(-1.,1.224646799147E-16,0.));
#2523 = DIRECTION('',(0.,0.,1.));
#2524 = ADVANCED_FACE('',(#2525),#2543,.F.);
#2525 = FACE_BOUND('',#2526,.F.);
#2526 = EDGE_LOOP('',(#2527,#2535,#2541,#2542));
#2527 = ORIENTED_EDGE('',*,*,#2528,.F.);
#2528 = EDGE_CURVE('',#2529,#1982,#2531,.T.);
#2529 = VERTEX_POINT('',#2530);
#2530 = CARTESIAN_POINT('',(2.82,-0.32,-3.2));
#2531 = LINE('',#2532,#2533);
#2532 = CARTESIAN_POINT('',(2.82,-0.32,-3.4));
#2533 = VECTOR('',#2534,1.);
#2534 = DIRECTION('',(0.,0.,1.));
#2535 = ORIENTED_EDGE('',*,*,#2536,.T.);
#2536 = EDGE_CURVE('',#2529,#2500,#2537,.T.);
#2537 = LINE('',#2538,#2539);
#2538 = CARTESIAN_POINT('',(2.82,-0.32,-3.2));
#2539 = VECTOR('',#2540,1.);
#2540 = DIRECTION('',(-1.,1.224646799147E-16,0.));
#2541 = ORIENTED_EDGE('',*,*,#2507,.T.);
#2542 = ORIENTED_EDGE('',*,*,#1989,.F.);
#2543 = PLANE('',#2544);
#2544 = AXIS2_PLACEMENT_3D('',#2545,#2546,#2547);
#2545 = CARTESIAN_POINT('',(2.82,-0.32,-3.4));
#2546 = DIRECTION('',(1.224646799147E-16,1.,0.));
#2547 = DIRECTION('',(0.,-0.,1.));
#2548 = ADVANCED_FACE('',(#2549),#2567,.F.);
#2549 = FACE_BOUND('',#2550,.F.);
#2550 = EDGE_LOOP('',(#2551,#2559,#2560,#2561));
#2551 = ORIENTED_EDGE('',*,*,#2552,.T.);
#2552 = EDGE_CURVE('',#2553,#2529,#2555,.T.);
#2553 = VERTEX_POINT('',#2554);
#2554 = CARTESIAN_POINT('',(2.82,0.32,-3.2));
#2555 = LINE('',#2556,#2557);
#2556 = CARTESIAN_POINT('',(2.82,0.32,-3.2));
#2557 = VECTOR('',#2558,1.);
#2558 = DIRECTION('',(-1.224646799147E-16,-1.,0.));
#2559 = ORIENTED_EDGE('',*,*,#2528,.T.);
#2560 = ORIENTED_EDGE('',*,*,#1981,.F.);
#2561 = ORIENTED_EDGE('',*,*,#2562,.T.);
#2562 = EDGE_CURVE('',#1974,#2553,#2563,.T.);
#2563 = LINE('',#2564,#2565);
#2564 = CARTESIAN_POINT('',(2.82,0.32,6.5));
#2565 = VECTOR('',#2566,1.);
#2566 = DIRECTION('',(-0.,0.,-1.));
#2567 = PLANE('',#2568);
#2568 = AXIS2_PLACEMENT_3D('',#2569,#2570,#2571);
#2569 = CARTESIAN_POINT('',(2.82,-3.918869757272E-17,1.55));
#2570 = DIRECTION('',(-1.,1.224646799147E-16,0.));
#2571 = DIRECTION('',(0.,0.,1.));
#2572 = ADVANCED_FACE('',(#2573),#2584,.F.);
#2573 = FACE_BOUND('',#2574,.F.);
#2574 = EDGE_LOOP('',(#2575,#2576,#2577,#2578));
#2575 = ORIENTED_EDGE('',*,*,#2562,.F.);
#2576 = ORIENTED_EDGE('',*,*,#1973,.F.);
#2577 = ORIENTED_EDGE('',*,*,#2514,.T.);
#2578 = ORIENTED_EDGE('',*,*,#2579,.F.);
#2579 = EDGE_CURVE('',#2553,#2498,#2580,.T.);
#2580 = LINE('',#2581,#2582);
#2581 = CARTESIAN_POINT('',(2.82,0.32,-3.2));
#2582 = VECTOR('',#2583,1.);
#2583 = DIRECTION('',(-1.,1.224646799147E-16,0.));
#2584 = PLANE('',#2585);
#2585 = AXIS2_PLACEMENT_3D('',#2586,#2587,#2588);
#2586 = CARTESIAN_POINT('',(2.82,0.32,6.5));
#2587 = DIRECTION('',(-1.224646799147E-16,-1.,0.));
#2588 = DIRECTION('',(-0.,0.,-1.));
#2589 = ADVANCED_FACE('',(#2590),#2647,.T.);
#2590 = FACE_BOUND('',#2591,.T.);
#2591 = EDGE_LOOP('',(#2592,#2602,#2610,#2618,#2624,#2625,#2633,#2641));
#2592 = ORIENTED_EDGE('',*,*,#2593,.T.);
#2593 = EDGE_CURVE('',#2594,#2596,#2598,.T.);
#2594 = VERTEX_POINT('',#2595);
#2595 = CARTESIAN_POINT('',(4.68,0.351578947368,-3.2));
#2596 = VERTEX_POINT('',#2597);
#2597 = CARTESIAN_POINT('',(4.68,-0.288421052632,-3.2));
#2598 = LINE('',#2599,#2600);
#2599 = CARTESIAN_POINT('',(4.68,0.32,-3.2));
#2600 = VECTOR('',#2601,1.);
#2601 = DIRECTION('',(-1.224646799147E-16,-1.,0.));
#2602 = ORIENTED_EDGE('',*,*,#2603,.T.);
#2603 = EDGE_CURVE('',#2596,#2604,#2606,.T.);
#2604 = VERTEX_POINT('',#2605);
#2605 = CARTESIAN_POINT('',(4.68,-2.E-02,-1.5));
#2606 = LINE('',#2607,#2608);
#2607 = CARTESIAN_POINT('',(4.68,-0.32,-3.4));
#2608 = VECTOR('',#2609,1.);
#2609 = DIRECTION('',(1.909990663905E-17,0.155962573473,0.987762965329)
  );
#2610 = ORIENTED_EDGE('',*,*,#2611,.T.);
#2611 = EDGE_CURVE('',#2604,#2612,#2614,.T.);
#2612 = VERTEX_POINT('',#2613);
#2613 = CARTESIAN_POINT('',(4.68,-0.32,-0.9));
#2614 = LINE('',#2615,#2616);
#2615 = CARTESIAN_POINT('',(4.68,-2.E-02,-1.5));
#2616 = VECTOR('',#2617,1.);
#2617 = DIRECTION('',(-5.476786982641E-17,-0.4472135955,0.894427191));
#2618 = ORIENTED_EDGE('',*,*,#2619,.T.);
#2619 = EDGE_CURVE('',#2612,#2012,#2620,.T.);
#2620 = LINE('',#2621,#2622);
#2621 = CARTESIAN_POINT('',(4.68,-0.32,-0.9));
#2622 = VECTOR('',#2623,1.);
#2623 = DIRECTION('',(0.,0.,1.));
#2624 = ORIENTED_EDGE('',*,*,#2009,.F.);
#2625 = ORIENTED_EDGE('',*,*,#2626,.T.);
#2626 = EDGE_CURVE('',#2010,#2627,#2629,.T.);
#2627 = VERTEX_POINT('',#2628);
#2628 = CARTESIAN_POINT('',(4.68,0.32,-0.9));
#2629 = LINE('',#2630,#2631);
#2630 = CARTESIAN_POINT('',(4.68,0.32,6.5));
#2631 = VECTOR('',#2632,1.);
#2632 = DIRECTION('',(-0.,0.,-1.));
#2633 = ORIENTED_EDGE('',*,*,#2634,.T.);
#2634 = EDGE_CURVE('',#2627,#2635,#2637,.T.);
#2635 = VERTEX_POINT('',#2636);
#2636 = CARTESIAN_POINT('',(4.68,0.62,-1.5));
#2637 = LINE('',#2638,#2639);
#2638 = CARTESIAN_POINT('',(4.68,0.32,-0.9));
#2639 = VECTOR('',#2640,1.);
#2640 = DIRECTION('',(5.476786982641E-17,0.4472135955,-0.894427191));
#2641 = ORIENTED_EDGE('',*,*,#2642,.T.);
#2642 = EDGE_CURVE('',#2635,#2594,#2643,.T.);
#2643 = LINE('',#2644,#2645);
#2644 = CARTESIAN_POINT('',(4.68,0.62,-1.5));
#2645 = VECTOR('',#2646,1.);
#2646 = DIRECTION('',(-1.909990663905E-17,-0.155962573473,
    -0.987762965329));
#2647 = PLANE('',#2648);
#2648 = AXIS2_PLACEMENT_3D('',#2649,#2650,#2651);
#2649 = CARTESIAN_POINT('',(4.68,3.65940088399E-02,1.522832428212));
#2650 = DIRECTION('',(-1.,1.224646799147E-16,0.));
#2651 = DIRECTION('',(0.,0.,1.));
#2652 = ADVANCED_FACE('',(#2653),#2671,.F.);
#2653 = FACE_BOUND('',#2654,.F.);
#2654 = EDGE_LOOP('',(#2655,#2663,#2669,#2670));
#2655 = ORIENTED_EDGE('',*,*,#2656,.F.);
#2656 = EDGE_CURVE('',#2657,#2028,#2659,.T.);
#2657 = VERTEX_POINT('',#2658);
#2658 = CARTESIAN_POINT('',(5.32,-0.32,-0.9));
#2659 = LINE('',#2660,#2661);
#2660 = CARTESIAN_POINT('',(5.32,-0.32,-0.9));
#2661 = VECTOR('',#2662,1.);
#2662 = DIRECTION('',(0.,0.,1.));
#2663 = ORIENTED_EDGE('',*,*,#2664,.T.);
#2664 = EDGE_CURVE('',#2657,#2612,#2665,.T.);
#2665 = LINE('',#2666,#2667);
#2666 = CARTESIAN_POINT('',(5.32,-0.32,-0.9));
#2667 = VECTOR('',#2668,1.);
#2668 = DIRECTION('',(-1.,1.224646799147E-16,0.));
#2669 = ORIENTED_EDGE('',*,*,#2619,.T.);
#2670 = ORIENTED_EDGE('',*,*,#2035,.F.);
#2671 = PLANE('',#2672);
#2672 = AXIS2_PLACEMENT_3D('',#2673,#2674,#2675);
#2673 = CARTESIAN_POINT('',(5.32,-0.32,-0.9));
#2674 = DIRECTION('',(1.224646799147E-16,1.,0.));
#2675 = DIRECTION('',(0.,-0.,1.));
#2676 = ADVANCED_FACE('',(#2677),#2727,.F.);
#2677 = FACE_BOUND('',#2678,.F.);
#2678 = EDGE_LOOP('',(#2679,#2689,#2697,#2703,#2704,#2705,#2713,#2721));
#2679 = ORIENTED_EDGE('',*,*,#2680,.T.);
#2680 = EDGE_CURVE('',#2681,#2683,#2685,.T.);
#2681 = VERTEX_POINT('',#2682);
#2682 = CARTESIAN_POINT('',(5.32,0.351578947368,-3.2));
#2683 = VERTEX_POINT('',#2684);
#2684 = CARTESIAN_POINT('',(5.32,-0.288421052632,-3.2));
#2685 = LINE('',#2686,#2687);
#2686 = CARTESIAN_POINT('',(5.32,0.32,-3.2));
#2687 = VECTOR('',#2688,1.);
#2688 = DIRECTION('',(-1.224646799147E-16,-1.,0.));
#2689 = ORIENTED_EDGE('',*,*,#2690,.T.);
#2690 = EDGE_CURVE('',#2683,#2691,#2693,.T.);
#2691 = VERTEX_POINT('',#2692);
#2692 = CARTESIAN_POINT('',(5.32,-2.E-02,-1.5));
#2693 = LINE('',#2694,#2695);
#2694 = CARTESIAN_POINT('',(5.32,-0.32,-3.4));
#2695 = VECTOR('',#2696,1.);
#2696 = DIRECTION('',(1.909990663905E-17,0.155962573473,0.987762965329)
  );
#2697 = ORIENTED_EDGE('',*,*,#2698,.T.);
#2698 = EDGE_CURVE('',#2691,#2657,#2699,.T.);
#2699 = LINE('',#2700,#2701);
#2700 = CARTESIAN_POINT('',(5.32,-2.E-02,-1.5));
#2701 = VECTOR('',#2702,1.);
#2702 = DIRECTION('',(-5.476786982641E-17,-0.4472135955,0.894427191));
#2703 = ORIENTED_EDGE('',*,*,#2656,.T.);
#2704 = ORIENTED_EDGE('',*,*,#2027,.F.);
#2705 = ORIENTED_EDGE('',*,*,#2706,.T.);
#2706 = EDGE_CURVE('',#2020,#2707,#2709,.T.);
#2707 = VERTEX_POINT('',#2708);
#2708 = CARTESIAN_POINT('',(5.32,0.32,-0.9));
#2709 = LINE('',#2710,#2711);
#2710 = CARTESIAN_POINT('',(5.32,0.32,6.5));
#2711 = VECTOR('',#2712,1.);
#2712 = DIRECTION('',(-0.,0.,-1.));
#2713 = ORIENTED_EDGE('',*,*,#2714,.T.);
#2714 = EDGE_CURVE('',#2707,#2715,#2717,.T.);
#2715 = VERTEX_POINT('',#2716);
#2716 = CARTESIAN_POINT('',(5.32,0.62,-1.5));
#2717 = LINE('',#2718,#2719);
#2718 = CARTESIAN_POINT('',(5.32,0.32,-0.9));
#2719 = VECTOR('',#2720,1.);
#2720 = DIRECTION('',(5.476786982641E-17,0.4472135955,-0.894427191));
#2721 = ORIENTED_EDGE('',*,*,#2722,.T.);
#2722 = EDGE_CURVE('',#2715,#2681,#2723,.T.);
#2723 = LINE('',#2724,#2725);
#2724 = CARTESIAN_POINT('',(5.32,0.62,-1.5));
#2725 = VECTOR('',#2726,1.);
#2726 = DIRECTION('',(-1.909990663905E-17,-0.155962573473,
    -0.987762965329));
#2727 = PLANE('',#2728);
#2728 = AXIS2_PLACEMENT_3D('',#2729,#2730,#2731);
#2729 = CARTESIAN_POINT('',(5.32,3.65940088399E-02,1.522832428212));
#2730 = DIRECTION('',(-1.,1.224646799147E-16,0.));
#2731 = DIRECTION('',(0.,0.,1.));
#2732 = ADVANCED_FACE('',(#2733),#2744,.F.);
#2733 = FACE_BOUND('',#2734,.F.);
#2734 = EDGE_LOOP('',(#2735,#2736,#2737,#2738));
#2735 = ORIENTED_EDGE('',*,*,#2706,.F.);
#2736 = ORIENTED_EDGE('',*,*,#2019,.F.);
#2737 = ORIENTED_EDGE('',*,*,#2626,.T.);
#2738 = ORIENTED_EDGE('',*,*,#2739,.F.);
#2739 = EDGE_CURVE('',#2707,#2627,#2740,.T.);
#2740 = LINE('',#2741,#2742);
#2741 = CARTESIAN_POINT('',(5.32,0.32,-0.9));
#2742 = VECTOR('',#2743,1.);
#2743 = DIRECTION('',(-1.,1.224646799147E-16,0.));
#2744 = PLANE('',#2745);
#2745 = AXIS2_PLACEMENT_3D('',#2746,#2747,#2748);
#2746 = CARTESIAN_POINT('',(5.32,0.32,6.5));
#2747 = DIRECTION('',(-1.224646799147E-16,-1.,0.));
#2748 = DIRECTION('',(-0.,0.,-1.));
#2749 = ADVANCED_FACE('',(#2750),#2775,.F.);
#2750 = FACE_BOUND('',#2751,.T.);
#2751 = EDGE_LOOP('',(#2752,#2760,#2768,#2774));
#2752 = ORIENTED_EDGE('',*,*,#2753,.F.);
#2753 = EDGE_CURVE('',#2754,#2051,#2756,.T.);
#2754 = VERTEX_POINT('',#2755);
#2755 = CARTESIAN_POINT('',(-0.12,-0.12,6.5));
#2756 = LINE('',#2757,#2758);
#2757 = CARTESIAN_POINT('',(-0.146666666667,-0.146666666667,
    6.473333333333));
#2758 = VECTOR('',#2759,1.);
#2759 = DIRECTION('',(-0.57735026919,-0.57735026919,-0.57735026919));
#2760 = ORIENTED_EDGE('',*,*,#2761,.T.);
#2761 = EDGE_CURVE('',#2754,#2762,#2764,.T.);
#2762 = VERTEX_POINT('',#2763);
#2763 = CARTESIAN_POINT('',(-0.12,0.12,6.5));
#2764 = LINE('',#2765,#2766);
#2765 = CARTESIAN_POINT('',(-0.12,-0.32,6.5));
#2766 = VECTOR('',#2767,1.);
#2767 = DIRECTION('',(1.224646799147E-16,1.,0.));
#2768 = ORIENTED_EDGE('',*,*,#2769,.T.);
#2769 = EDGE_CURVE('',#2762,#2059,#2770,.T.);
#2770 = LINE('',#2771,#2772);
#2771 = CARTESIAN_POINT('',(-4.E-02,4.E-02,6.58));
#2772 = VECTOR('',#2773,1.);
#2773 = DIRECTION('',(-0.57735026919,0.57735026919,-0.57735026919));
#2774 = ORIENTED_EDGE('',*,*,#2058,.F.);
#2775 = PLANE('',#2776);
#2776 = AXIS2_PLACEMENT_3D('',#2777,#2778,#2779);
#2777 = CARTESIAN_POINT('',(-0.22,-0.32,6.4));
#2778 = DIRECTION('',(0.707106781187,-8.486018839685E-17,-0.707106781187
    ));
#2779 = DIRECTION('',(-1.212375546256E-16,-1.,-1.227125289196E-18));
#2780 = ADVANCED_FACE('',(#2781),#2799,.T.);
#2781 = FACE_BOUND('',#2782,.F.);
#2782 = EDGE_LOOP('',(#2783,#2791,#2792,#2793));
#2783 = ORIENTED_EDGE('',*,*,#2784,.T.);
#2784 = EDGE_CURVE('',#2785,#2081,#2787,.T.);
#2785 = VERTEX_POINT('',#2786);
#2786 = CARTESIAN_POINT('',(0.12,-0.12,6.5));
#2787 = LINE('',#2788,#2789);
#2788 = CARTESIAN_POINT('',(0.253333333333,-0.253333333333,
    6.366666666667));
#2789 = VECTOR('',#2790,1.);
#2790 = DIRECTION('',(0.57735026919,-0.57735026919,-0.57735026919));
#2791 = ORIENTED_EDGE('',*,*,#2090,.T.);
#2792 = ORIENTED_EDGE('',*,*,#2753,.F.);
#2793 = ORIENTED_EDGE('',*,*,#2794,.F.);
#2794 = EDGE_CURVE('',#2785,#2754,#2795,.T.);
#2795 = LINE('',#2796,#2797);
#2796 = CARTESIAN_POINT('',(0.32,-0.12,6.5));
#2797 = VECTOR('',#2798,1.);
#2798 = DIRECTION('',(-1.,1.224646799147E-16,0.));
#2799 = PLANE('',#2800);
#2800 = AXIS2_PLACEMENT_3D('',#2801,#2802,#2803);
#2801 = CARTESIAN_POINT('',(0.32,-0.22,6.4));
#2802 = DIRECTION('',(-8.833102285013E-17,-0.707106781187,0.707106781187
    ));
#2803 = DIRECTION('',(1.,-1.236918052038E-16,1.227125289097E-18));
#2804 = ADVANCED_FACE('',(#2805),#2823,.T.);
#2805 = FACE_BOUND('',#2806,.F.);
#2806 = EDGE_LOOP('',(#2807,#2808,#2816,#2822));
#2807 = ORIENTED_EDGE('',*,*,#2784,.F.);
#2808 = ORIENTED_EDGE('',*,*,#2809,.T.);
#2809 = EDGE_CURVE('',#2785,#2810,#2812,.T.);
#2810 = VERTEX_POINT('',#2811);
#2811 = CARTESIAN_POINT('',(0.12,0.12,6.5));
#2812 = LINE('',#2813,#2814);
#2813 = CARTESIAN_POINT('',(0.12,-0.32,6.5));
#2814 = VECTOR('',#2815,1.);
#2815 = DIRECTION('',(1.224646799147E-16,1.,0.));
#2816 = ORIENTED_EDGE('',*,*,#2817,.T.);
#2817 = EDGE_CURVE('',#2810,#2107,#2818,.T.);
#2818 = LINE('',#2819,#2820);
#2819 = CARTESIAN_POINT('',(0.146666666667,0.146666666667,6.473333333333
    ));
#2820 = VECTOR('',#2821,1.);
#2821 = DIRECTION('',(0.57735026919,0.57735026919,-0.57735026919));
#2822 = ORIENTED_EDGE('',*,*,#2106,.F.);
#2823 = PLANE('',#2824);
#2824 = AXIS2_PLACEMENT_3D('',#2825,#2826,#2827);
#2825 = CARTESIAN_POINT('',(0.22,-0.32,6.4));
#2826 = DIRECTION('',(0.707106781187,-8.833102285013E-17,0.707106781187)
  );
#2827 = DIRECTION('',(-1.236918052038E-16,-1.,-1.227125289097E-18));
#2828 = ADVANCED_FACE('',(#2829),#2840,.T.);
#2829 = FACE_BOUND('',#2830,.F.);
#2830 = EDGE_LOOP('',(#2831,#2832,#2838,#2839));
#2831 = ORIENTED_EDGE('',*,*,#2817,.F.);
#2832 = ORIENTED_EDGE('',*,*,#2833,.T.);
#2833 = EDGE_CURVE('',#2810,#2762,#2834,.T.);
#2834 = LINE('',#2835,#2836);
#2835 = CARTESIAN_POINT('',(0.32,0.12,6.5));
#2836 = VECTOR('',#2837,1.);
#2837 = DIRECTION('',(-1.,1.224646799147E-16,0.));
#2838 = ORIENTED_EDGE('',*,*,#2769,.T.);
#2839 = ORIENTED_EDGE('',*,*,#2129,.F.);
#2840 = PLANE('',#2841);
#2841 = AXIS2_PLACEMENT_3D('',#2842,#2843,#2844);
#2842 = CARTESIAN_POINT('',(0.32,0.22,6.4));
#2843 = DIRECTION('',(8.833102285013E-17,0.707106781187,0.707106781187)
  );
#2844 = DIRECTION('',(1.,-1.236918052038E-16,-1.227125289097E-18));
#2845 = ADVANCED_FACE('',(#2846),#2871,.F.);
#2846 = FACE_BOUND('',#2847,.T.);
#2847 = EDGE_LOOP('',(#2848,#2856,#2864,#2870));
#2848 = ORIENTED_EDGE('',*,*,#2849,.F.);
#2849 = EDGE_CURVE('',#2850,#2147,#2852,.T.);
#2850 = VERTEX_POINT('',#2851);
#2851 = CARTESIAN_POINT('',(4.88,-0.12,6.5));
#2852 = LINE('',#2853,#2854);
#2853 = CARTESIAN_POINT('',(4.853333333333,-0.146666666667,
    6.473333333333));
#2854 = VECTOR('',#2855,1.);
#2855 = DIRECTION('',(-0.57735026919,-0.57735026919,-0.57735026919));
#2856 = ORIENTED_EDGE('',*,*,#2857,.T.);
#2857 = EDGE_CURVE('',#2850,#2858,#2860,.T.);
#2858 = VERTEX_POINT('',#2859);
#2859 = CARTESIAN_POINT('',(4.88,0.12,6.5));
#2860 = LINE('',#2861,#2862);
#2861 = CARTESIAN_POINT('',(4.88,-0.32,6.5));
#2862 = VECTOR('',#2863,1.);
#2863 = DIRECTION('',(1.224646799147E-16,1.,0.));
#2864 = ORIENTED_EDGE('',*,*,#2865,.T.);
#2865 = EDGE_CURVE('',#2858,#2155,#2866,.T.);
#2866 = LINE('',#2867,#2868);
#2867 = CARTESIAN_POINT('',(4.96,4.E-02,6.58));
#2868 = VECTOR('',#2869,1.);
#2869 = DIRECTION('',(-0.57735026919,0.57735026919,-0.57735026919));
#2870 = ORIENTED_EDGE('',*,*,#2154,.F.);
#2871 = PLANE('',#2872);
#2872 = AXIS2_PLACEMENT_3D('',#2873,#2874,#2875);
#2873 = CARTESIAN_POINT('',(4.78,-0.32,6.4));
#2874 = DIRECTION('',(0.707106781187,-8.486018839685E-17,-0.707106781187
    ));
#2875 = DIRECTION('',(-1.212375546256E-16,-1.,-1.227125289196E-18));
#2876 = ADVANCED_FACE('',(#2877),#2895,.T.);
#2877 = FACE_BOUND('',#2878,.F.);
#2878 = EDGE_LOOP('',(#2879,#2887,#2888,#2889));
#2879 = ORIENTED_EDGE('',*,*,#2880,.T.);
#2880 = EDGE_CURVE('',#2881,#2177,#2883,.T.);
#2881 = VERTEX_POINT('',#2882);
#2882 = CARTESIAN_POINT('',(5.12,-0.12,6.5));
#2883 = LINE('',#2884,#2885);
#2884 = CARTESIAN_POINT('',(5.253333333333,-0.253333333333,
    6.366666666667));
#2885 = VECTOR('',#2886,1.);
#2886 = DIRECTION('',(0.57735026919,-0.57735026919,-0.57735026919));
#2887 = ORIENTED_EDGE('',*,*,#2186,.T.);
#2888 = ORIENTED_EDGE('',*,*,#2849,.F.);
#2889 = ORIENTED_EDGE('',*,*,#2890,.F.);
#2890 = EDGE_CURVE('',#2881,#2850,#2891,.T.);
#2891 = LINE('',#2892,#2893);
#2892 = CARTESIAN_POINT('',(5.32,-0.12,6.5));
#2893 = VECTOR('',#2894,1.);
#2894 = DIRECTION('',(-1.,1.224646799147E-16,0.));
#2895 = PLANE('',#2896);
#2896 = AXIS2_PLACEMENT_3D('',#2897,#2898,#2899);
#2897 = CARTESIAN_POINT('',(5.32,-0.22,6.4));
#2898 = DIRECTION('',(-8.833102285013E-17,-0.707106781187,0.707106781187
    ));
#2899 = DIRECTION('',(1.,-1.236918052038E-16,1.227125289097E-18));
#2900 = ADVANCED_FACE('',(#2901),#2919,.T.);
#2901 = FACE_BOUND('',#2902,.F.);
#2902 = EDGE_LOOP('',(#2903,#2904,#2912,#2918));
#2903 = ORIENTED_EDGE('',*,*,#2880,.F.);
#2904 = ORIENTED_EDGE('',*,*,#2905,.T.);
#2905 = EDGE_CURVE('',#2881,#2906,#2908,.T.);
#2906 = VERTEX_POINT('',#2907);
#2907 = CARTESIAN_POINT('',(5.12,0.12,6.5));
#2908 = LINE('',#2909,#2910);
#2909 = CARTESIAN_POINT('',(5.12,-0.32,6.5));
#2910 = VECTOR('',#2911,1.);
#2911 = DIRECTION('',(1.224646799147E-16,1.,0.));
#2912 = ORIENTED_EDGE('',*,*,#2913,.T.);
#2913 = EDGE_CURVE('',#2906,#2203,#2914,.T.);
#2914 = LINE('',#2915,#2916);
#2915 = CARTESIAN_POINT('',(5.146666666667,0.146666666667,6.473333333333
    ));
#2916 = VECTOR('',#2917,1.);
#2917 = DIRECTION('',(0.57735026919,0.57735026919,-0.57735026919));
#2918 = ORIENTED_EDGE('',*,*,#2202,.F.);
#2919 = PLANE('',#2920);
#2920 = AXIS2_PLACEMENT_3D('',#2921,#2922,#2923);
#2921 = CARTESIAN_POINT('',(5.22,-0.32,6.4));
#2922 = DIRECTION('',(0.707106781187,-8.833102285013E-17,0.707106781187)
  );
#2923 = DIRECTION('',(-1.236918052038E-16,-1.,-1.227125289097E-18));
#2924 = ADVANCED_FACE('',(#2925),#2936,.T.);
#2925 = FACE_BOUND('',#2926,.F.);
#2926 = EDGE_LOOP('',(#2927,#2928,#2934,#2935));
#2927 = ORIENTED_EDGE('',*,*,#2913,.F.);
#2928 = ORIENTED_EDGE('',*,*,#2929,.T.);
#2929 = EDGE_CURVE('',#2906,#2858,#2930,.T.);
#2930 = LINE('',#2931,#2932);
#2931 = CARTESIAN_POINT('',(5.32,0.12,6.5));
#2932 = VECTOR('',#2933,1.);
#2933 = DIRECTION('',(-1.,1.224646799147E-16,0.));
#2934 = ORIENTED_EDGE('',*,*,#2865,.T.);
#2935 = ORIENTED_EDGE('',*,*,#2225,.F.);
#2936 = PLANE('',#2937);
#2937 = AXIS2_PLACEMENT_3D('',#2938,#2939,#2940);
#2938 = CARTESIAN_POINT('',(5.32,0.22,6.4));
#2939 = DIRECTION('',(8.833102285013E-17,0.707106781187,0.707106781187)
  );
#2940 = DIRECTION('',(1.,-1.236918052038E-16,-1.227125289097E-18));
#2941 = ADVANCED_FACE('',(#2942),#2967,.F.);
#2942 = FACE_BOUND('',#2943,.T.);
#2943 = EDGE_LOOP('',(#2944,#2952,#2960,#2966));
#2944 = ORIENTED_EDGE('',*,*,#2945,.F.);
#2945 = EDGE_CURVE('',#2946,#2243,#2948,.T.);
#2946 = VERTEX_POINT('',#2947);
#2947 = CARTESIAN_POINT('',(2.38,-0.12,6.5));
#2948 = LINE('',#2949,#2950);
#2949 = CARTESIAN_POINT('',(2.353333333333,-0.146666666667,
    6.473333333333));
#2950 = VECTOR('',#2951,1.);
#2951 = DIRECTION('',(-0.57735026919,-0.57735026919,-0.57735026919));
#2952 = ORIENTED_EDGE('',*,*,#2953,.T.);
#2953 = EDGE_CURVE('',#2946,#2954,#2956,.T.);
#2954 = VERTEX_POINT('',#2955);
#2955 = CARTESIAN_POINT('',(2.38,0.12,6.5));
#2956 = LINE('',#2957,#2958);
#2957 = CARTESIAN_POINT('',(2.38,-0.32,6.5));
#2958 = VECTOR('',#2959,1.);
#2959 = DIRECTION('',(1.224646799147E-16,1.,0.));
#2960 = ORIENTED_EDGE('',*,*,#2961,.T.);
#2961 = EDGE_CURVE('',#2954,#2251,#2962,.T.);
#2962 = LINE('',#2963,#2964);
#2963 = CARTESIAN_POINT('',(2.46,4.E-02,6.58));
#2964 = VECTOR('',#2965,1.);
#2965 = DIRECTION('',(-0.57735026919,0.57735026919,-0.57735026919));
#2966 = ORIENTED_EDGE('',*,*,#2250,.F.);
#2967 = PLANE('',#2968);
#2968 = AXIS2_PLACEMENT_3D('',#2969,#2970,#2971);
#2969 = CARTESIAN_POINT('',(2.28,-0.32,6.4));
#2970 = DIRECTION('',(0.707106781187,-8.486018839685E-17,-0.707106781187
    ));
#2971 = DIRECTION('',(-1.212375546256E-16,-1.,-1.227125289196E-18));
#2972 = ADVANCED_FACE('',(#2973),#2991,.T.);
#2973 = FACE_BOUND('',#2974,.F.);
#2974 = EDGE_LOOP('',(#2975,#2983,#2984,#2985));
#2975 = ORIENTED_EDGE('',*,*,#2976,.F.);
#2976 = EDGE_CURVE('',#2273,#2977,#2979,.T.);
#2977 = VERTEX_POINT('',#2978);
#2978 = CARTESIAN_POINT('',(2.62,-0.12,6.5));
#2979 = LINE('',#2980,#2981);
#2980 = CARTESIAN_POINT('',(2.753333333333,-0.253333333333,
    6.366666666667));
#2981 = VECTOR('',#2982,1.);
#2982 = DIRECTION('',(-0.57735026919,0.57735026919,0.57735026919));
#2983 = ORIENTED_EDGE('',*,*,#2282,.T.);
#2984 = ORIENTED_EDGE('',*,*,#2945,.F.);
#2985 = ORIENTED_EDGE('',*,*,#2986,.F.);
#2986 = EDGE_CURVE('',#2977,#2946,#2987,.T.);
#2987 = LINE('',#2988,#2989);
#2988 = CARTESIAN_POINT('',(2.82,-0.12,6.5));
#2989 = VECTOR('',#2990,1.);
#2990 = DIRECTION('',(-1.,1.224646799147E-16,0.));
#2991 = PLANE('',#2992);
#2992 = AXIS2_PLACEMENT_3D('',#2993,#2994,#2995);
#2993 = CARTESIAN_POINT('',(2.82,-0.22,6.4));
#2994 = DIRECTION('',(-8.833102285013E-17,-0.707106781187,0.707106781187
    ));
#2995 = DIRECTION('',(1.,-1.236918052038E-16,1.227125289097E-18));
#2996 = ADVANCED_FACE('',(#2997),#3015,.T.);
#2997 = FACE_BOUND('',#2998,.F.);
#2998 = EDGE_LOOP('',(#2999,#3000,#3008,#3014));
#2999 = ORIENTED_EDGE('',*,*,#2976,.T.);
#3000 = ORIENTED_EDGE('',*,*,#3001,.T.);
#3001 = EDGE_CURVE('',#2977,#3002,#3004,.T.);
#3002 = VERTEX_POINT('',#3003);
#3003 = CARTESIAN_POINT('',(2.62,0.12,6.5));
#3004 = LINE('',#3005,#3006);
#3005 = CARTESIAN_POINT('',(2.62,-0.32,6.5));
#3006 = VECTOR('',#3007,1.);
#3007 = DIRECTION('',(1.224646799147E-16,1.,0.));
#3008 = ORIENTED_EDGE('',*,*,#3009,.T.);
#3009 = EDGE_CURVE('',#3002,#2299,#3010,.T.);
#3010 = LINE('',#3011,#3012);
#3011 = CARTESIAN_POINT('',(2.646666666667,0.146666666667,6.473333333333
    ));
#3012 = VECTOR('',#3013,1.);
#3013 = DIRECTION('',(0.57735026919,0.57735026919,-0.57735026919));
#3014 = ORIENTED_EDGE('',*,*,#2298,.F.);
#3015 = PLANE('',#3016);
#3016 = AXIS2_PLACEMENT_3D('',#3017,#3018,#3019);
#3017 = CARTESIAN_POINT('',(2.72,-0.32,6.4));
#3018 = DIRECTION('',(0.707106781187,-8.833102285013E-17,0.707106781187)
  );
#3019 = DIRECTION('',(-1.236918052038E-16,-1.,-1.227125289097E-18));
#3020 = ADVANCED_FACE('',(#3021),#3032,.T.);
#3021 = FACE_BOUND('',#3022,.F.);
#3022 = EDGE_LOOP('',(#3023,#3024,#3030,#3031));
#3023 = ORIENTED_EDGE('',*,*,#3009,.F.);
#3024 = ORIENTED_EDGE('',*,*,#3025,.T.);
#3025 = EDGE_CURVE('',#3002,#2954,#3026,.T.);
#3026 = LINE('',#3027,#3028);
#3027 = CARTESIAN_POINT('',(2.82,0.12,6.5));
#3028 = VECTOR('',#3029,1.);
#3029 = DIRECTION('',(-1.,1.224646799147E-16,0.));
#3030 = ORIENTED_EDGE('',*,*,#2961,.T.);
#3031 = ORIENTED_EDGE('',*,*,#2321,.F.);
#3032 = PLANE('',#3033);
#3033 = AXIS2_PLACEMENT_3D('',#3034,#3035,#3036);
#3034 = CARTESIAN_POINT('',(2.82,0.22,6.4));
#3035 = DIRECTION('',(8.833102285013E-17,0.707106781187,0.707106781187)
  );
#3036 = DIRECTION('',(1.,-1.236918052038E-16,-1.227125289097E-18));
#3037 = ADVANCED_FACE('',(#3038),#3079,.F.);
#3038 = FACE_BOUND('',#3039,.T.);
#3039 = EDGE_LOOP('',(#3040,#3050,#3058,#3066,#3072,#3073));
#3040 = ORIENTED_EDGE('',*,*,#3041,.F.);
#3041 = EDGE_CURVE('',#3042,#3044,#3046,.T.);
#3042 = VERTEX_POINT('',#3043);
#3043 = CARTESIAN_POINT('',(-0.12,0.12,-3.4));
#3044 = VERTEX_POINT('',#3045);
#3045 = CARTESIAN_POINT('',(-0.317552593066,0.351192514695,
    -3.202447406934));
#3046 = LINE('',#3047,#3048);
#3047 = CARTESIAN_POINT('',(-0.153849098111,0.159613036666,
    -3.366150901889));
#3048 = VECTOR('',#3049,1.);
#3049 = DIRECTION('',(-0.544770019249,0.63753529491,0.544770019249));
#3050 = ORIENTED_EDGE('',*,*,#3051,.T.);
#3051 = EDGE_CURVE('',#3042,#3052,#3054,.T.);
#3052 = VERTEX_POINT('',#3053);
#3053 = CARTESIAN_POINT('',(-0.12,-0.12,-3.4));
#3054 = LINE('',#3055,#3056);
#3055 = CARTESIAN_POINT('',(-0.12,0.32,-3.4));
#3056 = VECTOR('',#3057,1.);
#3057 = DIRECTION('',(-1.224646799147E-16,-1.,0.));
#3058 = ORIENTED_EDGE('',*,*,#3059,.T.);
#3059 = EDGE_CURVE('',#3052,#3060,#3062,.T.);
#3060 = VERTEX_POINT('',#3061);
#3061 = CARTESIAN_POINT('',(-0.317552593066,-0.288807485305,
    -3.202447406934));
#3062 = LINE('',#3063,#3064);
#3063 = CARTESIAN_POINT('',(-3.848855660758E-02,-5.034896900541E-02,
    -3.481511443392));
#3064 = VECTOR('',#3065,1.);
#3065 = DIRECTION('',(-0.605209817607,-0.517148096144,0.605209817607));
#3066 = ORIENTED_EDGE('',*,*,#3067,.T.);
#3067 = EDGE_CURVE('',#3060,#2340,#3068,.T.);
#3068 = LINE('',#3069,#3070);
#3069 = CARTESIAN_POINT('',(-8.569083447332E-02,-0.325417236662,
    -3.434309165527));
#3070 = VECTOR('',#3071,1.);
#3071 = DIRECTION('',(-0.702740385383,0.110959008218,0.702740385383));
#3072 = ORIENTED_EDGE('',*,*,#2337,.F.);
#3073 = ORIENTED_EDGE('',*,*,#3074,.F.);
#3074 = EDGE_CURVE('',#3044,#2338,#3075,.T.);
#3075 = LINE('',#3076,#3077);
#3076 = CARTESIAN_POINT('',(-0.541586867305,0.386566347469,
    -2.978413132695));
#3077 = VECTOR('',#3078,1.);
#3078 = DIRECTION('',(-0.702740385383,0.110959008218,0.702740385383));
#3079 = PLANE('',#3080);
#3080 = AXIS2_PLACEMENT_3D('',#3081,#3082,#3083);
#3081 = CARTESIAN_POINT('',(-0.22,0.32,-3.3));
#3082 = DIRECTION('',(0.707106781187,-8.833102285013E-17,0.707106781187)
  );
#3083 = DIRECTION('',(1.236918052038E-16,1.,1.227125289097E-18));
#3084 = ADVANCED_FACE('',(#3085),#3110,.F.);
#3085 = FACE_BOUND('',#3086,.F.);
#3086 = EDGE_LOOP('',(#3087,#3088,#3094,#3095,#3096,#3104));
#3087 = ORIENTED_EDGE('',*,*,#2466,.F.);
#3088 = ORIENTED_EDGE('',*,*,#3089,.T.);
#3089 = EDGE_CURVE('',#2459,#2379,#3090,.T.);
#3090 = LINE('',#3091,#3092);
#3091 = CARTESIAN_POINT('',(0.32,0.62,-1.5));
#3092 = VECTOR('',#3093,1.);
#3093 = DIRECTION('',(-1.,1.224646799147E-16,0.));
#3094 = ORIENTED_EDGE('',*,*,#2386,.T.);
#3095 = ORIENTED_EDGE('',*,*,#3074,.F.);
#3096 = ORIENTED_EDGE('',*,*,#3097,.F.);
#3097 = EDGE_CURVE('',#3098,#3044,#3100,.T.);
#3098 = VERTEX_POINT('',#3099);
#3099 = CARTESIAN_POINT('',(0.317552593066,0.351192514695,
    -3.202447406934));
#3100 = LINE('',#3101,#3102);
#3101 = CARTESIAN_POINT('',(0.32,0.351192514695,-3.202447406934));
#3102 = VECTOR('',#3103,1.);
#3103 = DIRECTION('',(-1.,1.224646799147E-16,0.));
#3104 = ORIENTED_EDGE('',*,*,#3105,.T.);
#3105 = EDGE_CURVE('',#3098,#2425,#3106,.T.);
#3106 = LINE('',#3107,#3108);
#3107 = CARTESIAN_POINT('',(0.699616963064,0.411518467852,
    -2.820383036936));
#3108 = VECTOR('',#3109,1.);
#3109 = DIRECTION('',(0.702740385383,0.110959008218,0.702740385383));
#3110 = PLANE('',#3111);
#3111 = AXIS2_PLACEMENT_3D('',#3112,#3113,#3114);
#3112 = CARTESIAN_POINT('',(0.32,0.62,-1.5));
#3113 = DIRECTION('',(-1.209660753807E-16,-0.987762965329,0.155962573473
    ));
#3114 = DIRECTION('',(-1.909990663905E-17,-0.155962573473,
    -0.987762965329));
#3115 = ADVANCED_FACE('',(#3116),#3122,.F.);
#3116 = FACE_BOUND('',#3117,.F.);
#3117 = EDGE_LOOP('',(#3118,#3119,#3120,#3121));
#3118 = ORIENTED_EDGE('',*,*,#2483,.T.);
#3119 = ORIENTED_EDGE('',*,*,#2378,.T.);
#3120 = ORIENTED_EDGE('',*,*,#3089,.F.);
#3121 = ORIENTED_EDGE('',*,*,#2458,.F.);
#3122 = PLANE('',#3123);
#3123 = AXIS2_PLACEMENT_3D('',#3124,#3125,#3126);
#3124 = CARTESIAN_POINT('',(0.32,0.32,-0.9));
#3125 = DIRECTION('',(-1.095357396528E-16,-0.894427191,-0.4472135955));
#3126 = DIRECTION('',(5.476786982641E-17,0.4472135955,-0.894427191));
#3127 = ADVANCED_FACE('',(#3128),#3139,.F.);
#3128 = FACE_BOUND('',#3129,.F.);
#3129 = EDGE_LOOP('',(#3130,#3136,#3137,#3138));
#3130 = ORIENTED_EDGE('',*,*,#3131,.T.);
#3131 = EDGE_CURVE('',#2435,#2348,#3132,.T.);
#3132 = LINE('',#3133,#3134);
#3133 = CARTESIAN_POINT('',(0.32,-2.E-02,-1.5));
#3134 = VECTOR('',#3135,1.);
#3135 = DIRECTION('',(-1.,1.224646799147E-16,0.));
#3136 = ORIENTED_EDGE('',*,*,#2355,.T.);
#3137 = ORIENTED_EDGE('',*,*,#2408,.F.);
#3138 = ORIENTED_EDGE('',*,*,#2442,.F.);
#3139 = PLANE('',#3140);
#3140 = AXIS2_PLACEMENT_3D('',#3141,#3142,#3143);
#3141 = CARTESIAN_POINT('',(0.32,-2.E-02,-1.5));
#3142 = DIRECTION('',(1.095357396528E-16,0.894427191,0.4472135955));
#3143 = DIRECTION('',(-5.476786982641E-17,-0.4472135955,0.894427191));
#3144 = ADVANCED_FACE('',(#3145),#3165,.F.);
#3145 = FACE_BOUND('',#3146,.F.);
#3146 = EDGE_LOOP('',(#3147,#3148,#3156,#3162,#3163,#3164));
#3147 = ORIENTED_EDGE('',*,*,#2434,.F.);
#3148 = ORIENTED_EDGE('',*,*,#3149,.F.);
#3149 = EDGE_CURVE('',#3150,#2427,#3152,.T.);
#3150 = VERTEX_POINT('',#3151);
#3151 = CARTESIAN_POINT('',(0.317552593066,-0.288807485305,
    -3.202447406934));
#3152 = LINE('',#3153,#3154);
#3153 = CARTESIAN_POINT('',(0.243720930233,-0.300465116279,
    -3.276279069767));
#3154 = VECTOR('',#3155,1.);
#3155 = DIRECTION('',(0.702740385383,0.110959008218,0.702740385383));
#3156 = ORIENTED_EDGE('',*,*,#3157,.T.);
#3157 = EDGE_CURVE('',#3150,#3060,#3158,.T.);
#3158 = LINE('',#3159,#3160);
#3159 = CARTESIAN_POINT('',(0.32,-0.288807485305,-3.202447406934));
#3160 = VECTOR('',#3161,1.);
#3161 = DIRECTION('',(-1.,1.224646799147E-16,0.));
#3162 = ORIENTED_EDGE('',*,*,#3067,.T.);
#3163 = ORIENTED_EDGE('',*,*,#2347,.T.);
#3164 = ORIENTED_EDGE('',*,*,#3131,.F.);
#3165 = PLANE('',#3166);
#3166 = AXIS2_PLACEMENT_3D('',#3167,#3168,#3169);
#3167 = CARTESIAN_POINT('',(0.32,-0.32,-3.4));
#3168 = DIRECTION('',(1.209660753807E-16,0.987762965329,-0.155962573473)
  );
#3169 = DIRECTION('',(1.909990663905E-17,0.155962573473,0.987762965329)
  );
#3170 = ADVANCED_FACE('',(#3171),#3198,.T.);
#3171 = FACE_BOUND('',#3172,.F.);
#3172 = EDGE_LOOP('',(#3173,#3181,#3189,#3195,#3196,#3197));
#3173 = ORIENTED_EDGE('',*,*,#3174,.F.);
#3174 = EDGE_CURVE('',#3175,#3098,#3177,.T.);
#3175 = VERTEX_POINT('',#3176);
#3176 = CARTESIAN_POINT('',(0.12,0.12,-3.4));
#3177 = LINE('',#3178,#3179);
#3178 = CARTESIAN_POINT('',(0.24881689775,0.270752273427,-3.27118310225)
  );
#3179 = VECTOR('',#3180,1.);
#3180 = DIRECTION('',(0.544770019249,0.63753529491,0.544770019249));
#3181 = ORIENTED_EDGE('',*,*,#3182,.T.);
#3182 = EDGE_CURVE('',#3175,#3183,#3185,.T.);
#3183 = VERTEX_POINT('',#3184);
#3184 = CARTESIAN_POINT('',(0.12,-0.12,-3.4));
#3185 = LINE('',#3186,#3187);
#3186 = CARTESIAN_POINT('',(0.12,0.32,-3.4));
#3187 = VECTOR('',#3188,1.);
#3188 = DIRECTION('',(-1.224646799147E-16,-1.,0.));
#3189 = ORIENTED_EDGE('',*,*,#3190,.T.);
#3190 = EDGE_CURVE('',#3183,#3150,#3191,.T.);
#3191 = LINE('',#3192,#3193);
#3192 = CARTESIAN_POINT('',(0.155697812072,-0.150503562587,
    -3.364302187928));
#3193 = VECTOR('',#3194,1.);
#3194 = DIRECTION('',(0.605209817607,-0.517148096144,0.605209817607));
#3195 = ORIENTED_EDGE('',*,*,#3149,.T.);
#3196 = ORIENTED_EDGE('',*,*,#2424,.F.);
#3197 = ORIENTED_EDGE('',*,*,#3105,.F.);
#3198 = PLANE('',#3199);
#3199 = AXIS2_PLACEMENT_3D('',#3200,#3201,#3202);
#3200 = CARTESIAN_POINT('',(0.22,0.32,-3.3));
#3201 = DIRECTION('',(0.707106781187,-8.486018839685E-17,-0.707106781187
    ));
#3202 = DIRECTION('',(1.212375546256E-16,1.,1.227125289196E-18));
#3203 = ADVANCED_FACE('',(#3204),#3229,.F.);
#3204 = FACE_BOUND('',#3205,.T.);
#3205 = EDGE_LOOP('',(#3206,#3214,#3222,#3228));
#3206 = ORIENTED_EDGE('',*,*,#3207,.F.);
#3207 = EDGE_CURVE('',#3208,#2498,#3210,.T.);
#3208 = VERTEX_POINT('',#3209);
#3209 = CARTESIAN_POINT('',(2.38,0.12,-3.4));
#3210 = LINE('',#3211,#3212);
#3211 = CARTESIAN_POINT('',(2.353333333333,0.146666666667,
    -3.373333333333));
#3212 = VECTOR('',#3213,1.);
#3213 = DIRECTION('',(-0.57735026919,0.57735026919,0.57735026919));
#3214 = ORIENTED_EDGE('',*,*,#3215,.T.);
#3215 = EDGE_CURVE('',#3208,#3216,#3218,.T.);
#3216 = VERTEX_POINT('',#3217);
#3217 = CARTESIAN_POINT('',(2.38,-0.12,-3.4));
#3218 = LINE('',#3219,#3220);
#3219 = CARTESIAN_POINT('',(2.38,0.32,-3.4));
#3220 = VECTOR('',#3221,1.);
#3221 = DIRECTION('',(-1.224646799147E-16,-1.,0.));
#3222 = ORIENTED_EDGE('',*,*,#3223,.T.);
#3223 = EDGE_CURVE('',#3216,#2500,#3224,.T.);
#3224 = LINE('',#3225,#3226);
#3225 = CARTESIAN_POINT('',(2.46,-4.E-02,-3.48));
#3226 = VECTOR('',#3227,1.);
#3227 = DIRECTION('',(-0.57735026919,-0.57735026919,0.57735026919));
#3228 = ORIENTED_EDGE('',*,*,#2497,.F.);
#3229 = PLANE('',#3230);
#3230 = AXIS2_PLACEMENT_3D('',#3231,#3232,#3233);
#3231 = CARTESIAN_POINT('',(2.28,0.32,-3.3));
#3232 = DIRECTION('',(0.707106781187,-8.833102285013E-17,0.707106781187)
  );
#3233 = DIRECTION('',(1.236918052038E-16,1.,1.227125289097E-18));
#3234 = ADVANCED_FACE('',(#3235),#3253,.T.);
#3235 = FACE_BOUND('',#3236,.F.);
#3236 = EDGE_LOOP('',(#3237,#3245,#3251,#3252));
#3237 = ORIENTED_EDGE('',*,*,#3238,.F.);
#3238 = EDGE_CURVE('',#3239,#2529,#3241,.T.);
#3239 = VERTEX_POINT('',#3240);
#3240 = CARTESIAN_POINT('',(2.62,-0.12,-3.4));
#3241 = LINE('',#3242,#3243);
#3242 = CARTESIAN_POINT('',(2.646666666667,-0.146666666667,
    -3.373333333333));
#3243 = VECTOR('',#3244,1.);
#3244 = DIRECTION('',(0.57735026919,-0.57735026919,0.57735026919));
#3245 = ORIENTED_EDGE('',*,*,#3246,.T.);
#3246 = EDGE_CURVE('',#3239,#3216,#3247,.T.);
#3247 = LINE('',#3248,#3249);
#3248 = CARTESIAN_POINT('',(2.82,-0.12,-3.4));
#3249 = VECTOR('',#3250,1.);
#3250 = DIRECTION('',(-1.,1.224646799147E-16,0.));
#3251 = ORIENTED_EDGE('',*,*,#3223,.T.);
#3252 = ORIENTED_EDGE('',*,*,#2536,.F.);
#3253 = PLANE('',#3254);
#3254 = AXIS2_PLACEMENT_3D('',#3255,#3256,#3257);
#3255 = CARTESIAN_POINT('',(2.82,-0.22,-3.3));
#3256 = DIRECTION('',(-8.486018839685E-17,-0.707106781187,
    -0.707106781187));
#3257 = DIRECTION('',(1.,-1.212375546256E-16,1.227125289196E-18));
#3258 = ADVANCED_FACE('',(#3259),#3277,.T.);
#3259 = FACE_BOUND('',#3260,.F.);
#3260 = EDGE_LOOP('',(#3261,#3269,#3275,#3276));
#3261 = ORIENTED_EDGE('',*,*,#3262,.F.);
#3262 = EDGE_CURVE('',#3263,#2553,#3265,.T.);
#3263 = VERTEX_POINT('',#3264);
#3264 = CARTESIAN_POINT('',(2.62,0.12,-3.4));
#3265 = LINE('',#3266,#3267);
#3266 = CARTESIAN_POINT('',(2.753333333333,0.253333333333,
    -3.266666666667));
#3267 = VECTOR('',#3268,1.);
#3268 = DIRECTION('',(0.57735026919,0.57735026919,0.57735026919));
#3269 = ORIENTED_EDGE('',*,*,#3270,.T.);
#3270 = EDGE_CURVE('',#3263,#3239,#3271,.T.);
#3271 = LINE('',#3272,#3273);
#3272 = CARTESIAN_POINT('',(2.62,0.32,-3.4));
#3273 = VECTOR('',#3274,1.);
#3274 = DIRECTION('',(-1.224646799147E-16,-1.,0.));
#3275 = ORIENTED_EDGE('',*,*,#3238,.T.);
#3276 = ORIENTED_EDGE('',*,*,#2552,.F.);
#3277 = PLANE('',#3278);
#3278 = AXIS2_PLACEMENT_3D('',#3279,#3280,#3281);
#3279 = CARTESIAN_POINT('',(2.72,0.32,-3.3));
#3280 = DIRECTION('',(0.707106781187,-8.486018839685E-17,-0.707106781187
    ));
#3281 = DIRECTION('',(1.212375546256E-16,1.,1.227125289196E-18));
#3282 = ADVANCED_FACE('',(#3283),#3294,.T.);
#3283 = FACE_BOUND('',#3284,.T.);
#3284 = EDGE_LOOP('',(#3285,#3286,#3292,#3293));
#3285 = ORIENTED_EDGE('',*,*,#3262,.F.);
#3286 = ORIENTED_EDGE('',*,*,#3287,.T.);
#3287 = EDGE_CURVE('',#3263,#3208,#3288,.T.);
#3288 = LINE('',#3289,#3290);
#3289 = CARTESIAN_POINT('',(2.82,0.12,-3.4));
#3290 = VECTOR('',#3291,1.);
#3291 = DIRECTION('',(-1.,1.224646799147E-16,0.));
#3292 = ORIENTED_EDGE('',*,*,#3207,.T.);
#3293 = ORIENTED_EDGE('',*,*,#2579,.F.);
#3294 = PLANE('',#3295);
#3295 = AXIS2_PLACEMENT_3D('',#3296,#3297,#3298);
#3296 = CARTESIAN_POINT('',(2.82,0.22,-3.3));
#3297 = DIRECTION('',(8.486018839685E-17,0.707106781187,-0.707106781187)
  );
#3298 = DIRECTION('',(-1.,1.212375546256E-16,1.227125289196E-18));
#3299 = ADVANCED_FACE('',(#3300),#3341,.F.);
#3300 = FACE_BOUND('',#3301,.T.);
#3301 = EDGE_LOOP('',(#3302,#3312,#3320,#3328,#3334,#3335));
#3302 = ORIENTED_EDGE('',*,*,#3303,.F.);
#3303 = EDGE_CURVE('',#3304,#3306,#3308,.T.);
#3304 = VERTEX_POINT('',#3305);
#3305 = CARTESIAN_POINT('',(4.88,0.12,-3.4));
#3306 = VERTEX_POINT('',#3307);
#3307 = CARTESIAN_POINT('',(4.682447406934,0.351192514695,
    -3.202447406934));
#3308 = LINE('',#3309,#3310);
#3309 = CARTESIAN_POINT('',(4.846150901889,0.159613036666,
    -3.366150901889));
#3310 = VECTOR('',#3311,1.);
#3311 = DIRECTION('',(-0.544770019249,0.63753529491,0.544770019249));
#3312 = ORIENTED_EDGE('',*,*,#3313,.T.);
#3313 = EDGE_CURVE('',#3304,#3314,#3316,.T.);
#3314 = VERTEX_POINT('',#3315);
#3315 = CARTESIAN_POINT('',(4.88,-0.12,-3.4));
#3316 = LINE('',#3317,#3318);
#3317 = CARTESIAN_POINT('',(4.88,0.32,-3.4));
#3318 = VECTOR('',#3319,1.);
#3319 = DIRECTION('',(-1.224646799147E-16,-1.,0.));
#3320 = ORIENTED_EDGE('',*,*,#3321,.T.);
#3321 = EDGE_CURVE('',#3314,#3322,#3324,.T.);
#3322 = VERTEX_POINT('',#3323);
#3323 = CARTESIAN_POINT('',(4.682447406934,-0.288807485305,
    -3.202447406934));
#3324 = LINE('',#3325,#3326);
#3325 = CARTESIAN_POINT('',(4.961511443392,-5.034896900541E-02,
    -3.481511443392));
#3326 = VECTOR('',#3327,1.);
#3327 = DIRECTION('',(-0.605209817607,-0.517148096144,0.605209817607));
#3328 = ORIENTED_EDGE('',*,*,#3329,.T.);
#3329 = EDGE_CURVE('',#3322,#2596,#3330,.T.);
#3330 = LINE('',#3331,#3332);
#3331 = CARTESIAN_POINT('',(4.914309165527,-0.325417236662,
    -3.434309165527));
#3332 = VECTOR('',#3333,1.);
#3333 = DIRECTION('',(-0.702740385383,0.110959008218,0.702740385383));
#3334 = ORIENTED_EDGE('',*,*,#2593,.F.);
#3335 = ORIENTED_EDGE('',*,*,#3336,.F.);
#3336 = EDGE_CURVE('',#3306,#2594,#3337,.T.);
#3337 = LINE('',#3338,#3339);
#3338 = CARTESIAN_POINT('',(4.458413132695,0.386566347469,
    -2.978413132695));
#3339 = VECTOR('',#3340,1.);
#3340 = DIRECTION('',(-0.702740385383,0.110959008218,0.702740385383));
#3341 = PLANE('',#3342);
#3342 = AXIS2_PLACEMENT_3D('',#3343,#3344,#3345);
#3343 = CARTESIAN_POINT('',(4.78,0.32,-3.3));
#3344 = DIRECTION('',(0.707106781187,-8.833102285013E-17,0.707106781187)
  );
#3345 = DIRECTION('',(1.236918052038E-16,1.,1.227125289097E-18));
#3346 = ADVANCED_FACE('',(#3347),#3372,.F.);
#3347 = FACE_BOUND('',#3348,.F.);
#3348 = EDGE_LOOP('',(#3349,#3350,#3356,#3357,#3358,#3366));
#3349 = ORIENTED_EDGE('',*,*,#2722,.F.);
#3350 = ORIENTED_EDGE('',*,*,#3351,.T.);
#3351 = EDGE_CURVE('',#2715,#2635,#3352,.T.);
#3352 = LINE('',#3353,#3354);
#3353 = CARTESIAN_POINT('',(5.32,0.62,-1.5));
#3354 = VECTOR('',#3355,1.);
#3355 = DIRECTION('',(-1.,1.224646799147E-16,0.));
#3356 = ORIENTED_EDGE('',*,*,#2642,.T.);
#3357 = ORIENTED_EDGE('',*,*,#3336,.F.);
#3358 = ORIENTED_EDGE('',*,*,#3359,.F.);
#3359 = EDGE_CURVE('',#3360,#3306,#3362,.T.);
#3360 = VERTEX_POINT('',#3361);
#3361 = CARTESIAN_POINT('',(5.317552593066,0.351192514695,
    -3.202447406934));
#3362 = LINE('',#3363,#3364);
#3363 = CARTESIAN_POINT('',(5.32,0.351192514695,-3.202447406934));
#3364 = VECTOR('',#3365,1.);
#3365 = DIRECTION('',(-1.,1.224646799147E-16,0.));
#3366 = ORIENTED_EDGE('',*,*,#3367,.T.);
#3367 = EDGE_CURVE('',#3360,#2681,#3368,.T.);
#3368 = LINE('',#3369,#3370);
#3369 = CARTESIAN_POINT('',(5.699616963064,0.411518467852,
    -2.820383036936));
#3370 = VECTOR('',#3371,1.);
#3371 = DIRECTION('',(0.702740385383,0.110959008218,0.702740385383));
#3372 = PLANE('',#3373);
#3373 = AXIS2_PLACEMENT_3D('',#3374,#3375,#3376);
#3374 = CARTESIAN_POINT('',(5.32,0.62,-1.5));
#3375 = DIRECTION('',(-1.209660753807E-16,-0.987762965329,0.155962573473
    ));
#3376 = DIRECTION('',(-1.909990663905E-17,-0.155962573473,
    -0.987762965329));
#3377 = ADVANCED_FACE('',(#3378),#3384,.F.);
#3378 = FACE_BOUND('',#3379,.F.);
#3379 = EDGE_LOOP('',(#3380,#3381,#3382,#3383));
#3380 = ORIENTED_EDGE('',*,*,#2739,.T.);
#3381 = ORIENTED_EDGE('',*,*,#2634,.T.);
#3382 = ORIENTED_EDGE('',*,*,#3351,.F.);
#3383 = ORIENTED_EDGE('',*,*,#2714,.F.);
#3384 = PLANE('',#3385);
#3385 = AXIS2_PLACEMENT_3D('',#3386,#3387,#3388);
#3386 = CARTESIAN_POINT('',(5.32,0.32,-0.9));
#3387 = DIRECTION('',(-1.095357396528E-16,-0.894427191,-0.4472135955));
#3388 = DIRECTION('',(5.476786982641E-17,0.4472135955,-0.894427191));
#3389 = ADVANCED_FACE('',(#3390),#3401,.F.);
#3390 = FACE_BOUND('',#3391,.F.);
#3391 = EDGE_LOOP('',(#3392,#3398,#3399,#3400));
#3392 = ORIENTED_EDGE('',*,*,#3393,.T.);
#3393 = EDGE_CURVE('',#2691,#2604,#3394,.T.);
#3394 = LINE('',#3395,#3396);
#3395 = CARTESIAN_POINT('',(5.32,-2.E-02,-1.5));
#3396 = VECTOR('',#3397,1.);
#3397 = DIRECTION('',(-1.,1.224646799147E-16,0.));
#3398 = ORIENTED_EDGE('',*,*,#2611,.T.);
#3399 = ORIENTED_EDGE('',*,*,#2664,.F.);
#3400 = ORIENTED_EDGE('',*,*,#2698,.F.);
#3401 = PLANE('',#3402);
#3402 = AXIS2_PLACEMENT_3D('',#3403,#3404,#3405);
#3403 = CARTESIAN_POINT('',(5.32,-2.E-02,-1.5));
#3404 = DIRECTION('',(1.095357396528E-16,0.894427191,0.4472135955));
#3405 = DIRECTION('',(-5.476786982641E-17,-0.4472135955,0.894427191));
#3406 = ADVANCED_FACE('',(#3407),#3427,.F.);
#3407 = FACE_BOUND('',#3408,.F.);
#3408 = EDGE_LOOP('',(#3409,#3410,#3418,#3424,#3425,#3426));
#3409 = ORIENTED_EDGE('',*,*,#2690,.F.);
#3410 = ORIENTED_EDGE('',*,*,#3411,.F.);
#3411 = EDGE_CURVE('',#3412,#2683,#3414,.T.);
#3412 = VERTEX_POINT('',#3413);
#3413 = CARTESIAN_POINT('',(5.317552593066,-0.288807485305,
    -3.202447406934));
#3414 = LINE('',#3415,#3416);
#3415 = CARTESIAN_POINT('',(5.243720930233,-0.300465116279,
    -3.276279069767));
#3416 = VECTOR('',#3417,1.);
#3417 = DIRECTION('',(0.702740385383,0.110959008218,0.702740385383));
#3418 = ORIENTED_EDGE('',*,*,#3419,.T.);
#3419 = EDGE_CURVE('',#3412,#3322,#3420,.T.);
#3420 = LINE('',#3421,#3422);
#3421 = CARTESIAN_POINT('',(5.32,-0.288807485305,-3.202447406934));
#3422 = VECTOR('',#3423,1.);
#3423 = DIRECTION('',(-1.,1.224646799147E-16,0.));
#3424 = ORIENTED_EDGE('',*,*,#3329,.T.);
#3425 = ORIENTED_EDGE('',*,*,#2603,.T.);
#3426 = ORIENTED_EDGE('',*,*,#3393,.F.);
#3427 = PLANE('',#3428);
#3428 = AXIS2_PLACEMENT_3D('',#3429,#3430,#3431);
#3429 = CARTESIAN_POINT('',(5.32,-0.32,-3.4));
#3430 = DIRECTION('',(1.209660753807E-16,0.987762965329,-0.155962573473)
  );
#3431 = DIRECTION('',(1.909990663905E-17,0.155962573473,0.987762965329)
  );
#3432 = ADVANCED_FACE('',(#3433),#3460,.T.);
#3433 = FACE_BOUND('',#3434,.F.);
#3434 = EDGE_LOOP('',(#3435,#3443,#3451,#3457,#3458,#3459));
#3435 = ORIENTED_EDGE('',*,*,#3436,.F.);
#3436 = EDGE_CURVE('',#3437,#3360,#3439,.T.);
#3437 = VERTEX_POINT('',#3438);
#3438 = CARTESIAN_POINT('',(5.12,0.12,-3.4));
#3439 = LINE('',#3440,#3441);
#3440 = CARTESIAN_POINT('',(5.24881689775,0.270752273427,-3.27118310225)
  );
#3441 = VECTOR('',#3442,1.);
#3442 = DIRECTION('',(0.544770019249,0.63753529491,0.544770019249));
#3443 = ORIENTED_EDGE('',*,*,#3444,.T.);
#3444 = EDGE_CURVE('',#3437,#3445,#3447,.T.);
#3445 = VERTEX_POINT('',#3446);
#3446 = CARTESIAN_POINT('',(5.12,-0.12,-3.4));
#3447 = LINE('',#3448,#3449);
#3448 = CARTESIAN_POINT('',(5.12,0.32,-3.4));
#3449 = VECTOR('',#3450,1.);
#3450 = DIRECTION('',(-1.224646799147E-16,-1.,0.));
#3451 = ORIENTED_EDGE('',*,*,#3452,.T.);
#3452 = EDGE_CURVE('',#3445,#3412,#3453,.T.);
#3453 = LINE('',#3454,#3455);
#3454 = CARTESIAN_POINT('',(5.155697812072,-0.150503562587,
    -3.364302187928));
#3455 = VECTOR('',#3456,1.);
#3456 = DIRECTION('',(0.605209817607,-0.517148096144,0.605209817607));
#3457 = ORIENTED_EDGE('',*,*,#3411,.T.);
#3458 = ORIENTED_EDGE('',*,*,#2680,.F.);
#3459 = ORIENTED_EDGE('',*,*,#3367,.F.);
#3460 = PLANE('',#3461);
#3461 = AXIS2_PLACEMENT_3D('',#3462,#3463,#3464);
#3462 = CARTESIAN_POINT('',(5.22,0.32,-3.3));
#3463 = DIRECTION('',(0.707106781187,-8.486018839685E-17,-0.707106781187
    ));
#3464 = DIRECTION('',(1.212375546256E-16,1.,1.227125289196E-18));
#3465 = ADVANCED_FACE('',(#3466),#3472,.F.);
#3466 = FACE_BOUND('',#3467,.F.);
#3467 = EDGE_LOOP('',(#3468,#3469,#3470,#3471));
#3468 = ORIENTED_EDGE('',*,*,#2761,.T.);
#3469 = ORIENTED_EDGE('',*,*,#2833,.F.);
#3470 = ORIENTED_EDGE('',*,*,#2809,.F.);
#3471 = ORIENTED_EDGE('',*,*,#2794,.T.);
#3472 = PLANE('',#3473);
#3473 = AXIS2_PLACEMENT_3D('',#3474,#3475,#3476);
#3474 = CARTESIAN_POINT('',(0.32,-0.32,6.5));
#3475 = DIRECTION('',(-0.,0.,-1.));
#3476 = DIRECTION('',(1.224646799147E-16,1.,0.));
#3477 = ADVANCED_FACE('',(#3478),#3484,.F.);
#3478 = FACE_BOUND('',#3479,.F.);
#3479 = EDGE_LOOP('',(#3480,#3481,#3482,#3483));
#3480 = ORIENTED_EDGE('',*,*,#2857,.T.);
#3481 = ORIENTED_EDGE('',*,*,#2929,.F.);
#3482 = ORIENTED_EDGE('',*,*,#2905,.F.);
#3483 = ORIENTED_EDGE('',*,*,#2890,.T.);
#3484 = PLANE('',#3485);
#3485 = AXIS2_PLACEMENT_3D('',#3486,#3487,#3488);
#3486 = CARTESIAN_POINT('',(5.32,-0.32,6.5));
#3487 = DIRECTION('',(-0.,0.,-1.));
#3488 = DIRECTION('',(1.224646799147E-16,1.,0.));
#3489 = ADVANCED_FACE('',(#3490),#3496,.F.);
#3490 = FACE_BOUND('',#3491,.F.);
#3491 = EDGE_LOOP('',(#3492,#3493,#3494,#3495));
#3492 = ORIENTED_EDGE('',*,*,#3025,.F.);
#3493 = ORIENTED_EDGE('',*,*,#3001,.F.);
#3494 = ORIENTED_EDGE('',*,*,#2986,.T.);
#3495 = ORIENTED_EDGE('',*,*,#2953,.T.);
#3496 = PLANE('',#3497);
#3497 = AXIS2_PLACEMENT_3D('',#3498,#3499,#3500);
#3498 = CARTESIAN_POINT('',(2.82,-0.32,6.5));
#3499 = DIRECTION('',(-0.,0.,-1.));
#3500 = DIRECTION('',(1.224646799147E-16,1.,0.));
#3501 = ADVANCED_FACE('',(#3502),#3513,.T.);
#3502 = FACE_BOUND('',#3503,.T.);
#3503 = EDGE_LOOP('',(#3504,#3505,#3511,#3512));
#3504 = ORIENTED_EDGE('',*,*,#3174,.F.);
#3505 = ORIENTED_EDGE('',*,*,#3506,.T.);
#3506 = EDGE_CURVE('',#3175,#3042,#3507,.T.);
#3507 = LINE('',#3508,#3509);
#3508 = CARTESIAN_POINT('',(0.32,0.12,-3.4));
#3509 = VECTOR('',#3510,1.);
#3510 = DIRECTION('',(-1.,1.224646799147E-16,0.));
#3511 = ORIENTED_EDGE('',*,*,#3041,.T.);
#3512 = ORIENTED_EDGE('',*,*,#3097,.F.);
#3513 = PLANE('',#3514);
#3514 = AXIS2_PLACEMENT_3D('',#3515,#3516,#3517);
#3515 = CARTESIAN_POINT('',(0.32,0.235596257347,-3.301223703467));
#3516 = DIRECTION('',(8.302774088379E-17,0.64962967394,-0.760250805153)
  );
#3517 = DIRECTION('',(-1.,1.247195775152E-16,-2.638869166629E-18));
#3518 = ADVANCED_FACE('',(#3519),#3530,.F.);
#3519 = FACE_BOUND('',#3520,.F.);
#3520 = EDGE_LOOP('',(#3521,#3522,#3523,#3529));
#3521 = ORIENTED_EDGE('',*,*,#3506,.T.);
#3522 = ORIENTED_EDGE('',*,*,#3051,.T.);
#3523 = ORIENTED_EDGE('',*,*,#3524,.F.);
#3524 = EDGE_CURVE('',#3183,#3052,#3525,.T.);
#3525 = LINE('',#3526,#3527);
#3526 = CARTESIAN_POINT('',(0.32,-0.12,-3.4));
#3527 = VECTOR('',#3528,1.);
#3528 = DIRECTION('',(-1.,1.224646799147E-16,0.));
#3529 = ORIENTED_EDGE('',*,*,#3182,.F.);
#3530 = PLANE('',#3531);
#3531 = AXIS2_PLACEMENT_3D('',#3532,#3533,#3534);
#3532 = CARTESIAN_POINT('',(0.32,0.32,-3.4));
#3533 = DIRECTION('',(0.,0.,1.));
#3534 = DIRECTION('',(-1.224646799147E-16,-1.,0.));
#3535 = ADVANCED_FACE('',(#3536),#3542,.T.);
#3536 = FACE_BOUND('',#3537,.F.);
#3537 = EDGE_LOOP('',(#3538,#3539,#3540,#3541));
#3538 = ORIENTED_EDGE('',*,*,#3190,.F.);
#3539 = ORIENTED_EDGE('',*,*,#3524,.T.);
#3540 = ORIENTED_EDGE('',*,*,#3059,.T.);
#3541 = ORIENTED_EDGE('',*,*,#3157,.F.);
#3542 = PLANE('',#3543);
#3543 = AXIS2_PLACEMENT_3D('',#3544,#3545,#3546);
#3544 = CARTESIAN_POINT('',(0.32,-0.204403742653,-3.301223703467));
#3545 = DIRECTION('',(-9.310387150808E-17,-0.760250805153,-0.64962967394
    ));
#3546 = DIRECTION('',(1.,-1.224646799148E-16,-5.515863360725E-29));
#3547 = ADVANCED_FACE('',(#3548),#3554,.F.);
#3548 = FACE_BOUND('',#3549,.F.);
#3549 = EDGE_LOOP('',(#3550,#3551,#3552,#3553));
#3550 = ORIENTED_EDGE('',*,*,#3270,.F.);
#3551 = ORIENTED_EDGE('',*,*,#3287,.T.);
#3552 = ORIENTED_EDGE('',*,*,#3215,.T.);
#3553 = ORIENTED_EDGE('',*,*,#3246,.F.);
#3554 = PLANE('',#3555);
#3555 = AXIS2_PLACEMENT_3D('',#3556,#3557,#3558);
#3556 = CARTESIAN_POINT('',(2.82,0.32,-3.4));
#3557 = DIRECTION('',(0.,0.,1.));
#3558 = DIRECTION('',(-1.224646799147E-16,-1.,0.));
#3559 = ADVANCED_FACE('',(#3560),#3571,.T.);
#3560 = FACE_BOUND('',#3561,.T.);
#3561 = EDGE_LOOP('',(#3562,#3563,#3569,#3570));
#3562 = ORIENTED_EDGE('',*,*,#3436,.F.);
#3563 = ORIENTED_EDGE('',*,*,#3564,.T.);
#3564 = EDGE_CURVE('',#3437,#3304,#3565,.T.);
#3565 = LINE('',#3566,#3567);
#3566 = CARTESIAN_POINT('',(5.32,0.12,-3.4));
#3567 = VECTOR('',#3568,1.);
#3568 = DIRECTION('',(-1.,1.224646799147E-16,0.));
#3569 = ORIENTED_EDGE('',*,*,#3303,.T.);
#3570 = ORIENTED_EDGE('',*,*,#3359,.F.);
#3571 = PLANE('',#3572);
#3572 = AXIS2_PLACEMENT_3D('',#3573,#3574,#3575);
#3573 = CARTESIAN_POINT('',(5.32,0.235596257347,-3.301223703467));
#3574 = DIRECTION('',(8.302774088379E-17,0.64962967394,-0.760250805153)
  );
#3575 = DIRECTION('',(-1.,1.247195775152E-16,-2.638869166629E-18));
#3576 = ADVANCED_FACE('',(#3577),#3588,.F.);
#3577 = FACE_BOUND('',#3578,.F.);
#3578 = EDGE_LOOP('',(#3579,#3580,#3581,#3587));
#3579 = ORIENTED_EDGE('',*,*,#3564,.T.);
#3580 = ORIENTED_EDGE('',*,*,#3313,.T.);
#3581 = ORIENTED_EDGE('',*,*,#3582,.F.);
#3582 = EDGE_CURVE('',#3445,#3314,#3583,.T.);
#3583 = LINE('',#3584,#3585);
#3584 = CARTESIAN_POINT('',(5.32,-0.12,-3.4));
#3585 = VECTOR('',#3586,1.);
#3586 = DIRECTION('',(-1.,1.224646799147E-16,0.));
#3587 = ORIENTED_EDGE('',*,*,#3444,.F.);
#3588 = PLANE('',#3589);
#3589 = AXIS2_PLACEMENT_3D('',#3590,#3591,#3592);
#3590 = CARTESIAN_POINT('',(5.32,0.32,-3.4));
#3591 = DIRECTION('',(0.,0.,1.));
#3592 = DIRECTION('',(-1.224646799147E-16,-1.,0.));
#3593 = ADVANCED_FACE('',(#3594),#3600,.T.);
#3594 = FACE_BOUND('',#3595,.F.);
#3595 = EDGE_LOOP('',(#3596,#3597,#3598,#3599));
#3596 = ORIENTED_EDGE('',*,*,#3452,.F.);
#3597 = ORIENTED_EDGE('',*,*,#3582,.T.);
#3598 = ORIENTED_EDGE('',*,*,#3321,.T.);
#3599 = ORIENTED_EDGE('',*,*,#3419,.F.);
#3600 = PLANE('',#3601);
#3601 = AXIS2_PLACEMENT_3D('',#3602,#3603,#3604);
#3602 = CARTESIAN_POINT('',(5.32,-0.204403742653,-3.301223703467));
#3603 = DIRECTION('',(-9.310387150808E-17,-0.760250805153,-0.64962967394
    ));
#3604 = DIRECTION('',(1.,-1.224646799148E-16,-5.515863360725E-29));
#3605 = ( GEOMETRIC_REPRESENTATION_CONTEXT(3) 
GLOBAL_UNCERTAINTY_ASSIGNED_CONTEXT((#3609)) 
GLOBAL_UNIT_ASSIGNED_CONTEXT((#3606,#3607,#3608)) REPRESENTATION_CONTEXT
('Context #1','3D Context with UNIT and UNCERTAINTY') );
#3606 = ( LENGTH_UNIT() NAMED_UNIT(*) SI_UNIT(.MILLI.,.METRE.) );
#3607 = ( NAMED_UNIT(*) PLANE_ANGLE_UNIT() SI_UNIT($,.RADIAN.) );
#3608 = ( NAMED_UNIT(*) SI_UNIT($,.STERADIAN.) SOLID_ANGLE_UNIT() );
#3609 = UNCERTAINTY_MEASURE_WITH_UNIT(LENGTH_MEASURE(1.E-07),#3606,
  'distance_accuracy_value','confusion accuracy');
#3610 = CONTEXT_DEPENDENT_SHAPE_REPRESENTATION(#3611,#3613);
#3611 = ( REPRESENTATION_RELATIONSHIP('','',#83,#60) 
REPRESENTATION_RELATIONSHIP_WITH_TRANSFORMATION(#3612) 
SHAPE_REPRESENTATION_RELATIONSHIP() );
#3612 = ITEM_DEFINED_TRANSFORMATION('','',#11,#61);
#3613 = PRODUCT_DEFINITION_SHAPE('Placement','Placement of an item',
  #3614);
#3614 = NEXT_ASSEMBLY_USAGE_OCCURRENCE('1','=>[0:1:1:3]','',#55,#78,$);
#3615 = PRODUCT_RELATED_PRODUCT_CATEGORY('part',$,(#80));
#3616 = SHAPE_DEFINITION_REPRESENTATION(#3617,#3623);
#3617 = PRODUCT_DEFINITION_SHAPE('','',#3618);
#3618 = PRODUCT_DEFINITION('design','',#3619,#3622);
#3619 = PRODUCT_DEFINITION_FORMATION('','',#3620);
#3620 = PRODUCT('R_Axial_DIN0207_L6.3mm_D2.5mm_P7.62mm_Horizontal',
  'R_Axial_DIN0207_L6.3mm_D2.5mm_P7.62mm_Horizontal','',(#3621));
#3621 = PRODUCT_CONTEXT('',#2,'mechanical');
#3622 = PRODUCT_DEFINITION_CONTEXT('part definition',#2,'design');
#3623 = SHAPE_REPRESENTATION('',(#11,#3624),#3628);
#3624 = AXIS2_PLACEMENT_3D('',#3625,#3626,#3627);
#3625 = CARTESIAN_POINT('',(0.,0.,0.));
#3626 = DIRECTION('',(0.,0.,1.));
#3627 = DIRECTION('',(1.,0.,-0.));
#3628 = ( GEOMETRIC_REPRESENTATION_CONTEXT(3) 
GLOBAL_UNCERTAINTY_ASSIGNED_CONTEXT((#3632)) 
GLOBAL_UNIT_ASSIGNED_CONTEXT((#3629,#3630,#3631)) REPRESENTATION_CONTEXT
('Context #1','3D Context with UNIT and UNCERTAINTY') );
#3629 = ( LENGTH_UNIT() NAMED_UNIT(*) SI_UNIT(.MILLI.,.METRE.) );
#3630 = ( NAMED_UNIT(*) PLANE_ANGLE_UNIT() SI_UNIT($,.RADIAN.) );
#3631 = ( NAMED_UNIT(*) SI_UNIT($,.STERADIAN.) SOLID_ANGLE_UNIT() );
#3632 = UNCERTAINTY_MEASURE_WITH_UNIT(LENGTH_MEASURE(1.E-07),#3629,
  'distance_accuracy_value','confusion accuracy');
#3633 = CONTEXT_DEPENDENT_SHAPE_REPRESENTATION(#3634,#3636);
#3634 = ( REPRESENTATION_RELATIONSHIP('','',#3623,#10) 
REPRESENTATION_RELATIONSHIP_WITH_TRANSFORMATION(#3635) 
SHAPE_REPRESENTATION_RELATIONSHIP() );
#3635 = ITEM_DEFINED_TRANSFORMATION('','',#11,#19);
#3636 = PRODUCT_DEFINITION_SHAPE('Placement','Placement of an item',
  #3637);
#3637 = NEXT_ASSEMBLY_USAGE_OCCURRENCE('4','R1','',#5,#3618,$);
#3638 = PRODUCT_RELATED_PRODUCT_CATEGORY('part',$,(#3620));
#3639 = SHAPE_DEFINITION_REPRESENTATION(#3640,#3646);
#3640 = PRODUCT_DEFINITION_SHAPE('','',#3641);
#3641 = PRODUCT_DEFINITION('design','',#3642,#3645);
#3642 = PRODUCT_DEFINITION_FORMATION('','',#3643);
#3643 = PRODUCT('R_Axial_DIN0207_L63mm_D25mm_P762mm_Horizontal',
  'R_Axial_DIN0207_L63mm_D25mm_P762mm_Horizontal','',(#3644));
#3644 = PRODUCT_CONTEXT('',#2,'mechanical');
#3645 = PRODUCT_DEFINITION_CONTEXT('part definition',#2,'design');
#3646 = ADVANCED_BREP_SHAPE_REPRESENTATION('',(#11,#3647),#4310);
#3647 = MANIFOLD_SOLID_BREP('',#3648);
#3648 = CLOSED_SHELL('',(#3649,#3682,#3708,#3728,#3911,#3936,#3962,#3982
    ,#4007,#4032,#4041,#4067,#4250,#4276,#4301));
#3649 = ADVANCED_FACE('',(#3650),#3677,.T.);
#3650 = FACE_BOUND('',#3651,.T.);
#3651 = EDGE_LOOP('',(#3652,#3661,#3669,#3676));
#3652 = ORIENTED_EDGE('',*,*,#3653,.T.);
#3653 = EDGE_CURVE('',#3654,#3654,#3656,.T.);
#3654 = VERTEX_POINT('',#3655);
#3655 = CARTESIAN_POINT('',(1.285,1.25,1.25));
#3656 = CIRCLE('',#3657,1.25);
#3657 = AXIS2_PLACEMENT_3D('',#3658,#3659,#3660);
#3658 = CARTESIAN_POINT('',(1.285,0.,1.25));
#3659 = DIRECTION('',(1.,0.,0.));
#3660 = DIRECTION('',(-0.,1.,0.));
#3661 = ORIENTED_EDGE('',*,*,#3662,.T.);
#3662 = EDGE_CURVE('',#3654,#3663,#3665,.T.);
#3663 = VERTEX_POINT('',#3664);
#3664 = CARTESIAN_POINT('',(2.235,1.25,1.25));
#3665 = LINE('',#3666,#3667);
#3666 = CARTESIAN_POINT('',(0.66,1.25,1.25));
#3667 = VECTOR('',#3668,1.);
#3668 = DIRECTION('',(1.,0.,0.));
#3669 = ORIENTED_EDGE('',*,*,#3670,.F.);
#3670 = EDGE_CURVE('',#3663,#3663,#3671,.T.);
#3671 = CIRCLE('',#3672,1.25);
#3672 = AXIS2_PLACEMENT_3D('',#3673,#3674,#3675);
#3673 = CARTESIAN_POINT('',(2.235,0.,1.25));
#3674 = DIRECTION('',(1.,0.,0.));
#3675 = DIRECTION('',(-0.,1.,0.));
#3676 = ORIENTED_EDGE('',*,*,#3662,.F.);
#3677 = CYLINDRICAL_SURFACE('',#3678,1.25);
#3678 = AXIS2_PLACEMENT_3D('',#3679,#3680,#3681);
#3679 = CARTESIAN_POINT('',(0.66,0.,1.25));
#3680 = DIRECTION('',(-1.,-0.,-0.));
#3681 = DIRECTION('',(0.,1.,0.));
#3682 = ADVANCED_FACE('',(#3683),#3703,.T.);
#3683 = FACE_BOUND('',#3684,.T.);
#3684 = EDGE_LOOP('',(#3685,#3694,#3701,#3702));
#3685 = ORIENTED_EDGE('',*,*,#3686,.T.);
#3686 = EDGE_CURVE('',#3687,#3687,#3689,.T.);
#3687 = VERTEX_POINT('',#3688);
#3688 = CARTESIAN_POINT('',(0.66,0.625,1.25));
#3689 = CIRCLE('',#3690,0.625);
#3690 = AXIS2_PLACEMENT_3D('',#3691,#3692,#3693);
#3691 = CARTESIAN_POINT('',(0.66,0.,1.25));
#3692 = DIRECTION('',(1.,0.,0.));
#3693 = DIRECTION('',(-0.,1.,0.));
#3694 = ORIENTED_EDGE('',*,*,#3695,.F.);
#3695 = EDGE_CURVE('',#3654,#3687,#3696,.T.);
#3696 = CIRCLE('',#3697,0.625);
#3697 = AXIS2_PLACEMENT_3D('',#3698,#3699,#3700);
#3698 = CARTESIAN_POINT('',(1.285,0.625,1.25));
#3699 = DIRECTION('',(0.,-0.,1.));
#3700 = DIRECTION('',(0.,1.,0.));
#3701 = ORIENTED_EDGE('',*,*,#3653,.F.);
#3702 = ORIENTED_EDGE('',*,*,#3695,.T.);
#3703 = TOROIDAL_SURFACE('',#3704,0.625,0.625);
#3704 = AXIS2_PLACEMENT_3D('',#3705,#3706,#3707);
#3705 = CARTESIAN_POINT('',(1.285,0.,1.25));
#3706 = DIRECTION('',(-1.,0.,0.));
#3707 = DIRECTION('',(0.,1.,0.));
#3708 = ADVANCED_FACE('',(#3709,#3712),#3723,.F.);
#3709 = FACE_BOUND('',#3710,.F.);
#3710 = EDGE_LOOP('',(#3711));
#3711 = ORIENTED_EDGE('',*,*,#3670,.F.);
#3712 = FACE_BOUND('',#3713,.F.);
#3713 = EDGE_LOOP('',(#3714));
#3714 = ORIENTED_EDGE('',*,*,#3715,.F.);
#3715 = EDGE_CURVE('',#3716,#3716,#3718,.T.);
#3716 = VERTEX_POINT('',#3717);
#3717 = CARTESIAN_POINT('',(2.235,1.125,1.25));
#3718 = CIRCLE('',#3719,1.125);
#3719 = AXIS2_PLACEMENT_3D('',#3720,#3721,#3722);
#3720 = CARTESIAN_POINT('',(2.235,0.,1.25));
#3721 = DIRECTION('',(-1.,0.,0.));
#3722 = DIRECTION('',(0.,1.,0.));
#3723 = PLANE('',#3724);
#3724 = AXIS2_PLACEMENT_3D('',#3725,#3726,#3727);
#3725 = CARTESIAN_POINT('',(2.235,1.25,1.25));
#3726 = DIRECTION('',(-1.,0.,0.));
#3727 = DIRECTION('',(0.,0.,-1.));
#3728 = ADVANCED_FACE('',(#3729,#3732),#3906,.T.);
#3729 = FACE_BOUND('',#3730,.T.);
#3730 = EDGE_LOOP('',(#3731));
#3731 = ORIENTED_EDGE('',*,*,#3686,.F.);
#3732 = FACE_BOUND('',#3733,.T.);
#3733 = EDGE_LOOP('',(#3734));
#3734 = ORIENTED_EDGE('',*,*,#3735,.F.);
#3735 = EDGE_CURVE('',#3736,#3736,#3738,.T.);
#3736 = VERTEX_POINT('',#3737);
#3737 = CARTESIAN_POINT('',(0.66,1.102182119233E-16,0.899909083395));
#3738 = B_SPLINE_CURVE_WITH_KNOTS('',6,(#3739,#3740,#3741,#3742,#3743,
    #3744,#3745,#3746,#3747,#3748,#3749,#3750,#3751,#3752,#3753,#3754,
    #3755,#3756,#3757,#3758,#3759,#3760,#3761,#3762,#3763,#3764,#3765,
    #3766,#3767,#3768,#3769,#3770,#3771,#3772,#3773,#3774,#3775,#3776,
    #3777,#3778,#3779,#3780,#3781,#3782,#3783,#3784,#3785,#3786,#3787,
    #3788,#3789,#3790,#3791,#3792,#3793,#3794,#3795,#3796,#3797,#3798,
    #3799,#3800,#3801,#3802,#3803,#3804,#3805,#3806,#3807,#3808,#3809,
    #3810,#3811,#3812,#3813,#3814,#3815,#3816,#3817,#3818,#3819,#3820,
    #3821,#3822,#3823,#3824,#3825,#3826,#3827,#3828,#3829,#3830,#3831,
    #3832,#3833,#3834,#3835,#3836,#3837,#3838,#3839,#3840,#3841,#3842,
    #3843,#3844,#3845,#3846,#3847,#3848,#3849,#3850,#3851,#3852,#3853,
    #3854,#3855,#3856,#3857,#3858,#3859,#3860,#3861,#3862,#3863,#3864,
    #3865,#3866,#3867,#3868,#3869,#3870,#3871,#3872,#3873,#3874,#3875,
    #3876,#3877,#3878,#3879,#3880,#3881,#3882,#3883,#3884,#3885,#3886,
    #3887,#3888,#3889,#3890,#3891,#3892,#3893,#3894,#3895,#3896,#3897,
    #3898,#3899,#3900,#3901,#3902,#3903,#3904,#3905),.UNSPECIFIED.,.T.,
  .F.,(1,6,5,5,5,5,5,5,5,5,5,5,5,5,5,5,5,5,5,5,5,5,5,5,5,5,5,5,5,5,5,5,5
    ,5,6,1),(-3.7441643477E-02,0.,2.521870323933E-02,5.431496394384E-02,
    8.648919549843E-02,0.120700162351,0.155854554579,0.191019956077,
    0.22552099352,0.258944151729,0.291091798271,0.321919308947,
    0.351475044446,0.379851974729,0.407153625953,0.43347490921,
    0.458900868731,0.483545347382,0.505902822615,0.530283950565,
    0.555351989471,0.581274789002,0.608140584187,0.636038742308,
    0.665070462617,0.695336577837,0.72690990423,0.759792997252,
    0.79386262098,0.828806470397,0.864066503475,0.898816439436,
    0.932013287381,0.962558356523,1.,1.025218703239),.UNSPECIFIED.);
#3739 = CARTESIAN_POINT('',(0.66,0.,0.899909083395));
#3740 = CARTESIAN_POINT('',(0.66,-9.861963323296E-03,0.899909084471));
#3741 = CARTESIAN_POINT('',(0.66,-1.960383099012E-02,0.900333558971));
#3742 = CARTESIAN_POINT('',(0.66,-2.90667633729E-02,0.901163095205));
#3743 = CARTESIAN_POINT('',(0.66,-3.818473840012E-02,0.902336888075));
#3744 = CARTESIAN_POINT('',(0.66,-4.697555886318E-02,0.903805406252));
#3745 = CARTESIAN_POINT('',(0.66,-6.541217845247E-02,0.907588617289));
#3746 = CARTESIAN_POINT('',(0.66,-7.491989955217E-02,0.909985996381));
#3747 = CARTESIAN_POINT('',(0.66,-8.408858685729E-02,0.912709602459));
#3748 = CARTESIAN_POINT('',(0.66,-9.29431150905E-02,0.915726339128));
#3749 = CARTESIAN_POINT('',(0.66,-0.101504886237,0.919011492948));
#3750 = CARTESIAN_POINT('',(0.66,-0.118958160976,0.926453793498));
#3751 = CARTESIAN_POINT('',(0.66,-0.127787740677,0.930666021227));
#3752 = CARTESIAN_POINT('',(0.66,-0.136306213845,0.935155972835));
#3753 = CARTESIAN_POINT('',(0.66,-0.144532125259,0.939904061777));
#3754 = CARTESIAN_POINT('',(0.66,-0.152479834979,0.944895594586));
#3755 = CARTESIAN_POINT('',(0.66,-0.168328675181,0.955672717204));
#3756 = CARTESIAN_POINT('',(0.66,-0.176194628708,0.961488338811));
#3757 = CARTESIAN_POINT('',(0.66,-0.183772627725,0.967551590964));
#3758 = CARTESIAN_POINT('',(0.66,-0.191071921446,0.973851630909));
#3759 = CARTESIAN_POINT('',(0.66,-0.19809849539,0.980379998969));
#3760 = CARTESIAN_POINT('',(0.66,-0.211800252103,0.99406561399));
#3761 = CARTESIAN_POINT('',(0.66,-0.218460183619,1.001235038361));
#3762 = CARTESIAN_POINT('',(0.66,-0.224839916669,1.008630424477));
#3763 = CARTESIAN_POINT('',(0.66,-0.230940302033,1.016245317007));
#3764 = CARTESIAN_POINT('',(0.66,-0.236759778797,1.024074009311));
#3765 = CARTESIAN_POINT('',(0.66,-0.247832030244,1.040150827903));
#3766 = CARTESIAN_POINT('',(0.66,-0.253084597548,1.048398894868));
#3767 = CARTESIAN_POINT('',(0.66,-0.258049056373,1.056850063306));
#3768 = CARTESIAN_POINT('',(0.66,-0.262719990238,1.065498702059));
#3769 = CARTESIAN_POINT('',(0.66,-0.267090249501,1.07433884651));
#3770 = CARTESIAN_POINT('',(0.66,-0.275134936213,1.092219038761));
#3771 = CARTESIAN_POINT('',(0.66,-0.278821023102,1.101251941956));
#3772 = CARTESIAN_POINT('',(0.66,-0.282200792082,1.110456832947));
#3773 = CARTESIAN_POINT('',(0.66,-0.285264705632,1.119826546568));
#3774 = CARTESIAN_POINT('',(0.66,-0.288002108658,1.129352827713));
#3775 = CARTESIAN_POINT('',(0.66,-0.29272539517,1.148397615962));
#3776 = CARTESIAN_POINT('',(0.66,-0.29473218058,1.157906910826));
#3777 = CARTESIAN_POINT('',(0.66,-0.296410836061,1.167545600214));
#3778 = CARTESIAN_POINT('',(0.66,-0.297750151594,1.177303530334));
#3779 = CARTESIAN_POINT('',(0.66,-0.298738455802,1.187169009313));
#3780 = CARTESIAN_POINT('',(0.66,-0.299964918417,1.206708514181));
#3781 = CARTESIAN_POINT('',(0.66,-0.300230384291,1.216375379318));
#3782 = CARTESIAN_POINT('',(0.66,-0.300149186912,1.226117491764));
#3783 = CARTESIAN_POINT('',(0.66,-0.299710710819,1.235921272022));
#3784 = CARTESIAN_POINT('',(0.66,-0.298904551758,1.245771471938));
#3785 = CARTESIAN_POINT('',(0.66,-0.296585103724,1.265125169703));
#3786 = CARTESIAN_POINT('',(0.66,-0.295102339165,1.274626258325));
#3787 = CARTESIAN_POINT('',(0.66,-0.293263240337,1.284139377081));
#3788 = CARTESIAN_POINT('',(0.66,-0.291059628806,1.293647957516));
#3789 = CARTESIAN_POINT('',(0.66,-0.288484130363,1.303133926208));
#3790 = CARTESIAN_POINT('',(0.66,-0.282698083788,1.321631884472));
#3791 = CARTESIAN_POINT('',(0.66,-0.279518227914,1.330647303479));
#3792 = CARTESIAN_POINT('',(0.66,-0.275984860345,1.33960658093));
#3793 = CARTESIAN_POINT('',(0.66,-0.272093455342,1.348491200819));
#3794 = CARTESIAN_POINT('',(0.66,-0.267840708483,1.357281511993));
#3795 = CARTESIAN_POINT('',(0.66,-0.258792476906,1.374285940745));
#3796 = CARTESIAN_POINT('',(0.66,-0.254025481533,1.382509111114));
#3797 = CARTESIAN_POINT('',(0.66,-0.248921768643,1.390607755283));
#3798 = CARTESIAN_POINT('',(0.66,-0.243480982245,1.398562700734));
#3799 = CARTESIAN_POINT('',(0.66,-0.237704192262,1.406354086406));
#3800 = CARTESIAN_POINT('',(0.66,-0.22571513259,1.421280378602));
#3801 = CARTESIAN_POINT('',(0.66,-0.219527706492,1.428429037341));
#3802 = CARTESIAN_POINT('',(0.66,-0.213033892817,1.435388992124));
#3803 = CARTESIAN_POINT('',(0.66,-0.206237433156,1.442141613477));
#3804 = CARTESIAN_POINT('',(0.66,-0.199143534101,1.448667989237));
#3805 = CARTESIAN_POINT('',(0.66,-0.184639374507,1.46100431938));
#3806 = CARTESIAN_POINT('',(0.66,-0.177249666015,1.466831638372));
#3807 = CARTESIAN_POINT('',(0.66,-0.169595736209,1.472413656662));
#3808 = CARTESIAN_POINT('',(0.66,-0.161685054894,1.477733175901));
#3809 = CARTESIAN_POINT('',(0.66,-0.153526567249,1.482773024258));
#3810 = CARTESIAN_POINT('',(0.66,-0.137020407721,1.492097753386));
#3811 = CARTESIAN_POINT('',(0.66,-0.128688747003,1.496402530856));
#3812 = CARTESIAN_POINT('',(0.66,-0.12014499879,1.500414878928));
#3813 = CARTESIAN_POINT('',(0.66,-0.111400259626,1.504119593216));
#3814 = CARTESIAN_POINT('',(0.66,-0.102467435485,1.507501774849));
#3815 = CARTESIAN_POINT('',(0.66,-8.453493192811E-02,1.513498294635));
#3816 = CARTESIAN_POINT('',(0.66,-7.554639694304E-02,1.516132890753));
#3817 = CARTESIAN_POINT('',(0.66,-6.64085144705E-02,1.518437847791));
#3818 = CARTESIAN_POINT('',(0.66,-5.713783351899E-02,1.520400106432));
#3819 = CARTESIAN_POINT('',(0.66,-4.775488525608E-02,1.522007764907));
#3820 = CARTESIAN_POINT('',(0.66,-2.969295309097E-02,1.524379864025));
#3821 = CARTESIAN_POINT('',(0.66,-2.102888075484E-02,1.525208782901));
#3822 = CARTESIAN_POINT('',(0.66,-1.231401679426E-02,1.525730893697));
#3823 = CARTESIAN_POINT('',(0.66,-3.572675622322E-03,1.525941364018));
#3824 = CARTESIAN_POINT('',(0.66,5.168222805428E-03,1.525838983228));
#3825 = CARTESIAN_POINT('',(0.66,2.337847467049E-02,1.524978205181));
#3826 = CARTESIAN_POINT('',(0.66,3.284375814827E-02,1.524161190409));
#3827 = CARTESIAN_POINT('',(0.66,4.224166817951E-02,1.522980309203));
#3828 = CARTESIAN_POINT('',(0.66,5.154498116248E-02,1.52144453626));
#3829 = CARTESIAN_POINT('',(0.66,6.073223707979E-02,1.519565307122));
#3830 = CARTESIAN_POINT('',(0.66,7.909772773064E-02,1.515080653378));
#3831 = CARTESIAN_POINT('',(0.66,8.826753248322E-02,1.512456350085));
#3832 = CARTESIAN_POINT('',(0.66,9.727917108862E-02,1.509494369221));
#3833 = CARTESIAN_POINT('',(0.66,0.106117308319,1.506208374239));
#3834 = CARTESIAN_POINT('',(0.66,0.114768939441,1.502612541932));
#3835 = CARTESIAN_POINT('',(0.66,0.131966117695,1.494697909774));
#3836 = CARTESIAN_POINT('',(0.66,0.140497702999,1.490358571609));
#3837 = CARTESIAN_POINT('',(0.66,0.148806061897,1.485719660214));
#3838 = CARTESIAN_POINT('',(0.66,0.156880650792,1.480797427009));
#3839 = CARTESIAN_POINT('',(0.66,0.164712466725,1.47560826256));
#3840 = CARTESIAN_POINT('',(0.66,0.180151423764,1.464531255078));
#3841 = CARTESIAN_POINT('',(0.66,0.187739958872,1.458624810593));
#3842 = CARTESIAN_POINT('',(0.66,0.195051326582,1.452467732556));
#3843 = CARTESIAN_POINT('',(0.66,0.202078661493,1.446078253645));
#3844 = CARTESIAN_POINT('',(0.66,0.208816558921,1.439474469779));
#3845 = CARTESIAN_POINT('',(0.66,0.221953232148,1.425612904145));
#3846 = CARTESIAN_POINT('',(0.66,0.228328983313,1.41833967682));
#3847 = CARTESIAN_POINT('',(0.66,0.234383958936,1.410874731309));
#3848 = CARTESIAN_POINT('',(0.66,0.240115246881,1.403237638329));
#3849 = CARTESIAN_POINT('',(0.66,0.245521392347,1.395447466144));
#3850 = CARTESIAN_POINT('',(0.66,0.255889855564,1.379276097975));
#3851 = CARTESIAN_POINT('',(0.66,0.260825146013,1.370883681886));
#3852 = CARTESIAN_POINT('',(0.66,0.265408341569,1.362366377835));
#3853 = CARTESIAN_POINT('',(0.66,0.269640849736,1.353744088225));
#3854 = CARTESIAN_POINT('',(0.66,0.273525413156,1.345035772328));
#3855 = CARTESIAN_POINT('',(0.66,0.280757352367,1.327109961101));
#3856 = CARTESIAN_POINT('',(0.66,0.284074759274,1.317886517643));
#3857 = CARTESIAN_POINT('',(0.66,0.287023012024,1.308609403309));
#3858 = CARTESIAN_POINT('',(0.66,0.289607802772,1.299297542852));
#3859 = CARTESIAN_POINT('',(0.66,0.291835834134,1.289968498384));
#3860 = CARTESIAN_POINT('',(0.66,0.295674958709,1.270905470981));
#3861 = CARTESIAN_POINT('',(0.66,0.297255116553,1.261171411794));
#3862 = CARTESIAN_POINT('',(0.66,0.298464074992,1.251454521799));
#3863 = CARTESIAN_POINT('',(0.66,0.299311100714,1.241771401083));
#3864 = CARTESIAN_POINT('',(0.66,0.299805944827,1.232137019844));
#3865 = CARTESIAN_POINT('',(0.66,0.30011808361,1.212595326012));
#3866 = CARTESIAN_POINT('',(0.66,0.299906283631,1.202693348802));
#3867 = CARTESIAN_POINT('',(0.66,0.299334987113,1.192873693594));
#3868 = CARTESIAN_POINT('',(0.66,0.298415571185,1.183149633751));
#3869 = CARTESIAN_POINT('',(0.66,0.297159245916,1.173532809156));
#3870 = CARTESIAN_POINT('',(0.66,0.293937772017,1.154190866917));
#3871 = CARTESIAN_POINT('',(0.66,0.291948568133,1.144474505513));
#3872 = CARTESIAN_POINT('',(0.66,0.289621677512,1.134895129825));
#3873 = CARTESIAN_POINT('',(0.66,0.286968496105,1.125462405282));
#3874 = CARTESIAN_POINT('',(0.66,0.283999580964,1.116184674916));
#3875 = CARTESIAN_POINT('',(0.66,0.277365684897,1.097719334783));
#3876 = CARTESIAN_POINT('',(0.66,0.273684712853,1.08854034335));
#3877 = CARTESIAN_POINT('',(0.66,0.269692176119,1.079539433524));
#3878 = CARTESIAN_POINT('',(0.66,0.265397048483,1.07072335418));
#3879 = CARTESIAN_POINT('',(0.66,0.260806835513,1.062098154612));
#3880 = CARTESIAN_POINT('',(0.66,0.251004164416,1.045163946312));
#3881 = CARTESIAN_POINT('',(0.66,0.245786379559,1.036858764173));
#3882 = CARTESIAN_POINT('',(0.66,0.240280407048,1.028758964174));
#3883 = CARTESIAN_POINT('',(0.66,0.234490342534,1.020870115558));
#3884 = CARTESIAN_POINT('',(0.66,0.228418190257,1.013198030747));
#3885 = CARTESIAN_POINT('',(0.66,0.215801462132,0.998407266407));
#3886 = CARTESIAN_POINT('',(0.66,0.209265037039,0.991282398269));
#3887 = CARTESIAN_POINT('',(0.66,0.202454011648,0.98438004474));
#3888 = CARTESIAN_POINT('',(0.66,0.195365844133,0.977707070031));
#3889 = CARTESIAN_POINT('',(0.66,0.187995125017,0.971271927442));
#3890 = CARTESIAN_POINT('',(0.66,0.173012685338,0.959175110633));
#3891 = CARTESIAN_POINT('',(0.66,0.165426730288,0.953491920673));
#3892 = CARTESIAN_POINT('',(0.66,0.157566473117,0.948044968651));
#3893 = CARTESIAN_POINT('',(0.66,0.149421191466,0.9428457983));
#3894 = CARTESIAN_POINT('',(0.66,0.140976348171,0.937909629891));
#3895 = CARTESIAN_POINT('',(0.66,0.124148062588,0.928975570166));
#3896 = CARTESIAN_POINT('',(0.66,0.115814079383,0.924934455913));
#3897 = CARTESIAN_POINT('',(0.66,0.107194119667,0.921149233675));
#3898 = CARTESIAN_POINT('',(0.66,9.826941158436E-02,0.91763978502));
#3899 = CARTESIAN_POINT('',(0.66,8.901687105598E-02,0.914432779149));
#3900 = CARTESIAN_POINT('',(0.66,6.762842160337E-02,0.908048369916));
#3901 = CARTESIAN_POINT('',(0.66,5.540310162877E-02,0.905067930004));
#3902 = CARTESIAN_POINT('',(0.66,4.253150709481E-02,0.902628405907));
#3903 = CARTESIAN_POINT('',(0.66,2.893757304003E-02,0.900850137762));
#3904 = CARTESIAN_POINT('',(0.66,1.468319780375E-02,0.899909084997));
#3905 = CARTESIAN_POINT('',(0.66,0.,0.899909083395));
#3906 = PLANE('',#3907);
#3907 = AXIS2_PLACEMENT_3D('',#3908,#3909,#3910);
#3908 = CARTESIAN_POINT('',(0.66,1.25,1.25));
#3909 = DIRECTION('',(-1.,0.,0.));
#3910 = DIRECTION('',(0.,0.,-1.));
#3911 = ADVANCED_FACE('',(#3912),#3931,.T.);
#3912 = FACE_BOUND('',#3913,.T.);
#3913 = EDGE_LOOP('',(#3914,#3923,#3929,#3930));
#3914 = ORIENTED_EDGE('',*,*,#3915,.T.);
#3915 = EDGE_CURVE('',#3916,#3916,#3918,.T.);
#3916 = VERTEX_POINT('',#3917);
#3917 = CARTESIAN_POINT('',(5.385,1.125,1.25));
#3918 = CIRCLE('',#3919,1.125);
#3919 = AXIS2_PLACEMENT_3D('',#3920,#3921,#3922);
#3920 = CARTESIAN_POINT('',(5.385,0.,1.25));
#3921 = DIRECTION('',(-1.,0.,0.));
#3922 = DIRECTION('',(0.,1.,0.));
#3923 = ORIENTED_EDGE('',*,*,#3924,.F.);
#3924 = EDGE_CURVE('',#3716,#3916,#3925,.T.);
#3925 = LINE('',#3926,#3927);
#3926 = CARTESIAN_POINT('',(0.66,1.125,1.25));
#3927 = VECTOR('',#3928,1.);
#3928 = DIRECTION('',(1.,0.,0.));
#3929 = ORIENTED_EDGE('',*,*,#3715,.F.);
#3930 = ORIENTED_EDGE('',*,*,#3924,.T.);
#3931 = CYLINDRICAL_SURFACE('',#3932,1.125);
#3932 = AXIS2_PLACEMENT_3D('',#3933,#3934,#3935);
#3933 = CARTESIAN_POINT('',(0.66,0.,1.25));
#3934 = DIRECTION('',(-1.,-0.,-0.));
#3935 = DIRECTION('',(0.,1.,0.));
#3936 = ADVANCED_FACE('',(#3937),#3957,.T.);
#3937 = FACE_BOUND('',#3938,.T.);
#3938 = EDGE_LOOP('',(#3939,#3948,#3955,#3956));
#3939 = ORIENTED_EDGE('',*,*,#3940,.T.);
#3940 = EDGE_CURVE('',#3941,#3941,#3943,.T.);
#3941 = VERTEX_POINT('',#3942);
#3942 = CARTESIAN_POINT('',(0.3,0.,0.35));
#3943 = CIRCLE('',#3944,0.3);
#3944 = AXIS2_PLACEMENT_3D('',#3945,#3946,#3947);
#3945 = CARTESIAN_POINT('',(0.,0.,0.35));
#3946 = DIRECTION('',(0.,0.,1.));
#3947 = DIRECTION('',(1.,0.,-0.));
#3948 = ORIENTED_EDGE('',*,*,#3949,.T.);
#3949 = EDGE_CURVE('',#3941,#3736,#3950,.T.);
#3950 = CIRCLE('',#3951,0.6);
#3951 = AXIS2_PLACEMENT_3D('',#3952,#3953,#3954);
#3952 = CARTESIAN_POINT('',(0.9,1.102182119233E-16,0.35));
#3953 = DIRECTION('',(0.,1.,-0.));
#3954 = DIRECTION('',(-1.,0.,4.93432455389E-16));
#3955 = ORIENTED_EDGE('',*,*,#3735,.T.);
#3956 = ORIENTED_EDGE('',*,*,#3949,.F.);
#3957 = TOROIDAL_SURFACE('',#3958,0.9,0.3);
#3958 = AXIS2_PLACEMENT_3D('',#3959,#3960,#3961);
#3959 = CARTESIAN_POINT('',(0.9,0.,0.35));
#3960 = DIRECTION('',(0.,1.,0.));
#3961 = DIRECTION('',(-1.,0.,4.93432455389E-16));
#3962 = ADVANCED_FACE('',(#3963,#3974),#3977,.T.);
#3963 = FACE_BOUND('',#3964,.T.);
#3964 = EDGE_LOOP('',(#3965));
#3965 = ORIENTED_EDGE('',*,*,#3966,.F.);
#3966 = EDGE_CURVE('',#3967,#3967,#3969,.T.);
#3967 = VERTEX_POINT('',#3968);
#3968 = CARTESIAN_POINT('',(5.385,1.25,1.25));
#3969 = CIRCLE('',#3970,1.25);
#3970 = AXIS2_PLACEMENT_3D('',#3971,#3972,#3973);
#3971 = CARTESIAN_POINT('',(5.385,0.,1.25));
#3972 = DIRECTION('',(1.,0.,0.));
#3973 = DIRECTION('',(-0.,1.,0.));
#3974 = FACE_BOUND('',#3975,.T.);
#3975 = EDGE_LOOP('',(#3976));
#3976 = ORIENTED_EDGE('',*,*,#3915,.F.);
#3977 = PLANE('',#3978);
#3978 = AXIS2_PLACEMENT_3D('',#3979,#3980,#3981);
#3979 = CARTESIAN_POINT('',(5.385,1.25,1.25));
#3980 = DIRECTION('',(-1.,0.,0.));
#3981 = DIRECTION('',(0.,0.,-1.));
#3982 = ADVANCED_FACE('',(#3983),#4002,.T.);
#3983 = FACE_BOUND('',#3984,.T.);
#3984 = EDGE_LOOP('',(#3985,#3993,#3994,#3995));
#3985 = ORIENTED_EDGE('',*,*,#3986,.T.);
#3986 = EDGE_CURVE('',#3987,#3941,#3989,.T.);
#3987 = VERTEX_POINT('',#3988);
#3988 = CARTESIAN_POINT('',(0.3,-7.347880794884E-17,-3.));
#3989 = LINE('',#3990,#3991);
#3990 = CARTESIAN_POINT('',(0.3,0.,-3.));
#3991 = VECTOR('',#3992,1.);
#3992 = DIRECTION('',(0.,0.,1.));
#3993 = ORIENTED_EDGE('',*,*,#3940,.F.);
#3994 = ORIENTED_EDGE('',*,*,#3986,.F.);
#3995 = ORIENTED_EDGE('',*,*,#3996,.T.);
#3996 = EDGE_CURVE('',#3987,#3987,#3997,.T.);
#3997 = CIRCLE('',#3998,0.3);
#3998 = AXIS2_PLACEMENT_3D('',#3999,#4000,#4001);
#3999 = CARTESIAN_POINT('',(0.,0.,-3.));
#4000 = DIRECTION('',(0.,0.,1.));
#4001 = DIRECTION('',(1.,0.,-0.));
#4002 = CYLINDRICAL_SURFACE('',#4003,0.3);
#4003 = AXIS2_PLACEMENT_3D('',#4004,#4005,#4006);
#4004 = CARTESIAN_POINT('',(0.,0.,-3.));
#4005 = DIRECTION('',(0.,0.,1.));
#4006 = DIRECTION('',(1.,0.,-0.));
#4007 = ADVANCED_FACE('',(#4008),#4027,.T.);
#4008 = FACE_BOUND('',#4009,.T.);
#4009 = EDGE_LOOP('',(#4010,#4011,#4019,#4026));
#4010 = ORIENTED_EDGE('',*,*,#3966,.T.);
#4011 = ORIENTED_EDGE('',*,*,#4012,.T.);
#4012 = EDGE_CURVE('',#3967,#4013,#4015,.T.);
#4013 = VERTEX_POINT('',#4014);
#4014 = CARTESIAN_POINT('',(6.335,1.25,1.25));
#4015 = LINE('',#4016,#4017);
#4016 = CARTESIAN_POINT('',(5.385,1.25,1.25));
#4017 = VECTOR('',#4018,1.);
#4018 = DIRECTION('',(1.,0.,0.));
#4019 = ORIENTED_EDGE('',*,*,#4020,.F.);
#4020 = EDGE_CURVE('',#4013,#4013,#4021,.T.);
#4021 = CIRCLE('',#4022,1.25);
#4022 = AXIS2_PLACEMENT_3D('',#4023,#4024,#4025);
#4023 = CARTESIAN_POINT('',(6.335,0.,1.25));
#4024 = DIRECTION('',(1.,0.,0.));
#4025 = DIRECTION('',(-0.,1.,0.));
#4026 = ORIENTED_EDGE('',*,*,#4012,.F.);
#4027 = CYLINDRICAL_SURFACE('',#4028,1.25);
#4028 = AXIS2_PLACEMENT_3D('',#4029,#4030,#4031);
#4029 = CARTESIAN_POINT('',(5.385,0.,1.25));
#4030 = DIRECTION('',(-1.,-0.,-0.));
#4031 = DIRECTION('',(0.,1.,0.));
#4032 = ADVANCED_FACE('',(#4033),#4036,.T.);
#4033 = FACE_BOUND('',#4034,.F.);
#4034 = EDGE_LOOP('',(#4035));
#4035 = ORIENTED_EDGE('',*,*,#3996,.T.);
#4036 = PLANE('',#4037);
#4037 = AXIS2_PLACEMENT_3D('',#4038,#4039,#4040);
#4038 = CARTESIAN_POINT('',(0.3,0.,-3.));
#4039 = DIRECTION('',(0.,0.,-1.));
#4040 = DIRECTION('',(-1.,0.,0.));
#4041 = ADVANCED_FACE('',(#4042),#4062,.T.);
#4042 = FACE_BOUND('',#4043,.T.);
#4043 = EDGE_LOOP('',(#4044,#4053,#4054,#4055));
#4044 = ORIENTED_EDGE('',*,*,#4045,.F.);
#4045 = EDGE_CURVE('',#4013,#4046,#4048,.T.);
#4046 = VERTEX_POINT('',#4047);
#4047 = CARTESIAN_POINT('',(6.96,0.625,1.25));
#4048 = CIRCLE('',#4049,0.625);
#4049 = AXIS2_PLACEMENT_3D('',#4050,#4051,#4052);
#4050 = CARTESIAN_POINT('',(6.335,0.625,1.25));
#4051 = DIRECTION('',(0.,0.,-1.));
#4052 = DIRECTION('',(0.,1.,0.));
#4053 = ORIENTED_EDGE('',*,*,#4020,.T.);
#4054 = ORIENTED_EDGE('',*,*,#4045,.T.);
#4055 = ORIENTED_EDGE('',*,*,#4056,.F.);
#4056 = EDGE_CURVE('',#4046,#4046,#4057,.T.);
#4057 = CIRCLE('',#4058,0.625);
#4058 = AXIS2_PLACEMENT_3D('',#4059,#4060,#4061);
#4059 = CARTESIAN_POINT('',(6.96,0.,1.25));
#4060 = DIRECTION('',(1.,0.,0.));
#4061 = DIRECTION('',(-0.,1.,0.));
#4062 = TOROIDAL_SURFACE('',#4063,0.625,0.625);
#4063 = AXIS2_PLACEMENT_3D('',#4064,#4065,#4066);
#4064 = CARTESIAN_POINT('',(6.335,0.,1.25));
#4065 = DIRECTION('',(1.,0.,0.));
#4066 = DIRECTION('',(-0.,1.,0.));
#4067 = ADVANCED_FACE('',(#4068,#4071),#4245,.F.);
#4068 = FACE_BOUND('',#4069,.F.);
#4069 = EDGE_LOOP('',(#4070));
#4070 = ORIENTED_EDGE('',*,*,#4056,.F.);
#4071 = FACE_BOUND('',#4072,.F.);
#4072 = EDGE_LOOP('',(#4073));
#4073 = ORIENTED_EDGE('',*,*,#4074,.F.);
#4074 = EDGE_CURVE('',#4075,#4075,#4077,.T.);
#4075 = VERTEX_POINT('',#4076);
#4076 = CARTESIAN_POINT('',(6.96,1.102182119233E-16,0.899909083395));
#4077 = B_SPLINE_CURVE_WITH_KNOTS('',6,(#4078,#4079,#4080,#4081,#4082,
    #4083,#4084,#4085,#4086,#4087,#4088,#4089,#4090,#4091,#4092,#4093,
    #4094,#4095,#4096,#4097,#4098,#4099,#4100,#4101,#4102,#4103,#4104,
    #4105,#4106,#4107,#4108,#4109,#4110,#4111,#4112,#4113,#4114,#4115,
    #4116,#4117,#4118,#4119,#4120,#4121,#4122,#4123,#4124,#4125,#4126,
    #4127,#4128,#4129,#4130,#4131,#4132,#4133,#4134,#4135,#4136,#4137,
    #4138,#4139,#4140,#4141,#4142,#4143,#4144,#4145,#4146,#4147,#4148,
    #4149,#4150,#4151,#4152,#4153,#4154,#4155,#4156,#4157,#4158,#4159,
    #4160,#4161,#4162,#4163,#4164,#4165,#4166,#4167,#4168,#4169,#4170,
    #4171,#4172,#4173,#4174,#4175,#4176,#4177,#4178,#4179,#4180,#4181,
    #4182,#4183,#4184,#4185,#4186,#4187,#4188,#4189,#4190,#4191,#4192,
    #4193,#4194,#4195,#4196,#4197,#4198,#4199,#4200,#4201,#4202,#4203,
    #4204,#4205,#4206,#4207,#4208,#4209,#4210,#4211,#4212,#4213,#4214,
    #4215,#4216,#4217,#4218,#4219,#4220,#4221,#4222,#4223,#4224,#4225,
    #4226,#4227,#4228,#4229,#4230,#4231,#4232,#4233,#4234,#4235,#4236,
    #4237,#4238,#4239,#4240,#4241,#4242,#4243,#4244),.UNSPECIFIED.,.T.,
  .F.,(1,6,5,5,5,5,5,5,5,5,5,5,5,5,5,5,5,5,5,5,5,5,5,5,5,5,5,5,5,5,5,5,5
    ,5,6,1),(-3.7454922963E-02,0.,2.522151735631E-02,5.431626764274E-02,
    8.648932873413E-02,0.120698905604,0.15585219498,0.191016701755,
    0.225517033144,0.258939642143,0.291086884381,0.32191412294,
    0.351469698498,0.379846555914,0.407148198058,0.433469525493,
    0.458895614127,0.483540398702,0.505898369155,0.530279933853,
    0.555348100008,0.581270886766,0.608136607836,0.636034631737,
    0.665066137875,0.695331933304,0.726904811218,0.759787311372,
    0.793856187529,0.828799116201,0.864057997078,0.898806507422,
    0.932001552493,0.962545077037,1.,1.025221517356),.UNSPECIFIED.);
#4078 = CARTESIAN_POINT('',(6.96,0.,0.899909083395));
#4079 = CARTESIAN_POINT('',(6.96,-9.860167462582E-03,0.89990896861));
#4080 = CARTESIAN_POINT('',(6.96,-1.96044152314E-02,0.900333777569));
#4081 = CARTESIAN_POINT('',(6.96,-2.906856746895E-02,0.901162791225));
#4082 = CARTESIAN_POINT('',(6.96,-3.818494668051E-02,0.902337445313));
#4083 = CARTESIAN_POINT('',(6.96,-4.697397432956E-02,0.903804960014));
#4084 = CARTESIAN_POINT('',(6.96,-6.54122858756E-02,0.907588661461));
#4085 = CARTESIAN_POINT('',(6.96,-7.491985816654E-02,0.909985989386));
#4086 = CARTESIAN_POINT('',(6.96,-8.408849098391E-02,0.912709553602));
#4087 = CARTESIAN_POINT('',(6.96,-9.294310465939E-02,0.915726321464));
#4088 = CARTESIAN_POINT('',(6.96,-0.10150496885,0.919011549987));
#4089 = CARTESIAN_POINT('',(6.96,-0.118958221281,0.926453836747));
#4090 = CARTESIAN_POINT('',(6.96,-0.127787715696,0.930666010737));
#4091 = CARTESIAN_POINT('',(6.96,-0.136306161655,0.935155928941));
#4092 = CARTESIAN_POINT('',(6.96,-0.144532121634,0.939904049757));
#4093 = CARTESIAN_POINT('',(6.96,-0.152479877126,0.944895641374));
#4094 = CARTESIAN_POINT('',(6.96,-0.168328600516,0.955672815412));
#4095 = CARTESIAN_POINT('',(6.96,-0.176194773963,0.961488214941));
#4096 = CARTESIAN_POINT('',(6.96,-0.183772608747,0.967551566344));
#4097 = CARTESIAN_POINT('',(6.96,-0.191071765541,0.973851742068));
#4098 = CARTESIAN_POINT('',(6.96,-0.198098606692,0.980379951052));
#4099 = CARTESIAN_POINT('',(6.96,-0.211800202804,0.994065659178));
#4100 = CARTESIAN_POINT('',(6.96,-0.218460270558,1.001234983766));
#4101 = CARTESIAN_POINT('',(6.96,-0.224839910615,1.00863041136));
#4102 = CARTESIAN_POINT('',(6.96,-0.230940211566,1.016245364777));
#4103 = CARTESIAN_POINT('',(6.96,-0.236759839456,1.024073990789));
#4104 = CARTESIAN_POINT('',(6.96,-0.247832003876,1.040150861324));
#4105 = CARTESIAN_POINT('',(6.96,-0.253084568675,1.048398903269));
#4106 = CARTESIAN_POINT('',(6.96,-0.258049049185,1.05685004652));
#4107 = CARTESIAN_POINT('',(6.96,-0.2627200155,1.065498685566));
#4108 = CARTESIAN_POINT('',(6.96,-0.267090290802,1.074338848812));
#4109 = CARTESIAN_POINT('',(6.96,-0.275134913375,1.092219064394));
#4110 = CARTESIAN_POINT('',(6.96,-0.278821000575,1.10125194666));
#4111 = CARTESIAN_POINT('',(6.96,-0.282200788118,1.110456818481));
#4112 = CARTESIAN_POINT('',(6.96,-0.285264726102,1.119826534893));
#4113 = CARTESIAN_POINT('',(6.96,-0.288002139566,1.129352832871));
#4114 = CARTESIAN_POINT('',(6.96,-0.292725370416,1.148397637921));
#4115 = CARTESIAN_POINT('',(6.96,-0.29473215882,1.157906911838));
#4116 = CARTESIAN_POINT('',(6.96,-0.296410834199,1.16754558505));
#4117 = CARTESIAN_POINT('',(6.96,-0.297750172302,1.177303521997));
#4118 = CARTESIAN_POINT('',(6.96,-0.298738484134,1.187169019587));
#4119 = CARTESIAN_POINT('',(6.96,-0.29996489055,1.20670853133));
#4120 = CARTESIAN_POINT('',(6.96,-0.300230362775,1.216375375657));
#4121 = CARTESIAN_POINT('',(6.96,-0.300149187552,1.22611747583));
#4122 = CARTESIAN_POINT('',(6.96,-0.299710732489,1.235921267953));
#4123 = CARTESIAN_POINT('',(6.96,-0.298904577874,1.245771488577));
#4124 = CARTESIAN_POINT('',(6.96,-0.296585075031,1.265125180201));
#4125 = CARTESIAN_POINT('',(6.96,-0.295102319855,1.27462625024));
#4126 = CARTESIAN_POINT('',(6.96,-0.293263243612,1.284139361954));
#4127 = CARTESIAN_POINT('',(6.96,-0.29105964956,1.293647958229));
#4128 = CARTESIAN_POINT('',(6.96,-0.288484151749,1.303133947704));
#4129 = CARTESIAN_POINT('',(6.96,-0.282698057797,1.321631888118));
#4130 = CARTESIAN_POINT('',(6.96,-0.279518212828,1.330647292743));
#4131 = CARTESIAN_POINT('',(6.96,-0.275984865526,1.339606568389));
#4132 = CARTESIAN_POINT('',(6.96,-0.27209347283,1.348491205415));
#4133 = CARTESIAN_POINT('',(6.96,-0.26784072321,1.357281534804));
#4134 = CARTESIAN_POINT('',(6.96,-0.258792456003,1.374285939199));
#4135 = CARTESIAN_POINT('',(6.96,-0.254025471274,1.382509099941));
#4136 = CARTESIAN_POINT('',(6.96,-0.248921774536,1.390607746147));
#4137 = CARTESIAN_POINT('',(6.96,-0.24348099529,1.398562707415));
#4138 = CARTESIAN_POINT('',(6.96,-0.237704200488,1.406354107177));
#4139 = CARTESIAN_POINT('',(6.96,-0.225715116467,1.421280374005));
#4140 = CARTESIAN_POINT('',(6.96,-0.219527700064,1.428429026844));
#4141 = CARTESIAN_POINT('',(6.96,-0.213033898729,1.435388985848));
#4142 = CARTESIAN_POINT('',(6.96,-0.206237442407,1.442141620875));
#4143 = CARTESIAN_POINT('',(6.96,-0.199143537578,1.448668007007));
#4144 = CARTESIAN_POINT('',(6.96,-0.184639358866,1.461004311837));
#4145 = CARTESIAN_POINT('',(6.96,-0.177249661366,1.46683162664));
#4146 = CARTESIAN_POINT('',(6.96,-0.169595743404,1.472413651413));
#4147 = CARTESIAN_POINT('',(6.96,-0.161685063001,1.477733185029));
#4148 = CARTESIAN_POINT('',(6.96,-0.153526567552,1.482773042789));
#4149 = CARTESIAN_POINT('',(6.96,-0.137020377957,1.492097733275));
#4150 = CARTESIAN_POINT('',(6.96,-0.128688741655,1.496402506097));
#4151 = CARTESIAN_POINT('',(6.96,-0.120145015698,1.500414870926));
#4152 = CARTESIAN_POINT('',(6.96,-0.111400273136,1.504119613979));
#4153 = CARTESIAN_POINT('',(6.96,-0.102467429294,1.507501811642));
#4154 = CARTESIAN_POINT('',(6.96,-8.453487359643E-02,1.513498183633));
#4155 = CARTESIAN_POINT('',(6.96,-7.554644720911E-02,1.51613308184));
#4156 = CARTESIAN_POINT('',(6.96,-6.640854708582E-02,1.518437839156));
#4157 = CARTESIAN_POINT('',(6.96,-5.713780068804E-02,1.520399910874));
#4158 = CARTESIAN_POINT('',(6.96,-4.775487845774E-02,1.522007893513));
#4159 = CARTESIAN_POINT('',(6.96,-2.969292548283E-02,1.52437977876));
#4160 = CARTESIAN_POINT('',(6.96,-2.102889094976E-02,1.525208924822));
#4161 = CARTESIAN_POINT('',(6.96,-1.231404153143E-02,1.525730890851));
#4162 = CARTESIAN_POINT('',(6.96,-3.572679276074E-03,1.525941220805));
#4163 = CARTESIAN_POINT('',(6.96,5.168243033088E-03,1.52583907475));
#4164 = CARTESIAN_POINT('',(6.96,2.337844678287E-02,1.524978413229));
#4165 = CARTESIAN_POINT('',(6.96,3.284373024997E-02,1.524160868463));
#4166 = CARTESIAN_POINT('',(6.96,4.224172239025E-02,1.522980299422));
#4167 = CARTESIAN_POINT('',(6.96,5.154503802108E-02,1.521444853212));
#4168 = CARTESIAN_POINT('',(6.96,6.073215666605E-02,1.519565119195));
#4169 = CARTESIAN_POINT('',(6.96,7.909771199475E-02,1.515080715405));
#4170 = CARTESIAN_POINT('',(6.96,8.82675531125E-02,1.512456387335));
#4171 = CARTESIAN_POINT('',(6.96,9.727920151967E-02,1.509494357792));
#4172 = CARTESIAN_POINT('',(6.96,0.106117302403,1.506208331254));
#4173 = CARTESIAN_POINT('',(6.96,0.114768890523,1.502612503667));
#4174 = CARTESIAN_POINT('',(6.96,0.1319661163,1.494697932395));
#4175 = CARTESIAN_POINT('',(6.96,0.140497712216,1.490358583428));
#4176 = CARTESIAN_POINT('',(6.96,0.148806071355,1.485719654426));
#4177 = CARTESIAN_POINT('',(6.96,0.156880646133,1.480797412311));
#4178 = CARTESIAN_POINT('',(6.96,0.164712447986,1.475608252032));
#4179 = CARTESIAN_POINT('',(6.96,0.180151425777,1.46453127229));
#4180 = CARTESIAN_POINT('',(6.96,0.187739967164,1.45862481836));
#4181 = CARTESIAN_POINT('',(6.96,0.195051332691,1.452467727028));
#4182 = CARTESIAN_POINT('',(6.96,0.20207865613,1.446078243141));
#4183 = CARTESIAN_POINT('',(6.96,0.208816543867,1.439474464151));
#4184 = CARTESIAN_POINT('',(6.96,0.221953238059,1.425612923524));
#4185 = CARTESIAN_POINT('',(6.96,0.228328994524,1.418339683896));
#4186 = CARTESIAN_POINT('',(6.96,0.234383964852,1.410874723556));
#4187 = CARTESIAN_POINT('',(6.96,0.240115238483,1.403237627432));
#4188 = CARTESIAN_POINT('',(6.96,0.245521373748,1.395447463058));
#4189 = CARTESIAN_POINT('',(6.96,0.25588986733,1.379276120213));
#4190 = CARTESIAN_POINT('',(6.96,0.260825161615,1.370883687614));
#4191 = CARTESIAN_POINT('',(6.96,0.265408347201,1.362366366749));
#4192 = CARTESIAN_POINT('',(6.96,0.269640836772,1.353744077057));
#4193 = CARTESIAN_POINT('',(6.96,0.273525389215,1.345035773446));
#4194 = CARTESIAN_POINT('',(6.96,0.280757370989,1.327109983642));
#4195 = CARTESIAN_POINT('',(6.96,0.284074778857,1.317886520225));
#4196 = CARTESIAN_POINT('',(6.96,0.28702301626,1.308609389122));
#4197 = CARTESIAN_POINT('',(6.96,0.289607785113,1.29929753334));
#4198 = CARTESIAN_POINT('',(6.96,0.291835806202,1.289968505808));
#4199 = CARTESIAN_POINT('',(6.96,0.295674983107,1.270905490066));
#4200 = CARTESIAN_POINT('',(6.96,0.297255138129,1.261171409814));
#4201 = CARTESIAN_POINT('',(6.96,0.298464076807,1.251454505978));
#4202 = CARTESIAN_POINT('',(6.96,0.299311079865,1.241771395371));
#4203 = CARTESIAN_POINT('',(6.96,0.299805916194,1.232137034265));
#4204 = CARTESIAN_POINT('',(6.96,0.300118111197,1.212595339038));
#4205 = CARTESIAN_POINT('',(6.96,0.299906304864,1.202693342182));
#4206 = CARTESIAN_POINT('',(6.96,0.299334986276,1.192873677979));
#4207 = CARTESIAN_POINT('',(6.96,0.298415549391,1.183149632812));
#4208 = CARTESIAN_POINT('',(6.96,0.29715921972,1.173532829284));
#4209 = CARTESIAN_POINT('',(6.96,0.293937801394,1.154190874));
#4210 = CARTESIAN_POINT('',(6.96,0.291948588365,1.144474495238));
#4211 = CARTESIAN_POINT('',(6.96,0.28962167445,1.134895115228));
#4212 = CARTESIAN_POINT('',(6.96,0.286968474246,1.125462408515));
#4213 = CARTESIAN_POINT('',(6.96,0.283999557728,1.116184698885));
#4214 = CARTESIAN_POINT('',(6.96,0.277365720041,1.097719338125));
#4215 = CARTESIAN_POINT('',(6.96,0.273684735103,1.088540329457));
#4216 = CARTESIAN_POINT('',(6.96,0.269692170683,1.079539418357));
#4217 = CARTESIAN_POINT('',(6.96,0.265397023465,1.070723360764));
#4218 = CARTESIAN_POINT('',(6.96,0.260806811571,1.062098183552));
#4219 = CARTESIAN_POINT('',(6.96,0.251004219697,1.045163947022));
#4220 = CARTESIAN_POINT('',(6.96,0.245786411547,1.036858741787));
#4221 = CARTESIAN_POINT('',(6.96,0.240280395782,1.028758943151));
#4222 = CARTESIAN_POINT('',(6.96,0.234490304979,1.02087012779));
#4223 = CARTESIAN_POINT('',(6.96,0.22841815861,1.013198074729));
#4224 = CARTESIAN_POINT('',(6.96,0.215801547815,0.998407234883));
#4225 = CARTESIAN_POINT('',(6.96,0.209264913083,0.99128247471));
#4226 = CARTESIAN_POINT('',(6.96,0.202454000094,0.984380026053));
#4227 = CARTESIAN_POINT('',(6.96,0.195365961507,0.977706983911));
#4228 = CARTESIAN_POINT('',(6.96,0.187995061392,0.971271997058));
#4229 = CARTESIAN_POINT('',(6.96,0.173012837564,0.959175029375));
#4230 = CARTESIAN_POINT('',(6.96,0.165426529007,0.953492099376));
#4231 = CARTESIAN_POINT('',(6.96,0.157566437944,0.948044934321));
#4232 = CARTESIAN_POINT('',(6.96,0.149421373308,0.942845601948));
#4233 = CARTESIAN_POINT('',(6.96,0.140976264593,0.937909781461));
#4234 = CARTESIAN_POINT('',(6.96,0.124148131162,0.928975627958));
#4235 = CARTESIAN_POINT('',(6.96,0.115814071992,0.924934439518));
#4236 = CARTESIAN_POINT('',(6.96,0.107194037794,0.921149181784));
#4237 = CARTESIAN_POINT('',(6.96,9.826937450524E-02,0.917639774974));
#4238 = CARTESIAN_POINT('',(6.96,8.901696421491E-02,0.914432828225));
#4239 = CARTESIAN_POINT('',(6.96,6.762356037127E-02,0.908046964389));
#4240 = CARTESIAN_POINT('',(6.96,5.540377745077E-02,0.905068595899));
#4241 = CARTESIAN_POINT('',(6.96,4.253681255711E-02,0.902629529668));
#4242 = CARTESIAN_POINT('',(6.96,2.893994360873E-02,0.900849442899));
#4243 = CARTESIAN_POINT('',(6.96,1.46772221458E-02,0.899909046356));
#4244 = CARTESIAN_POINT('',(6.96,0.,0.899909083395));
#4245 = PLANE('',#4246);
#4246 = AXIS2_PLACEMENT_3D('',#4247,#4248,#4249);
#4247 = CARTESIAN_POINT('',(6.96,1.25,1.25));
#4248 = DIRECTION('',(-1.,0.,0.));
#4249 = DIRECTION('',(0.,0.,-1.));
#4250 = ADVANCED_FACE('',(#4251),#4271,.T.);
#4251 = FACE_BOUND('',#4252,.T.);
#4252 = EDGE_LOOP('',(#4253,#4254,#4263,#4270));
#4253 = ORIENTED_EDGE('',*,*,#4074,.F.);
#4254 = ORIENTED_EDGE('',*,*,#4255,.T.);
#4255 = EDGE_CURVE('',#4075,#4256,#4258,.T.);
#4256 = VERTEX_POINT('',#4257);
#4257 = CARTESIAN_POINT('',(7.32,0.,0.35));
#4258 = CIRCLE('',#4259,0.6);
#4259 = AXIS2_PLACEMENT_3D('',#4260,#4261,#4262);
#4260 = CARTESIAN_POINT('',(6.72,1.102182119233E-16,0.35));
#4261 = DIRECTION('',(0.,1.,0.));
#4262 = DIRECTION('',(0.,-0.,1.));
#4263 = ORIENTED_EDGE('',*,*,#4264,.T.);
#4264 = EDGE_CURVE('',#4256,#4256,#4265,.T.);
#4265 = CIRCLE('',#4266,0.3);
#4266 = AXIS2_PLACEMENT_3D('',#4267,#4268,#4269);
#4267 = CARTESIAN_POINT('',(7.62,0.,0.35));
#4268 = DIRECTION('',(3.828568698927E-16,-0.,1.));
#4269 = DIRECTION('',(1.,0.,-3.828568698927E-16));
#4270 = ORIENTED_EDGE('',*,*,#4255,.F.);
#4271 = TOROIDAL_SURFACE('',#4272,0.9,0.3);
#4272 = AXIS2_PLACEMENT_3D('',#4273,#4274,#4275);
#4273 = CARTESIAN_POINT('',(6.72,0.,0.35));
#4274 = DIRECTION('',(0.,1.,0.));
#4275 = DIRECTION('',(0.,-0.,1.));
#4276 = ADVANCED_FACE('',(#4277),#4296,.T.);
#4277 = FACE_BOUND('',#4278,.T.);
#4278 = EDGE_LOOP('',(#4279,#4287,#4294,#4295));
#4279 = ORIENTED_EDGE('',*,*,#4280,.T.);
#4280 = EDGE_CURVE('',#4256,#4281,#4283,.T.);
#4281 = VERTEX_POINT('',#4282);
#4282 = CARTESIAN_POINT('',(7.32,-7.347880794884E-17,-3.));
#4283 = LINE('',#4284,#4285);
#4284 = CARTESIAN_POINT('',(7.32,0.,0.35));
#4285 = VECTOR('',#4286,1.);
#4286 = DIRECTION('',(0.,0.,-1.));
#4287 = ORIENTED_EDGE('',*,*,#4288,.F.);
#4288 = EDGE_CURVE('',#4281,#4281,#4289,.T.);
#4289 = CIRCLE('',#4290,0.3);
#4290 = AXIS2_PLACEMENT_3D('',#4291,#4292,#4293);
#4291 = CARTESIAN_POINT('',(7.62,0.,-3.));
#4292 = DIRECTION('',(0.,0.,-1.));
#4293 = DIRECTION('',(-1.,0.,0.));
#4294 = ORIENTED_EDGE('',*,*,#4280,.F.);
#4295 = ORIENTED_EDGE('',*,*,#4264,.F.);
#4296 = CYLINDRICAL_SURFACE('',#4297,0.3);
#4297 = AXIS2_PLACEMENT_3D('',#4298,#4299,#4300);
#4298 = CARTESIAN_POINT('',(7.62,0.,0.35));
#4299 = DIRECTION('',(0.,0.,-1.));
#4300 = DIRECTION('',(-1.,0.,0.));
#4301 = ADVANCED_FACE('',(#4302),#4305,.F.);
#4302 = FACE_BOUND('',#4303,.T.);
#4303 = EDGE_LOOP('',(#4304));
#4304 = ORIENTED_EDGE('',*,*,#4288,.T.);
#4305 = PLANE('',#4306);
#4306 = AXIS2_PLACEMENT_3D('',#4307,#4308,#4309);
#4307 = CARTESIAN_POINT('',(7.32,0.,-3.));
#4308 = DIRECTION('',(0.,0.,1.));
#4309 = DIRECTION('',(1.,0.,-0.));
#4310 = ( GEOMETRIC_REPRESENTATION_CONTEXT(3) 
GLOBAL_UNCERTAINTY_ASSIGNED_CONTEXT((#4314)) 
GLOBAL_UNIT_ASSIGNED_CONTEXT((#4311,#4312,#4313)) REPRESENTATION_CONTEXT
('Context #1','3D Context with UNIT and UNCERTAINTY') );
#4311 = ( LENGTH_UNIT() NAMED_UNIT(*) SI_UNIT(.MILLI.,.METRE.) );
#4312 = ( NAMED_UNIT(*) PLANE_ANGLE_UNIT() SI_UNIT($,.RADIAN.) );
#4313 = ( NAMED_UNIT(*) SI_UNIT($,.STERADIAN.) SOLID_ANGLE_UNIT() );
#4314 = UNCERTAINTY_MEASURE_WITH_UNIT(LENGTH_MEASURE(1.E-07),#4311,
  'distance_accuracy_value','confusion accuracy');
#4315 = CONTEXT_DEPENDENT_SHAPE_REPRESENTATION(#4316,#4318);
#4316 = ( REPRESENTATION_RELATIONSHIP('','',#3646,#3623) 
REPRESENTATION_RELATIONSHIP_WITH_TRANSFORMATION(#4317) 
SHAPE_REPRESENTATION_RELATIONSHIP() );
#4317 = ITEM_DEFINED_TRANSFORMATION('','',#11,#3624);
#4318 = PRODUCT_DEFINITION_SHAPE('Placement','Placement of an item',
  #4319);
#4319 = NEXT_ASSEMBLY_USAGE_OCCURRENCE('3','=>[0:1:1:5]','',#3618,#3641,
  $);
#4320 = PRODUCT_RELATED_PRODUCT_CATEGORY('part',$,(#3643));
#4321 = SHAPE_DEFINITION_REPRESENTATION(#4322,#4328);
#4322 = PRODUCT_DEFINITION_SHAPE('','',#4323);
#4323 = PRODUCT_DEFINITION('design','',#4324,#4327);
#4324 = PRODUCT_DEFINITION_FORMATION('','',#4325);
#4325 = PRODUCT('C_Disc_D5.0mm_W2.5mm_P5.00mm',
  'C_Disc_D5.0mm_W2.5mm_P5.00mm','',(#4326));
#4326 = PRODUCT_CONTEXT('',#2,'mechanical');
#4327 = PRODUCT_DEFINITION_CONTEXT('part definition',#2,'design');
#4328 = SHAPE_REPRESENTATION('',(#11,#4329),#4333);
#4329 = AXIS2_PLACEMENT_3D('',#4330,#4331,#4332);
#4330 = CARTESIAN_POINT('',(0.,0.,0.));
#4331 = DIRECTION('',(0.,0.,1.));
#4332 = DIRECTION('',(1.,0.,-0.));
#4333 = ( GEOMETRIC_REPRESENTATION_CONTEXT(3) 
GLOBAL_UNCERTAINTY_ASSIGNED_CONTEXT((#4337)) 
GLOBAL_UNIT_ASSIGNED_CONTEXT((#4334,#4335,#4336)) REPRESENTATION_CONTEXT
('Context #1','3D Context with UNIT and UNCERTAINTY') );
#4334 = ( LENGTH_UNIT() NAMED_UNIT(*) SI_UNIT(.MILLI.,.METRE.) );
#4335 = ( NAMED_UNIT(*) PLANE_ANGLE_UNIT() SI_UNIT($,.RADIAN.) );
#4336 = ( NAMED_UNIT(*) SI_UNIT($,.STERADIAN.) SOLID_ANGLE_UNIT() );
#4337 = UNCERTAINTY_MEASURE_WITH_UNIT(LENGTH_MEASURE(2.E-07),#4334,
  'distance_accuracy_value','confusion accuracy');
#4338 = CONTEXT_DEPENDENT_SHAPE_REPRESENTATION(#4339,#4341);
#4339 = ( REPRESENTATION_RELATIONSHIP('','',#4328,#10) 
REPRESENTATION_RELATIONSHIP_WITH_TRANSFORMATION(#4340) 
SHAPE_REPRESENTATION_RELATIONSHIP() );
#4340 = ITEM_DEFINED_TRANSFORMATION('','',#11,#23);
#4341 = PRODUCT_DEFINITION_SHAPE('Placement','Placement of an item',
  #4342);
#4342 = NEXT_ASSEMBLY_USAGE_OCCURRENCE('6','C2','',#5,#4323,$);
#4343 = PRODUCT_RELATED_PRODUCT_CATEGORY('part',$,(#4325));
#4344 = SHAPE_DEFINITION_REPRESENTATION(#4345,#4351);
#4345 = PRODUCT_DEFINITION_SHAPE('','',#4346);
#4346 = PRODUCT_DEFINITION('design','',#4347,#4350);
#4347 = PRODUCT_DEFINITION_FORMATION('','',#4348);
#4348 = PRODUCT('C_Disc_D50mm_W25mm_P500mm','C_Disc_D50mm_W25mm_P500mm',
  '',(#4349));
#4349 = PRODUCT_CONTEXT('',#2,'mechanical');
#4350 = PRODUCT_DEFINITION_CONTEXT('part definition',#2,'design');
#4351 = ADVANCED_BREP_SHAPE_REPRESENTATION('',(#11,#4352),#4834);
#4352 = MANIFOLD_SOLID_BREP('',#4353);
#4353 = CLOSED_SHELL('',(#4354,#4371,#4396,#4426,#4560,#4661,#4743,#4770
    ,#4800,#4825));
#4354 = ADVANCED_FACE('',(#4355),#4366,.T.);
#4355 = FACE_BOUND('',#4356,.F.);
#4356 = EDGE_LOOP('',(#4357));
#4357 = ORIENTED_EDGE('',*,*,#4358,.T.);
#4358 = EDGE_CURVE('',#4359,#4359,#4361,.T.);
#4359 = VERTEX_POINT('',#4360);
#4360 = CARTESIAN_POINT('',(5.,0.25,-2.));
#4361 = CIRCLE('',#4362,0.25);
#4362 = AXIS2_PLACEMENT_3D('',#4363,#4364,#4365);
#4363 = CARTESIAN_POINT('',(5.,0.,-2.));
#4364 = DIRECTION('',(0.,-0.,1.));
#4365 = DIRECTION('',(1.144237745222E-17,1.,0.));
#4366 = PLANE('',#4367);
#4367 = AXIS2_PLACEMENT_3D('',#4368,#4369,#4370);
#4368 = CARTESIAN_POINT('',(5.,0.25,-2.));
#4369 = DIRECTION('',(-0.,0.,-1.));
#4370 = DIRECTION('',(-1.144237745222E-17,-1.,0.));
#4371 = ADVANCED_FACE('',(#4372),#4391,.T.);
#4372 = FACE_BOUND('',#4373,.T.);
#4373 = EDGE_LOOP('',(#4374,#4382,#4389,#4390));
#4374 = ORIENTED_EDGE('',*,*,#4375,.T.);
#4375 = EDGE_CURVE('',#4359,#4376,#4378,.T.);
#4376 = VERTEX_POINT('',#4377);
#4377 = CARTESIAN_POINT('',(5.,0.25,0.85));
#4378 = LINE('',#4379,#4380);
#4379 = CARTESIAN_POINT('',(5.,0.25,-2.));
#4380 = VECTOR('',#4381,1.);
#4381 = DIRECTION('',(0.,0.,1.));
#4382 = ORIENTED_EDGE('',*,*,#4383,.F.);
#4383 = EDGE_CURVE('',#4376,#4376,#4384,.T.);
#4384 = CIRCLE('',#4385,0.25);
#4385 = AXIS2_PLACEMENT_3D('',#4386,#4387,#4388);
#4386 = CARTESIAN_POINT('',(5.,0.,0.85));
#4387 = DIRECTION('',(0.,-0.,1.));
#4388 = DIRECTION('',(1.144237745222E-17,1.,0.));
#4389 = ORIENTED_EDGE('',*,*,#4375,.F.);
#4390 = ORIENTED_EDGE('',*,*,#4358,.T.);
#4391 = CYLINDRICAL_SURFACE('',#4392,0.25);
#4392 = AXIS2_PLACEMENT_3D('',#4393,#4394,#4395);
#4393 = CARTESIAN_POINT('',(5.,0.,-2.));
#4394 = DIRECTION('',(0.,-0.,-1.));
#4395 = DIRECTION('',(1.144237745222E-17,1.,0.));
#4396 = ADVANCED_FACE('',(#4397),#4417,.F.);
#4397 = FACE_BOUND('',#4398,.F.);
#4398 = EDGE_LOOP('',(#4399,#4408,#4409,#4410));
#4399 = ORIENTED_EDGE('',*,*,#4400,.F.);
#4400 = EDGE_CURVE('',#4376,#4401,#4403,.T.);
#4401 = VERTEX_POINT('',#4402);
#4402 = CARTESIAN_POINT('',(4.933012701892,0.25,1.1));
#4403 = CIRCLE('',#4404,0.5);
#4404 = AXIS2_PLACEMENT_3D('',#4405,#4406,#4407);
#4405 = CARTESIAN_POINT('',(4.5,0.25,0.85));
#4406 = DIRECTION('',(-1.144237745222E-17,-1.,0.));
#4407 = DIRECTION('',(1.,-1.144237745222E-17,0.));
#4408 = ORIENTED_EDGE('',*,*,#4383,.F.);
#4409 = ORIENTED_EDGE('',*,*,#4400,.T.);
#4410 = ORIENTED_EDGE('',*,*,#4411,.T.);
#4411 = EDGE_CURVE('',#4401,#4401,#4412,.T.);
#4412 = CIRCLE('',#4413,0.25);
#4413 = AXIS2_PLACEMENT_3D('',#4414,#4415,#4416);
#4414 = CARTESIAN_POINT('',(4.933012701892,5.500816221034E-34,1.1));
#4415 = DIRECTION('',(-0.5,5.721188726112E-18,0.866025403784));
#4416 = DIRECTION('',(1.144237745222E-17,1.,0.));
#4417 = SURFACE_OF_REVOLUTION('',#4418,#4423);
#4418 = CIRCLE('',#4419,0.25);
#4419 = AXIS2_PLACEMENT_3D('',#4420,#4421,#4422);
#4420 = CARTESIAN_POINT('',(5.,0.,0.85));
#4421 = DIRECTION('',(0.,-0.,1.));
#4422 = DIRECTION('',(1.144237745222E-17,1.,0.));
#4423 = AXIS1_PLACEMENT('',#4424,#4425);
#4424 = CARTESIAN_POINT('',(4.5,-4.,0.85));
#4425 = DIRECTION('',(-1.144237745222E-17,-1.,0.));
#4426 = ADVANCED_FACE('',(#4427),#4555,.T.);
#4427 = FACE_BOUND('',#4428,.T.);
#4428 = EDGE_LOOP('',(#4429,#4437,#4474,#4530,#4553,#4554));
#4429 = ORIENTED_EDGE('',*,*,#4430,.T.);
#4430 = EDGE_CURVE('',#4401,#4431,#4433,.T.);
#4431 = VERTEX_POINT('',#4432);
#4432 = CARTESIAN_POINT('',(4.598334876348,0.25,1.67967899801));
#4433 = LINE('',#4434,#4435);
#4434 = CARTESIAN_POINT('',(4.933012701892,0.25,1.1));
#4435 = VECTOR('',#4436,1.);
#4436 = DIRECTION('',(-0.5,5.721188726112E-18,0.866025403784));
#4437 = ORIENTED_EDGE('',*,*,#4438,.F.);
#4438 = EDGE_CURVE('',#4439,#4431,#4441,.T.);
#4439 = VERTEX_POINT('',#4440);
#4440 = CARTESIAN_POINT('',(4.849268064747,2.22044604925E-16,
    1.745049966396));
#4441 = B_SPLINE_CURVE_WITH_KNOTS('',7,(#4442,#4443,#4444,#4445,#4446,
    #4447,#4448,#4449,#4450,#4451,#4452,#4453,#4454,#4455,#4456,#4457,
    #4458,#4459,#4460,#4461,#4462,#4463,#4464,#4465,#4466,#4467,#4468,
    #4469,#4470,#4471,#4472,#4473),.UNSPECIFIED.,.F.,.F.,(8,6,6,6,6,8),(
    0.,0.241763709565,0.410219393977,0.53652090117,0.746819928834,1.),
  .UNSPECIFIED.);
#4442 = CARTESIAN_POINT('',(4.849268064747,2.22044604925E-16,
    1.745049966396));
#4443 = CARTESIAN_POINT('',(4.844364001498,1.001758874615E-02,
    1.753544053108));
#4444 = CARTESIAN_POINT('',(4.839050542048,2.032222277663E-02,
    1.761810882376));
#4445 = CARTESIAN_POINT('',(4.833282119644,3.09553234543E-02,
    1.769830860094));
#4446 = CARTESIAN_POINT('',(4.827007808277,4.19533636841E-02,
    1.777563706468));
#4447 = CARTESIAN_POINT('',(4.820156869887,5.335972239721E-02,
    1.784937757425));
#4448 = CARTESIAN_POINT('',(4.812654445026,6.521344490044E-02,
    1.791860790374));
#4449 = CARTESIAN_POINT('',(4.798541655418,8.626048624641E-02,
    1.802556496601));
#4450 = CARTESIAN_POINT('',(4.792502758244,9.494432076344E-02,
    1.80653384436));
#4451 = CARTESIAN_POINT('',(4.786214684815,0.103658414056,1.810054547962
    ));
#4452 = CARTESIAN_POINT('',(4.779676548822,0.112384519975,1.813070715723
    ));
#4453 = CARTESIAN_POINT('',(4.772892242487,0.121096801108,1.815528388152
    ));
#4454 = CARTESIAN_POINT('',(4.765870436561,0.129761828785,1.817367537947
    ));
#4455 = CARTESIAN_POINT('',(4.753191919698,0.144769099183,1.819387693132
    ));
#4456 = CARTESIAN_POINT('',(4.747633142674,0.151151003548,1.819870466346
    ));
#4457 = CARTESIAN_POINT('',(4.741957304551,0.157462287585,1.819940124931
    ));
#4458 = CARTESIAN_POINT('',(4.736177207874,0.16367854908,1.819570425239)
  );
#4459 = CARTESIAN_POINT('',(4.730309402433,0.169772992177,1.818739144678
    ));
#4460 = CARTESIAN_POINT('',(4.724374185264,0.175716427387,1.817428081711
    ));
#4461 = CARTESIAN_POINT('',(4.708440925053,0.191069397272,1.812617587517
    ));
#4462 = CARTESIAN_POINT('',(4.698342251762,0.200179567672,1.808239048518
    ));
#4463 = CARTESIAN_POINT('',(4.688276068011,0.208600246808,1.802446960471
    ));
#4464 = CARTESIAN_POINT('',(4.678382446843,0.216203663219,1.795293526394
    ));
#4465 = CARTESIAN_POINT('',(4.668780572755,0.222911046087,1.786901062703
    ));
#4466 = CARTESIAN_POINT('',(4.659576067045,0.228682208447,1.777454057665
    ));
#4467 = CARTESIAN_POINT('',(4.640366931202,0.239356313732,1.754867994485
    ));
#4468 = CARTESIAN_POINT('',(4.631423567489,0.24337539305,1.742360451828)
  );
#4469 = CARTESIAN_POINT('',(4.623444904041,0.246276217548,1.729806365285
    ));
#4470 = CARTESIAN_POINT('',(4.616297148448,0.248221538981,1.717250157528
    ));
#4471 = CARTESIAN_POINT('',(4.60978615485,0.249434404961,1.704718873159)
  );
#4472 = CARTESIAN_POINT('',(4.603828651289,0.249999998934,1.692204820721
    ));
#4473 = CARTESIAN_POINT('',(4.598334876348,0.25,1.67967899801));
#4474 = ORIENTED_EDGE('',*,*,#4475,.F.);
#4475 = EDGE_CURVE('',#4476,#4439,#4478,.T.);
#4476 = VERTEX_POINT('',#4477);
#4477 = CARTESIAN_POINT('',(4.579497089263,2.22044604925E-16,
    1.212307002343));
#4478 = B_SPLINE_CURVE_WITH_KNOTS('',8,(#4479,#4480,#4481,#4482,#4483,
    #4484,#4485,#4486,#4487,#4488,#4489,#4490,#4491,#4492,#4493,#4494,
    #4495,#4496,#4497,#4498,#4499,#4500,#4501,#4502,#4503,#4504,#4505,
    #4506,#4507,#4508,#4509,#4510,#4511,#4512,#4513,#4514,#4515,#4516,
    #4517,#4518,#4519,#4520,#4521,#4522,#4523,#4524,#4525,#4526,#4527,
    #4528,#4529),.UNSPECIFIED.,.F.,.F.,(9,7,7,7,7,7,7,9),(0.,
    0.19078736286,0.369786424479,0.513703292981,0.651485740399,
    0.719841574329,0.850671073529,1.),.UNSPECIFIED.);
#4479 = CARTESIAN_POINT('',(4.579497089263,2.498001805407E-16,
    1.212307002343));
#4480 = CARTESIAN_POINT('',(4.573387972941,-1.460665884341E-02,
    1.222888302202));
#4481 = CARTESIAN_POINT('',(4.567872793808,-2.901585421323E-02,
    1.234391492263));
#4482 = CARTESIAN_POINT('',(4.562924967853,-4.321614467519E-02,
    1.246770598809));
#4483 = CARTESIAN_POINT('',(4.558529269717,-5.719266388664E-02,
    1.259994825522));
#4484 = CARTESIAN_POINT('',(4.554678380237,-7.092786565873E-02,
    1.274043557557));
#4485 = CARTESIAN_POINT('',(4.551371358063,-8.440178729829E-02,
    1.288904308098));
#4486 = CARTESIAN_POINT('',(4.54861403534,-9.75918312297E-02,
    1.304573607428));
#4487 = CARTESIAN_POINT('',(4.544364121213,-0.122556459299,
    1.336529354653));
#4488 = CARTESIAN_POINT('',(4.54280525738,-0.134360058047,1.352707443955
    ));
#4489 = CARTESIAN_POINT('',(4.541755282839,-0.145866851387,
    1.369607709551));
#4490 = CARTESIAN_POINT('',(4.541233573854,-0.157050082566,
    1.387243425374));
#4491 = CARTESIAN_POINT('',(4.541269384929,-0.167871628778,
    1.405629460697));
#4492 = CARTESIAN_POINT('',(4.541900768006,-0.178282922567,
    1.424780748836));
#4493 = CARTESIAN_POINT('',(4.543178413136,-0.188223408141,
    1.444716731634));
#4494 = CARTESIAN_POINT('',(4.546791913086,-0.205161463833,
    1.482174244549));
#4495 = CARTESIAN_POINT('',(4.548867568358,-0.212336815491,
    1.499365112402));
#4496 = CARTESIAN_POINT('',(4.551449322994,-0.21911262951,1.517101248612
    ));
#4497 = CARTESIAN_POINT('',(4.554588949033,-0.225434790367,
    1.535405455025));
#4498 = CARTESIAN_POINT('',(4.558351203287,-0.23121980149,1.554273840107
    ));
#4499 = CARTESIAN_POINT('',(4.562809380792,-0.236360279408,1.57367194637
    ));
#4500 = CARTESIAN_POINT('',(4.56804938678,-0.240723818141,1.593536348114
    ));
#4501 = CARTESIAN_POINT('',(4.580083375897,-0.247394677691,
    1.633180338834));
#4502 = CARTESIAN_POINT('',(4.586845109335,-0.249805464857,1.65307009704
    ));
#4503 = CARTESIAN_POINT('',(4.594548081019,-0.25114837322,1.673181590757
    ));
#4504 = CARTESIAN_POINT('',(4.603234095602,-0.251199397317,
    1.693144207547));
#4505 = CARTESIAN_POINT('',(4.612904709005,-0.249766604459,
    1.712525487432));
#4506 = CARTESIAN_POINT('',(4.623510669589,-0.246703489644,
    1.730835828697));
#4507 = CARTESIAN_POINT('',(4.634913431764,-0.241958998128,
    1.747561890486));
#4508 = CARTESIAN_POINT('',(4.652674340329,-0.232636318869,
    1.769587500065));
#4509 = CARTESIAN_POINT('',(4.658793561142,-0.229121074946,
    1.776545002843));
#4510 = CARTESIAN_POINT('',(4.665132494898,-0.225165084099,1.78308873275
    ));
#4511 = CARTESIAN_POINT('',(4.671673437455,-0.220762392381,
    1.789157782984));
#4512 = CARTESIAN_POINT('',(4.678390938392,-0.215918012519,
    1.794697882872));
#4513 = CARTESIAN_POINT('',(4.685251801011,-0.210647923916,1.79966139787
    ));
#4514 = CARTESIAN_POINT('',(4.692215082337,-0.204979072648,1.80400732956
    ));
#4515 = CARTESIAN_POINT('',(4.712662285579,-0.187408838047,
    1.814771412284));
#4516 = CARTESIAN_POINT('',(4.725089984166,-0.175584738619,
    1.818840798146));
#4517 = CARTESIAN_POINT('',(4.736706919844,-0.16366938184,1.820787771474
    ));
#4518 = CARTESIAN_POINT('',(4.747577380936,-0.151759451498,
    1.821004004895));
#4519 = CARTESIAN_POINT('',(4.757786419455,-0.13992141729,1.819855513126
    ));
#4520 = CARTESIAN_POINT('',(4.767404145421,-0.128164571922,
    1.817548969936));
#4521 = CARTESIAN_POINT('',(4.776513227192,-0.116465113698,
    1.814245747812));
#4522 = CARTESIAN_POINT('',(4.795110133981,-9.138315207225E-02,
    1.805184241801));
#4523 = CARTESIAN_POINT('',(4.804401047084,-7.808906169928E-02,
    1.79917878212));
#4524 = CARTESIAN_POINT('',(4.813131750415,-6.487082818957E-02,
    1.792169953268));
#4525 = CARTESIAN_POINT('',(4.821336999308,-5.173108947652E-02,
    1.784267640052));
#4526 = CARTESIAN_POINT('',(4.829040151353,-3.867252726795E-02,
    1.77555243203));
#4527 = CARTESIAN_POINT('',(4.836257613555,-2.569717297862E-02,
    1.766085410303));
#4528 = CARTESIAN_POINT('',(4.842998828532,-1.280624391766E-02,
    1.755908602047));
#4529 = CARTESIAN_POINT('',(4.849268064747,2.498001805407E-16,
    1.745049966396));
#4530 = ORIENTED_EDGE('',*,*,#4531,.F.);
#4531 = EDGE_CURVE('',#4431,#4476,#4532,.T.);
#4532 = B_SPLINE_CURVE_WITH_KNOTS('',7,(#4533,#4534,#4535,#4536,#4537,
    #4538,#4539,#4540,#4541,#4542,#4543,#4544,#4545,#4546,#4547,#4548,
    #4549,#4550,#4551,#4552),.UNSPECIFIED.,.F.,.F.,(8,6,6,8),(0.,
    0.281994812219,0.607907449028,1.),.UNSPECIFIED.);
#4533 = CARTESIAN_POINT('',(4.598334876348,0.25,1.67967899801));
#4534 = CARTESIAN_POINT('',(4.59140316225,0.249999998655,1.663874664792)
  );
#4535 = CARTESIAN_POINT('',(4.584779319419,0.249097702928,1.647066430358
    ));
#4536 = CARTESIAN_POINT('',(4.57848797922,0.247237965056,1.629245900853)
  );
#4537 = CARTESIAN_POINT('',(4.572567416869,0.244351132052,1.610414633265
    ));
#4538 = CARTESIAN_POINT('',(4.567069136716,0.240354966676,1.590588712837
    ));
#4539 = CARTESIAN_POINT('',(4.562056059024,0.235162078935,1.569806567483
    ));
#4540 = CARTESIAN_POINT('',(4.552465184222,0.221156737986,1.523036611148
    ));
#4541 = CARTESIAN_POINT('',(4.548017978227,0.211820586954,1.496455272772
    ));
#4542 = CARTESIAN_POINT('',(4.544499521247,0.2005382536,1.468779146536)
  );
#4543 = CARTESIAN_POINT('',(4.542122564392,0.187310533223,1.440582892474
    ));
#4544 = CARTESIAN_POINT('',(4.541040445648,0.172323535548,1.41259935383)
  );
#4545 = CARTESIAN_POINT('',(4.541313919702,0.156017752716,1.385700124238
    ));
#4546 = CARTESIAN_POINT('',(4.54438761915,0.119293483306,1.331066240948)
  );
#4547 = CARTESIAN_POINT('',(4.547692372034,9.868060220454E-02,
    1.304224275262));
#4548 = CARTESIAN_POINT('',(4.552320107241,7.804002353955E-02,
    1.280481999293));
#4549 = CARTESIAN_POINT('',(4.557990364705,5.773102402524E-02,
    1.259686288118));
#4550 = CARTESIAN_POINT('',(4.564484824922,3.794535222575E-02,
    1.241582242932));
#4551 = CARTESIAN_POINT('',(4.571664728431,1.872686925256E-02,
    1.225873049248));
#4552 = CARTESIAN_POINT('',(4.579497089263,2.22044604925E-16,
    1.212307002343));
#4553 = ORIENTED_EDGE('',*,*,#4430,.F.);
#4554 = ORIENTED_EDGE('',*,*,#4411,.T.);
#4555 = CYLINDRICAL_SURFACE('',#4556,0.25);
#4556 = AXIS2_PLACEMENT_3D('',#4557,#4558,#4559);
#4557 = CARTESIAN_POINT('',(4.933012701892,0.,1.1));
#4558 = DIRECTION('',(0.5,-5.721188726112E-18,-0.866025403784));
#4559 = DIRECTION('',(1.144237745222E-17,1.,0.));
#4560 = ADVANCED_FACE('',(#4561),#4656,.T.);
#4561 = FACE_BOUND('',#4562,.T.);
#4562 = EDGE_LOOP('',(#4563,#4574,#4575,#4582,#4583,#4584,#4593,#4649));
#4563 = ORIENTED_EDGE('',*,*,#4564,.F.);
#4564 = EDGE_CURVE('',#4565,#4567,#4569,.T.);
#4565 = VERTEX_POINT('',#4566);
#4566 = CARTESIAN_POINT('',(2.5,1.25,2.6));
#4567 = VERTEX_POINT('',#4568);
#4568 = CARTESIAN_POINT('',(-8.881784197001E-16,2.22044604925E-16,2.6));
#4569 = CIRCLE('',#4570,3.125);
#4570 = AXIS2_PLACEMENT_3D('',#4571,#4572,#4573);
#4571 = CARTESIAN_POINT('',(2.5,-1.875,2.6));
#4572 = DIRECTION('',(0.,0.,1.));
#4573 = DIRECTION('',(-7.105427357601E-16,1.,0.));
#4574 = ORIENTED_EDGE('',*,*,#4564,.T.);
#4575 = ORIENTED_EDGE('',*,*,#4576,.F.);
#4576 = EDGE_CURVE('',#4439,#4567,#4577,.T.);
#4577 = CIRCLE('',#4578,2.5);
#4578 = AXIS2_PLACEMENT_3D('',#4579,#4580,#4581);
#4579 = CARTESIAN_POINT('',(2.5,2.22044604925E-16,2.6));
#4580 = DIRECTION('',(0.,-1.,0.));
#4581 = DIRECTION('',(-1.,0.,0.));
#4582 = ORIENTED_EDGE('',*,*,#4438,.T.);
#4583 = ORIENTED_EDGE('',*,*,#4531,.T.);
#4584 = ORIENTED_EDGE('',*,*,#4585,.F.);
#4585 = EDGE_CURVE('',#4586,#4476,#4588,.T.);
#4586 = VERTEX_POINT('',#4587);
#4587 = CARTESIAN_POINT('',(0.420502910737,2.22044604925E-16,
    1.212307002343));
#4588 = CIRCLE('',#4589,2.5);
#4589 = AXIS2_PLACEMENT_3D('',#4590,#4591,#4592);
#4590 = CARTESIAN_POINT('',(2.5,2.22044604925E-16,2.6));
#4591 = DIRECTION('',(0.,-1.,0.));
#4592 = DIRECTION('',(-1.,0.,0.));
#4593 = ORIENTED_EDGE('',*,*,#4594,.T.);
#4594 = EDGE_CURVE('',#4586,#4595,#4597,.T.);
#4595 = VERTEX_POINT('',#4596);
#4596 = CARTESIAN_POINT('',(0.150731935253,2.22044604925E-16,
    1.745049966396));
#4597 = B_SPLINE_CURVE_WITH_KNOTS('',8,(#4598,#4599,#4600,#4601,#4602,
    #4603,#4604,#4605,#4606,#4607,#4608,#4609,#4610,#4611,#4612,#4613,
    #4614,#4615,#4616,#4617,#4618,#4619,#4620,#4621,#4622,#4623,#4624,
    #4625,#4626,#4627,#4628,#4629,#4630,#4631,#4632,#4633,#4634,#4635,
    #4636,#4637,#4638,#4639,#4640,#4641,#4642,#4643,#4644,#4645,#4646,
    #4647,#4648),.UNSPECIFIED.,.F.,.F.,(9,7,7,7,7,7,7,9),(0.,
    0.190787362857,0.369786424466,0.513703292965,0.651485740381,
    0.719841574311,0.85067107352,1.),.UNSPECIFIED.);
#4598 = CARTESIAN_POINT('',(0.420502910737,2.22044604925E-16,
    1.212307002343));
#4599 = CARTESIAN_POINT('',(0.426612027059,1.460665884349E-02,
    1.222888302202));
#4600 = CARTESIAN_POINT('',(0.432127206192,2.90158542134E-02,
    1.234391492264));
#4601 = CARTESIAN_POINT('',(0.437075032147,4.321614467543E-02,
    1.246770598809));
#4602 = CARTESIAN_POINT('',(0.441470730283,5.719266388696E-02,
    1.259994825523));
#4603 = CARTESIAN_POINT('',(0.445321619763,7.092786565911E-02,
    1.274043557557));
#4604 = CARTESIAN_POINT('',(0.448628641937,8.440178729875E-02,
    1.288904308099));
#4605 = CARTESIAN_POINT('',(0.45138596466,9.759183123022E-02,
    1.304573607429));
#4606 = CARTESIAN_POINT('',(0.455635878787,0.122556459299,1.336529354654
    ));
#4607 = CARTESIAN_POINT('',(0.45719474262,0.134360058047,1.352707443955)
  );
#4608 = CARTESIAN_POINT('',(0.458244717161,0.145866851387,1.36960770955)
  );
#4609 = CARTESIAN_POINT('',(0.458766426146,0.157050082565,1.387243425373
    ));
#4610 = CARTESIAN_POINT('',(0.458730615071,0.167871628776,1.405629460695
    ));
#4611 = CARTESIAN_POINT('',(0.458099231994,0.178282922565,1.424780748833
    ));
#4612 = CARTESIAN_POINT('',(0.456821586864,0.188223408139,1.444716731629
    ));
#4613 = CARTESIAN_POINT('',(0.453208086915,0.205161463831,1.482174244543
    ));
#4614 = CARTESIAN_POINT('',(0.451132431643,0.212336815489,1.499365112397
    ));
#4615 = CARTESIAN_POINT('',(0.448550677007,0.219112629508,1.517101248607
    ));
#4616 = CARTESIAN_POINT('',(0.445411050968,0.225434790365,1.535405455019
    ));
#4617 = CARTESIAN_POINT('',(0.441648796714,0.231219801489,1.554273840102
    ));
#4618 = CARTESIAN_POINT('',(0.437190619209,0.236360279407,1.573671946365
    ));
#4619 = CARTESIAN_POINT('',(0.431950613221,0.24072381814,1.593536348108)
  );
#4620 = CARTESIAN_POINT('',(0.419916624105,0.24739467769,1.633180338828)
  );
#4621 = CARTESIAN_POINT('',(0.413154890668,0.249805464856,1.653070097035
    ));
#4622 = CARTESIAN_POINT('',(0.405451918983,0.25114837322,1.673181590751)
  );
#4623 = CARTESIAN_POINT('',(0.396765904401,0.251199397317,1.693144207542
    ));
#4624 = CARTESIAN_POINT('',(0.387095290998,0.249766604459,1.712525487427
    ));
#4625 = CARTESIAN_POINT('',(0.376489330414,0.246703489645,1.730835828693
    ));
#4626 = CARTESIAN_POINT('',(0.365086568239,0.24195899813,1.747561890482)
  );
#4627 = CARTESIAN_POINT('',(0.347325659674,0.232636318871,1.769587500061
    ));
#4628 = CARTESIAN_POINT('',(0.341206438861,0.229121074948,1.776545002841
    ));
#4629 = CARTESIAN_POINT('',(0.334867505104,0.225165084101,1.783088732748
    ));
#4630 = CARTESIAN_POINT('',(0.328326562548,0.220762392383,1.789157782982
    ));
#4631 = CARTESIAN_POINT('',(0.321609061611,0.215918012521,1.79469788287)
  );
#4632 = CARTESIAN_POINT('',(0.314748198992,0.210647923918,1.799661397867
    ));
#4633 = CARTESIAN_POINT('',(0.307784917667,0.204979072651,1.804007329558
    ));
#4634 = CARTESIAN_POINT('',(0.287337714424,0.187408838051,1.814771412283
    ));
#4635 = CARTESIAN_POINT('',(0.274910015837,0.175584738623,1.818840798145
    ));
#4636 = CARTESIAN_POINT('',(0.263293080159,0.163669381843,1.820787771474
    ));
#4637 = CARTESIAN_POINT('',(0.252422619066,0.151759451501,1.821004004895
    ));
#4638 = CARTESIAN_POINT('',(0.242213580548,0.139921417292,1.819855513126
    ));
#4639 = CARTESIAN_POINT('',(0.23259585458,0.128164571924,1.817548969937)
  );
#4640 = CARTESIAN_POINT('',(0.223486772809,0.1164651137,1.814245747813)
  );
#4641 = CARTESIAN_POINT('',(0.20488986602,9.138315207386E-02,
    1.805184241801));
#4642 = CARTESIAN_POINT('',(0.195598952917,7.808906170067E-02,
    1.799178782121));
#4643 = CARTESIAN_POINT('',(0.186868249586,6.487082819071E-02,
    1.792169953268));
#4644 = CARTESIAN_POINT('',(0.178663000692,5.173108947742E-02,
    1.784267640052));
#4645 = CARTESIAN_POINT('',(0.170959848647,3.867252726864E-02,
    1.775552432031));
#4646 = CARTESIAN_POINT('',(0.163742386445,2.569717297907E-02,
    1.766085410303));
#4647 = CARTESIAN_POINT('',(0.157001171468,1.280624391788E-02,
    1.755908602047));
#4648 = CARTESIAN_POINT('',(0.150731935253,2.22044604925E-16,
    1.745049966396));
#4649 = ORIENTED_EDGE('',*,*,#4650,.F.);
#4650 = EDGE_CURVE('',#4567,#4595,#4651,.T.);
#4651 = CIRCLE('',#4652,2.5);
#4652 = AXIS2_PLACEMENT_3D('',#4653,#4654,#4655);
#4653 = CARTESIAN_POINT('',(2.5,2.22044604925E-16,2.6));
#4654 = DIRECTION('',(0.,-1.,0.));
#4655 = DIRECTION('',(-1.,0.,0.));
#4656 = SPHERICAL_SURFACE('',#4657,3.125);
#4657 = AXIS2_PLACEMENT_3D('',#4658,#4659,#4660);
#4658 = CARTESIAN_POINT('',(2.5,-1.875,2.6));
#4659 = DIRECTION('',(0.,-1.,0.));
#4660 = DIRECTION('',(-1.,0.,0.));
#4661 = ADVANCED_FACE('',(#4662),#4738,.T.);
#4662 = FACE_BOUND('',#4663,.T.);
#4663 = EDGE_LOOP('',(#4664,#4673,#4674,#4711,#4734,#4735,#4736,#4737));
#4664 = ORIENTED_EDGE('',*,*,#4665,.F.);
#4665 = EDGE_CURVE('',#4567,#4666,#4668,.T.);
#4666 = VERTEX_POINT('',#4667);
#4667 = CARTESIAN_POINT('',(2.5,-1.25,2.6));
#4668 = CIRCLE('',#4669,3.125);
#4669 = AXIS2_PLACEMENT_3D('',#4670,#4671,#4672);
#4670 = CARTESIAN_POINT('',(2.5,1.875,2.6));
#4671 = DIRECTION('',(0.,0.,1.));
#4672 = DIRECTION('',(-0.8,-0.6,0.));
#4673 = ORIENTED_EDGE('',*,*,#4650,.T.);
#4674 = ORIENTED_EDGE('',*,*,#4675,.T.);
#4675 = EDGE_CURVE('',#4595,#4676,#4678,.T.);
#4676 = VERTEX_POINT('',#4677);
#4677 = CARTESIAN_POINT('',(0.401665123652,-0.25,1.67967899801));
#4678 = B_SPLINE_CURVE_WITH_KNOTS('',7,(#4679,#4680,#4681,#4682,#4683,
    #4684,#4685,#4686,#4687,#4688,#4689,#4690,#4691,#4692,#4693,#4694,
    #4695,#4696,#4697,#4698,#4699,#4700,#4701,#4702,#4703,#4704,#4705,
    #4706,#4707,#4708,#4709,#4710),.UNSPECIFIED.,.F.,.F.,(8,6,6,6,6,8),(
    0.,0.241763709606,0.410219394067,0.536520901234,0.746819928873,1.),
  .UNSPECIFIED.);
#4679 = CARTESIAN_POINT('',(0.150731935253,1.942890293094E-16,
    1.745049966396));
#4680 = CARTESIAN_POINT('',(0.155635998502,-1.00175887458E-02,
    1.753544053108));
#4681 = CARTESIAN_POINT('',(0.160949457952,-2.032222277588E-02,
    1.761810882375));
#4682 = CARTESIAN_POINT('',(0.166717880356,-3.095532345321E-02,
    1.769830860093));
#4683 = CARTESIAN_POINT('',(0.172992191722,-4.195336368249E-02,
    1.777563706467));
#4684 = CARTESIAN_POINT('',(0.179843130112,-5.335972239521E-02,
    1.784937757424));
#4685 = CARTESIAN_POINT('',(0.187345554972,-6.52134448979E-02,
    1.791860790373));
#4686 = CARTESIAN_POINT('',(0.20145834458,-8.626048624403E-02,
    1.8025564966));
#4687 = CARTESIAN_POINT('',(0.207497241755,-9.494432076174E-02,
    1.806533844359));
#4688 = CARTESIAN_POINT('',(0.213785315184,-0.103658414054,
    1.810054547961));
#4689 = CARTESIAN_POINT('',(0.220323451176,-0.112384519971,
    1.813070715722));
#4690 = CARTESIAN_POINT('',(0.227107757509,-0.121096801103,
    1.815528388151));
#4691 = CARTESIAN_POINT('',(0.234129563435,-0.129761828779,
    1.817367537946));
#4692 = CARTESIAN_POINT('',(0.246808080298,-0.14476909918,1.819387693132
    ));
#4693 = CARTESIAN_POINT('',(0.252366857324,-0.151151003546,
    1.819870466346));
#4694 = CARTESIAN_POINT('',(0.258042695449,-0.157462287585,
    1.819940124931));
#4695 = CARTESIAN_POINT('',(0.263822792127,-0.16367854908,1.819570425239
    ));
#4696 = CARTESIAN_POINT('',(0.269690597568,-0.169772992178,
    1.818739144678));
#4697 = CARTESIAN_POINT('',(0.275625814735,-0.175716427386,
    1.817428081711));
#4698 = CARTESIAN_POINT('',(0.291559074948,-0.191069397273,
    1.812617587517));
#4699 = CARTESIAN_POINT('',(0.301657748239,-0.200179567672,
    1.808239048518));
#4700 = CARTESIAN_POINT('',(0.311723931989,-0.208600246808,
    1.802446960471));
#4701 = CARTESIAN_POINT('',(0.321617553155,-0.216203663218,
    1.795293526394));
#4702 = CARTESIAN_POINT('',(0.331219427242,-0.222911046085,
    1.786901062705));
#4703 = CARTESIAN_POINT('',(0.340423932952,-0.228682208446,
    1.777454057668));
#4704 = CARTESIAN_POINT('',(0.359633068796,-0.239356313731,
    1.754867994488));
#4705 = CARTESIAN_POINT('',(0.368576432509,-0.24337539305,1.74236045183)
  );
#4706 = CARTESIAN_POINT('',(0.376555095958,-0.246276217548,
    1.729806365287));
#4707 = CARTESIAN_POINT('',(0.383702851552,-0.248221538981,
    1.717250157529));
#4708 = CARTESIAN_POINT('',(0.39021384515,-0.249434404961,1.70471887316)
  );
#4709 = CARTESIAN_POINT('',(0.396171348711,-0.249999998934,
    1.692204820721));
#4710 = CARTESIAN_POINT('',(0.401665123652,-0.25,1.67967899801));
#4711 = ORIENTED_EDGE('',*,*,#4712,.T.);
#4712 = EDGE_CURVE('',#4676,#4586,#4713,.T.);
#4713 = B_SPLINE_CURVE_WITH_KNOTS('',7,(#4714,#4715,#4716,#4717,#4718,
    #4719,#4720,#4721,#4722,#4723,#4724,#4725,#4726,#4727,#4728,#4729,
    #4730,#4731,#4732,#4733),.UNSPECIFIED.,.F.,.F.,(8,6,6,8),(0.,
    0.281994812224,0.607907449014,1.),.UNSPECIFIED.);
#4714 = CARTESIAN_POINT('',(0.401665123652,-0.25,1.67967899801));
#4715 = CARTESIAN_POINT('',(0.40859683775,-0.249999998655,1.663874664792
    ));
#4716 = CARTESIAN_POINT('',(0.415220680581,-0.249097702928,
    1.647066430357));
#4717 = CARTESIAN_POINT('',(0.42151202078,-0.247237965056,1.629245900852
    ));
#4718 = CARTESIAN_POINT('',(0.427432583132,-0.244351132051,
    1.610414633263));
#4719 = CARTESIAN_POINT('',(0.432930863285,-0.240354966676,
    1.590588712835));
#4720 = CARTESIAN_POINT('',(0.437943940976,-0.235162078934,
    1.569806567481));
#4721 = CARTESIAN_POINT('',(0.447534815778,-0.221156737985,
    1.523036611146));
#4722 = CARTESIAN_POINT('',(0.451982021773,-0.211820586954,
    1.496455272772));
#4723 = CARTESIAN_POINT('',(0.455500478753,-0.200538253601,
    1.468779146538));
#4724 = CARTESIAN_POINT('',(0.457877435607,-0.187310533225,
    1.440582892477));
#4725 = CARTESIAN_POINT('',(0.458959554352,-0.172323535551,
    1.412599353835));
#4726 = CARTESIAN_POINT('',(0.458686080298,-0.15601775272,1.385700124245
    ));
#4727 = CARTESIAN_POINT('',(0.45561238085,-0.119293483311,1.331066240954
    ));
#4728 = CARTESIAN_POINT('',(0.452307627967,-9.868060220835E-02,
    1.304224275266));
#4729 = CARTESIAN_POINT('',(0.44767989276,-7.804002354262E-02,
    1.280481999297));
#4730 = CARTESIAN_POINT('',(0.442009635296,-5.773102402739E-02,
    1.25968628812));
#4731 = CARTESIAN_POINT('',(0.435515175078,-3.79453522272E-02,
    1.241582242933));
#4732 = CARTESIAN_POINT('',(0.42833527157,-1.872686925325E-02,
    1.225873049248));
#4733 = CARTESIAN_POINT('',(0.420502910737,1.942890293094E-16,
    1.212307002343));
#4734 = ORIENTED_EDGE('',*,*,#4585,.T.);
#4735 = ORIENTED_EDGE('',*,*,#4475,.T.);
#4736 = ORIENTED_EDGE('',*,*,#4576,.T.);
#4737 = ORIENTED_EDGE('',*,*,#4665,.T.);
#4738 = SPHERICAL_SURFACE('',#4739,3.125);
#4739 = AXIS2_PLACEMENT_3D('',#4740,#4741,#4742);
#4740 = CARTESIAN_POINT('',(2.5,1.875,2.6));
#4741 = DIRECTION('',(0.,-1.,0.));
#4742 = DIRECTION('',(-1.,0.,0.));
#4743 = ADVANCED_FACE('',(#4744),#4765,.T.);
#4744 = FACE_BOUND('',#4745,.T.);
#4745 = EDGE_LOOP('',(#4746,#4754,#4755,#4756,#4757,#4758));
#4746 = ORIENTED_EDGE('',*,*,#4747,.T.);
#4747 = EDGE_CURVE('',#4748,#4676,#4750,.T.);
#4748 = VERTEX_POINT('',#4749);
#4749 = CARTESIAN_POINT('',(6.698729810778E-02,-0.25,1.1));
#4750 = LINE('',#4751,#4752);
#4751 = CARTESIAN_POINT('',(6.698729810778E-02,-0.25,1.1));
#4752 = VECTOR('',#4753,1.);
#4753 = DIRECTION('',(0.5,5.551115123128E-17,0.866025403784));
#4754 = ORIENTED_EDGE('',*,*,#4675,.F.);
#4755 = ORIENTED_EDGE('',*,*,#4594,.F.);
#4756 = ORIENTED_EDGE('',*,*,#4712,.F.);
#4757 = ORIENTED_EDGE('',*,*,#4747,.F.);
#4758 = ORIENTED_EDGE('',*,*,#4759,.T.);
#4759 = EDGE_CURVE('',#4748,#4748,#4760,.T.);
#4760 = CIRCLE('',#4761,0.25);
#4761 = AXIS2_PLACEMENT_3D('',#4762,#4763,#4764);
#4762 = CARTESIAN_POINT('',(6.698729810778E-02,5.337293624795E-33,1.1));
#4763 = DIRECTION('',(0.5,5.551115123128E-17,0.866025403784));
#4764 = DIRECTION('',(1.110223024625E-16,-1.,8.646655078321E-30));
#4765 = CYLINDRICAL_SURFACE('',#4766,0.25);
#4766 = AXIS2_PLACEMENT_3D('',#4767,#4768,#4769);
#4767 = CARTESIAN_POINT('',(6.698729810778E-02,0.,1.1));
#4768 = DIRECTION('',(-0.5,-5.551115123128E-17,-0.866025403784));
#4769 = DIRECTION('',(1.110223024625E-16,-1.,8.646655078321E-30));
#4770 = ADVANCED_FACE('',(#4771),#4791,.F.);
#4771 = FACE_BOUND('',#4772,.F.);
#4772 = EDGE_LOOP('',(#4773,#4782,#4789,#4790));
#4773 = ORIENTED_EDGE('',*,*,#4774,.F.);
#4774 = EDGE_CURVE('',#4775,#4748,#4777,.T.);
#4775 = VERTEX_POINT('',#4776);
#4776 = CARTESIAN_POINT('',(1.942890293094E-16,-0.25,0.85));
#4777 = CIRCLE('',#4778,0.5);
#4778 = AXIS2_PLACEMENT_3D('',#4779,#4780,#4781);
#4779 = CARTESIAN_POINT('',(0.5,-0.25,0.85));
#4780 = DIRECTION('',(-1.110223024625E-16,1.,0.));
#4781 = DIRECTION('',(-1.,-1.110223024625E-16,0.));
#4782 = ORIENTED_EDGE('',*,*,#4783,.F.);
#4783 = EDGE_CURVE('',#4775,#4775,#4784,.T.);
#4784 = CIRCLE('',#4785,0.25);
#4785 = AXIS2_PLACEMENT_3D('',#4786,#4787,#4788);
#4786 = CARTESIAN_POINT('',(1.665334536938E-16,0.,0.85));
#4787 = DIRECTION('',(-0.,0.,1.));
#4788 = DIRECTION('',(1.110223024625E-16,-1.,0.));
#4789 = ORIENTED_EDGE('',*,*,#4774,.T.);
#4790 = ORIENTED_EDGE('',*,*,#4759,.T.);
#4791 = SURFACE_OF_REVOLUTION('',#4792,#4797);
#4792 = CIRCLE('',#4793,0.25);
#4793 = AXIS2_PLACEMENT_3D('',#4794,#4795,#4796);
#4794 = CARTESIAN_POINT('',(1.665334536938E-16,0.,0.85));
#4795 = DIRECTION('',(-0.,0.,1.));
#4796 = DIRECTION('',(1.110223024625E-16,-1.,0.));
#4797 = AXIS1_PLACEMENT('',#4798,#4799);
#4798 = CARTESIAN_POINT('',(0.5,4.,0.85));
#4799 = DIRECTION('',(-1.110223024625E-16,1.,0.));
#4800 = ADVANCED_FACE('',(#4801),#4820,.T.);
#4801 = FACE_BOUND('',#4802,.T.);
#4802 = EDGE_LOOP('',(#4803,#4811,#4812,#4813));
#4803 = ORIENTED_EDGE('',*,*,#4804,.T.);
#4804 = EDGE_CURVE('',#4805,#4775,#4807,.T.);
#4805 = VERTEX_POINT('',#4806);
#4806 = CARTESIAN_POINT('',(1.942890293094E-16,-0.25,-2.));
#4807 = LINE('',#4808,#4809);
#4808 = CARTESIAN_POINT('',(1.942890293094E-16,-0.25,-2.));
#4809 = VECTOR('',#4810,1.);
#4810 = DIRECTION('',(0.,0.,1.));
#4811 = ORIENTED_EDGE('',*,*,#4783,.F.);
#4812 = ORIENTED_EDGE('',*,*,#4804,.F.);
#4813 = ORIENTED_EDGE('',*,*,#4814,.T.);
#4814 = EDGE_CURVE('',#4805,#4805,#4815,.T.);
#4815 = CIRCLE('',#4816,0.25);
#4816 = AXIS2_PLACEMENT_3D('',#4817,#4818,#4819);
#4817 = CARTESIAN_POINT('',(1.665334536938E-16,0.,-2.));
#4818 = DIRECTION('',(-0.,0.,1.));
#4819 = DIRECTION('',(1.110223024625E-16,-1.,0.));
#4820 = CYLINDRICAL_SURFACE('',#4821,0.25);
#4821 = AXIS2_PLACEMENT_3D('',#4822,#4823,#4824);
#4822 = CARTESIAN_POINT('',(1.665334536938E-16,0.,-2.));
#4823 = DIRECTION('',(-0.,0.,-1.));
#4824 = DIRECTION('',(1.110223024625E-16,-1.,-0.));
#4825 = ADVANCED_FACE('',(#4826),#4829,.T.);
#4826 = FACE_BOUND('',#4827,.F.);
#4827 = EDGE_LOOP('',(#4828));
#4828 = ORIENTED_EDGE('',*,*,#4814,.T.);
#4829 = PLANE('',#4830);
#4830 = AXIS2_PLACEMENT_3D('',#4831,#4832,#4833);
#4831 = CARTESIAN_POINT('',(1.942890293094E-16,-0.25,-2.));
#4832 = DIRECTION('',(0.,0.,-1.));
#4833 = DIRECTION('',(-1.110223024625E-16,1.,0.));
#4834 = ( GEOMETRIC_REPRESENTATION_CONTEXT(3) 
GLOBAL_UNCERTAINTY_ASSIGNED_CONTEXT((#4838)) 
GLOBAL_UNIT_ASSIGNED_CONTEXT((#4835,#4836,#4837)) REPRESENTATION_CONTEXT
('Context #1','3D Context with UNIT and UNCERTAINTY') );
#4835 = ( LENGTH_UNIT() NAMED_UNIT(*) SI_UNIT(.MILLI.,.METRE.) );
#4836 = ( NAMED_UNIT(*) PLANE_ANGLE_UNIT() SI_UNIT($,.RADIAN.) );
#4837 = ( NAMED_UNIT(*) SI_UNIT($,.STERADIAN.) SOLID_ANGLE_UNIT() );
#4838 = UNCERTAINTY_MEASURE_WITH_UNIT(LENGTH_MEASURE(2.E-07),#4835,
  'distance_accuracy_value','confusion accuracy');
#4839 = CONTEXT_DEPENDENT_SHAPE_REPRESENTATION(#4840,#4842);
#4840 = ( REPRESENTATION_RELATIONSHIP('','',#4351,#4328) 
REPRESENTATION_RELATIONSHIP_WITH_TRANSFORMATION(#4841) 
SHAPE_REPRESENTATION_RELATIONSHIP() );
#4841 = ITEM_DEFINED_TRANSFORMATION('','',#11,#4329);
#4842 = PRODUCT_DEFINITION_SHAPE('Placement','Placement of an item',
  #4843);
#4843 = NEXT_ASSEMBLY_USAGE_OCCURRENCE('5','=>[0:1:1:7]','',#4323,#4346,
  $);
#4844 = PRODUCT_RELATED_PRODUCT_CATEGORY('part',$,(#4348));
#4845 = SHAPE_DEFINITION_REPRESENTATION(#4846,#4852);
#4846 = PRODUCT_DEFINITION_SHAPE('','',#4847);
#4847 = PRODUCT_DEFINITION('design','',#4848,#4851);
#4848 = PRODUCT_DEFINITION_FORMATION('','',#4849);
#4849 = PRODUCT('DIP-8_W7.62mm','DIP-8_W7.62mm','',(#4850));
#4850 = PRODUCT_CONTEXT('',#2,'mechanical');
#4851 = PRODUCT_DEFINITION_CONTEXT('part definition',#2,'design');
#4852 = SHAPE_REPRESENTATION('',(#11,#4853),#4857);
#4853 = AXIS2_PLACEMENT_3D('',#4854,#4855,#4856);
#4854 = CARTESIAN_POINT('',(0.,0.,0.));
#4855 = DIRECTION('',(0.,0.,1.));
#4856 = DIRECTION('',(1.,0.,-0.));
#4857 = ( GEOMETRIC_REPRESENTATION_CONTEXT(3) 
GLOBAL_UNCERTAINTY_ASSIGNED_CONTEXT((#4861)) 
GLOBAL_UNIT_ASSIGNED_CONTEXT((#4858,#4859,#4860)) REPRESENTATION_CONTEXT
('Context #1','3D Context with UNIT and UNCERTAINTY') );
#4858 = ( LENGTH_UNIT() NAMED_UNIT(*) SI_UNIT(.MILLI.,.METRE.) );
#4859 = ( NAMED_UNIT(*) PLANE_ANGLE_UNIT() SI_UNIT($,.RADIAN.) );
#4860 = ( NAMED_UNIT(*) SI_UNIT($,.STERADIAN.) SOLID_ANGLE_UNIT() );
#4861 = UNCERTAINTY_MEASURE_WITH_UNIT(LENGTH_MEASURE(1.E-06),#4858,
  'distance_accuracy_value','confusion accuracy');
#4862 = CONTEXT_DEPENDENT_SHAPE_REPRESENTATION(#4863,#4865);
#4863 = ( REPRESENTATION_RELATIONSHIP('','',#4852,#10) 
REPRESENTATION_RELATIONSHIP_WITH_TRANSFORMATION(#4864) 
SHAPE_REPRESENTATION_RELATIONSHIP() );
#4864 = ITEM_DEFINED_TRANSFORMATION('','',#11,#27);
#4865 = PRODUCT_DEFINITION_SHAPE('Placement','Placement of an item',
  #4866);
#4866 = NEXT_ASSEMBLY_USAGE_OCCURRENCE('8','U1','',#5,#4847,$);
#4867 = PRODUCT_RELATED_PRODUCT_CATEGORY('part',$,(#4849));
#4868 = SHAPE_DEFINITION_REPRESENTATION(#4869,#4875);
#4869 = PRODUCT_DEFINITION_SHAPE('','',#4870);
#4870 = PRODUCT_DEFINITION('design','',#4871,#4874);
#4871 = PRODUCT_DEFINITION_FORMATION('','',#4872);
#4872 = PRODUCT('DIP-8_W7.62mm','DIP-8_W7.62mm','',(#4873));
#4873 = PRODUCT_CONTEXT('',#2,'mechanical');
#4874 = PRODUCT_DEFINITION_CONTEXT('part definition',#2,'design');
#4875 = ADVANCED_BREP_SHAPE_REPRESENTATION('',(#11,#4876),#9648);
#4876 = MANIFOLD_SOLID_BREP('',#4877);
#4877 = CLOSED_SHELL('',(#4878,#4918,#5011,#5034,#5121,#5138,#5168,#5198
    ,#5229,#5260,#5291,#5322,#5353,#5384,#5415,#5438,#5462,#5492,#5523,
    #5554,#5585,#5616,#5647,#5678,#5709,#5726,#5756,#5814,#5872,#5902,
    #5960,#5977,#6002,#6052,#6083,#6141,#6199,#6230,#6288,#6305,#6330,
    #6380,#6411,#6434,#6458,#6516,#6574,#6604,#6662,#6679,#6737,#6754,
    #6785,#6843,#6901,#6932,#6990,#7007,#7065,#7082,#7113,#7130,#7187,
    #7206,#7255,#7279,#7326,#7338,#7357,#7374,#7423,#7447,#7489,#7506,
    #7523,#7542,#7607,#7631,#7694,#7706,#7771,#7795,#7858,#7875,#7889,
    #7906,#7923,#8272,#8323,#8342,#8391,#8415,#8462,#8474,#8528,#8552,
    #8594,#8613,#8625,#8642,#8659,#8678,#8695,#8760,#8784,#8842,#8864,
    #8929,#8953,#9011,#9025,#9042,#9059,#9076,#9105,#9122,#9139,#9151,
    #9168,#9185,#9197,#9214,#9231,#9248,#9265,#9277,#9294,#9311,#9328,
    #9345,#9357,#9385,#9396,#9413,#9430,#9442,#9459,#9476,#9488,#9505,
    #9522,#9539,#9556,#9568,#9585,#9602,#9619,#9636));
#4878 = ADVANCED_FACE('',(#4879),#4913,.T.);
#4879 = FACE_BOUND('',#4880,.F.);
#4880 = EDGE_LOOP('',(#4881,#4891,#4899,#4907));
#4881 = ORIENTED_EDGE('',*,*,#4882,.T.);
#4882 = EDGE_CURVE('',#4883,#4885,#4887,.T.);
#4883 = VERTEX_POINT('',#4884);
#4884 = CARTESIAN_POINT('',(6.661276356577,-8.121276356577,0.38));
#4885 = VERTEX_POINT('',#4886);
#4886 = CARTESIAN_POINT('',(6.661276356577,0.501276356577,0.38));
#4887 = LINE('',#4888,#4889);
#4888 = CARTESIAN_POINT('',(6.661276356577,-8.121276356577,0.38));
#4889 = VECTOR('',#4890,1.);
#4890 = DIRECTION('',(-4.440892098501E-16,1.,0.));
#4891 = ORIENTED_EDGE('',*,*,#4892,.T.);
#4892 = EDGE_CURVE('',#4885,#4893,#4895,.T.);
#4893 = VERTEX_POINT('',#4894);
#4894 = CARTESIAN_POINT('',(0.958723643423,0.501276356577,0.38));
#4895 = LINE('',#4896,#4897);
#4896 = CARTESIAN_POINT('',(6.661276356577,0.501276356577,0.38));
#4897 = VECTOR('',#4898,1.);
#4898 = DIRECTION('',(-1.,-4.440892098501E-16,0.));
#4899 = ORIENTED_EDGE('',*,*,#4900,.T.);
#4900 = EDGE_CURVE('',#4893,#4901,#4903,.T.);
#4901 = VERTEX_POINT('',#4902);
#4902 = CARTESIAN_POINT('',(0.958723643423,-8.121276356577,0.38));
#4903 = LINE('',#4904,#4905);
#4904 = CARTESIAN_POINT('',(0.958723643423,0.501276356577,0.38));
#4905 = VECTOR('',#4906,1.);
#4906 = DIRECTION('',(4.440892098501E-16,-1.,0.));
#4907 = ORIENTED_EDGE('',*,*,#4908,.T.);
#4908 = EDGE_CURVE('',#4901,#4883,#4909,.T.);
#4909 = LINE('',#4910,#4911);
#4910 = CARTESIAN_POINT('',(0.958723643423,-8.121276356577,0.38));
#4911 = VECTOR('',#4912,1.);
#4912 = DIRECTION('',(1.,4.440892098501E-16,0.));
#4913 = PLANE('',#4914);
#4914 = AXIS2_PLACEMENT_3D('',#4915,#4916,#4917);
#4915 = CARTESIAN_POINT('',(6.661276356577,-8.121276356577,0.38));
#4916 = DIRECTION('',(-0.,0.,-1.));
#4917 = DIRECTION('',(-0.551628171486,0.834090139268,0.));
#4918 = ADVANCED_FACE('',(#4919),#5006,.T.);
#4919 = FACE_BOUND('',#4920,.T.);
#4920 = EDGE_LOOP('',(#4921,#4922,#4929,#4937,#4945,#4953,#4961,#4969,
    #4977,#4985,#4993,#5001));
#4921 = ORIENTED_EDGE('',*,*,#4882,.T.);
#4922 = ORIENTED_EDGE('',*,*,#4923,.T.);
#4923 = EDGE_CURVE('',#4885,#4924,#4926,.T.);
#4924 = VERTEX_POINT('',#4925);
#4925 = CARTESIAN_POINT('',(6.985,0.825,1.903));
#4926 = B_SPLINE_CURVE_WITH_KNOTS('',1,(#4927,#4928),.UNSPECIFIED.,.F.,
  .F.,(2,2),(0.,1.),.PIECEWISE_BEZIER_KNOTS.);
#4927 = CARTESIAN_POINT('',(6.661276356577,0.501276356577,0.38));
#4928 = CARTESIAN_POINT('',(6.985,0.825,1.903));
#4929 = ORIENTED_EDGE('',*,*,#4930,.F.);
#4930 = EDGE_CURVE('',#4931,#4924,#4933,.T.);
#4931 = VERTEX_POINT('',#4932);
#4932 = CARTESIAN_POINT('',(6.985,0.2285,1.903));
#4933 = LINE('',#4934,#4935);
#4934 = CARTESIAN_POINT('',(6.985,-8.445,1.903));
#4935 = VECTOR('',#4936,1.);
#4936 = DIRECTION('',(-4.440892098501E-16,1.,0.));
#4937 = ORIENTED_EDGE('',*,*,#4938,.F.);
#4938 = EDGE_CURVE('',#4939,#4931,#4941,.T.);
#4939 = VERTEX_POINT('',#4940);
#4940 = CARTESIAN_POINT('',(6.985,-0.762,1.903));
#4941 = LINE('',#4942,#4943);
#4942 = CARTESIAN_POINT('',(6.985,-8.445,1.903));
#4943 = VECTOR('',#4944,1.);
#4944 = DIRECTION('',(-4.440892098501E-16,1.,0.));
#4945 = ORIENTED_EDGE('',*,*,#4946,.F.);
#4946 = EDGE_CURVE('',#4947,#4939,#4949,.T.);
#4947 = VERTEX_POINT('',#4948);
#4948 = CARTESIAN_POINT('',(6.985,-1.778,1.903));
#4949 = LINE('',#4950,#4951);
#4950 = CARTESIAN_POINT('',(6.985,-8.445,1.903));
#4951 = VECTOR('',#4952,1.);
#4952 = DIRECTION('',(-4.440892098501E-16,1.,0.));
#4953 = ORIENTED_EDGE('',*,*,#4954,.F.);
#4954 = EDGE_CURVE('',#4955,#4947,#4957,.T.);
#4955 = VERTEX_POINT('',#4956);
#4956 = CARTESIAN_POINT('',(6.985,-3.302,1.903));
#4957 = LINE('',#4958,#4959);
#4958 = CARTESIAN_POINT('',(6.985,-8.445,1.903));
#4959 = VECTOR('',#4960,1.);
#4960 = DIRECTION('',(-4.440892098501E-16,1.,0.));
#4961 = ORIENTED_EDGE('',*,*,#4962,.F.);
#4962 = EDGE_CURVE('',#4963,#4955,#4965,.T.);
#4963 = VERTEX_POINT('',#4964);
#4964 = CARTESIAN_POINT('',(6.985,-4.318,1.903));
#4965 = LINE('',#4966,#4967);
#4966 = CARTESIAN_POINT('',(6.985,-8.445,1.903));
#4967 = VECTOR('',#4968,1.);
#4968 = DIRECTION('',(-4.440892098501E-16,1.,0.));
#4969 = ORIENTED_EDGE('',*,*,#4970,.F.);
#4970 = EDGE_CURVE('',#4971,#4963,#4973,.T.);
#4971 = VERTEX_POINT('',#4972);
#4972 = CARTESIAN_POINT('',(6.985,-5.842,1.903));
#4973 = LINE('',#4974,#4975);
#4974 = CARTESIAN_POINT('',(6.985,-8.445,1.903));
#4975 = VECTOR('',#4976,1.);
#4976 = DIRECTION('',(-4.440892098501E-16,1.,0.));
#4977 = ORIENTED_EDGE('',*,*,#4978,.F.);
#4978 = EDGE_CURVE('',#4979,#4971,#4981,.T.);
#4979 = VERTEX_POINT('',#4980);
#4980 = CARTESIAN_POINT('',(6.985,-6.858,1.903));
#4981 = LINE('',#4982,#4983);
#4982 = CARTESIAN_POINT('',(6.985,-8.445,1.903));
#4983 = VECTOR('',#4984,1.);
#4984 = DIRECTION('',(-4.440892098501E-16,1.,0.));
#4985 = ORIENTED_EDGE('',*,*,#4986,.F.);
#4986 = EDGE_CURVE('',#4987,#4979,#4989,.T.);
#4987 = VERTEX_POINT('',#4988);
#4988 = CARTESIAN_POINT('',(6.985,-7.8485,1.903));
#4989 = LINE('',#4990,#4991);
#4990 = CARTESIAN_POINT('',(6.985,-8.445,1.903));
#4991 = VECTOR('',#4992,1.);
#4992 = DIRECTION('',(-4.440892098501E-16,1.,0.));
#4993 = ORIENTED_EDGE('',*,*,#4994,.F.);
#4994 = EDGE_CURVE('',#4995,#4987,#4997,.T.);
#4995 = VERTEX_POINT('',#4996);
#4996 = CARTESIAN_POINT('',(6.985,-8.445,1.903));
#4997 = LINE('',#4998,#4999);
#4998 = CARTESIAN_POINT('',(6.985,-8.445,1.903));
#4999 = VECTOR('',#5000,1.);
#5000 = DIRECTION('',(-4.440892098501E-16,1.,0.));
#5001 = ORIENTED_EDGE('',*,*,#5002,.F.);
#5002 = EDGE_CURVE('',#4883,#4995,#5003,.T.);
#5003 = B_SPLINE_CURVE_WITH_KNOTS('',1,(#5004,#5005),.UNSPECIFIED.,.F.,
  .F.,(2,2),(0.,1.),.PIECEWISE_BEZIER_KNOTS.);
#5004 = CARTESIAN_POINT('',(6.661276356577,-8.121276356577,0.38));
#5005 = CARTESIAN_POINT('',(6.985,-8.445,1.903));
#5006 = B_SPLINE_SURFACE_WITH_KNOTS('',1,1,(
    (#5007,#5008)
    ,(#5009,#5010
    )),.UNSPECIFIED.,.F.,.F.,.F.,(2,2),(2,2),(0.,9.27),(0.,1.),
  .PIECEWISE_BEZIER_KNOTS.);
#5007 = CARTESIAN_POINT('',(6.661276356577,-8.121276356577,0.38));
#5008 = CARTESIAN_POINT('',(6.985,-8.445,1.903));
#5009 = CARTESIAN_POINT('',(6.661276356577,0.501276356577,0.38));
#5010 = CARTESIAN_POINT('',(6.985,0.825,1.903));
#5011 = ADVANCED_FACE('',(#5012),#5029,.T.);
#5012 = FACE_BOUND('',#5013,.T.);
#5013 = EDGE_LOOP('',(#5014,#5015,#5022,#5028));
#5014 = ORIENTED_EDGE('',*,*,#4892,.T.);
#5015 = ORIENTED_EDGE('',*,*,#5016,.T.);
#5016 = EDGE_CURVE('',#4893,#5017,#5019,.T.);
#5017 = VERTEX_POINT('',#5018);
#5018 = CARTESIAN_POINT('',(0.635,0.825,1.903));
#5019 = B_SPLINE_CURVE_WITH_KNOTS('',1,(#5020,#5021),.UNSPECIFIED.,.F.,
  .F.,(2,2),(0.,1.),.PIECEWISE_BEZIER_KNOTS.);
#5020 = CARTESIAN_POINT('',(0.958723643423,0.501276356577,0.38));
#5021 = CARTESIAN_POINT('',(0.635,0.825,1.903));
#5022 = ORIENTED_EDGE('',*,*,#5023,.F.);
#5023 = EDGE_CURVE('',#4924,#5017,#5024,.T.);
#5024 = LINE('',#5025,#5026);
#5025 = CARTESIAN_POINT('',(6.985,0.825,1.903));
#5026 = VECTOR('',#5027,1.);
#5027 = DIRECTION('',(-1.,-4.440892098501E-16,0.));
#5028 = ORIENTED_EDGE('',*,*,#4923,.F.);
#5029 = B_SPLINE_SURFACE_WITH_KNOTS('',1,1,(
    (#5030,#5031)
    ,(#5032,#5033
    )),.UNSPECIFIED.,.F.,.F.,.F.,(2,2),(2,2),(0.,6.35),(0.,1.),
  .PIECEWISE_BEZIER_KNOTS.);
#5030 = CARTESIAN_POINT('',(6.661276356577,0.501276356577,0.38));
#5031 = CARTESIAN_POINT('',(6.985,0.825,1.903));
#5032 = CARTESIAN_POINT('',(0.958723643423,0.501276356577,0.38));
#5033 = CARTESIAN_POINT('',(0.635,0.825,1.903));
#5034 = ADVANCED_FACE('',(#5035),#5116,.T.);
#5035 = FACE_BOUND('',#5036,.T.);
#5036 = EDGE_LOOP('',(#5037,#5038,#5045,#5053,#5061,#5069,#5077,#5085,
    #5093,#5101,#5109,#5115));
#5037 = ORIENTED_EDGE('',*,*,#4900,.T.);
#5038 = ORIENTED_EDGE('',*,*,#5039,.T.);
#5039 = EDGE_CURVE('',#4901,#5040,#5042,.T.);
#5040 = VERTEX_POINT('',#5041);
#5041 = CARTESIAN_POINT('',(0.635,-8.445,1.903));
#5042 = B_SPLINE_CURVE_WITH_KNOTS('',1,(#5043,#5044),.UNSPECIFIED.,.F.,
  .F.,(2,2),(0.,1.),.PIECEWISE_BEZIER_KNOTS.);
#5043 = CARTESIAN_POINT('',(0.958723643423,-8.121276356577,0.38));
#5044 = CARTESIAN_POINT('',(0.635,-8.445,1.903));
#5045 = ORIENTED_EDGE('',*,*,#5046,.F.);
#5046 = EDGE_CURVE('',#5047,#5040,#5049,.T.);
#5047 = VERTEX_POINT('',#5048);
#5048 = CARTESIAN_POINT('',(0.635,-7.8485,1.903));
#5049 = LINE('',#5050,#5051);
#5050 = CARTESIAN_POINT('',(0.635,0.825,1.903));
#5051 = VECTOR('',#5052,1.);
#5052 = DIRECTION('',(4.440892098501E-16,-1.,0.));
#5053 = ORIENTED_EDGE('',*,*,#5054,.F.);
#5054 = EDGE_CURVE('',#5055,#5047,#5057,.T.);
#5055 = VERTEX_POINT('',#5056);
#5056 = CARTESIAN_POINT('',(0.635,-6.858,1.903));
#5057 = LINE('',#5058,#5059);
#5058 = CARTESIAN_POINT('',(0.635,0.825,1.903));
#5059 = VECTOR('',#5060,1.);
#5060 = DIRECTION('',(4.440892098501E-16,-1.,0.));
#5061 = ORIENTED_EDGE('',*,*,#5062,.F.);
#5062 = EDGE_CURVE('',#5063,#5055,#5065,.T.);
#5063 = VERTEX_POINT('',#5064);
#5064 = CARTESIAN_POINT('',(0.635,-5.842,1.903));
#5065 = LINE('',#5066,#5067);
#5066 = CARTESIAN_POINT('',(0.635,0.825,1.903));
#5067 = VECTOR('',#5068,1.);
#5068 = DIRECTION('',(4.440892098501E-16,-1.,0.));
#5069 = ORIENTED_EDGE('',*,*,#5070,.F.);
#5070 = EDGE_CURVE('',#5071,#5063,#5073,.T.);
#5071 = VERTEX_POINT('',#5072);
#5072 = CARTESIAN_POINT('',(0.635,-4.318,1.903));
#5073 = LINE('',#5074,#5075);
#5074 = CARTESIAN_POINT('',(0.635,0.825,1.903));
#5075 = VECTOR('',#5076,1.);
#5076 = DIRECTION('',(4.440892098501E-16,-1.,0.));
#5077 = ORIENTED_EDGE('',*,*,#5078,.F.);
#5078 = EDGE_CURVE('',#5079,#5071,#5081,.T.);
#5079 = VERTEX_POINT('',#5080);
#5080 = CARTESIAN_POINT('',(0.635,-3.302,1.903));
#5081 = LINE('',#5082,#5083);
#5082 = CARTESIAN_POINT('',(0.635,0.825,1.903));
#5083 = VECTOR('',#5084,1.);
#5084 = DIRECTION('',(4.440892098501E-16,-1.,0.));
#5085 = ORIENTED_EDGE('',*,*,#5086,.F.);
#5086 = EDGE_CURVE('',#5087,#5079,#5089,.T.);
#5087 = VERTEX_POINT('',#5088);
#5088 = CARTESIAN_POINT('',(0.635,-1.778,1.903));
#5089 = LINE('',#5090,#5091);
#5090 = CARTESIAN_POINT('',(0.635,0.825,1.903));
#5091 = VECTOR('',#5092,1.);
#5092 = DIRECTION('',(4.440892098501E-16,-1.,0.));
#5093 = ORIENTED_EDGE('',*,*,#5094,.F.);
#5094 = EDGE_CURVE('',#5095,#5087,#5097,.T.);
#5095 = VERTEX_POINT('',#5096);
#5096 = CARTESIAN_POINT('',(0.635,-0.762,1.903));
#5097 = LINE('',#5098,#5099);
#5098 = CARTESIAN_POINT('',(0.635,0.825,1.903));
#5099 = VECTOR('',#5100,1.);
#5100 = DIRECTION('',(4.440892098501E-16,-1.,0.));
#5101 = ORIENTED_EDGE('',*,*,#5102,.F.);
#5102 = EDGE_CURVE('',#5103,#5095,#5105,.T.);
#5103 = VERTEX_POINT('',#5104);
#5104 = CARTESIAN_POINT('',(0.635,0.2285,1.903));
#5105 = LINE('',#5106,#5107);
#5106 = CARTESIAN_POINT('',(0.635,0.825,1.903));
#5107 = VECTOR('',#5108,1.);
#5108 = DIRECTION('',(4.440892098501E-16,-1.,0.));
#5109 = ORIENTED_EDGE('',*,*,#5110,.F.);
#5110 = EDGE_CURVE('',#5017,#5103,#5111,.T.);
#5111 = LINE('',#5112,#5113);
#5112 = CARTESIAN_POINT('',(0.635,0.825,1.903));
#5113 = VECTOR('',#5114,1.);
#5114 = DIRECTION('',(4.440892098501E-16,-1.,0.));
#5115 = ORIENTED_EDGE('',*,*,#5016,.F.);
#5116 = B_SPLINE_SURFACE_WITH_KNOTS('',1,1,(
    (#5117,#5118)
    ,(#5119,#5120
    )),.UNSPECIFIED.,.F.,.F.,.F.,(2,2),(2,2),(0.,9.27),(0.,1.),
  .PIECEWISE_BEZIER_KNOTS.);
#5117 = CARTESIAN_POINT('',(0.958723643423,0.501276356577,0.38));
#5118 = CARTESIAN_POINT('',(0.635,0.825,1.903));
#5119 = CARTESIAN_POINT('',(0.958723643423,-8.121276356577,0.38));
#5120 = CARTESIAN_POINT('',(0.635,-8.445,1.903));
#5121 = ADVANCED_FACE('',(#5122),#5133,.T.);
#5122 = FACE_BOUND('',#5123,.T.);
#5123 = EDGE_LOOP('',(#5124,#5125,#5126,#5132));
#5124 = ORIENTED_EDGE('',*,*,#4908,.T.);
#5125 = ORIENTED_EDGE('',*,*,#5002,.T.);
#5126 = ORIENTED_EDGE('',*,*,#5127,.F.);
#5127 = EDGE_CURVE('',#5040,#4995,#5128,.T.);
#5128 = LINE('',#5129,#5130);
#5129 = CARTESIAN_POINT('',(0.635,-8.445,1.903));
#5130 = VECTOR('',#5131,1.);
#5131 = DIRECTION('',(1.,4.440892098501E-16,0.));
#5132 = ORIENTED_EDGE('',*,*,#5039,.F.);
#5133 = B_SPLINE_SURFACE_WITH_KNOTS('',1,1,(
    (#5134,#5135)
    ,(#5136,#5137
    )),.UNSPECIFIED.,.F.,.F.,.F.,(2,2),(2,2),(0.,6.35),(0.,1.),
  .PIECEWISE_BEZIER_KNOTS.);
#5134 = CARTESIAN_POINT('',(0.958723643423,-8.121276356577,0.38));
#5135 = CARTESIAN_POINT('',(0.635,-8.445,1.903));
#5136 = CARTESIAN_POINT('',(6.661276356577,-8.121276356577,0.38));
#5137 = CARTESIAN_POINT('',(6.985,-8.445,1.903));
#5138 = ADVANCED_FACE('',(#5139),#5163,.T.);
#5139 = FACE_BOUND('',#5140,.T.);
#5140 = EDGE_LOOP('',(#5141,#5148,#5149,#5157));
#5141 = ORIENTED_EDGE('',*,*,#5142,.F.);
#5142 = EDGE_CURVE('',#4995,#5143,#5145,.T.);
#5143 = VERTEX_POINT('',#5144);
#5144 = CARTESIAN_POINT('',(6.985,-8.445,2.157));
#5145 = B_SPLINE_CURVE_WITH_KNOTS('',1,(#5146,#5147),.UNSPECIFIED.,.F.,
  .F.,(2,2),(0.,1.),.PIECEWISE_BEZIER_KNOTS.);
#5146 = CARTESIAN_POINT('',(6.985,-8.445,1.903));
#5147 = CARTESIAN_POINT('',(6.985,-8.445,2.157));
#5148 = ORIENTED_EDGE('',*,*,#4994,.T.);
#5149 = ORIENTED_EDGE('',*,*,#5150,.T.);
#5150 = EDGE_CURVE('',#4987,#5151,#5153,.T.);
#5151 = VERTEX_POINT('',#5152);
#5152 = CARTESIAN_POINT('',(6.985,-7.8485,2.157));
#5153 = LINE('',#5154,#5155);
#5154 = CARTESIAN_POINT('',(6.985,-7.8485,1.9665));
#5155 = VECTOR('',#5156,1.);
#5156 = DIRECTION('',(0.,0.,1.));
#5157 = ORIENTED_EDGE('',*,*,#5158,.F.);
#5158 = EDGE_CURVE('',#5143,#5151,#5159,.T.);
#5159 = LINE('',#5160,#5161);
#5160 = CARTESIAN_POINT('',(6.985,-8.445,2.157));
#5161 = VECTOR('',#5162,1.);
#5162 = DIRECTION('',(-4.440892098501E-16,1.,0.));
#5163 = PLANE('',#5164);
#5164 = AXIS2_PLACEMENT_3D('',#5165,#5166,#5167);
#5165 = CARTESIAN_POINT('',(6.985,-8.445,2.157));
#5166 = DIRECTION('',(1.,4.440892098501E-16,0.));
#5167 = DIRECTION('',(-4.440892098501E-16,1.,0.));
#5168 = ADVANCED_FACE('',(#5169),#5193,.T.);
#5169 = FACE_BOUND('',#5170,.T.);
#5170 = EDGE_LOOP('',(#5171,#5179,#5180,#5187));
#5171 = ORIENTED_EDGE('',*,*,#5172,.T.);
#5172 = EDGE_CURVE('',#5173,#4931,#5175,.T.);
#5173 = VERTEX_POINT('',#5174);
#5174 = CARTESIAN_POINT('',(6.985,0.2285,2.157));
#5175 = LINE('',#5176,#5177);
#5176 = CARTESIAN_POINT('',(6.985,0.2285,2.157));
#5177 = VECTOR('',#5178,1.);
#5178 = DIRECTION('',(1.035250531786E-30,-2.331176954594E-15,-1.));
#5179 = ORIENTED_EDGE('',*,*,#4930,.T.);
#5180 = ORIENTED_EDGE('',*,*,#5181,.T.);
#5181 = EDGE_CURVE('',#4924,#5182,#5184,.T.);
#5182 = VERTEX_POINT('',#5183);
#5183 = CARTESIAN_POINT('',(6.985,0.825,2.157));
#5184 = B_SPLINE_CURVE_WITH_KNOTS('',1,(#5185,#5186),.UNSPECIFIED.,.F.,
  .F.,(2,2),(0.,1.),.PIECEWISE_BEZIER_KNOTS.);
#5185 = CARTESIAN_POINT('',(6.985,0.825,1.903));
#5186 = CARTESIAN_POINT('',(6.985,0.825,2.157));
#5187 = ORIENTED_EDGE('',*,*,#5188,.F.);
#5188 = EDGE_CURVE('',#5173,#5182,#5189,.T.);
#5189 = LINE('',#5190,#5191);
#5190 = CARTESIAN_POINT('',(6.985,-8.445,2.157));
#5191 = VECTOR('',#5192,1.);
#5192 = DIRECTION('',(-4.440892098501E-16,1.,0.));
#5193 = PLANE('',#5194);
#5194 = AXIS2_PLACEMENT_3D('',#5195,#5196,#5197);
#5195 = CARTESIAN_POINT('',(6.985,-8.445,2.157));
#5196 = DIRECTION('',(1.,4.440892098501E-16,0.));
#5197 = DIRECTION('',(-4.440892098501E-16,1.,0.));
#5198 = ADVANCED_FACE('',(#5199),#5224,.F.);
#5199 = FACE_BOUND('',#5200,.F.);
#5200 = EDGE_LOOP('',(#5201,#5209,#5210,#5218));
#5201 = ORIENTED_EDGE('',*,*,#5202,.F.);
#5202 = EDGE_CURVE('',#4979,#5203,#5205,.T.);
#5203 = VERTEX_POINT('',#5204);
#5204 = CARTESIAN_POINT('',(7.366,-6.858,1.903));
#5205 = LINE('',#5206,#5207);
#5206 = CARTESIAN_POINT('',(3.81,-6.858,1.903));
#5207 = VECTOR('',#5208,1.);
#5208 = DIRECTION('',(1.,3.216245299353E-16,0.));
#5209 = ORIENTED_EDGE('',*,*,#4986,.F.);
#5210 = ORIENTED_EDGE('',*,*,#5211,.F.);
#5211 = EDGE_CURVE('',#5212,#4987,#5214,.T.);
#5212 = VERTEX_POINT('',#5213);
#5213 = CARTESIAN_POINT('',(7.366,-7.8485,1.903));
#5214 = LINE('',#5215,#5216);
#5215 = CARTESIAN_POINT('',(7.747,-7.8485,1.903));
#5216 = VECTOR('',#5217,1.);
#5217 = DIRECTION('',(-1.,-3.216245299353E-16,0.));
#5218 = ORIENTED_EDGE('',*,*,#5219,.T.);
#5219 = EDGE_CURVE('',#5212,#5203,#5220,.T.);
#5220 = LINE('',#5221,#5222);
#5221 = CARTESIAN_POINT('',(7.366,-7.8485,1.903));
#5222 = VECTOR('',#5223,1.);
#5223 = DIRECTION('',(-3.216245299353E-16,1.,0.));
#5224 = PLANE('',#5225);
#5225 = AXIS2_PLACEMENT_3D('',#5226,#5227,#5228);
#5226 = CARTESIAN_POINT('',(0.254,-6.858,1.903));
#5227 = DIRECTION('',(0.,0.,1.));
#5228 = DIRECTION('',(-4.440892098501E-16,1.,0.));
#5229 = ADVANCED_FACE('',(#5230),#5255,.F.);
#5230 = FACE_BOUND('',#5231,.F.);
#5231 = EDGE_LOOP('',(#5232,#5240,#5241,#5249));
#5232 = ORIENTED_EDGE('',*,*,#5233,.F.);
#5233 = EDGE_CURVE('',#4931,#5234,#5236,.T.);
#5234 = VERTEX_POINT('',#5235);
#5235 = CARTESIAN_POINT('',(7.366,0.2285,1.903));
#5236 = LINE('',#5237,#5238);
#5237 = CARTESIAN_POINT('',(3.81,0.2285,1.903));
#5238 = VECTOR('',#5239,1.);
#5239 = DIRECTION('',(1.,3.216245299353E-16,0.));
#5240 = ORIENTED_EDGE('',*,*,#4938,.F.);
#5241 = ORIENTED_EDGE('',*,*,#5242,.F.);
#5242 = EDGE_CURVE('',#5243,#4939,#5245,.T.);
#5243 = VERTEX_POINT('',#5244);
#5244 = CARTESIAN_POINT('',(7.366,-0.762,1.903));
#5245 = LINE('',#5246,#5247);
#5246 = CARTESIAN_POINT('',(7.747,-0.762,1.903));
#5247 = VECTOR('',#5248,1.);
#5248 = DIRECTION('',(-1.,-3.216245299353E-16,0.));
#5249 = ORIENTED_EDGE('',*,*,#5250,.F.);
#5250 = EDGE_CURVE('',#5234,#5243,#5251,.T.);
#5251 = LINE('',#5252,#5253);
#5252 = CARTESIAN_POINT('',(7.366,0.2285,1.903));
#5253 = VECTOR('',#5254,1.);
#5254 = DIRECTION('',(3.216245299353E-16,-1.,0.));
#5255 = PLANE('',#5256);
#5256 = AXIS2_PLACEMENT_3D('',#5257,#5258,#5259);
#5257 = CARTESIAN_POINT('',(0.254,0.2285,1.903));
#5258 = DIRECTION('',(0.,0.,1.));
#5259 = DIRECTION('',(-4.440892098501E-16,1.,0.));
#5260 = ADVANCED_FACE('',(#5261),#5286,.T.);
#5261 = FACE_BOUND('',#5262,.T.);
#5262 = EDGE_LOOP('',(#5263,#5271,#5272,#5280));
#5263 = ORIENTED_EDGE('',*,*,#5264,.T.);
#5264 = EDGE_CURVE('',#5265,#4979,#5267,.T.);
#5265 = VERTEX_POINT('',#5266);
#5266 = CARTESIAN_POINT('',(6.985,-6.858,2.157));
#5267 = LINE('',#5268,#5269);
#5268 = CARTESIAN_POINT('',(6.985,-6.858,2.157));
#5269 = VECTOR('',#5270,1.);
#5270 = DIRECTION('',(0.,0.,-1.));
#5271 = ORIENTED_EDGE('',*,*,#4978,.T.);
#5272 = ORIENTED_EDGE('',*,*,#5273,.T.);
#5273 = EDGE_CURVE('',#4971,#5274,#5276,.T.);
#5274 = VERTEX_POINT('',#5275);
#5275 = CARTESIAN_POINT('',(6.985,-5.842,2.157));
#5276 = LINE('',#5277,#5278);
#5277 = CARTESIAN_POINT('',(6.985,-5.842,2.157));
#5278 = VECTOR('',#5279,1.);
#5279 = DIRECTION('',(0.,0.,1.));
#5280 = ORIENTED_EDGE('',*,*,#5281,.F.);
#5281 = EDGE_CURVE('',#5265,#5274,#5282,.T.);
#5282 = LINE('',#5283,#5284);
#5283 = CARTESIAN_POINT('',(6.985,-8.445,2.157));
#5284 = VECTOR('',#5285,1.);
#5285 = DIRECTION('',(-4.440892098501E-16,1.,0.));
#5286 = PLANE('',#5287);
#5287 = AXIS2_PLACEMENT_3D('',#5288,#5289,#5290);
#5288 = CARTESIAN_POINT('',(6.985,-8.445,2.157));
#5289 = DIRECTION('',(1.,4.440892098501E-16,0.));
#5290 = DIRECTION('',(-4.440892098501E-16,1.,0.));
#5291 = ADVANCED_FACE('',(#5292),#5317,.T.);
#5292 = FACE_BOUND('',#5293,.T.);
#5293 = EDGE_LOOP('',(#5294,#5302,#5303,#5311));
#5294 = ORIENTED_EDGE('',*,*,#5295,.F.);
#5295 = EDGE_CURVE('',#4947,#5296,#5298,.T.);
#5296 = VERTEX_POINT('',#5297);
#5297 = CARTESIAN_POINT('',(6.985,-1.778,2.157));
#5298 = LINE('',#5299,#5300);
#5299 = CARTESIAN_POINT('',(6.985,-1.778,2.157));
#5300 = VECTOR('',#5301,1.);
#5301 = DIRECTION('',(0.,0.,1.));
#5302 = ORIENTED_EDGE('',*,*,#4946,.T.);
#5303 = ORIENTED_EDGE('',*,*,#5304,.F.);
#5304 = EDGE_CURVE('',#5305,#4939,#5307,.T.);
#5305 = VERTEX_POINT('',#5306);
#5306 = CARTESIAN_POINT('',(6.985,-0.762,2.157));
#5307 = LINE('',#5308,#5309);
#5308 = CARTESIAN_POINT('',(6.985,-0.762,1.0785));
#5309 = VECTOR('',#5310,1.);
#5310 = DIRECTION('',(0.,0.,-1.));
#5311 = ORIENTED_EDGE('',*,*,#5312,.F.);
#5312 = EDGE_CURVE('',#5296,#5305,#5313,.T.);
#5313 = LINE('',#5314,#5315);
#5314 = CARTESIAN_POINT('',(6.985,-8.445,2.157));
#5315 = VECTOR('',#5316,1.);
#5316 = DIRECTION('',(-4.440892098501E-16,1.,0.));
#5317 = PLANE('',#5318);
#5318 = AXIS2_PLACEMENT_3D('',#5319,#5320,#5321);
#5319 = CARTESIAN_POINT('',(6.985,-8.445,2.157));
#5320 = DIRECTION('',(1.,4.440892098501E-16,0.));
#5321 = DIRECTION('',(-4.440892098501E-16,1.,0.));
#5322 = ADVANCED_FACE('',(#5323),#5348,.F.);
#5323 = FACE_BOUND('',#5324,.F.);
#5324 = EDGE_LOOP('',(#5325,#5333,#5334,#5342));
#5325 = ORIENTED_EDGE('',*,*,#5326,.F.);
#5326 = EDGE_CURVE('',#4963,#5327,#5329,.T.);
#5327 = VERTEX_POINT('',#5328);
#5328 = CARTESIAN_POINT('',(7.366,-4.318,1.903));
#5329 = LINE('',#5330,#5331);
#5330 = CARTESIAN_POINT('',(3.683,-4.318,1.903));
#5331 = VECTOR('',#5332,1.);
#5332 = DIRECTION('',(1.,3.216245299353E-16,0.));
#5333 = ORIENTED_EDGE('',*,*,#4970,.F.);
#5334 = ORIENTED_EDGE('',*,*,#5335,.F.);
#5335 = EDGE_CURVE('',#5336,#4971,#5338,.T.);
#5336 = VERTEX_POINT('',#5337);
#5337 = CARTESIAN_POINT('',(7.366,-5.842,1.903));
#5338 = LINE('',#5339,#5340);
#5339 = CARTESIAN_POINT('',(7.62,-5.842,1.903));
#5340 = VECTOR('',#5341,1.);
#5341 = DIRECTION('',(-1.,-3.216245299353E-16,0.));
#5342 = ORIENTED_EDGE('',*,*,#5343,.T.);
#5343 = EDGE_CURVE('',#5336,#5327,#5344,.T.);
#5344 = LINE('',#5345,#5346);
#5345 = CARTESIAN_POINT('',(7.366,-5.842,1.903));
#5346 = VECTOR('',#5347,1.);
#5347 = DIRECTION('',(-3.216245299353E-16,1.,0.));
#5348 = PLANE('',#5349);
#5349 = AXIS2_PLACEMENT_3D('',#5350,#5351,#5352);
#5350 = CARTESIAN_POINT('',(0.254,-4.318,1.903));
#5351 = DIRECTION('',(0.,0.,1.));
#5352 = DIRECTION('',(-4.440892098501E-16,1.,0.));
#5353 = ADVANCED_FACE('',(#5354),#5379,.F.);
#5354 = FACE_BOUND('',#5355,.F.);
#5355 = EDGE_LOOP('',(#5356,#5364,#5365,#5373));
#5356 = ORIENTED_EDGE('',*,*,#5357,.F.);
#5357 = EDGE_CURVE('',#4947,#5358,#5360,.T.);
#5358 = VERTEX_POINT('',#5359);
#5359 = CARTESIAN_POINT('',(7.366,-1.778,1.903));
#5360 = LINE('',#5361,#5362);
#5361 = CARTESIAN_POINT('',(3.683,-1.778,1.903));
#5362 = VECTOR('',#5363,1.);
#5363 = DIRECTION('',(1.,3.216245299353E-16,0.));
#5364 = ORIENTED_EDGE('',*,*,#4954,.F.);
#5365 = ORIENTED_EDGE('',*,*,#5366,.F.);
#5366 = EDGE_CURVE('',#5367,#4955,#5369,.T.);
#5367 = VERTEX_POINT('',#5368);
#5368 = CARTESIAN_POINT('',(7.366,-3.302,1.903));
#5369 = LINE('',#5370,#5371);
#5370 = CARTESIAN_POINT('',(7.62,-3.302,1.903));
#5371 = VECTOR('',#5372,1.);
#5372 = DIRECTION('',(-1.,-3.216245299353E-16,0.));
#5373 = ORIENTED_EDGE('',*,*,#5374,.T.);
#5374 = EDGE_CURVE('',#5367,#5358,#5375,.T.);
#5375 = LINE('',#5376,#5377);
#5376 = CARTESIAN_POINT('',(7.366,-3.302,1.903));
#5377 = VECTOR('',#5378,1.);
#5378 = DIRECTION('',(-3.216245299353E-16,1.,0.));
#5379 = PLANE('',#5380);
#5380 = AXIS2_PLACEMENT_3D('',#5381,#5382,#5383);
#5381 = CARTESIAN_POINT('',(0.254,-1.778,1.903));
#5382 = DIRECTION('',(0.,0.,1.));
#5383 = DIRECTION('',(-4.440892098501E-16,1.,0.));
#5384 = ADVANCED_FACE('',(#5385),#5410,.T.);
#5385 = FACE_BOUND('',#5386,.T.);
#5386 = EDGE_LOOP('',(#5387,#5395,#5396,#5404));
#5387 = ORIENTED_EDGE('',*,*,#5388,.F.);
#5388 = EDGE_CURVE('',#4963,#5389,#5391,.T.);
#5389 = VERTEX_POINT('',#5390);
#5390 = CARTESIAN_POINT('',(6.985,-4.318,2.157));
#5391 = LINE('',#5392,#5393);
#5392 = CARTESIAN_POINT('',(6.985,-4.318,2.157));
#5393 = VECTOR('',#5394,1.);
#5394 = DIRECTION('',(0.,0.,1.));
#5395 = ORIENTED_EDGE('',*,*,#4962,.T.);
#5396 = ORIENTED_EDGE('',*,*,#5397,.T.);
#5397 = EDGE_CURVE('',#4955,#5398,#5400,.T.);
#5398 = VERTEX_POINT('',#5399);
#5399 = CARTESIAN_POINT('',(6.985,-3.302,2.157));
#5400 = LINE('',#5401,#5402);
#5401 = CARTESIAN_POINT('',(6.985,-3.302,2.157));
#5402 = VECTOR('',#5403,1.);
#5403 = DIRECTION('',(0.,0.,1.));
#5404 = ORIENTED_EDGE('',*,*,#5405,.F.);
#5405 = EDGE_CURVE('',#5389,#5398,#5406,.T.);
#5406 = LINE('',#5407,#5408);
#5407 = CARTESIAN_POINT('',(6.985,-8.445,2.157));
#5408 = VECTOR('',#5409,1.);
#5409 = DIRECTION('',(-4.440892098501E-16,1.,0.));
#5410 = PLANE('',#5411);
#5411 = AXIS2_PLACEMENT_3D('',#5412,#5413,#5414);
#5412 = CARTESIAN_POINT('',(6.985,-8.445,2.157));
#5413 = DIRECTION('',(1.,4.440892098501E-16,0.));
#5414 = DIRECTION('',(-4.440892098501E-16,1.,0.));
#5415 = ADVANCED_FACE('',(#5416),#5433,.T.);
#5416 = FACE_BOUND('',#5417,.T.);
#5417 = EDGE_LOOP('',(#5418,#5419,#5426,#5432));
#5418 = ORIENTED_EDGE('',*,*,#5023,.T.);
#5419 = ORIENTED_EDGE('',*,*,#5420,.T.);
#5420 = EDGE_CURVE('',#5017,#5421,#5423,.T.);
#5421 = VERTEX_POINT('',#5422);
#5422 = CARTESIAN_POINT('',(0.635,0.825,2.157));
#5423 = B_SPLINE_CURVE_WITH_KNOTS('',1,(#5424,#5425),.UNSPECIFIED.,.F.,
  .F.,(2,2),(0.,1.),.PIECEWISE_BEZIER_KNOTS.);
#5424 = CARTESIAN_POINT('',(0.635,0.825,1.903));
#5425 = CARTESIAN_POINT('',(0.635,0.825,2.157));
#5426 = ORIENTED_EDGE('',*,*,#5427,.F.);
#5427 = EDGE_CURVE('',#5182,#5421,#5428,.T.);
#5428 = LINE('',#5429,#5430);
#5429 = CARTESIAN_POINT('',(6.985,0.825,2.157));
#5430 = VECTOR('',#5431,1.);
#5431 = DIRECTION('',(-1.,-4.440892098501E-16,0.));
#5432 = ORIENTED_EDGE('',*,*,#5181,.F.);
#5433 = PLANE('',#5434);
#5434 = AXIS2_PLACEMENT_3D('',#5435,#5436,#5437);
#5435 = CARTESIAN_POINT('',(6.985,0.825,2.157));
#5436 = DIRECTION('',(-4.440892098501E-16,1.,0.));
#5437 = DIRECTION('',(-1.,-4.440892098501E-16,0.));
#5438 = ADVANCED_FACE('',(#5439),#5457,.T.);
#5439 = FACE_BOUND('',#5440,.T.);
#5440 = EDGE_LOOP('',(#5441,#5442,#5443,#5451));
#5441 = ORIENTED_EDGE('',*,*,#5420,.F.);
#5442 = ORIENTED_EDGE('',*,*,#5110,.T.);
#5443 = ORIENTED_EDGE('',*,*,#5444,.T.);
#5444 = EDGE_CURVE('',#5103,#5445,#5447,.T.);
#5445 = VERTEX_POINT('',#5446);
#5446 = CARTESIAN_POINT('',(0.635,0.2285,2.157));
#5447 = LINE('',#5448,#5449);
#5448 = CARTESIAN_POINT('',(0.635,0.2285,2.157));
#5449 = VECTOR('',#5450,1.);
#5450 = DIRECTION('',(-1.035250531786E-30,2.331176954594E-15,1.));
#5451 = ORIENTED_EDGE('',*,*,#5452,.F.);
#5452 = EDGE_CURVE('',#5421,#5445,#5453,.T.);
#5453 = LINE('',#5454,#5455);
#5454 = CARTESIAN_POINT('',(0.635,0.825,2.157));
#5455 = VECTOR('',#5456,1.);
#5456 = DIRECTION('',(4.440892098501E-16,-1.,0.));
#5457 = PLANE('',#5458);
#5458 = AXIS2_PLACEMENT_3D('',#5459,#5460,#5461);
#5459 = CARTESIAN_POINT('',(0.635,0.825,2.157));
#5460 = DIRECTION('',(-1.,-4.440892098501E-16,0.));
#5461 = DIRECTION('',(4.440892098501E-16,-1.,0.));
#5462 = ADVANCED_FACE('',(#5463),#5487,.T.);
#5463 = FACE_BOUND('',#5464,.T.);
#5464 = EDGE_LOOP('',(#5465,#5473,#5474,#5481));
#5465 = ORIENTED_EDGE('',*,*,#5466,.T.);
#5466 = EDGE_CURVE('',#5467,#5047,#5469,.T.);
#5467 = VERTEX_POINT('',#5468);
#5468 = CARTESIAN_POINT('',(0.635,-7.8485,2.157));
#5469 = LINE('',#5470,#5471);
#5470 = CARTESIAN_POINT('',(0.635,-7.8485,1.9665));
#5471 = VECTOR('',#5472,1.);
#5472 = DIRECTION('',(0.,0.,-1.));
#5473 = ORIENTED_EDGE('',*,*,#5046,.T.);
#5474 = ORIENTED_EDGE('',*,*,#5475,.T.);
#5475 = EDGE_CURVE('',#5040,#5476,#5478,.T.);
#5476 = VERTEX_POINT('',#5477);
#5477 = CARTESIAN_POINT('',(0.635,-8.445,2.157));
#5478 = B_SPLINE_CURVE_WITH_KNOTS('',1,(#5479,#5480),.UNSPECIFIED.,.F.,
  .F.,(2,2),(0.,1.),.PIECEWISE_BEZIER_KNOTS.);
#5479 = CARTESIAN_POINT('',(0.635,-8.445,1.903));
#5480 = CARTESIAN_POINT('',(0.635,-8.445,2.157));
#5481 = ORIENTED_EDGE('',*,*,#5482,.F.);
#5482 = EDGE_CURVE('',#5467,#5476,#5483,.T.);
#5483 = LINE('',#5484,#5485);
#5484 = CARTESIAN_POINT('',(0.635,0.825,2.157));
#5485 = VECTOR('',#5486,1.);
#5486 = DIRECTION('',(4.440892098501E-16,-1.,0.));
#5487 = PLANE('',#5488);
#5488 = AXIS2_PLACEMENT_3D('',#5489,#5490,#5491);
#5489 = CARTESIAN_POINT('',(0.635,0.825,2.157));
#5490 = DIRECTION('',(-1.,-4.440892098501E-16,0.));
#5491 = DIRECTION('',(4.440892098501E-16,-1.,0.));
#5492 = ADVANCED_FACE('',(#5493),#5518,.F.);
#5493 = FACE_BOUND('',#5494,.F.);
#5494 = EDGE_LOOP('',(#5495,#5503,#5511,#5517));
#5495 = ORIENTED_EDGE('',*,*,#5496,.F.);
#5496 = EDGE_CURVE('',#5497,#5103,#5499,.T.);
#5497 = VERTEX_POINT('',#5498);
#5498 = CARTESIAN_POINT('',(0.254,0.2285,1.903));
#5499 = LINE('',#5500,#5501);
#5500 = CARTESIAN_POINT('',(-0.127,0.2285,1.903));
#5501 = VECTOR('',#5502,1.);
#5502 = DIRECTION('',(1.,4.440892098501E-16,0.));
#5503 = ORIENTED_EDGE('',*,*,#5504,.T.);
#5504 = EDGE_CURVE('',#5497,#5505,#5507,.T.);
#5505 = VERTEX_POINT('',#5506);
#5506 = CARTESIAN_POINT('',(0.254,-0.762,1.903));
#5507 = LINE('',#5508,#5509);
#5508 = CARTESIAN_POINT('',(0.254,0.2285,1.903));
#5509 = VECTOR('',#5510,1.);
#5510 = DIRECTION('',(4.440892098501E-16,-1.,0.));
#5511 = ORIENTED_EDGE('',*,*,#5512,.F.);
#5512 = EDGE_CURVE('',#5095,#5505,#5513,.T.);
#5513 = LINE('',#5514,#5515);
#5514 = CARTESIAN_POINT('',(3.81,-0.762,1.903));
#5515 = VECTOR('',#5516,1.);
#5516 = DIRECTION('',(-1.,-4.440892098501E-16,0.));
#5517 = ORIENTED_EDGE('',*,*,#5102,.F.);
#5518 = PLANE('',#5519);
#5519 = AXIS2_PLACEMENT_3D('',#5520,#5521,#5522);
#5520 = CARTESIAN_POINT('',(0.254,0.2285,1.903));
#5521 = DIRECTION('',(0.,0.,1.));
#5522 = DIRECTION('',(-4.440892098501E-16,1.,0.));
#5523 = ADVANCED_FACE('',(#5524),#5549,.F.);
#5524 = FACE_BOUND('',#5525,.F.);
#5525 = EDGE_LOOP('',(#5526,#5534,#5542,#5548));
#5526 = ORIENTED_EDGE('',*,*,#5527,.F.);
#5527 = EDGE_CURVE('',#5528,#5055,#5530,.T.);
#5528 = VERTEX_POINT('',#5529);
#5529 = CARTESIAN_POINT('',(0.254,-6.858,1.903));
#5530 = LINE('',#5531,#5532);
#5531 = CARTESIAN_POINT('',(-0.127,-6.858,1.903));
#5532 = VECTOR('',#5533,1.);
#5533 = DIRECTION('',(1.,4.440892098501E-16,0.));
#5534 = ORIENTED_EDGE('',*,*,#5535,.F.);
#5535 = EDGE_CURVE('',#5536,#5528,#5538,.T.);
#5536 = VERTEX_POINT('',#5537);
#5537 = CARTESIAN_POINT('',(0.254,-7.8485,1.903));
#5538 = LINE('',#5539,#5540);
#5539 = CARTESIAN_POINT('',(0.254,-7.8485,1.903));
#5540 = VECTOR('',#5541,1.);
#5541 = DIRECTION('',(-4.440892098501E-16,1.,0.));
#5542 = ORIENTED_EDGE('',*,*,#5543,.F.);
#5543 = EDGE_CURVE('',#5047,#5536,#5544,.T.);
#5544 = LINE('',#5545,#5546);
#5545 = CARTESIAN_POINT('',(3.81,-7.8485,1.903));
#5546 = VECTOR('',#5547,1.);
#5547 = DIRECTION('',(-1.,-4.440892098501E-16,0.));
#5548 = ORIENTED_EDGE('',*,*,#5054,.F.);
#5549 = PLANE('',#5550);
#5550 = AXIS2_PLACEMENT_3D('',#5551,#5552,#5553);
#5551 = CARTESIAN_POINT('',(0.254,-6.858,1.903));
#5552 = DIRECTION('',(0.,0.,1.));
#5553 = DIRECTION('',(-4.440892098501E-16,1.,0.));
#5554 = ADVANCED_FACE('',(#5555),#5580,.T.);
#5555 = FACE_BOUND('',#5556,.T.);
#5556 = EDGE_LOOP('',(#5557,#5565,#5566,#5574));
#5557 = ORIENTED_EDGE('',*,*,#5558,.F.);
#5558 = EDGE_CURVE('',#5095,#5559,#5561,.T.);
#5559 = VERTEX_POINT('',#5560);
#5560 = CARTESIAN_POINT('',(0.635,-0.762,2.157));
#5561 = LINE('',#5562,#5563);
#5562 = CARTESIAN_POINT('',(0.635,-0.762,1.0785));
#5563 = VECTOR('',#5564,1.);
#5564 = DIRECTION('',(0.,0.,1.));
#5565 = ORIENTED_EDGE('',*,*,#5094,.T.);
#5566 = ORIENTED_EDGE('',*,*,#5567,.F.);
#5567 = EDGE_CURVE('',#5568,#5087,#5570,.T.);
#5568 = VERTEX_POINT('',#5569);
#5569 = CARTESIAN_POINT('',(0.635,-1.778,2.157));
#5570 = LINE('',#5571,#5572);
#5571 = CARTESIAN_POINT('',(0.635,-1.778,2.157));
#5572 = VECTOR('',#5573,1.);
#5573 = DIRECTION('',(0.,0.,-1.));
#5574 = ORIENTED_EDGE('',*,*,#5575,.F.);
#5575 = EDGE_CURVE('',#5559,#5568,#5576,.T.);
#5576 = LINE('',#5577,#5578);
#5577 = CARTESIAN_POINT('',(0.635,0.825,2.157));
#5578 = VECTOR('',#5579,1.);
#5579 = DIRECTION('',(4.440892098501E-16,-1.,0.));
#5580 = PLANE('',#5581);
#5581 = AXIS2_PLACEMENT_3D('',#5582,#5583,#5584);
#5582 = CARTESIAN_POINT('',(0.635,0.825,2.157));
#5583 = DIRECTION('',(-1.,-4.440892098501E-16,0.));
#5584 = DIRECTION('',(4.440892098501E-16,-1.,0.));
#5585 = ADVANCED_FACE('',(#5586),#5611,.T.);
#5586 = FACE_BOUND('',#5587,.T.);
#5587 = EDGE_LOOP('',(#5588,#5596,#5597,#5605));
#5588 = ORIENTED_EDGE('',*,*,#5589,.T.);
#5589 = EDGE_CURVE('',#5590,#5063,#5592,.T.);
#5590 = VERTEX_POINT('',#5591);
#5591 = CARTESIAN_POINT('',(0.635,-5.842,2.157));
#5592 = LINE('',#5593,#5594);
#5593 = CARTESIAN_POINT('',(0.635,-5.842,2.157));
#5594 = VECTOR('',#5595,1.);
#5595 = DIRECTION('',(0.,0.,-1.));
#5596 = ORIENTED_EDGE('',*,*,#5062,.T.);
#5597 = ORIENTED_EDGE('',*,*,#5598,.T.);
#5598 = EDGE_CURVE('',#5055,#5599,#5601,.T.);
#5599 = VERTEX_POINT('',#5600);
#5600 = CARTESIAN_POINT('',(0.635,-6.858,2.157));
#5601 = LINE('',#5602,#5603);
#5602 = CARTESIAN_POINT('',(0.635,-6.858,2.157));
#5603 = VECTOR('',#5604,1.);
#5604 = DIRECTION('',(0.,0.,1.));
#5605 = ORIENTED_EDGE('',*,*,#5606,.F.);
#5606 = EDGE_CURVE('',#5590,#5599,#5607,.T.);
#5607 = LINE('',#5608,#5609);
#5608 = CARTESIAN_POINT('',(0.635,0.825,2.157));
#5609 = VECTOR('',#5610,1.);
#5610 = DIRECTION('',(4.440892098501E-16,-1.,0.));
#5611 = PLANE('',#5612);
#5612 = AXIS2_PLACEMENT_3D('',#5613,#5614,#5615);
#5613 = CARTESIAN_POINT('',(0.635,0.825,2.157));
#5614 = DIRECTION('',(-1.,-4.440892098501E-16,0.));
#5615 = DIRECTION('',(4.440892098501E-16,-1.,0.));
#5616 = ADVANCED_FACE('',(#5617),#5642,.F.);
#5617 = FACE_BOUND('',#5618,.F.);
#5618 = EDGE_LOOP('',(#5619,#5627,#5635,#5641));
#5619 = ORIENTED_EDGE('',*,*,#5620,.F.);
#5620 = EDGE_CURVE('',#5621,#5087,#5623,.T.);
#5621 = VERTEX_POINT('',#5622);
#5622 = CARTESIAN_POINT('',(0.254,-1.778,1.903));
#5623 = LINE('',#5624,#5625);
#5624 = CARTESIAN_POINT('',(-2.442490654175E-15,-1.778,1.903));
#5625 = VECTOR('',#5626,1.);
#5626 = DIRECTION('',(1.,4.440892098501E-16,0.));
#5627 = ORIENTED_EDGE('',*,*,#5628,.T.);
#5628 = EDGE_CURVE('',#5621,#5629,#5631,.T.);
#5629 = VERTEX_POINT('',#5630);
#5630 = CARTESIAN_POINT('',(0.254,-3.302,1.903));
#5631 = LINE('',#5632,#5633);
#5632 = CARTESIAN_POINT('',(0.254,-1.778,1.903));
#5633 = VECTOR('',#5634,1.);
#5634 = DIRECTION('',(4.440892098501E-16,-1.,0.));
#5635 = ORIENTED_EDGE('',*,*,#5636,.F.);
#5636 = EDGE_CURVE('',#5079,#5629,#5637,.T.);
#5637 = LINE('',#5638,#5639);
#5638 = CARTESIAN_POINT('',(3.937,-3.302,1.903));
#5639 = VECTOR('',#5640,1.);
#5640 = DIRECTION('',(-1.,-4.440892098501E-16,0.));
#5641 = ORIENTED_EDGE('',*,*,#5086,.F.);
#5642 = PLANE('',#5643);
#5643 = AXIS2_PLACEMENT_3D('',#5644,#5645,#5646);
#5644 = CARTESIAN_POINT('',(0.254,-1.778,1.903));
#5645 = DIRECTION('',(0.,0.,1.));
#5646 = DIRECTION('',(-4.440892098501E-16,1.,0.));
#5647 = ADVANCED_FACE('',(#5648),#5673,.F.);
#5648 = FACE_BOUND('',#5649,.F.);
#5649 = EDGE_LOOP('',(#5650,#5658,#5666,#5672));
#5650 = ORIENTED_EDGE('',*,*,#5651,.F.);
#5651 = EDGE_CURVE('',#5652,#5071,#5654,.T.);
#5652 = VERTEX_POINT('',#5653);
#5653 = CARTESIAN_POINT('',(0.254,-4.318,1.903));
#5654 = LINE('',#5655,#5656);
#5655 = CARTESIAN_POINT('',(-1.110223024625E-15,-4.318,1.903));
#5656 = VECTOR('',#5657,1.);
#5657 = DIRECTION('',(1.,4.440892098501E-16,0.));
#5658 = ORIENTED_EDGE('',*,*,#5659,.T.);
#5659 = EDGE_CURVE('',#5652,#5660,#5662,.T.);
#5660 = VERTEX_POINT('',#5661);
#5661 = CARTESIAN_POINT('',(0.254,-5.842,1.903));
#5662 = LINE('',#5663,#5664);
#5663 = CARTESIAN_POINT('',(0.254,-4.318,1.903));
#5664 = VECTOR('',#5665,1.);
#5665 = DIRECTION('',(4.440892098501E-16,-1.,0.));
#5666 = ORIENTED_EDGE('',*,*,#5667,.F.);
#5667 = EDGE_CURVE('',#5063,#5660,#5668,.T.);
#5668 = LINE('',#5669,#5670);
#5669 = CARTESIAN_POINT('',(3.937,-5.842,1.903));
#5670 = VECTOR('',#5671,1.);
#5671 = DIRECTION('',(-1.,-4.440892098501E-16,0.));
#5672 = ORIENTED_EDGE('',*,*,#5070,.F.);
#5673 = PLANE('',#5674);
#5674 = AXIS2_PLACEMENT_3D('',#5675,#5676,#5677);
#5675 = CARTESIAN_POINT('',(0.254,-4.318,1.903));
#5676 = DIRECTION('',(0.,0.,1.));
#5677 = DIRECTION('',(-4.440892098501E-16,1.,0.));
#5678 = ADVANCED_FACE('',(#5679),#5704,.T.);
#5679 = FACE_BOUND('',#5680,.T.);
#5680 = EDGE_LOOP('',(#5681,#5689,#5690,#5698));
#5681 = ORIENTED_EDGE('',*,*,#5682,.T.);
#5682 = EDGE_CURVE('',#5683,#5079,#5685,.T.);
#5683 = VERTEX_POINT('',#5684);
#5684 = CARTESIAN_POINT('',(0.635,-3.302,2.157));
#5685 = LINE('',#5686,#5687);
#5686 = CARTESIAN_POINT('',(0.635,-3.302,2.157));
#5687 = VECTOR('',#5688,1.);
#5688 = DIRECTION('',(0.,0.,-1.));
#5689 = ORIENTED_EDGE('',*,*,#5078,.T.);
#5690 = ORIENTED_EDGE('',*,*,#5691,.F.);
#5691 = EDGE_CURVE('',#5692,#5071,#5694,.T.);
#5692 = VERTEX_POINT('',#5693);
#5693 = CARTESIAN_POINT('',(0.635,-4.318,2.157));
#5694 = LINE('',#5695,#5696);
#5695 = CARTESIAN_POINT('',(0.635,-4.318,2.157));
#5696 = VECTOR('',#5697,1.);
#5697 = DIRECTION('',(0.,0.,-1.));
#5698 = ORIENTED_EDGE('',*,*,#5699,.F.);
#5699 = EDGE_CURVE('',#5683,#5692,#5700,.T.);
#5700 = LINE('',#5701,#5702);
#5701 = CARTESIAN_POINT('',(0.635,0.825,2.157));
#5702 = VECTOR('',#5703,1.);
#5703 = DIRECTION('',(4.440892098501E-16,-1.,0.));
#5704 = PLANE('',#5705);
#5705 = AXIS2_PLACEMENT_3D('',#5706,#5707,#5708);
#5706 = CARTESIAN_POINT('',(0.635,0.825,2.157));
#5707 = DIRECTION('',(-1.,-4.440892098501E-16,0.));
#5708 = DIRECTION('',(4.440892098501E-16,-1.,0.));
#5709 = ADVANCED_FACE('',(#5710),#5721,.T.);
#5710 = FACE_BOUND('',#5711,.T.);
#5711 = EDGE_LOOP('',(#5712,#5713,#5714,#5720));
#5712 = ORIENTED_EDGE('',*,*,#5127,.T.);
#5713 = ORIENTED_EDGE('',*,*,#5142,.T.);
#5714 = ORIENTED_EDGE('',*,*,#5715,.F.);
#5715 = EDGE_CURVE('',#5476,#5143,#5716,.T.);
#5716 = LINE('',#5717,#5718);
#5717 = CARTESIAN_POINT('',(0.635,-8.445,2.157));
#5718 = VECTOR('',#5719,1.);
#5719 = DIRECTION('',(1.,4.440892098501E-16,0.));
#5720 = ORIENTED_EDGE('',*,*,#5475,.F.);
#5721 = PLANE('',#5722);
#5722 = AXIS2_PLACEMENT_3D('',#5723,#5724,#5725);
#5723 = CARTESIAN_POINT('',(0.635,-8.445,2.157));
#5724 = DIRECTION('',(4.440892098501E-16,-1.,0.));
#5725 = DIRECTION('',(1.,4.440892098501E-16,0.));
#5726 = ADVANCED_FACE('',(#5727),#5751,.T.);
#5727 = FACE_BOUND('',#5728,.T.);
#5728 = EDGE_LOOP('',(#5729,#5736,#5737,#5745));
#5729 = ORIENTED_EDGE('',*,*,#5730,.F.);
#5730 = EDGE_CURVE('',#5143,#5731,#5733,.T.);
#5731 = VERTEX_POINT('',#5732);
#5732 = CARTESIAN_POINT('',(6.91,-8.37,2.157));
#5733 = B_SPLINE_CURVE_WITH_KNOTS('',1,(#5734,#5735),.UNSPECIFIED.,.F.,
  .F.,(2,2),(0.,1.),.PIECEWISE_BEZIER_KNOTS.);
#5734 = CARTESIAN_POINT('',(6.985,-8.445,2.157));
#5735 = CARTESIAN_POINT('',(6.91,-8.37,2.157));
#5736 = ORIENTED_EDGE('',*,*,#5158,.T.);
#5737 = ORIENTED_EDGE('',*,*,#5738,.T.);
#5738 = EDGE_CURVE('',#5151,#5739,#5741,.T.);
#5739 = VERTEX_POINT('',#5740);
#5740 = CARTESIAN_POINT('',(6.91,-7.8485,2.157));
#5741 = LINE('',#5742,#5743);
#5742 = CARTESIAN_POINT('',(7.747,-7.8485,2.157));
#5743 = VECTOR('',#5744,1.);
#5744 = DIRECTION('',(-1.,-3.216245299353E-16,0.));
#5745 = ORIENTED_EDGE('',*,*,#5746,.F.);
#5746 = EDGE_CURVE('',#5731,#5739,#5747,.T.);
#5747 = LINE('',#5748,#5749);
#5748 = CARTESIAN_POINT('',(6.91,-8.37,2.157));
#5749 = VECTOR('',#5750,1.);
#5750 = DIRECTION('',(-4.440892098501E-16,1.,0.));
#5751 = B_SPLINE_SURFACE_WITH_KNOTS('',1,1,(
    (#5752,#5753)
    ,(#5754,#5755
    )),.UNSPECIFIED.,.F.,.F.,.F.,(2,2),(2,2),(0.,9.27),(0.,1.),
  .PIECEWISE_BEZIER_KNOTS.);
#5752 = CARTESIAN_POINT('',(6.985,-8.445,2.157));
#5753 = CARTESIAN_POINT('',(6.91,-8.37,2.157));
#5754 = CARTESIAN_POINT('',(6.985,0.825,2.157));
#5755 = CARTESIAN_POINT('',(6.91,0.75,2.157));
#5756 = ADVANCED_FACE('',(#5757),#5809,.F.);
#5757 = FACE_BOUND('',#5758,.F.);
#5758 = EDGE_LOOP('',(#5759,#5760,#5761,#5769,#5778,#5786,#5794,#5802));
#5759 = ORIENTED_EDGE('',*,*,#5211,.T.);
#5760 = ORIENTED_EDGE('',*,*,#5150,.T.);
#5761 = ORIENTED_EDGE('',*,*,#5762,.F.);
#5762 = EDGE_CURVE('',#5763,#5151,#5765,.T.);
#5763 = VERTEX_POINT('',#5764);
#5764 = CARTESIAN_POINT('',(7.366,-7.8485,2.157));
#5765 = LINE('',#5766,#5767);
#5766 = CARTESIAN_POINT('',(7.747,-7.8485,2.157));
#5767 = VECTOR('',#5768,1.);
#5768 = DIRECTION('',(-1.,-3.216245299353E-16,0.));
#5769 = ORIENTED_EDGE('',*,*,#5770,.T.);
#5770 = EDGE_CURVE('',#5763,#5771,#5773,.T.);
#5771 = VERTEX_POINT('',#5772);
#5772 = CARTESIAN_POINT('',(7.747,-7.8485,1.776));
#5773 = CIRCLE('',#5774,0.381);
#5774 = AXIS2_PLACEMENT_3D('',#5775,#5776,#5777);
#5775 = CARTESIAN_POINT('',(7.366,-7.8485,1.776));
#5776 = DIRECTION('',(-3.216245299353E-16,1.,0.));
#5777 = DIRECTION('',(0.,0.,1.));
#5778 = ORIENTED_EDGE('',*,*,#5779,.T.);
#5779 = EDGE_CURVE('',#5771,#5780,#5782,.T.);
#5780 = VERTEX_POINT('',#5781);
#5781 = CARTESIAN_POINT('',(7.747,-7.8485,-2.843));
#5782 = LINE('',#5783,#5784);
#5783 = CARTESIAN_POINT('',(7.747,-7.8485,2.157));
#5784 = VECTOR('',#5785,1.);
#5785 = DIRECTION('',(0.,0.,-1.));
#5786 = ORIENTED_EDGE('',*,*,#5787,.T.);
#5787 = EDGE_CURVE('',#5780,#5788,#5790,.T.);
#5788 = VERTEX_POINT('',#5789);
#5789 = CARTESIAN_POINT('',(7.493,-7.8485,-2.843));
#5790 = LINE('',#5791,#5792);
#5791 = CARTESIAN_POINT('',(7.747,-7.8485,-2.843));
#5792 = VECTOR('',#5793,1.);
#5793 = DIRECTION('',(-1.,-3.216245299353E-16,0.));
#5794 = ORIENTED_EDGE('',*,*,#5795,.F.);
#5795 = EDGE_CURVE('',#5796,#5788,#5798,.T.);
#5796 = VERTEX_POINT('',#5797);
#5797 = CARTESIAN_POINT('',(7.493,-7.8485,1.776));
#5798 = LINE('',#5799,#5800);
#5799 = CARTESIAN_POINT('',(7.493,-7.8485,2.157));
#5800 = VECTOR('',#5801,1.);
#5801 = DIRECTION('',(0.,0.,-1.));
#5802 = ORIENTED_EDGE('',*,*,#5803,.T.);
#5803 = EDGE_CURVE('',#5796,#5212,#5804,.T.);
#5804 = CIRCLE('',#5805,0.127);
#5805 = AXIS2_PLACEMENT_3D('',#5806,#5807,#5808);
#5806 = CARTESIAN_POINT('',(7.366,-7.8485,1.776));
#5807 = DIRECTION('',(3.216245299353E-16,-1.,0.));
#5808 = DIRECTION('',(0.,0.,-1.));
#5809 = PLANE('',#5810);
#5810 = AXIS2_PLACEMENT_3D('',#5811,#5812,#5813);
#5811 = CARTESIAN_POINT('',(-0.127,-7.8485,1.776));
#5812 = DIRECTION('',(-4.440892098501E-16,1.,0.));
#5813 = DIRECTION('',(0.,0.,1.));
#5814 = ADVANCED_FACE('',(#5815),#5867,.F.);
#5815 = FACE_BOUND('',#5816,.F.);
#5816 = EDGE_LOOP('',(#5817,#5818,#5819,#5828,#5836,#5844,#5852,#5861));
#5817 = ORIENTED_EDGE('',*,*,#5172,.T.);
#5818 = ORIENTED_EDGE('',*,*,#5233,.T.);
#5819 = ORIENTED_EDGE('',*,*,#5820,.F.);
#5820 = EDGE_CURVE('',#5821,#5234,#5823,.T.);
#5821 = VERTEX_POINT('',#5822);
#5822 = CARTESIAN_POINT('',(7.493,0.2285,1.776));
#5823 = CIRCLE('',#5824,0.127);
#5824 = AXIS2_PLACEMENT_3D('',#5825,#5826,#5827);
#5825 = CARTESIAN_POINT('',(7.366,0.2285,1.776));
#5826 = DIRECTION('',(3.216245299353E-16,-1.,0.));
#5827 = DIRECTION('',(0.,0.,1.));
#5828 = ORIENTED_EDGE('',*,*,#5829,.T.);
#5829 = EDGE_CURVE('',#5821,#5830,#5832,.T.);
#5830 = VERTEX_POINT('',#5831);
#5831 = CARTESIAN_POINT('',(7.493,0.2285,-2.843));
#5832 = LINE('',#5833,#5834);
#5833 = CARTESIAN_POINT('',(7.493,0.2285,2.157));
#5834 = VECTOR('',#5835,1.);
#5835 = DIRECTION('',(0.,0.,-1.));
#5836 = ORIENTED_EDGE('',*,*,#5837,.F.);
#5837 = EDGE_CURVE('',#5838,#5830,#5840,.T.);
#5838 = VERTEX_POINT('',#5839);
#5839 = CARTESIAN_POINT('',(7.747,0.2285,-2.843));
#5840 = LINE('',#5841,#5842);
#5841 = CARTESIAN_POINT('',(7.747,0.2285,-2.843));
#5842 = VECTOR('',#5843,1.);
#5843 = DIRECTION('',(-1.,-3.216245299353E-16,0.));
#5844 = ORIENTED_EDGE('',*,*,#5845,.F.);
#5845 = EDGE_CURVE('',#5846,#5838,#5848,.T.);
#5846 = VERTEX_POINT('',#5847);
#5847 = CARTESIAN_POINT('',(7.747,0.2285,1.776));
#5848 = LINE('',#5849,#5850);
#5849 = CARTESIAN_POINT('',(7.747,0.2285,2.157));
#5850 = VECTOR('',#5851,1.);
#5851 = DIRECTION('',(0.,0.,-1.));
#5852 = ORIENTED_EDGE('',*,*,#5853,.T.);
#5853 = EDGE_CURVE('',#5846,#5854,#5856,.T.);
#5854 = VERTEX_POINT('',#5855);
#5855 = CARTESIAN_POINT('',(7.366,0.2285,2.157));
#5856 = CIRCLE('',#5857,0.381);
#5857 = AXIS2_PLACEMENT_3D('',#5858,#5859,#5860);
#5858 = CARTESIAN_POINT('',(7.366,0.2285,1.776));
#5859 = DIRECTION('',(3.216245299353E-16,-1.,0.));
#5860 = DIRECTION('',(0.,0.,1.));
#5861 = ORIENTED_EDGE('',*,*,#5862,.F.);
#5862 = EDGE_CURVE('',#5173,#5854,#5863,.T.);
#5863 = LINE('',#5864,#5865);
#5864 = CARTESIAN_POINT('',(3.81,0.2285,2.157));
#5865 = VECTOR('',#5866,1.);
#5866 = DIRECTION('',(1.,3.216245299353E-16,0.));
#5867 = PLANE('',#5868);
#5868 = AXIS2_PLACEMENT_3D('',#5869,#5870,#5871);
#5869 = CARTESIAN_POINT('',(0.254,0.2285,2.157));
#5870 = DIRECTION('',(4.440892098501E-16,-1.,2.331176954594E-15));
#5871 = DIRECTION('',(1.035250531786E-30,-2.331176954594E-15,-1.));
#5872 = ADVANCED_FACE('',(#5873),#5897,.T.);
#5873 = FACE_BOUND('',#5874,.T.);
#5874 = EDGE_LOOP('',(#5875,#5883,#5884,#5891));
#5875 = ORIENTED_EDGE('',*,*,#5876,.T.);
#5876 = EDGE_CURVE('',#5877,#5173,#5879,.T.);
#5877 = VERTEX_POINT('',#5878);
#5878 = CARTESIAN_POINT('',(6.91,0.2285,2.157));
#5879 = LINE('',#5880,#5881);
#5880 = CARTESIAN_POINT('',(3.81,0.2285,2.157));
#5881 = VECTOR('',#5882,1.);
#5882 = DIRECTION('',(1.,3.216245299353E-16,0.));
#5883 = ORIENTED_EDGE('',*,*,#5188,.T.);
#5884 = ORIENTED_EDGE('',*,*,#5885,.T.);
#5885 = EDGE_CURVE('',#5182,#5886,#5888,.T.);
#5886 = VERTEX_POINT('',#5887);
#5887 = CARTESIAN_POINT('',(6.91,0.75,2.157));
#5888 = B_SPLINE_CURVE_WITH_KNOTS('',1,(#5889,#5890),.UNSPECIFIED.,.F.,
  .F.,(2,2),(0.,1.),.PIECEWISE_BEZIER_KNOTS.);
#5889 = CARTESIAN_POINT('',(6.985,0.825,2.157));
#5890 = CARTESIAN_POINT('',(6.91,0.75,2.157));
#5891 = ORIENTED_EDGE('',*,*,#5892,.F.);
#5892 = EDGE_CURVE('',#5877,#5886,#5893,.T.);
#5893 = LINE('',#5894,#5895);
#5894 = CARTESIAN_POINT('',(6.91,-8.37,2.157));
#5895 = VECTOR('',#5896,1.);
#5896 = DIRECTION('',(-4.440892098501E-16,1.,0.));
#5897 = B_SPLINE_SURFACE_WITH_KNOTS('',1,1,(
    (#5898,#5899)
    ,(#5900,#5901
    )),.UNSPECIFIED.,.F.,.F.,.F.,(2,2),(2,2),(0.,9.27),(0.,1.),
  .PIECEWISE_BEZIER_KNOTS.);
#5898 = CARTESIAN_POINT('',(6.985,-8.445,2.157));
#5899 = CARTESIAN_POINT('',(6.91,-8.37,2.157));
#5900 = CARTESIAN_POINT('',(6.985,0.825,2.157));
#5901 = CARTESIAN_POINT('',(6.91,0.75,2.157));
#5902 = ADVANCED_FACE('',(#5903),#5955,.F.);
#5903 = FACE_BOUND('',#5904,.F.);
#5904 = EDGE_LOOP('',(#5905,#5906,#5907,#5916,#5924,#5932,#5940,#5949));
#5905 = ORIENTED_EDGE('',*,*,#5264,.T.);
#5906 = ORIENTED_EDGE('',*,*,#5202,.T.);
#5907 = ORIENTED_EDGE('',*,*,#5908,.F.);
#5908 = EDGE_CURVE('',#5909,#5203,#5911,.T.);
#5909 = VERTEX_POINT('',#5910);
#5910 = CARTESIAN_POINT('',(7.493,-6.858,1.776));
#5911 = CIRCLE('',#5912,0.127);
#5912 = AXIS2_PLACEMENT_3D('',#5913,#5914,#5915);
#5913 = CARTESIAN_POINT('',(7.366,-6.858,1.776));
#5914 = DIRECTION('',(3.216245299353E-16,-1.,0.));
#5915 = DIRECTION('',(0.,0.,-1.));
#5916 = ORIENTED_EDGE('',*,*,#5917,.F.);
#5917 = EDGE_CURVE('',#5918,#5909,#5920,.T.);
#5918 = VERTEX_POINT('',#5919);
#5919 = CARTESIAN_POINT('',(7.493,-6.858,0.));
#5920 = LINE('',#5921,#5922);
#5921 = CARTESIAN_POINT('',(7.493,-6.858,0.));
#5922 = VECTOR('',#5923,1.);
#5923 = DIRECTION('',(0.,0.,1.));
#5924 = ORIENTED_EDGE('',*,*,#5925,.F.);
#5925 = EDGE_CURVE('',#5926,#5918,#5928,.T.);
#5926 = VERTEX_POINT('',#5927);
#5927 = CARTESIAN_POINT('',(7.747,-6.858,0.));
#5928 = LINE('',#5929,#5930);
#5929 = CARTESIAN_POINT('',(7.747,-6.858,0.));
#5930 = VECTOR('',#5931,1.);
#5931 = DIRECTION('',(-1.,-3.216245299353E-16,0.));
#5932 = ORIENTED_EDGE('',*,*,#5933,.T.);
#5933 = EDGE_CURVE('',#5926,#5934,#5936,.T.);
#5934 = VERTEX_POINT('',#5935);
#5935 = CARTESIAN_POINT('',(7.747,-6.858,1.776));
#5936 = LINE('',#5937,#5938);
#5937 = CARTESIAN_POINT('',(7.747,-6.858,0.));
#5938 = VECTOR('',#5939,1.);
#5939 = DIRECTION('',(0.,0.,1.));
#5940 = ORIENTED_EDGE('',*,*,#5941,.F.);
#5941 = EDGE_CURVE('',#5942,#5934,#5944,.T.);
#5942 = VERTEX_POINT('',#5943);
#5943 = CARTESIAN_POINT('',(7.366,-6.858,2.157));
#5944 = CIRCLE('',#5945,0.381);
#5945 = AXIS2_PLACEMENT_3D('',#5946,#5947,#5948);
#5946 = CARTESIAN_POINT('',(7.366,-6.858,1.776));
#5947 = DIRECTION('',(-3.216245299353E-16,1.,0.));
#5948 = DIRECTION('',(0.,0.,1.));
#5949 = ORIENTED_EDGE('',*,*,#5950,.F.);
#5950 = EDGE_CURVE('',#5265,#5942,#5951,.T.);
#5951 = LINE('',#5952,#5953);
#5952 = CARTESIAN_POINT('',(3.81,-6.858,2.157));
#5953 = VECTOR('',#5954,1.);
#5954 = DIRECTION('',(1.,3.216245299353E-16,0.));
#5955 = PLANE('',#5956);
#5956 = AXIS2_PLACEMENT_3D('',#5957,#5958,#5959);
#5957 = CARTESIAN_POINT('',(0.254,-6.858,2.157));
#5958 = DIRECTION('',(4.440892098501E-16,-1.,0.));
#5959 = DIRECTION('',(0.,-0.,-1.));
#5960 = ADVANCED_FACE('',(#5961),#5972,.F.);
#5961 = FACE_BOUND('',#5962,.F.);
#5962 = EDGE_LOOP('',(#5963,#5969,#5970,#5971));
#5963 = ORIENTED_EDGE('',*,*,#5964,.T.);
#5964 = EDGE_CURVE('',#5796,#5909,#5965,.T.);
#5965 = LINE('',#5966,#5967);
#5966 = CARTESIAN_POINT('',(7.493,-7.8485,1.776));
#5967 = VECTOR('',#5968,1.);
#5968 = DIRECTION('',(-3.216245299353E-16,1.,0.));
#5969 = ORIENTED_EDGE('',*,*,#5908,.T.);
#5970 = ORIENTED_EDGE('',*,*,#5219,.F.);
#5971 = ORIENTED_EDGE('',*,*,#5803,.F.);
#5972 = CYLINDRICAL_SURFACE('',#5973,0.127);
#5973 = AXIS2_PLACEMENT_3D('',#5974,#5975,#5976);
#5974 = CARTESIAN_POINT('',(7.366,-7.8485,1.776));
#5975 = DIRECTION('',(-3.216245299353E-16,1.,0.));
#5976 = DIRECTION('',(1.,3.216245299353E-16,0.));
#5977 = ADVANCED_FACE('',(#5978),#5997,.F.);
#5978 = FACE_BOUND('',#5979,.F.);
#5979 = EDGE_LOOP('',(#5980,#5981,#5982,#5991));
#5980 = ORIENTED_EDGE('',*,*,#5820,.T.);
#5981 = ORIENTED_EDGE('',*,*,#5250,.T.);
#5982 = ORIENTED_EDGE('',*,*,#5983,.F.);
#5983 = EDGE_CURVE('',#5984,#5243,#5986,.T.);
#5984 = VERTEX_POINT('',#5985);
#5985 = CARTESIAN_POINT('',(7.493,-0.762,1.776));
#5986 = CIRCLE('',#5987,0.127);
#5987 = AXIS2_PLACEMENT_3D('',#5988,#5989,#5990);
#5988 = CARTESIAN_POINT('',(7.366,-0.762,1.776));
#5989 = DIRECTION('',(3.216245299353E-16,-1.,0.));
#5990 = DIRECTION('',(0.,0.,1.));
#5991 = ORIENTED_EDGE('',*,*,#5992,.F.);
#5992 = EDGE_CURVE('',#5821,#5984,#5993,.T.);
#5993 = LINE('',#5994,#5995);
#5994 = CARTESIAN_POINT('',(7.493,0.2285,1.776));
#5995 = VECTOR('',#5996,1.);
#5996 = DIRECTION('',(3.216245299353E-16,-1.,0.));
#5997 = CYLINDRICAL_SURFACE('',#5998,0.127);
#5998 = AXIS2_PLACEMENT_3D('',#5999,#6000,#6001);
#5999 = CARTESIAN_POINT('',(7.366,0.2285,1.776));
#6000 = DIRECTION('',(3.216245299353E-16,-1.,0.));
#6001 = DIRECTION('',(1.,3.216245299353E-16,0.));
#6002 = ADVANCED_FACE('',(#6003),#6047,.T.);
#6003 = FACE_BOUND('',#6004,.T.);
#6004 = EDGE_LOOP('',(#6005,#6006,#6007,#6008,#6016,#6024,#6032,#6041));
#6005 = ORIENTED_EDGE('',*,*,#5304,.T.);
#6006 = ORIENTED_EDGE('',*,*,#5242,.F.);
#6007 = ORIENTED_EDGE('',*,*,#5983,.F.);
#6008 = ORIENTED_EDGE('',*,*,#6009,.F.);
#6009 = EDGE_CURVE('',#6010,#5984,#6012,.T.);
#6010 = VERTEX_POINT('',#6011);
#6011 = CARTESIAN_POINT('',(7.493,-0.762,0.));
#6012 = LINE('',#6013,#6014);
#6013 = CARTESIAN_POINT('',(7.493,-0.762,0.));
#6014 = VECTOR('',#6015,1.);
#6015 = DIRECTION('',(0.,0.,1.));
#6016 = ORIENTED_EDGE('',*,*,#6017,.F.);
#6017 = EDGE_CURVE('',#6018,#6010,#6020,.T.);
#6018 = VERTEX_POINT('',#6019);
#6019 = CARTESIAN_POINT('',(7.747,-0.762,0.));
#6020 = LINE('',#6021,#6022);
#6021 = CARTESIAN_POINT('',(7.747,-0.762,0.));
#6022 = VECTOR('',#6023,1.);
#6023 = DIRECTION('',(-1.,-3.216245299353E-16,0.));
#6024 = ORIENTED_EDGE('',*,*,#6025,.T.);
#6025 = EDGE_CURVE('',#6018,#6026,#6028,.T.);
#6026 = VERTEX_POINT('',#6027);
#6027 = CARTESIAN_POINT('',(7.747,-0.762,1.776));
#6028 = LINE('',#6029,#6030);
#6029 = CARTESIAN_POINT('',(7.747,-0.762,0.));
#6030 = VECTOR('',#6031,1.);
#6031 = DIRECTION('',(0.,0.,1.));
#6032 = ORIENTED_EDGE('',*,*,#6033,.T.);
#6033 = EDGE_CURVE('',#6026,#6034,#6036,.T.);
#6034 = VERTEX_POINT('',#6035);
#6035 = CARTESIAN_POINT('',(7.366,-0.762,2.157));
#6036 = CIRCLE('',#6037,0.381);
#6037 = AXIS2_PLACEMENT_3D('',#6038,#6039,#6040);
#6038 = CARTESIAN_POINT('',(7.366,-0.762,1.776));
#6039 = DIRECTION('',(3.216245299353E-16,-1.,0.));
#6040 = DIRECTION('',(0.,0.,1.));
#6041 = ORIENTED_EDGE('',*,*,#6042,.T.);
#6042 = EDGE_CURVE('',#6034,#5305,#6043,.T.);
#6043 = LINE('',#6044,#6045);
#6044 = CARTESIAN_POINT('',(7.747,-0.762,2.157));
#6045 = VECTOR('',#6046,1.);
#6046 = DIRECTION('',(-1.,-3.216245299353E-16,0.));
#6047 = PLANE('',#6048);
#6048 = AXIS2_PLACEMENT_3D('',#6049,#6050,#6051);
#6049 = CARTESIAN_POINT('',(-0.127,-0.762,0.));
#6050 = DIRECTION('',(4.440892098501E-16,-1.,0.));
#6051 = DIRECTION('',(0.,-0.,-1.));
#6052 = ADVANCED_FACE('',(#6053),#6078,.T.);
#6053 = FACE_BOUND('',#6054,.T.);
#6054 = EDGE_LOOP('',(#6055,#6063,#6064,#6072));
#6055 = ORIENTED_EDGE('',*,*,#6056,.T.);
#6056 = EDGE_CURVE('',#6057,#5265,#6059,.T.);
#6057 = VERTEX_POINT('',#6058);
#6058 = CARTESIAN_POINT('',(6.91,-6.858,2.157));
#6059 = LINE('',#6060,#6061);
#6060 = CARTESIAN_POINT('',(3.81,-6.858,2.157));
#6061 = VECTOR('',#6062,1.);
#6062 = DIRECTION('',(1.,3.216245299353E-16,0.));
#6063 = ORIENTED_EDGE('',*,*,#5281,.T.);
#6064 = ORIENTED_EDGE('',*,*,#6065,.T.);
#6065 = EDGE_CURVE('',#5274,#6066,#6068,.T.);
#6066 = VERTEX_POINT('',#6067);
#6067 = CARTESIAN_POINT('',(6.91,-5.842,2.157));
#6068 = LINE('',#6069,#6070);
#6069 = CARTESIAN_POINT('',(7.62,-5.842,2.157));
#6070 = VECTOR('',#6071,1.);
#6071 = DIRECTION('',(-1.,-3.216245299353E-16,0.));
#6072 = ORIENTED_EDGE('',*,*,#6073,.F.);
#6073 = EDGE_CURVE('',#6057,#6066,#6074,.T.);
#6074 = LINE('',#6075,#6076);
#6075 = CARTESIAN_POINT('',(6.91,-8.37,2.157));
#6076 = VECTOR('',#6077,1.);
#6077 = DIRECTION('',(-4.440892098501E-16,1.,0.));
#6078 = B_SPLINE_SURFACE_WITH_KNOTS('',1,1,(
    (#6079,#6080)
    ,(#6081,#6082
    )),.UNSPECIFIED.,.F.,.F.,.F.,(2,2),(2,2),(0.,9.27),(0.,1.),
  .PIECEWISE_BEZIER_KNOTS.);
#6079 = CARTESIAN_POINT('',(6.985,-8.445,2.157));
#6080 = CARTESIAN_POINT('',(6.91,-8.37,2.157));
#6081 = CARTESIAN_POINT('',(6.985,0.825,2.157));
#6082 = CARTESIAN_POINT('',(6.91,0.75,2.157));
#6083 = ADVANCED_FACE('',(#6084),#6136,.F.);
#6084 = FACE_BOUND('',#6085,.F.);
#6085 = EDGE_LOOP('',(#6086,#6087,#6088,#6096,#6105,#6113,#6121,#6129));
#6086 = ORIENTED_EDGE('',*,*,#5335,.T.);
#6087 = ORIENTED_EDGE('',*,*,#5273,.T.);
#6088 = ORIENTED_EDGE('',*,*,#6089,.F.);
#6089 = EDGE_CURVE('',#6090,#5274,#6092,.T.);
#6090 = VERTEX_POINT('',#6091);
#6091 = CARTESIAN_POINT('',(7.366,-5.842,2.157));
#6092 = LINE('',#6093,#6094);
#6093 = CARTESIAN_POINT('',(7.62,-5.842,2.157));
#6094 = VECTOR('',#6095,1.);
#6095 = DIRECTION('',(-1.,-3.216245299353E-16,0.));
#6096 = ORIENTED_EDGE('',*,*,#6097,.T.);
#6097 = EDGE_CURVE('',#6090,#6098,#6100,.T.);
#6098 = VERTEX_POINT('',#6099);
#6099 = CARTESIAN_POINT('',(7.747,-5.842,1.776));
#6100 = CIRCLE('',#6101,0.381);
#6101 = AXIS2_PLACEMENT_3D('',#6102,#6103,#6104);
#6102 = CARTESIAN_POINT('',(7.366,-5.842,1.776));
#6103 = DIRECTION('',(-3.216245299353E-16,1.,0.));
#6104 = DIRECTION('',(0.,0.,1.));
#6105 = ORIENTED_EDGE('',*,*,#6106,.T.);
#6106 = EDGE_CURVE('',#6098,#6107,#6109,.T.);
#6107 = VERTEX_POINT('',#6108);
#6108 = CARTESIAN_POINT('',(7.747,-5.842,0.));
#6109 = LINE('',#6110,#6111);
#6110 = CARTESIAN_POINT('',(7.747,-5.842,2.157));
#6111 = VECTOR('',#6112,1.);
#6112 = DIRECTION('',(0.,0.,-1.));
#6113 = ORIENTED_EDGE('',*,*,#6114,.T.);
#6114 = EDGE_CURVE('',#6107,#6115,#6117,.T.);
#6115 = VERTEX_POINT('',#6116);
#6116 = CARTESIAN_POINT('',(7.493,-5.842,0.));
#6117 = LINE('',#6118,#6119);
#6118 = CARTESIAN_POINT('',(7.747,-5.842,0.));
#6119 = VECTOR('',#6120,1.);
#6120 = DIRECTION('',(-1.,-3.216245299353E-16,0.));
#6121 = ORIENTED_EDGE('',*,*,#6122,.F.);
#6122 = EDGE_CURVE('',#6123,#6115,#6125,.T.);
#6123 = VERTEX_POINT('',#6124);
#6124 = CARTESIAN_POINT('',(7.493,-5.842,1.776));
#6125 = LINE('',#6126,#6127);
#6126 = CARTESIAN_POINT('',(7.493,-5.842,2.157));
#6127 = VECTOR('',#6128,1.);
#6128 = DIRECTION('',(0.,0.,-1.));
#6129 = ORIENTED_EDGE('',*,*,#6130,.T.);
#6130 = EDGE_CURVE('',#6123,#5336,#6131,.T.);
#6131 = CIRCLE('',#6132,0.127);
#6132 = AXIS2_PLACEMENT_3D('',#6133,#6134,#6135);
#6133 = CARTESIAN_POINT('',(7.366,-5.842,1.776));
#6134 = DIRECTION('',(3.216245299353E-16,-1.,0.));
#6135 = DIRECTION('',(0.,0.,-1.));
#6136 = PLANE('',#6137);
#6137 = AXIS2_PLACEMENT_3D('',#6138,#6139,#6140);
#6138 = CARTESIAN_POINT('',(0.254,-5.842,2.157));
#6139 = DIRECTION('',(-4.440892098501E-16,1.,0.));
#6140 = DIRECTION('',(0.,0.,1.));
#6141 = ADVANCED_FACE('',(#6142),#6194,.T.);
#6142 = FACE_BOUND('',#6143,.T.);
#6143 = EDGE_LOOP('',(#6144,#6145,#6146,#6154,#6163,#6171,#6179,#6187));
#6144 = ORIENTED_EDGE('',*,*,#5357,.F.);
#6145 = ORIENTED_EDGE('',*,*,#5295,.T.);
#6146 = ORIENTED_EDGE('',*,*,#6147,.T.);
#6147 = EDGE_CURVE('',#5296,#6148,#6150,.T.);
#6148 = VERTEX_POINT('',#6149);
#6149 = CARTESIAN_POINT('',(7.366,-1.778,2.157));
#6150 = LINE('',#6151,#6152);
#6151 = CARTESIAN_POINT('',(3.683,-1.778,2.157));
#6152 = VECTOR('',#6153,1.);
#6153 = DIRECTION('',(1.,3.216245299353E-16,0.));
#6154 = ORIENTED_EDGE('',*,*,#6155,.T.);
#6155 = EDGE_CURVE('',#6148,#6156,#6158,.T.);
#6156 = VERTEX_POINT('',#6157);
#6157 = CARTESIAN_POINT('',(7.747,-1.778,1.776));
#6158 = CIRCLE('',#6159,0.381);
#6159 = AXIS2_PLACEMENT_3D('',#6160,#6161,#6162);
#6160 = CARTESIAN_POINT('',(7.366,-1.778,1.776));
#6161 = DIRECTION('',(-3.216245299353E-16,1.,0.));
#6162 = DIRECTION('',(0.,0.,1.));
#6163 = ORIENTED_EDGE('',*,*,#6164,.F.);
#6164 = EDGE_CURVE('',#6165,#6156,#6167,.T.);
#6165 = VERTEX_POINT('',#6166);
#6166 = CARTESIAN_POINT('',(7.747,-1.778,0.));
#6167 = LINE('',#6168,#6169);
#6168 = CARTESIAN_POINT('',(7.747,-1.778,0.));
#6169 = VECTOR('',#6170,1.);
#6170 = DIRECTION('',(0.,0.,1.));
#6171 = ORIENTED_EDGE('',*,*,#6172,.T.);
#6172 = EDGE_CURVE('',#6165,#6173,#6175,.T.);
#6173 = VERTEX_POINT('',#6174);
#6174 = CARTESIAN_POINT('',(7.493,-1.778,0.));
#6175 = LINE('',#6176,#6177);
#6176 = CARTESIAN_POINT('',(7.747,-1.778,0.));
#6177 = VECTOR('',#6178,1.);
#6178 = DIRECTION('',(-1.,-3.216245299353E-16,0.));
#6179 = ORIENTED_EDGE('',*,*,#6180,.T.);
#6180 = EDGE_CURVE('',#6173,#6181,#6183,.T.);
#6181 = VERTEX_POINT('',#6182);
#6182 = CARTESIAN_POINT('',(7.493,-1.778,1.776));
#6183 = LINE('',#6184,#6185);
#6184 = CARTESIAN_POINT('',(7.493,-1.778,0.));
#6185 = VECTOR('',#6186,1.);
#6186 = DIRECTION('',(0.,0.,1.));
#6187 = ORIENTED_EDGE('',*,*,#6188,.T.);
#6188 = EDGE_CURVE('',#6181,#5358,#6189,.T.);
#6189 = CIRCLE('',#6190,0.127);
#6190 = AXIS2_PLACEMENT_3D('',#6191,#6192,#6193);
#6191 = CARTESIAN_POINT('',(7.366,-1.778,1.776));
#6192 = DIRECTION('',(3.216245299353E-16,-1.,0.));
#6193 = DIRECTION('',(0.,0.,-1.));
#6194 = PLANE('',#6195);
#6195 = AXIS2_PLACEMENT_3D('',#6196,#6197,#6198);
#6196 = CARTESIAN_POINT('',(0.254,-1.778,2.157));
#6197 = DIRECTION('',(-4.440892098501E-16,1.,0.));
#6198 = DIRECTION('',(0.,0.,1.));
#6199 = ADVANCED_FACE('',(#6200),#6225,.T.);
#6200 = FACE_BOUND('',#6201,.T.);
#6201 = EDGE_LOOP('',(#6202,#6210,#6211,#6219));
#6202 = ORIENTED_EDGE('',*,*,#6203,.T.);
#6203 = EDGE_CURVE('',#6204,#5296,#6206,.T.);
#6204 = VERTEX_POINT('',#6205);
#6205 = CARTESIAN_POINT('',(6.91,-1.778,2.157));
#6206 = LINE('',#6207,#6208);
#6207 = CARTESIAN_POINT('',(3.683,-1.778,2.157));
#6208 = VECTOR('',#6209,1.);
#6209 = DIRECTION('',(1.,3.216245299353E-16,0.));
#6210 = ORIENTED_EDGE('',*,*,#5312,.T.);
#6211 = ORIENTED_EDGE('',*,*,#6212,.T.);
#6212 = EDGE_CURVE('',#5305,#6213,#6215,.T.);
#6213 = VERTEX_POINT('',#6214);
#6214 = CARTESIAN_POINT('',(6.91,-0.762,2.157));
#6215 = LINE('',#6216,#6217);
#6216 = CARTESIAN_POINT('',(7.747,-0.762,2.157));
#6217 = VECTOR('',#6218,1.);
#6218 = DIRECTION('',(-1.,-3.216245299353E-16,0.));
#6219 = ORIENTED_EDGE('',*,*,#6220,.F.);
#6220 = EDGE_CURVE('',#6204,#6213,#6221,.T.);
#6221 = LINE('',#6222,#6223);
#6222 = CARTESIAN_POINT('',(6.91,-8.37,2.157));
#6223 = VECTOR('',#6224,1.);
#6224 = DIRECTION('',(-4.440892098501E-16,1.,0.));
#6225 = B_SPLINE_SURFACE_WITH_KNOTS('',1,1,(
    (#6226,#6227)
    ,(#6228,#6229
    )),.UNSPECIFIED.,.F.,.F.,.F.,(2,2),(2,2),(0.,9.27),(0.,1.),
  .PIECEWISE_BEZIER_KNOTS.);
#6226 = CARTESIAN_POINT('',(6.985,-8.445,2.157));
#6227 = CARTESIAN_POINT('',(6.91,-8.37,2.157));
#6228 = CARTESIAN_POINT('',(6.985,0.825,2.157));
#6229 = CARTESIAN_POINT('',(6.91,0.75,2.157));
#6230 = ADVANCED_FACE('',(#6231),#6283,.T.);
#6231 = FACE_BOUND('',#6232,.T.);
#6232 = EDGE_LOOP('',(#6233,#6234,#6235,#6243,#6252,#6260,#6268,#6276));
#6233 = ORIENTED_EDGE('',*,*,#5326,.F.);
#6234 = ORIENTED_EDGE('',*,*,#5388,.T.);
#6235 = ORIENTED_EDGE('',*,*,#6236,.T.);
#6236 = EDGE_CURVE('',#5389,#6237,#6239,.T.);
#6237 = VERTEX_POINT('',#6238);
#6238 = CARTESIAN_POINT('',(7.366,-4.318,2.157));
#6239 = LINE('',#6240,#6241);
#6240 = CARTESIAN_POINT('',(3.683,-4.318,2.157));
#6241 = VECTOR('',#6242,1.);
#6242 = DIRECTION('',(1.,3.216245299353E-16,0.));
#6243 = ORIENTED_EDGE('',*,*,#6244,.T.);
#6244 = EDGE_CURVE('',#6237,#6245,#6247,.T.);
#6245 = VERTEX_POINT('',#6246);
#6246 = CARTESIAN_POINT('',(7.747,-4.318,1.776));
#6247 = CIRCLE('',#6248,0.381);
#6248 = AXIS2_PLACEMENT_3D('',#6249,#6250,#6251);
#6249 = CARTESIAN_POINT('',(7.366,-4.318,1.776));
#6250 = DIRECTION('',(-3.216245299353E-16,1.,0.));
#6251 = DIRECTION('',(0.,0.,1.));
#6252 = ORIENTED_EDGE('',*,*,#6253,.F.);
#6253 = EDGE_CURVE('',#6254,#6245,#6256,.T.);
#6254 = VERTEX_POINT('',#6255);
#6255 = CARTESIAN_POINT('',(7.747,-4.318,0.));
#6256 = LINE('',#6257,#6258);
#6257 = CARTESIAN_POINT('',(7.747,-4.318,0.));
#6258 = VECTOR('',#6259,1.);
#6259 = DIRECTION('',(0.,0.,1.));
#6260 = ORIENTED_EDGE('',*,*,#6261,.T.);
#6261 = EDGE_CURVE('',#6254,#6262,#6264,.T.);
#6262 = VERTEX_POINT('',#6263);
#6263 = CARTESIAN_POINT('',(7.493,-4.318,0.));
#6264 = LINE('',#6265,#6266);
#6265 = CARTESIAN_POINT('',(7.747,-4.318,0.));
#6266 = VECTOR('',#6267,1.);
#6267 = DIRECTION('',(-1.,-3.216245299353E-16,0.));
#6268 = ORIENTED_EDGE('',*,*,#6269,.T.);
#6269 = EDGE_CURVE('',#6262,#6270,#6272,.T.);
#6270 = VERTEX_POINT('',#6271);
#6271 = CARTESIAN_POINT('',(7.493,-4.318,1.776));
#6272 = LINE('',#6273,#6274);
#6273 = CARTESIAN_POINT('',(7.493,-4.318,0.));
#6274 = VECTOR('',#6275,1.);
#6275 = DIRECTION('',(0.,0.,1.));
#6276 = ORIENTED_EDGE('',*,*,#6277,.T.);
#6277 = EDGE_CURVE('',#6270,#5327,#6278,.T.);
#6278 = CIRCLE('',#6279,0.127);
#6279 = AXIS2_PLACEMENT_3D('',#6280,#6281,#6282);
#6280 = CARTESIAN_POINT('',(7.366,-4.318,1.776));
#6281 = DIRECTION('',(3.216245299353E-16,-1.,0.));
#6282 = DIRECTION('',(0.,0.,-1.));
#6283 = PLANE('',#6284);
#6284 = AXIS2_PLACEMENT_3D('',#6285,#6286,#6287);
#6285 = CARTESIAN_POINT('',(0.254,-4.318,2.157));
#6286 = DIRECTION('',(-4.440892098501E-16,1.,0.));
#6287 = DIRECTION('',(0.,0.,1.));
#6288 = ADVANCED_FACE('',(#6289),#6300,.F.);
#6289 = FACE_BOUND('',#6290,.F.);
#6290 = EDGE_LOOP('',(#6291,#6297,#6298,#6299));
#6291 = ORIENTED_EDGE('',*,*,#6292,.T.);
#6292 = EDGE_CURVE('',#6123,#6270,#6293,.T.);
#6293 = LINE('',#6294,#6295);
#6294 = CARTESIAN_POINT('',(7.493,-5.842,1.776));
#6295 = VECTOR('',#6296,1.);
#6296 = DIRECTION('',(-3.216245299353E-16,1.,0.));
#6297 = ORIENTED_EDGE('',*,*,#6277,.T.);
#6298 = ORIENTED_EDGE('',*,*,#5343,.F.);
#6299 = ORIENTED_EDGE('',*,*,#6130,.F.);
#6300 = CYLINDRICAL_SURFACE('',#6301,0.127);
#6301 = AXIS2_PLACEMENT_3D('',#6302,#6303,#6304);
#6302 = CARTESIAN_POINT('',(7.366,-5.842,1.776));
#6303 = DIRECTION('',(-3.216245299353E-16,1.,0.));
#6304 = DIRECTION('',(1.,3.216245299353E-16,0.));
#6305 = ADVANCED_FACE('',(#6306),#6325,.F.);
#6306 = FACE_BOUND('',#6307,.F.);
#6307 = EDGE_LOOP('',(#6308,#6316,#6317,#6318));
#6308 = ORIENTED_EDGE('',*,*,#6309,.T.);
#6309 = EDGE_CURVE('',#6310,#6181,#6312,.T.);
#6310 = VERTEX_POINT('',#6311);
#6311 = CARTESIAN_POINT('',(7.493,-3.302,1.776));
#6312 = LINE('',#6313,#6314);
#6313 = CARTESIAN_POINT('',(7.493,-3.302,1.776));
#6314 = VECTOR('',#6315,1.);
#6315 = DIRECTION('',(-3.216245299353E-16,1.,0.));
#6316 = ORIENTED_EDGE('',*,*,#6188,.T.);
#6317 = ORIENTED_EDGE('',*,*,#5374,.F.);
#6318 = ORIENTED_EDGE('',*,*,#6319,.F.);
#6319 = EDGE_CURVE('',#6310,#5367,#6320,.T.);
#6320 = CIRCLE('',#6321,0.127);
#6321 = AXIS2_PLACEMENT_3D('',#6322,#6323,#6324);
#6322 = CARTESIAN_POINT('',(7.366,-3.302,1.776));
#6323 = DIRECTION('',(3.216245299353E-16,-1.,0.));
#6324 = DIRECTION('',(0.,0.,-1.));
#6325 = CYLINDRICAL_SURFACE('',#6326,0.127);
#6326 = AXIS2_PLACEMENT_3D('',#6327,#6328,#6329);
#6327 = CARTESIAN_POINT('',(7.366,-3.302,1.776));
#6328 = DIRECTION('',(-3.216245299353E-16,1.,0.));
#6329 = DIRECTION('',(1.,3.216245299353E-16,0.));
#6330 = ADVANCED_FACE('',(#6331),#6375,.F.);
#6331 = FACE_BOUND('',#6332,.F.);
#6332 = EDGE_LOOP('',(#6333,#6334,#6335,#6343,#6352,#6360,#6368,#6374));
#6333 = ORIENTED_EDGE('',*,*,#5366,.T.);
#6334 = ORIENTED_EDGE('',*,*,#5397,.T.);
#6335 = ORIENTED_EDGE('',*,*,#6336,.F.);
#6336 = EDGE_CURVE('',#6337,#5398,#6339,.T.);
#6337 = VERTEX_POINT('',#6338);
#6338 = CARTESIAN_POINT('',(7.366,-3.302,2.157));
#6339 = LINE('',#6340,#6341);
#6340 = CARTESIAN_POINT('',(7.62,-3.302,2.157));
#6341 = VECTOR('',#6342,1.);
#6342 = DIRECTION('',(-1.,-3.216245299353E-16,0.));
#6343 = ORIENTED_EDGE('',*,*,#6344,.T.);
#6344 = EDGE_CURVE('',#6337,#6345,#6347,.T.);
#6345 = VERTEX_POINT('',#6346);
#6346 = CARTESIAN_POINT('',(7.747,-3.302,1.776));
#6347 = CIRCLE('',#6348,0.381);
#6348 = AXIS2_PLACEMENT_3D('',#6349,#6350,#6351);
#6349 = CARTESIAN_POINT('',(7.366,-3.302,1.776));
#6350 = DIRECTION('',(-3.216245299353E-16,1.,0.));
#6351 = DIRECTION('',(0.,0.,1.));
#6352 = ORIENTED_EDGE('',*,*,#6353,.T.);
#6353 = EDGE_CURVE('',#6345,#6354,#6356,.T.);
#6354 = VERTEX_POINT('',#6355);
#6355 = CARTESIAN_POINT('',(7.747,-3.302,0.));
#6356 = LINE('',#6357,#6358);
#6357 = CARTESIAN_POINT('',(7.747,-3.302,2.157));
#6358 = VECTOR('',#6359,1.);
#6359 = DIRECTION('',(0.,0.,-1.));
#6360 = ORIENTED_EDGE('',*,*,#6361,.T.);
#6361 = EDGE_CURVE('',#6354,#6362,#6364,.T.);
#6362 = VERTEX_POINT('',#6363);
#6363 = CARTESIAN_POINT('',(7.493,-3.302,0.));
#6364 = LINE('',#6365,#6366);
#6365 = CARTESIAN_POINT('',(7.747,-3.302,0.));
#6366 = VECTOR('',#6367,1.);
#6367 = DIRECTION('',(-1.,-3.216245299353E-16,0.));
#6368 = ORIENTED_EDGE('',*,*,#6369,.F.);
#6369 = EDGE_CURVE('',#6310,#6362,#6370,.T.);
#6370 = LINE('',#6371,#6372);
#6371 = CARTESIAN_POINT('',(7.493,-3.302,2.157));
#6372 = VECTOR('',#6373,1.);
#6373 = DIRECTION('',(0.,0.,-1.));
#6374 = ORIENTED_EDGE('',*,*,#6319,.T.);
#6375 = PLANE('',#6376);
#6376 = AXIS2_PLACEMENT_3D('',#6377,#6378,#6379);
#6377 = CARTESIAN_POINT('',(0.254,-3.302,2.157));
#6378 = DIRECTION('',(-4.440892098501E-16,1.,0.));
#6379 = DIRECTION('',(0.,0.,1.));
#6380 = ADVANCED_FACE('',(#6381),#6406,.T.);
#6381 = FACE_BOUND('',#6382,.T.);
#6382 = EDGE_LOOP('',(#6383,#6391,#6392,#6400));
#6383 = ORIENTED_EDGE('',*,*,#6384,.T.);
#6384 = EDGE_CURVE('',#6385,#5389,#6387,.T.);
#6385 = VERTEX_POINT('',#6386);
#6386 = CARTESIAN_POINT('',(6.91,-4.318,2.157));
#6387 = LINE('',#6388,#6389);
#6388 = CARTESIAN_POINT('',(3.683,-4.318,2.157));
#6389 = VECTOR('',#6390,1.);
#6390 = DIRECTION('',(1.,3.216245299353E-16,0.));
#6391 = ORIENTED_EDGE('',*,*,#5405,.T.);
#6392 = ORIENTED_EDGE('',*,*,#6393,.T.);
#6393 = EDGE_CURVE('',#5398,#6394,#6396,.T.);
#6394 = VERTEX_POINT('',#6395);
#6395 = CARTESIAN_POINT('',(6.91,-3.302,2.157));
#6396 = LINE('',#6397,#6398);
#6397 = CARTESIAN_POINT('',(7.62,-3.302,2.157));
#6398 = VECTOR('',#6399,1.);
#6399 = DIRECTION('',(-1.,-3.216245299353E-16,0.));
#6400 = ORIENTED_EDGE('',*,*,#6401,.F.);
#6401 = EDGE_CURVE('',#6385,#6394,#6402,.T.);
#6402 = LINE('',#6403,#6404);
#6403 = CARTESIAN_POINT('',(6.91,-8.37,2.157));
#6404 = VECTOR('',#6405,1.);
#6405 = DIRECTION('',(-4.440892098501E-16,1.,0.));
#6406 = B_SPLINE_SURFACE_WITH_KNOTS('',1,1,(
    (#6407,#6408)
    ,(#6409,#6410
    )),.UNSPECIFIED.,.F.,.F.,.F.,(2,2),(2,2),(0.,9.27),(0.,1.),
  .PIECEWISE_BEZIER_KNOTS.);
#6407 = CARTESIAN_POINT('',(6.985,-8.445,2.157));
#6408 = CARTESIAN_POINT('',(6.91,-8.37,2.157));
#6409 = CARTESIAN_POINT('',(6.985,0.825,2.157));
#6410 = CARTESIAN_POINT('',(6.91,0.75,2.157));
#6411 = ADVANCED_FACE('',(#6412),#6429,.T.);
#6412 = FACE_BOUND('',#6413,.T.);
#6413 = EDGE_LOOP('',(#6414,#6415,#6422,#6428));
#6414 = ORIENTED_EDGE('',*,*,#5427,.T.);
#6415 = ORIENTED_EDGE('',*,*,#6416,.T.);
#6416 = EDGE_CURVE('',#5421,#6417,#6419,.T.);
#6417 = VERTEX_POINT('',#6418);
#6418 = CARTESIAN_POINT('',(0.71,0.75,2.157));
#6419 = B_SPLINE_CURVE_WITH_KNOTS('',1,(#6420,#6421),.UNSPECIFIED.,.F.,
  .F.,(2,2),(0.,1.),.PIECEWISE_BEZIER_KNOTS.);
#6420 = CARTESIAN_POINT('',(0.635,0.825,2.157));
#6421 = CARTESIAN_POINT('',(0.71,0.75,2.157));
#6422 = ORIENTED_EDGE('',*,*,#6423,.F.);
#6423 = EDGE_CURVE('',#5886,#6417,#6424,.T.);
#6424 = LINE('',#6425,#6426);
#6425 = CARTESIAN_POINT('',(6.91,0.75,2.157));
#6426 = VECTOR('',#6427,1.);
#6427 = DIRECTION('',(-1.,-4.440892098501E-16,0.));
#6428 = ORIENTED_EDGE('',*,*,#5885,.F.);
#6429 = B_SPLINE_SURFACE_WITH_KNOTS('',1,1,(
    (#6430,#6431)
    ,(#6432,#6433
    )),.UNSPECIFIED.,.F.,.F.,.F.,(2,2),(2,2),(0.,6.35),(0.,1.),
  .PIECEWISE_BEZIER_KNOTS.);
#6430 = CARTESIAN_POINT('',(6.985,0.825,2.157));
#6431 = CARTESIAN_POINT('',(6.91,0.75,2.157));
#6432 = CARTESIAN_POINT('',(0.635,0.825,2.157));
#6433 = CARTESIAN_POINT('',(0.71,0.75,2.157));
#6434 = ADVANCED_FACE('',(#6435),#6453,.T.);
#6435 = FACE_BOUND('',#6436,.T.);
#6436 = EDGE_LOOP('',(#6437,#6438,#6439,#6447));
#6437 = ORIENTED_EDGE('',*,*,#6416,.F.);
#6438 = ORIENTED_EDGE('',*,*,#5452,.T.);
#6439 = ORIENTED_EDGE('',*,*,#6440,.T.);
#6440 = EDGE_CURVE('',#5445,#6441,#6443,.T.);
#6441 = VERTEX_POINT('',#6442);
#6442 = CARTESIAN_POINT('',(0.71,0.2285,2.157));
#6443 = LINE('',#6444,#6445);
#6444 = CARTESIAN_POINT('',(-0.127,0.2285,2.157));
#6445 = VECTOR('',#6446,1.);
#6446 = DIRECTION('',(1.,4.440892098501E-16,0.));
#6447 = ORIENTED_EDGE('',*,*,#6448,.F.);
#6448 = EDGE_CURVE('',#6417,#6441,#6449,.T.);
#6449 = LINE('',#6450,#6451);
#6450 = CARTESIAN_POINT('',(0.71,0.75,2.157));
#6451 = VECTOR('',#6452,1.);
#6452 = DIRECTION('',(4.440892098501E-16,-1.,0.));
#6453 = B_SPLINE_SURFACE_WITH_KNOTS('',1,1,(
    (#6454,#6455)
    ,(#6456,#6457
    )),.UNSPECIFIED.,.F.,.F.,.F.,(2,2),(2,2),(0.,9.27),(0.,1.),
  .PIECEWISE_BEZIER_KNOTS.);
#6454 = CARTESIAN_POINT('',(0.635,0.825,2.157));
#6455 = CARTESIAN_POINT('',(0.71,0.75,2.157));
#6456 = CARTESIAN_POINT('',(0.635,-8.445,2.157));
#6457 = CARTESIAN_POINT('',(0.71,-8.37,2.157));
#6458 = ADVANCED_FACE('',(#6459),#6511,.F.);
#6459 = FACE_BOUND('',#6460,.F.);
#6460 = EDGE_LOOP('',(#6461,#6469,#6478,#6486,#6494,#6502,#6509,#6510));
#6461 = ORIENTED_EDGE('',*,*,#6462,.F.);
#6462 = EDGE_CURVE('',#6463,#5445,#6465,.T.);
#6463 = VERTEX_POINT('',#6464);
#6464 = CARTESIAN_POINT('',(0.254,0.2285,2.157));
#6465 = LINE('',#6466,#6467);
#6466 = CARTESIAN_POINT('',(-0.127,0.2285,2.157));
#6467 = VECTOR('',#6468,1.);
#6468 = DIRECTION('',(1.,4.440892098501E-16,0.));
#6469 = ORIENTED_EDGE('',*,*,#6470,.T.);
#6470 = EDGE_CURVE('',#6463,#6471,#6473,.T.);
#6471 = VERTEX_POINT('',#6472);
#6472 = CARTESIAN_POINT('',(-0.127,0.2285,1.776));
#6473 = CIRCLE('',#6474,0.381);
#6474 = AXIS2_PLACEMENT_3D('',#6475,#6476,#6477);
#6475 = CARTESIAN_POINT('',(0.254,0.2285,1.776));
#6476 = DIRECTION('',(4.440892098501E-16,-1.,0.));
#6477 = DIRECTION('',(0.,0.,1.));
#6478 = ORIENTED_EDGE('',*,*,#6479,.T.);
#6479 = EDGE_CURVE('',#6471,#6480,#6482,.T.);
#6480 = VERTEX_POINT('',#6481);
#6481 = CARTESIAN_POINT('',(-0.127,0.2285,-2.843));
#6482 = LINE('',#6483,#6484);
#6483 = CARTESIAN_POINT('',(-0.127,0.2285,2.157));
#6484 = VECTOR('',#6485,1.);
#6485 = DIRECTION('',(-0.,0.,-1.));
#6486 = ORIENTED_EDGE('',*,*,#6487,.T.);
#6487 = EDGE_CURVE('',#6480,#6488,#6490,.T.);
#6488 = VERTEX_POINT('',#6489);
#6489 = CARTESIAN_POINT('',(0.127,0.2285,-2.843));
#6490 = LINE('',#6491,#6492);
#6491 = CARTESIAN_POINT('',(-0.127,0.2285,-2.843));
#6492 = VECTOR('',#6493,1.);
#6493 = DIRECTION('',(1.,4.440892098501E-16,0.));
#6494 = ORIENTED_EDGE('',*,*,#6495,.F.);
#6495 = EDGE_CURVE('',#6496,#6488,#6498,.T.);
#6496 = VERTEX_POINT('',#6497);
#6497 = CARTESIAN_POINT('',(0.127,0.2285,1.776));
#6498 = LINE('',#6499,#6500);
#6499 = CARTESIAN_POINT('',(0.127,0.2285,2.157));
#6500 = VECTOR('',#6501,1.);
#6501 = DIRECTION('',(-0.,0.,-1.));
#6502 = ORIENTED_EDGE('',*,*,#6503,.T.);
#6503 = EDGE_CURVE('',#6496,#5497,#6504,.T.);
#6504 = CIRCLE('',#6505,0.127);
#6505 = AXIS2_PLACEMENT_3D('',#6506,#6507,#6508);
#6506 = CARTESIAN_POINT('',(0.254,0.2285,1.776));
#6507 = DIRECTION('',(-4.440892098501E-16,1.,0.));
#6508 = DIRECTION('',(0.,0.,-1.));
#6509 = ORIENTED_EDGE('',*,*,#5496,.T.);
#6510 = ORIENTED_EDGE('',*,*,#5444,.T.);
#6511 = PLANE('',#6512);
#6512 = AXIS2_PLACEMENT_3D('',#6513,#6514,#6515);
#6513 = CARTESIAN_POINT('',(0.254,0.2285,2.157));
#6514 = DIRECTION('',(4.440892098501E-16,-1.,2.331176954594E-15));
#6515 = DIRECTION('',(1.035250531786E-30,-2.331176954594E-15,-1.));
#6516 = ADVANCED_FACE('',(#6517),#6569,.F.);
#6517 = FACE_BOUND('',#6518,.F.);
#6518 = EDGE_LOOP('',(#6519,#6529,#6538,#6544,#6545,#6546,#6555,#6563));
#6519 = ORIENTED_EDGE('',*,*,#6520,.F.);
#6520 = EDGE_CURVE('',#6521,#6523,#6525,.T.);
#6521 = VERTEX_POINT('',#6522);
#6522 = CARTESIAN_POINT('',(-0.127,-7.8485,1.776));
#6523 = VERTEX_POINT('',#6524);
#6524 = CARTESIAN_POINT('',(-0.127,-7.8485,-2.843));
#6525 = LINE('',#6526,#6527);
#6526 = CARTESIAN_POINT('',(-0.127,-7.8485,2.157));
#6527 = VECTOR('',#6528,1.);
#6528 = DIRECTION('',(-0.,0.,-1.));
#6529 = ORIENTED_EDGE('',*,*,#6530,.T.);
#6530 = EDGE_CURVE('',#6521,#6531,#6533,.T.);
#6531 = VERTEX_POINT('',#6532);
#6532 = CARTESIAN_POINT('',(0.254,-7.8485,2.157));
#6533 = CIRCLE('',#6534,0.381);
#6534 = AXIS2_PLACEMENT_3D('',#6535,#6536,#6537);
#6535 = CARTESIAN_POINT('',(0.254,-7.8485,1.776));
#6536 = DIRECTION('',(-4.440892098501E-16,1.,0.));
#6537 = DIRECTION('',(0.,0.,1.));
#6538 = ORIENTED_EDGE('',*,*,#6539,.F.);
#6539 = EDGE_CURVE('',#5467,#6531,#6540,.T.);
#6540 = LINE('',#6541,#6542);
#6541 = CARTESIAN_POINT('',(3.81,-7.8485,2.157));
#6542 = VECTOR('',#6543,1.);
#6543 = DIRECTION('',(-1.,-4.440892098501E-16,0.));
#6544 = ORIENTED_EDGE('',*,*,#5466,.T.);
#6545 = ORIENTED_EDGE('',*,*,#5543,.T.);
#6546 = ORIENTED_EDGE('',*,*,#6547,.F.);
#6547 = EDGE_CURVE('',#6548,#5536,#6550,.T.);
#6548 = VERTEX_POINT('',#6549);
#6549 = CARTESIAN_POINT('',(0.127,-7.8485,1.776));
#6550 = CIRCLE('',#6551,0.127);
#6551 = AXIS2_PLACEMENT_3D('',#6552,#6553,#6554);
#6552 = CARTESIAN_POINT('',(0.254,-7.8485,1.776));
#6553 = DIRECTION('',(-4.440892098501E-16,1.,0.));
#6554 = DIRECTION('',(0.,0.,1.));
#6555 = ORIENTED_EDGE('',*,*,#6556,.T.);
#6556 = EDGE_CURVE('',#6548,#6557,#6559,.T.);
#6557 = VERTEX_POINT('',#6558);
#6558 = CARTESIAN_POINT('',(0.127,-7.8485,-2.843));
#6559 = LINE('',#6560,#6561);
#6560 = CARTESIAN_POINT('',(0.127,-7.8485,2.157));
#6561 = VECTOR('',#6562,1.);
#6562 = DIRECTION('',(-0.,0.,-1.));
#6563 = ORIENTED_EDGE('',*,*,#6564,.F.);
#6564 = EDGE_CURVE('',#6523,#6557,#6565,.T.);
#6565 = LINE('',#6566,#6567);
#6566 = CARTESIAN_POINT('',(-0.127,-7.8485,-2.843));
#6567 = VECTOR('',#6568,1.);
#6568 = DIRECTION('',(1.,4.440892098501E-16,0.));
#6569 = PLANE('',#6570);
#6570 = AXIS2_PLACEMENT_3D('',#6571,#6572,#6573);
#6571 = CARTESIAN_POINT('',(-0.127,-7.8485,1.776));
#6572 = DIRECTION('',(-4.440892098501E-16,1.,0.));
#6573 = DIRECTION('',(0.,0.,1.));
#6574 = ADVANCED_FACE('',(#6575),#6599,.T.);
#6575 = FACE_BOUND('',#6576,.T.);
#6576 = EDGE_LOOP('',(#6577,#6585,#6586,#6593));
#6577 = ORIENTED_EDGE('',*,*,#6578,.T.);
#6578 = EDGE_CURVE('',#6579,#5467,#6581,.T.);
#6579 = VERTEX_POINT('',#6580);
#6580 = CARTESIAN_POINT('',(0.71,-7.8485,2.157));
#6581 = LINE('',#6582,#6583);
#6582 = CARTESIAN_POINT('',(3.81,-7.8485,2.157));
#6583 = VECTOR('',#6584,1.);
#6584 = DIRECTION('',(-1.,-4.440892098501E-16,0.));
#6585 = ORIENTED_EDGE('',*,*,#5482,.T.);
#6586 = ORIENTED_EDGE('',*,*,#6587,.T.);
#6587 = EDGE_CURVE('',#5476,#6588,#6590,.T.);
#6588 = VERTEX_POINT('',#6589);
#6589 = CARTESIAN_POINT('',(0.71,-8.37,2.157));
#6590 = B_SPLINE_CURVE_WITH_KNOTS('',1,(#6591,#6592),.UNSPECIFIED.,.F.,
  .F.,(2,2),(0.,1.),.PIECEWISE_BEZIER_KNOTS.);
#6591 = CARTESIAN_POINT('',(0.635,-8.445,2.157));
#6592 = CARTESIAN_POINT('',(0.71,-8.37,2.157));
#6593 = ORIENTED_EDGE('',*,*,#6594,.F.);
#6594 = EDGE_CURVE('',#6579,#6588,#6595,.T.);
#6595 = LINE('',#6596,#6597);
#6596 = CARTESIAN_POINT('',(0.71,0.75,2.157));
#6597 = VECTOR('',#6598,1.);
#6598 = DIRECTION('',(4.440892098501E-16,-1.,0.));
#6599 = B_SPLINE_SURFACE_WITH_KNOTS('',1,1,(
    (#6600,#6601)
    ,(#6602,#6603
    )),.UNSPECIFIED.,.F.,.F.,.F.,(2,2),(2,2),(0.,9.27),(0.,1.),
  .PIECEWISE_BEZIER_KNOTS.);
#6600 = CARTESIAN_POINT('',(0.635,0.825,2.157));
#6601 = CARTESIAN_POINT('',(0.71,0.75,2.157));
#6602 = CARTESIAN_POINT('',(0.635,-8.445,2.157));
#6603 = CARTESIAN_POINT('',(0.71,-8.37,2.157));
#6604 = ADVANCED_FACE('',(#6605),#6657,.T.);
#6605 = FACE_BOUND('',#6606,.T.);
#6606 = EDGE_LOOP('',(#6607,#6618,#6626,#6634,#6642,#6649,#6650,#6651));
#6607 = ORIENTED_EDGE('',*,*,#6608,.T.);
#6608 = EDGE_CURVE('',#6609,#6611,#6613,.T.);
#6609 = VERTEX_POINT('',#6610);
#6610 = CARTESIAN_POINT('',(0.254,-0.762,2.157));
#6611 = VERTEX_POINT('',#6612);
#6612 = CARTESIAN_POINT('',(-0.127,-0.762,1.776));
#6613 = CIRCLE('',#6614,0.381);
#6614 = AXIS2_PLACEMENT_3D('',#6615,#6616,#6617);
#6615 = CARTESIAN_POINT('',(0.254,-0.762,1.776));
#6616 = DIRECTION('',(4.440892098501E-16,-1.,0.));
#6617 = DIRECTION('',(0.,0.,1.));
#6618 = ORIENTED_EDGE('',*,*,#6619,.F.);
#6619 = EDGE_CURVE('',#6620,#6611,#6622,.T.);
#6620 = VERTEX_POINT('',#6621);
#6621 = CARTESIAN_POINT('',(-0.127,-0.762,0.));
#6622 = LINE('',#6623,#6624);
#6623 = CARTESIAN_POINT('',(-0.127,-0.762,0.));
#6624 = VECTOR('',#6625,1.);
#6625 = DIRECTION('',(0.,0.,1.));
#6626 = ORIENTED_EDGE('',*,*,#6627,.T.);
#6627 = EDGE_CURVE('',#6620,#6628,#6630,.T.);
#6628 = VERTEX_POINT('',#6629);
#6629 = CARTESIAN_POINT('',(0.127,-0.762,0.));
#6630 = LINE('',#6631,#6632);
#6631 = CARTESIAN_POINT('',(-0.127,-0.762,0.));
#6632 = VECTOR('',#6633,1.);
#6633 = DIRECTION('',(1.,4.440892098501E-16,0.));
#6634 = ORIENTED_EDGE('',*,*,#6635,.T.);
#6635 = EDGE_CURVE('',#6628,#6636,#6638,.T.);
#6636 = VERTEX_POINT('',#6637);
#6637 = CARTESIAN_POINT('',(0.127,-0.762,1.776));
#6638 = LINE('',#6639,#6640);
#6639 = CARTESIAN_POINT('',(0.127,-0.762,0.));
#6640 = VECTOR('',#6641,1.);
#6641 = DIRECTION('',(0.,0.,1.));
#6642 = ORIENTED_EDGE('',*,*,#6643,.T.);
#6643 = EDGE_CURVE('',#6636,#5505,#6644,.T.);
#6644 = CIRCLE('',#6645,0.127);
#6645 = AXIS2_PLACEMENT_3D('',#6646,#6647,#6648);
#6646 = CARTESIAN_POINT('',(0.254,-0.762,1.776));
#6647 = DIRECTION('',(-4.440892098501E-16,1.,0.));
#6648 = DIRECTION('',(0.,0.,-1.));
#6649 = ORIENTED_EDGE('',*,*,#5512,.F.);
#6650 = ORIENTED_EDGE('',*,*,#5558,.T.);
#6651 = ORIENTED_EDGE('',*,*,#6652,.T.);
#6652 = EDGE_CURVE('',#5559,#6609,#6653,.T.);
#6653 = LINE('',#6654,#6655);
#6654 = CARTESIAN_POINT('',(3.81,-0.762,2.157));
#6655 = VECTOR('',#6656,1.);
#6656 = DIRECTION('',(-1.,-4.440892098501E-16,0.));
#6657 = PLANE('',#6658);
#6658 = AXIS2_PLACEMENT_3D('',#6659,#6660,#6661);
#6659 = CARTESIAN_POINT('',(-0.127,-0.762,0.));
#6660 = DIRECTION('',(4.440892098501E-16,-1.,0.));
#6661 = DIRECTION('',(0.,-0.,-1.));
#6662 = ADVANCED_FACE('',(#6663),#6674,.F.);
#6663 = FACE_BOUND('',#6664,.F.);
#6664 = EDGE_LOOP('',(#6665,#6671,#6672,#6673));
#6665 = ORIENTED_EDGE('',*,*,#6666,.T.);
#6666 = EDGE_CURVE('',#6496,#6636,#6667,.T.);
#6667 = LINE('',#6668,#6669);
#6668 = CARTESIAN_POINT('',(0.127,0.2285,1.776));
#6669 = VECTOR('',#6670,1.);
#6670 = DIRECTION('',(4.440892098501E-16,-1.,0.));
#6671 = ORIENTED_EDGE('',*,*,#6643,.T.);
#6672 = ORIENTED_EDGE('',*,*,#5504,.F.);
#6673 = ORIENTED_EDGE('',*,*,#6503,.F.);
#6674 = CYLINDRICAL_SURFACE('',#6675,0.127);
#6675 = AXIS2_PLACEMENT_3D('',#6676,#6677,#6678);
#6676 = CARTESIAN_POINT('',(0.254,0.2285,1.776));
#6677 = DIRECTION('',(4.440892098501E-16,-1.,0.));
#6678 = DIRECTION('',(-1.,-4.440892098501E-16,0.));
#6679 = ADVANCED_FACE('',(#6680),#6732,.F.);
#6680 = FACE_BOUND('',#6681,.F.);
#6681 = EDGE_LOOP('',(#6682,#6690,#6699,#6707,#6715,#6723,#6730,#6731));
#6682 = ORIENTED_EDGE('',*,*,#6683,.F.);
#6683 = EDGE_CURVE('',#6684,#5599,#6686,.T.);
#6684 = VERTEX_POINT('',#6685);
#6685 = CARTESIAN_POINT('',(0.254,-6.858,2.157));
#6686 = LINE('',#6687,#6688);
#6687 = CARTESIAN_POINT('',(-0.127,-6.858,2.157));
#6688 = VECTOR('',#6689,1.);
#6689 = DIRECTION('',(1.,4.440892098501E-16,0.));
#6690 = ORIENTED_EDGE('',*,*,#6691,.F.);
#6691 = EDGE_CURVE('',#6692,#6684,#6694,.T.);
#6692 = VERTEX_POINT('',#6693);
#6693 = CARTESIAN_POINT('',(-0.127,-6.858,1.776));
#6694 = CIRCLE('',#6695,0.381);
#6695 = AXIS2_PLACEMENT_3D('',#6696,#6697,#6698);
#6696 = CARTESIAN_POINT('',(0.254,-6.858,1.776));
#6697 = DIRECTION('',(-4.440892098501E-16,1.,0.));
#6698 = DIRECTION('',(0.,0.,1.));
#6699 = ORIENTED_EDGE('',*,*,#6700,.F.);
#6700 = EDGE_CURVE('',#6701,#6692,#6703,.T.);
#6701 = VERTEX_POINT('',#6702);
#6702 = CARTESIAN_POINT('',(-0.127,-6.858,0.));
#6703 = LINE('',#6704,#6705);
#6704 = CARTESIAN_POINT('',(-0.127,-6.858,0.));
#6705 = VECTOR('',#6706,1.);
#6706 = DIRECTION('',(0.,0.,1.));
#6707 = ORIENTED_EDGE('',*,*,#6708,.T.);
#6708 = EDGE_CURVE('',#6701,#6709,#6711,.T.);
#6709 = VERTEX_POINT('',#6710);
#6710 = CARTESIAN_POINT('',(0.127,-6.858,0.));
#6711 = LINE('',#6712,#6713);
#6712 = CARTESIAN_POINT('',(-0.127,-6.858,0.));
#6713 = VECTOR('',#6714,1.);
#6714 = DIRECTION('',(1.,4.440892098501E-16,0.));
#6715 = ORIENTED_EDGE('',*,*,#6716,.T.);
#6716 = EDGE_CURVE('',#6709,#6717,#6719,.T.);
#6717 = VERTEX_POINT('',#6718);
#6718 = CARTESIAN_POINT('',(0.127,-6.858,1.776));
#6719 = LINE('',#6720,#6721);
#6720 = CARTESIAN_POINT('',(0.127,-6.858,0.));
#6721 = VECTOR('',#6722,1.);
#6722 = DIRECTION('',(0.,0.,1.));
#6723 = ORIENTED_EDGE('',*,*,#6724,.T.);
#6724 = EDGE_CURVE('',#6717,#5528,#6725,.T.);
#6725 = CIRCLE('',#6726,0.127);
#6726 = AXIS2_PLACEMENT_3D('',#6727,#6728,#6729);
#6727 = CARTESIAN_POINT('',(0.254,-6.858,1.776));
#6728 = DIRECTION('',(-4.440892098501E-16,1.,0.));
#6729 = DIRECTION('',(0.,0.,1.));
#6730 = ORIENTED_EDGE('',*,*,#5527,.T.);
#6731 = ORIENTED_EDGE('',*,*,#5598,.T.);
#6732 = PLANE('',#6733);
#6733 = AXIS2_PLACEMENT_3D('',#6734,#6735,#6736);
#6734 = CARTESIAN_POINT('',(0.254,-6.858,2.157));
#6735 = DIRECTION('',(4.440892098501E-16,-1.,0.));
#6736 = DIRECTION('',(0.,-0.,-1.));
#6737 = ADVANCED_FACE('',(#6738),#6749,.F.);
#6738 = FACE_BOUND('',#6739,.F.);
#6739 = EDGE_LOOP('',(#6740,#6741,#6742,#6743));
#6740 = ORIENTED_EDGE('',*,*,#6547,.T.);
#6741 = ORIENTED_EDGE('',*,*,#5535,.T.);
#6742 = ORIENTED_EDGE('',*,*,#6724,.F.);
#6743 = ORIENTED_EDGE('',*,*,#6744,.F.);
#6744 = EDGE_CURVE('',#6548,#6717,#6745,.T.);
#6745 = LINE('',#6746,#6747);
#6746 = CARTESIAN_POINT('',(0.127,-7.8485,1.776));
#6747 = VECTOR('',#6748,1.);
#6748 = DIRECTION('',(-4.440892098501E-16,1.,0.));
#6749 = CYLINDRICAL_SURFACE('',#6750,0.127);
#6750 = AXIS2_PLACEMENT_3D('',#6751,#6752,#6753);
#6751 = CARTESIAN_POINT('',(0.254,-7.8485,1.776));
#6752 = DIRECTION('',(-4.440892098501E-16,1.,0.));
#6753 = DIRECTION('',(-1.,-4.440892098501E-16,0.));
#6754 = ADVANCED_FACE('',(#6755),#6780,.T.);
#6755 = FACE_BOUND('',#6756,.T.);
#6756 = EDGE_LOOP('',(#6757,#6765,#6766,#6774));
#6757 = ORIENTED_EDGE('',*,*,#6758,.T.);
#6758 = EDGE_CURVE('',#6759,#5559,#6761,.T.);
#6759 = VERTEX_POINT('',#6760);
#6760 = CARTESIAN_POINT('',(0.71,-0.762,2.157));
#6761 = LINE('',#6762,#6763);
#6762 = CARTESIAN_POINT('',(3.81,-0.762,2.157));
#6763 = VECTOR('',#6764,1.);
#6764 = DIRECTION('',(-1.,-4.440892098501E-16,0.));
#6765 = ORIENTED_EDGE('',*,*,#5575,.T.);
#6766 = ORIENTED_EDGE('',*,*,#6767,.T.);
#6767 = EDGE_CURVE('',#5568,#6768,#6770,.T.);
#6768 = VERTEX_POINT('',#6769);
#6769 = CARTESIAN_POINT('',(0.71,-1.778,2.157));
#6770 = LINE('',#6771,#6772);
#6771 = CARTESIAN_POINT('',(-2.442490654175E-15,-1.778,2.157));
#6772 = VECTOR('',#6773,1.);
#6773 = DIRECTION('',(1.,4.440892098501E-16,0.));
#6774 = ORIENTED_EDGE('',*,*,#6775,.F.);
#6775 = EDGE_CURVE('',#6759,#6768,#6776,.T.);
#6776 = LINE('',#6777,#6778);
#6777 = CARTESIAN_POINT('',(0.71,0.75,2.157));
#6778 = VECTOR('',#6779,1.);
#6779 = DIRECTION('',(4.440892098501E-16,-1.,0.));
#6780 = B_SPLINE_SURFACE_WITH_KNOTS('',1,1,(
    (#6781,#6782)
    ,(#6783,#6784
    )),.UNSPECIFIED.,.F.,.F.,.F.,(2,2),(2,2),(0.,9.27),(0.,1.),
  .PIECEWISE_BEZIER_KNOTS.);
#6781 = CARTESIAN_POINT('',(0.635,0.825,2.157));
#6782 = CARTESIAN_POINT('',(0.71,0.75,2.157));
#6783 = CARTESIAN_POINT('',(0.635,-8.445,2.157));
#6784 = CARTESIAN_POINT('',(0.71,-8.37,2.157));
#6785 = ADVANCED_FACE('',(#6786),#6838,.T.);
#6786 = FACE_BOUND('',#6787,.T.);
#6787 = EDGE_LOOP('',(#6788,#6799,#6805,#6806,#6807,#6816,#6824,#6832));
#6788 = ORIENTED_EDGE('',*,*,#6789,.F.);
#6789 = EDGE_CURVE('',#6790,#6792,#6794,.T.);
#6790 = VERTEX_POINT('',#6791);
#6791 = CARTESIAN_POINT('',(0.254,-1.778,2.157));
#6792 = VERTEX_POINT('',#6793);
#6793 = CARTESIAN_POINT('',(-0.127,-1.778,1.776));
#6794 = CIRCLE('',#6795,0.381);
#6795 = AXIS2_PLACEMENT_3D('',#6796,#6797,#6798);
#6796 = CARTESIAN_POINT('',(0.254,-1.778,1.776));
#6797 = DIRECTION('',(4.440892098501E-16,-1.,0.));
#6798 = DIRECTION('',(0.,0.,1.));
#6799 = ORIENTED_EDGE('',*,*,#6800,.T.);
#6800 = EDGE_CURVE('',#6790,#5568,#6801,.T.);
#6801 = LINE('',#6802,#6803);
#6802 = CARTESIAN_POINT('',(-2.442490654175E-15,-1.778,2.157));
#6803 = VECTOR('',#6804,1.);
#6804 = DIRECTION('',(1.,4.440892098501E-16,0.));
#6805 = ORIENTED_EDGE('',*,*,#5567,.T.);
#6806 = ORIENTED_EDGE('',*,*,#5620,.F.);
#6807 = ORIENTED_EDGE('',*,*,#6808,.F.);
#6808 = EDGE_CURVE('',#6809,#5621,#6811,.T.);
#6809 = VERTEX_POINT('',#6810);
#6810 = CARTESIAN_POINT('',(0.127,-1.778,1.776));
#6811 = CIRCLE('',#6812,0.127);
#6812 = AXIS2_PLACEMENT_3D('',#6813,#6814,#6815);
#6813 = CARTESIAN_POINT('',(0.254,-1.778,1.776));
#6814 = DIRECTION('',(-4.440892098501E-16,1.,0.));
#6815 = DIRECTION('',(0.,0.,-1.));
#6816 = ORIENTED_EDGE('',*,*,#6817,.T.);
#6817 = EDGE_CURVE('',#6809,#6818,#6820,.T.);
#6818 = VERTEX_POINT('',#6819);
#6819 = CARTESIAN_POINT('',(0.127,-1.778,0.));
#6820 = LINE('',#6821,#6822);
#6821 = CARTESIAN_POINT('',(0.127,-1.778,2.157));
#6822 = VECTOR('',#6823,1.);
#6823 = DIRECTION('',(-0.,0.,-1.));
#6824 = ORIENTED_EDGE('',*,*,#6825,.F.);
#6825 = EDGE_CURVE('',#6826,#6818,#6828,.T.);
#6826 = VERTEX_POINT('',#6827);
#6827 = CARTESIAN_POINT('',(-0.127,-1.778,0.));
#6828 = LINE('',#6829,#6830);
#6829 = CARTESIAN_POINT('',(-0.127,-1.778,0.));
#6830 = VECTOR('',#6831,1.);
#6831 = DIRECTION('',(1.,4.440892098501E-16,0.));
#6832 = ORIENTED_EDGE('',*,*,#6833,.F.);
#6833 = EDGE_CURVE('',#6792,#6826,#6834,.T.);
#6834 = LINE('',#6835,#6836);
#6835 = CARTESIAN_POINT('',(-0.127,-1.778,2.157));
#6836 = VECTOR('',#6837,1.);
#6837 = DIRECTION('',(-0.,0.,-1.));
#6838 = PLANE('',#6839);
#6839 = AXIS2_PLACEMENT_3D('',#6840,#6841,#6842);
#6840 = CARTESIAN_POINT('',(0.254,-1.778,2.157));
#6841 = DIRECTION('',(-4.440892098501E-16,1.,0.));
#6842 = DIRECTION('',(0.,0.,1.));
#6843 = ADVANCED_FACE('',(#6844),#6896,.F.);
#6844 = FACE_BOUND('',#6845,.F.);
#6845 = EDGE_LOOP('',(#6846,#6857,#6863,#6864,#6865,#6874,#6882,#6890));
#6846 = ORIENTED_EDGE('',*,*,#6847,.F.);
#6847 = EDGE_CURVE('',#6848,#6850,#6852,.T.);
#6848 = VERTEX_POINT('',#6849);
#6849 = CARTESIAN_POINT('',(0.254,-5.842,2.157));
#6850 = VERTEX_POINT('',#6851);
#6851 = CARTESIAN_POINT('',(-0.127,-5.842,1.776));
#6852 = CIRCLE('',#6853,0.381);
#6853 = AXIS2_PLACEMENT_3D('',#6854,#6855,#6856);
#6854 = CARTESIAN_POINT('',(0.254,-5.842,1.776));
#6855 = DIRECTION('',(4.440892098501E-16,-1.,0.));
#6856 = DIRECTION('',(0.,0.,1.));
#6857 = ORIENTED_EDGE('',*,*,#6858,.F.);
#6858 = EDGE_CURVE('',#5590,#6848,#6859,.T.);
#6859 = LINE('',#6860,#6861);
#6860 = CARTESIAN_POINT('',(3.937,-5.842,2.157));
#6861 = VECTOR('',#6862,1.);
#6862 = DIRECTION('',(-1.,-4.440892098501E-16,0.));
#6863 = ORIENTED_EDGE('',*,*,#5589,.T.);
#6864 = ORIENTED_EDGE('',*,*,#5667,.T.);
#6865 = ORIENTED_EDGE('',*,*,#6866,.F.);
#6866 = EDGE_CURVE('',#6867,#5660,#6869,.T.);
#6867 = VERTEX_POINT('',#6868);
#6868 = CARTESIAN_POINT('',(0.127,-5.842,1.776));
#6869 = CIRCLE('',#6870,0.127);
#6870 = AXIS2_PLACEMENT_3D('',#6871,#6872,#6873);
#6871 = CARTESIAN_POINT('',(0.254,-5.842,1.776));
#6872 = DIRECTION('',(-4.440892098501E-16,1.,0.));
#6873 = DIRECTION('',(0.,0.,-1.));
#6874 = ORIENTED_EDGE('',*,*,#6875,.F.);
#6875 = EDGE_CURVE('',#6876,#6867,#6878,.T.);
#6876 = VERTEX_POINT('',#6877);
#6877 = CARTESIAN_POINT('',(0.127,-5.842,0.));
#6878 = LINE('',#6879,#6880);
#6879 = CARTESIAN_POINT('',(0.127,-5.842,0.));
#6880 = VECTOR('',#6881,1.);
#6881 = DIRECTION('',(0.,0.,1.));
#6882 = ORIENTED_EDGE('',*,*,#6883,.F.);
#6883 = EDGE_CURVE('',#6884,#6876,#6886,.T.);
#6884 = VERTEX_POINT('',#6885);
#6885 = CARTESIAN_POINT('',(-0.127,-5.842,0.));
#6886 = LINE('',#6887,#6888);
#6887 = CARTESIAN_POINT('',(-0.127,-5.842,0.));
#6888 = VECTOR('',#6889,1.);
#6889 = DIRECTION('',(1.,4.440892098501E-16,0.));
#6890 = ORIENTED_EDGE('',*,*,#6891,.T.);
#6891 = EDGE_CURVE('',#6884,#6850,#6892,.T.);
#6892 = LINE('',#6893,#6894);
#6893 = CARTESIAN_POINT('',(-0.127,-5.842,0.));
#6894 = VECTOR('',#6895,1.);
#6895 = DIRECTION('',(0.,0.,1.));
#6896 = PLANE('',#6897);
#6897 = AXIS2_PLACEMENT_3D('',#6898,#6899,#6900);
#6898 = CARTESIAN_POINT('',(0.254,-5.842,2.157));
#6899 = DIRECTION('',(-4.440892098501E-16,1.,0.));
#6900 = DIRECTION('',(0.,0.,1.));
#6901 = ADVANCED_FACE('',(#6902),#6927,.T.);
#6902 = FACE_BOUND('',#6903,.T.);
#6903 = EDGE_LOOP('',(#6904,#6912,#6913,#6921));
#6904 = ORIENTED_EDGE('',*,*,#6905,.T.);
#6905 = EDGE_CURVE('',#6906,#5590,#6908,.T.);
#6906 = VERTEX_POINT('',#6907);
#6907 = CARTESIAN_POINT('',(0.71,-5.842,2.157));
#6908 = LINE('',#6909,#6910);
#6909 = CARTESIAN_POINT('',(3.937,-5.842,2.157));
#6910 = VECTOR('',#6911,1.);
#6911 = DIRECTION('',(-1.,-4.440892098501E-16,0.));
#6912 = ORIENTED_EDGE('',*,*,#5606,.T.);
#6913 = ORIENTED_EDGE('',*,*,#6914,.T.);
#6914 = EDGE_CURVE('',#5599,#6915,#6917,.T.);
#6915 = VERTEX_POINT('',#6916);
#6916 = CARTESIAN_POINT('',(0.71,-6.858,2.157));
#6917 = LINE('',#6918,#6919);
#6918 = CARTESIAN_POINT('',(-0.127,-6.858,2.157));
#6919 = VECTOR('',#6920,1.);
#6920 = DIRECTION('',(1.,4.440892098501E-16,0.));
#6921 = ORIENTED_EDGE('',*,*,#6922,.F.);
#6922 = EDGE_CURVE('',#6906,#6915,#6923,.T.);
#6923 = LINE('',#6924,#6925);
#6924 = CARTESIAN_POINT('',(0.71,0.75,2.157));
#6925 = VECTOR('',#6926,1.);
#6926 = DIRECTION('',(4.440892098501E-16,-1.,0.));
#6927 = B_SPLINE_SURFACE_WITH_KNOTS('',1,1,(
    (#6928,#6929)
    ,(#6930,#6931
    )),.UNSPECIFIED.,.F.,.F.,.F.,(2,2),(2,2),(0.,9.27),(0.,1.),
  .PIECEWISE_BEZIER_KNOTS.);
#6928 = CARTESIAN_POINT('',(0.635,0.825,2.157));
#6929 = CARTESIAN_POINT('',(0.71,0.75,2.157));
#6930 = CARTESIAN_POINT('',(0.635,-8.445,2.157));
#6931 = CARTESIAN_POINT('',(0.71,-8.37,2.157));
#6932 = ADVANCED_FACE('',(#6933),#6985,.F.);
#6933 = FACE_BOUND('',#6934,.F.);
#6934 = EDGE_LOOP('',(#6935,#6946,#6952,#6953,#6954,#6963,#6971,#6979));
#6935 = ORIENTED_EDGE('',*,*,#6936,.F.);
#6936 = EDGE_CURVE('',#6937,#6939,#6941,.T.);
#6937 = VERTEX_POINT('',#6938);
#6938 = CARTESIAN_POINT('',(0.254,-3.302,2.157));
#6939 = VERTEX_POINT('',#6940);
#6940 = CARTESIAN_POINT('',(-0.127,-3.302,1.776));
#6941 = CIRCLE('',#6942,0.381);
#6942 = AXIS2_PLACEMENT_3D('',#6943,#6944,#6945);
#6943 = CARTESIAN_POINT('',(0.254,-3.302,1.776));
#6944 = DIRECTION('',(4.440892098501E-16,-1.,0.));
#6945 = DIRECTION('',(0.,0.,1.));
#6946 = ORIENTED_EDGE('',*,*,#6947,.F.);
#6947 = EDGE_CURVE('',#5683,#6937,#6948,.T.);
#6948 = LINE('',#6949,#6950);
#6949 = CARTESIAN_POINT('',(3.937,-3.302,2.157));
#6950 = VECTOR('',#6951,1.);
#6951 = DIRECTION('',(-1.,-4.440892098501E-16,0.));
#6952 = ORIENTED_EDGE('',*,*,#5682,.T.);
#6953 = ORIENTED_EDGE('',*,*,#5636,.T.);
#6954 = ORIENTED_EDGE('',*,*,#6955,.F.);
#6955 = EDGE_CURVE('',#6956,#5629,#6958,.T.);
#6956 = VERTEX_POINT('',#6957);
#6957 = CARTESIAN_POINT('',(0.127,-3.302,1.776));
#6958 = CIRCLE('',#6959,0.127);
#6959 = AXIS2_PLACEMENT_3D('',#6960,#6961,#6962);
#6960 = CARTESIAN_POINT('',(0.254,-3.302,1.776));
#6961 = DIRECTION('',(-4.440892098501E-16,1.,0.));
#6962 = DIRECTION('',(0.,0.,-1.));
#6963 = ORIENTED_EDGE('',*,*,#6964,.F.);
#6964 = EDGE_CURVE('',#6965,#6956,#6967,.T.);
#6965 = VERTEX_POINT('',#6966);
#6966 = CARTESIAN_POINT('',(0.127,-3.302,0.));
#6967 = LINE('',#6968,#6969);
#6968 = CARTESIAN_POINT('',(0.127,-3.302,0.));
#6969 = VECTOR('',#6970,1.);
#6970 = DIRECTION('',(0.,0.,1.));
#6971 = ORIENTED_EDGE('',*,*,#6972,.F.);
#6972 = EDGE_CURVE('',#6973,#6965,#6975,.T.);
#6973 = VERTEX_POINT('',#6974);
#6974 = CARTESIAN_POINT('',(-0.127,-3.302,0.));
#6975 = LINE('',#6976,#6977);
#6976 = CARTESIAN_POINT('',(-0.127,-3.302,0.));
#6977 = VECTOR('',#6978,1.);
#6978 = DIRECTION('',(1.,4.440892098501E-16,0.));
#6979 = ORIENTED_EDGE('',*,*,#6980,.T.);
#6980 = EDGE_CURVE('',#6973,#6939,#6981,.T.);
#6981 = LINE('',#6982,#6983);
#6982 = CARTESIAN_POINT('',(-0.127,-3.302,0.));
#6983 = VECTOR('',#6984,1.);
#6984 = DIRECTION('',(0.,0.,1.));
#6985 = PLANE('',#6986);
#6986 = AXIS2_PLACEMENT_3D('',#6987,#6988,#6989);
#6987 = CARTESIAN_POINT('',(0.254,-3.302,2.157));
#6988 = DIRECTION('',(-4.440892098501E-16,1.,0.));
#6989 = DIRECTION('',(0.,0.,1.));
#6990 = ADVANCED_FACE('',(#6991),#7002,.F.);
#6991 = FACE_BOUND('',#6992,.F.);
#6992 = EDGE_LOOP('',(#6993,#6999,#7000,#7001));
#6993 = ORIENTED_EDGE('',*,*,#6994,.T.);
#6994 = EDGE_CURVE('',#6809,#6956,#6995,.T.);
#6995 = LINE('',#6996,#6997);
#6996 = CARTESIAN_POINT('',(0.127,-1.778,1.776));
#6997 = VECTOR('',#6998,1.);
#6998 = DIRECTION('',(4.440892098501E-16,-1.,0.));
#6999 = ORIENTED_EDGE('',*,*,#6955,.T.);
#7000 = ORIENTED_EDGE('',*,*,#5628,.F.);
#7001 = ORIENTED_EDGE('',*,*,#6808,.F.);
#7002 = CYLINDRICAL_SURFACE('',#7003,0.127);
#7003 = AXIS2_PLACEMENT_3D('',#7004,#7005,#7006);
#7004 = CARTESIAN_POINT('',(0.254,-1.778,1.776));
#7005 = DIRECTION('',(4.440892098501E-16,-1.,0.));
#7006 = DIRECTION('',(-1.,-4.440892098501E-16,0.));
#7007 = ADVANCED_FACE('',(#7008),#7060,.T.);
#7008 = FACE_BOUND('',#7009,.T.);
#7009 = EDGE_LOOP('',(#7010,#7021,#7027,#7028,#7029,#7038,#7046,#7054));
#7010 = ORIENTED_EDGE('',*,*,#7011,.F.);
#7011 = EDGE_CURVE('',#7012,#7014,#7016,.T.);
#7012 = VERTEX_POINT('',#7013);
#7013 = CARTESIAN_POINT('',(0.254,-4.318,2.157));
#7014 = VERTEX_POINT('',#7015);
#7015 = CARTESIAN_POINT('',(-0.127,-4.318,1.776));
#7016 = CIRCLE('',#7017,0.381);
#7017 = AXIS2_PLACEMENT_3D('',#7018,#7019,#7020);
#7018 = CARTESIAN_POINT('',(0.254,-4.318,1.776));
#7019 = DIRECTION('',(4.440892098501E-16,-1.,0.));
#7020 = DIRECTION('',(0.,0.,1.));
#7021 = ORIENTED_EDGE('',*,*,#7022,.T.);
#7022 = EDGE_CURVE('',#7012,#5692,#7023,.T.);
#7023 = LINE('',#7024,#7025);
#7024 = CARTESIAN_POINT('',(-1.110223024625E-15,-4.318,2.157));
#7025 = VECTOR('',#7026,1.);
#7026 = DIRECTION('',(1.,4.440892098501E-16,0.));
#7027 = ORIENTED_EDGE('',*,*,#5691,.T.);
#7028 = ORIENTED_EDGE('',*,*,#5651,.F.);
#7029 = ORIENTED_EDGE('',*,*,#7030,.F.);
#7030 = EDGE_CURVE('',#7031,#5652,#7033,.T.);
#7031 = VERTEX_POINT('',#7032);
#7032 = CARTESIAN_POINT('',(0.127,-4.318,1.776));
#7033 = CIRCLE('',#7034,0.127);
#7034 = AXIS2_PLACEMENT_3D('',#7035,#7036,#7037);
#7035 = CARTESIAN_POINT('',(0.254,-4.318,1.776));
#7036 = DIRECTION('',(-4.440892098501E-16,1.,0.));
#7037 = DIRECTION('',(0.,0.,-1.));
#7038 = ORIENTED_EDGE('',*,*,#7039,.T.);
#7039 = EDGE_CURVE('',#7031,#7040,#7042,.T.);
#7040 = VERTEX_POINT('',#7041);
#7041 = CARTESIAN_POINT('',(0.127,-4.318,0.));
#7042 = LINE('',#7043,#7044);
#7043 = CARTESIAN_POINT('',(0.127,-4.318,2.157));
#7044 = VECTOR('',#7045,1.);
#7045 = DIRECTION('',(-0.,0.,-1.));
#7046 = ORIENTED_EDGE('',*,*,#7047,.F.);
#7047 = EDGE_CURVE('',#7048,#7040,#7050,.T.);
#7048 = VERTEX_POINT('',#7049);
#7049 = CARTESIAN_POINT('',(-0.127,-4.318,0.));
#7050 = LINE('',#7051,#7052);
#7051 = CARTESIAN_POINT('',(-0.127,-4.318,0.));
#7052 = VECTOR('',#7053,1.);
#7053 = DIRECTION('',(1.,4.440892098501E-16,0.));
#7054 = ORIENTED_EDGE('',*,*,#7055,.F.);
#7055 = EDGE_CURVE('',#7014,#7048,#7056,.T.);
#7056 = LINE('',#7057,#7058);
#7057 = CARTESIAN_POINT('',(-0.127,-4.318,2.157));
#7058 = VECTOR('',#7059,1.);
#7059 = DIRECTION('',(-0.,0.,-1.));
#7060 = PLANE('',#7061);
#7061 = AXIS2_PLACEMENT_3D('',#7062,#7063,#7064);
#7062 = CARTESIAN_POINT('',(0.254,-4.318,2.157));
#7063 = DIRECTION('',(-4.440892098501E-16,1.,0.));
#7064 = DIRECTION('',(0.,0.,1.));
#7065 = ADVANCED_FACE('',(#7066),#7077,.F.);
#7066 = FACE_BOUND('',#7067,.F.);
#7067 = EDGE_LOOP('',(#7068,#7074,#7075,#7076));
#7068 = ORIENTED_EDGE('',*,*,#7069,.T.);
#7069 = EDGE_CURVE('',#7031,#6867,#7070,.T.);
#7070 = LINE('',#7071,#7072);
#7071 = CARTESIAN_POINT('',(0.127,-4.318,1.776));
#7072 = VECTOR('',#7073,1.);
#7073 = DIRECTION('',(4.440892098501E-16,-1.,0.));
#7074 = ORIENTED_EDGE('',*,*,#6866,.T.);
#7075 = ORIENTED_EDGE('',*,*,#5659,.F.);
#7076 = ORIENTED_EDGE('',*,*,#7030,.F.);
#7077 = CYLINDRICAL_SURFACE('',#7078,0.127);
#7078 = AXIS2_PLACEMENT_3D('',#7079,#7080,#7081);
#7079 = CARTESIAN_POINT('',(0.254,-4.318,1.776));
#7080 = DIRECTION('',(4.440892098501E-16,-1.,0.));
#7081 = DIRECTION('',(-1.,-4.440892098501E-16,0.));
#7082 = ADVANCED_FACE('',(#7083),#7108,.T.);
#7083 = FACE_BOUND('',#7084,.T.);
#7084 = EDGE_LOOP('',(#7085,#7093,#7094,#7102));
#7085 = ORIENTED_EDGE('',*,*,#7086,.T.);
#7086 = EDGE_CURVE('',#7087,#5683,#7089,.T.);
#7087 = VERTEX_POINT('',#7088);
#7088 = CARTESIAN_POINT('',(0.71,-3.302,2.157));
#7089 = LINE('',#7090,#7091);
#7090 = CARTESIAN_POINT('',(3.937,-3.302,2.157));
#7091 = VECTOR('',#7092,1.);
#7092 = DIRECTION('',(-1.,-4.440892098501E-16,0.));
#7093 = ORIENTED_EDGE('',*,*,#5699,.T.);
#7094 = ORIENTED_EDGE('',*,*,#7095,.T.);
#7095 = EDGE_CURVE('',#5692,#7096,#7098,.T.);
#7096 = VERTEX_POINT('',#7097);
#7097 = CARTESIAN_POINT('',(0.71,-4.318,2.157));
#7098 = LINE('',#7099,#7100);
#7099 = CARTESIAN_POINT('',(-1.110223024625E-15,-4.318,2.157));
#7100 = VECTOR('',#7101,1.);
#7101 = DIRECTION('',(1.,4.440892098501E-16,0.));
#7102 = ORIENTED_EDGE('',*,*,#7103,.F.);
#7103 = EDGE_CURVE('',#7087,#7096,#7104,.T.);
#7104 = LINE('',#7105,#7106);
#7105 = CARTESIAN_POINT('',(0.71,0.75,2.157));
#7106 = VECTOR('',#7107,1.);
#7107 = DIRECTION('',(4.440892098501E-16,-1.,0.));
#7108 = B_SPLINE_SURFACE_WITH_KNOTS('',1,1,(
    (#7109,#7110)
    ,(#7111,#7112
    )),.UNSPECIFIED.,.F.,.F.,.F.,(2,2),(2,2),(0.,9.27),(0.,1.),
  .PIECEWISE_BEZIER_KNOTS.);
#7109 = CARTESIAN_POINT('',(0.635,0.825,2.157));
#7110 = CARTESIAN_POINT('',(0.71,0.75,2.157));
#7111 = CARTESIAN_POINT('',(0.635,-8.445,2.157));
#7112 = CARTESIAN_POINT('',(0.71,-8.37,2.157));
#7113 = ADVANCED_FACE('',(#7114),#7125,.T.);
#7114 = FACE_BOUND('',#7115,.T.);
#7115 = EDGE_LOOP('',(#7116,#7117,#7118,#7124));
#7116 = ORIENTED_EDGE('',*,*,#5715,.T.);
#7117 = ORIENTED_EDGE('',*,*,#5730,.T.);
#7118 = ORIENTED_EDGE('',*,*,#7119,.F.);
#7119 = EDGE_CURVE('',#6588,#5731,#7120,.T.);
#7120 = LINE('',#7121,#7122);
#7121 = CARTESIAN_POINT('',(0.71,-8.37,2.157));
#7122 = VECTOR('',#7123,1.);
#7123 = DIRECTION('',(1.,4.440892098501E-16,0.));
#7124 = ORIENTED_EDGE('',*,*,#6587,.F.);
#7125 = B_SPLINE_SURFACE_WITH_KNOTS('',1,1,(
    (#7126,#7127)
    ,(#7128,#7129
    )),.UNSPECIFIED.,.F.,.F.,.F.,(2,2),(2,2),(0.,6.35),(0.,1.),
  .PIECEWISE_BEZIER_KNOTS.);
#7126 = CARTESIAN_POINT('',(0.635,-8.445,2.157));
#7127 = CARTESIAN_POINT('',(0.71,-8.37,2.157));
#7128 = CARTESIAN_POINT('',(6.985,-8.445,2.157));
#7129 = CARTESIAN_POINT('',(6.91,-8.37,2.157));
#7130 = ADVANCED_FACE('',(#7131),#7182,.T.);
#7131 = FACE_BOUND('',#7132,.T.);
#7132 = EDGE_LOOP('',(#7133,#7134,#7140,#7141,#7147,#7148,#7154,#7155,
    #7161,#7162,#7169,#7177));
#7133 = ORIENTED_EDGE('',*,*,#5746,.T.);
#7134 = ORIENTED_EDGE('',*,*,#7135,.T.);
#7135 = EDGE_CURVE('',#5739,#6057,#7136,.T.);
#7136 = LINE('',#7137,#7138);
#7137 = CARTESIAN_POINT('',(6.91,-8.37,2.157));
#7138 = VECTOR('',#7139,1.);
#7139 = DIRECTION('',(-4.440892098501E-16,1.,0.));
#7140 = ORIENTED_EDGE('',*,*,#6073,.T.);
#7141 = ORIENTED_EDGE('',*,*,#7142,.T.);
#7142 = EDGE_CURVE('',#6066,#6385,#7143,.T.);
#7143 = LINE('',#7144,#7145);
#7144 = CARTESIAN_POINT('',(6.91,-8.37,2.157));
#7145 = VECTOR('',#7146,1.);
#7146 = DIRECTION('',(-4.440892098501E-16,1.,0.));
#7147 = ORIENTED_EDGE('',*,*,#6401,.T.);
#7148 = ORIENTED_EDGE('',*,*,#7149,.T.);
#7149 = EDGE_CURVE('',#6394,#6204,#7150,.T.);
#7150 = LINE('',#7151,#7152);
#7151 = CARTESIAN_POINT('',(6.91,-8.37,2.157));
#7152 = VECTOR('',#7153,1.);
#7153 = DIRECTION('',(-4.440892098501E-16,1.,0.));
#7154 = ORIENTED_EDGE('',*,*,#6220,.T.);
#7155 = ORIENTED_EDGE('',*,*,#7156,.T.);
#7156 = EDGE_CURVE('',#6213,#5877,#7157,.T.);
#7157 = LINE('',#7158,#7159);
#7158 = CARTESIAN_POINT('',(6.91,-8.37,2.157));
#7159 = VECTOR('',#7160,1.);
#7160 = DIRECTION('',(-4.440892098501E-16,1.,0.));
#7161 = ORIENTED_EDGE('',*,*,#5892,.T.);
#7162 = ORIENTED_EDGE('',*,*,#7163,.T.);
#7163 = EDGE_CURVE('',#5886,#7164,#7166,.T.);
#7164 = VERTEX_POINT('',#7165);
#7165 = CARTESIAN_POINT('',(6.586276356577,0.426276356577,3.68));
#7166 = B_SPLINE_CURVE_WITH_KNOTS('',1,(#7167,#7168),.UNSPECIFIED.,.F.,
  .F.,(2,2),(0.,1.),.PIECEWISE_BEZIER_KNOTS.);
#7167 = CARTESIAN_POINT('',(6.91,0.75,2.157));
#7168 = CARTESIAN_POINT('',(6.586276356577,0.426276356577,3.68));
#7169 = ORIENTED_EDGE('',*,*,#7170,.F.);
#7170 = EDGE_CURVE('',#7171,#7164,#7173,.T.);
#7171 = VERTEX_POINT('',#7172);
#7172 = CARTESIAN_POINT('',(6.586276356577,-8.046276356577,3.68));
#7173 = LINE('',#7174,#7175);
#7174 = CARTESIAN_POINT('',(6.586276356577,-8.046276356577,3.68));
#7175 = VECTOR('',#7176,1.);
#7176 = DIRECTION('',(-4.440892098501E-16,1.,0.));
#7177 = ORIENTED_EDGE('',*,*,#7178,.F.);
#7178 = EDGE_CURVE('',#5731,#7171,#7179,.T.);
#7179 = B_SPLINE_CURVE_WITH_KNOTS('',1,(#7180,#7181),.UNSPECIFIED.,.F.,
  .F.,(2,2),(0.,1.),.PIECEWISE_BEZIER_KNOTS.);
#7180 = CARTESIAN_POINT('',(6.91,-8.37,2.157));
#7181 = CARTESIAN_POINT('',(6.586276356577,-8.046276356577,3.68));
#7182 = B_SPLINE_SURFACE_WITH_KNOTS('',1,1,(
    (#7183,#7184)
    ,(#7185,#7186
    )),.UNSPECIFIED.,.F.,.F.,.F.,(2,2),(2,2),(0.,9.12),(0.,1.),
  .PIECEWISE_BEZIER_KNOTS.);
#7183 = CARTESIAN_POINT('',(6.91,-8.37,2.157));
#7184 = CARTESIAN_POINT('',(6.586276356577,-8.046276356577,3.68));
#7185 = CARTESIAN_POINT('',(6.91,0.75,2.157));
#7186 = CARTESIAN_POINT('',(6.586276356577,0.426276356577,3.68));
#7187 = ADVANCED_FACE('',(#7188),#7201,.T.);
#7188 = FACE_BOUND('',#7189,.T.);
#7189 = EDGE_LOOP('',(#7190,#7191,#7192,#7193,#7199,#7200));
#7190 = ORIENTED_EDGE('',*,*,#7135,.F.);
#7191 = ORIENTED_EDGE('',*,*,#5738,.F.);
#7192 = ORIENTED_EDGE('',*,*,#5762,.F.);
#7193 = ORIENTED_EDGE('',*,*,#7194,.F.);
#7194 = EDGE_CURVE('',#5942,#5763,#7195,.T.);
#7195 = LINE('',#7196,#7197);
#7196 = CARTESIAN_POINT('',(7.366,-6.858,2.157));
#7197 = VECTOR('',#7198,1.);
#7198 = DIRECTION('',(3.216245299353E-16,-1.,0.));
#7199 = ORIENTED_EDGE('',*,*,#5950,.F.);
#7200 = ORIENTED_EDGE('',*,*,#6056,.F.);
#7201 = PLANE('',#7202);
#7202 = AXIS2_PLACEMENT_3D('',#7203,#7204,#7205);
#7203 = CARTESIAN_POINT('',(3.81,-7.8485,2.157));
#7204 = DIRECTION('',(0.,0.,1.));
#7205 = DIRECTION('',(-4.440892098501E-16,1.,0.));
#7206 = ADVANCED_FACE('',(#7207),#7250,.T.);
#7207 = FACE_BOUND('',#7208,.T.);
#7208 = EDGE_LOOP('',(#7209,#7210,#7211,#7212,#7220,#7228,#7236,#7244));
#7209 = ORIENTED_EDGE('',*,*,#5795,.F.);
#7210 = ORIENTED_EDGE('',*,*,#5964,.T.);
#7211 = ORIENTED_EDGE('',*,*,#5917,.F.);
#7212 = ORIENTED_EDGE('',*,*,#7213,.F.);
#7213 = EDGE_CURVE('',#7214,#5918,#7216,.T.);
#7214 = VERTEX_POINT('',#7215);
#7215 = CARTESIAN_POINT('',(7.493,-7.3915,0.));
#7216 = LINE('',#7217,#7218);
#7217 = CARTESIAN_POINT('',(7.493,-7.3915,0.));
#7218 = VECTOR('',#7219,1.);
#7219 = DIRECTION('',(-3.216245299353E-16,1.,0.));
#7220 = ORIENTED_EDGE('',*,*,#7221,.F.);
#7221 = EDGE_CURVE('',#7222,#7214,#7224,.T.);
#7222 = VERTEX_POINT('',#7223);
#7223 = CARTESIAN_POINT('',(7.493,-7.3915,-2.843));
#7224 = LINE('',#7225,#7226);
#7225 = CARTESIAN_POINT('',(7.493,-7.3915,-2.843));
#7226 = VECTOR('',#7227,1.);
#7227 = DIRECTION('',(0.,0.,1.));
#7228 = ORIENTED_EDGE('',*,*,#7229,.F.);
#7229 = EDGE_CURVE('',#7230,#7222,#7232,.T.);
#7230 = VERTEX_POINT('',#7231);
#7231 = CARTESIAN_POINT('',(7.493,-7.50575,-3.3));
#7232 = LINE('',#7233,#7234);
#7233 = CARTESIAN_POINT('',(7.493,-7.50575,-3.3));
#7234 = VECTOR('',#7235,1.);
#7235 = DIRECTION('',(-7.800540639491E-17,0.242535625036,0.970142500145)
  );
#7236 = ORIENTED_EDGE('',*,*,#7237,.F.);
#7237 = EDGE_CURVE('',#7238,#7230,#7240,.T.);
#7238 = VERTEX_POINT('',#7239);
#7239 = CARTESIAN_POINT('',(7.493,-7.73425,-3.3));
#7240 = LINE('',#7241,#7242);
#7241 = CARTESIAN_POINT('',(7.493,-7.73425,-3.3));
#7242 = VECTOR('',#7243,1.);
#7243 = DIRECTION('',(-3.216245299353E-16,1.,0.));
#7244 = ORIENTED_EDGE('',*,*,#7245,.F.);
#7245 = EDGE_CURVE('',#5788,#7238,#7246,.T.);
#7246 = LINE('',#7247,#7248);
#7247 = CARTESIAN_POINT('',(7.493,-7.8485,-2.843));
#7248 = VECTOR('',#7249,1.);
#7249 = DIRECTION('',(-7.800540639491E-17,0.242535625036,-0.970142500145
    ));
#7250 = PLANE('',#7251);
#7251 = AXIS2_PLACEMENT_3D('',#7252,#7253,#7254);
#7252 = CARTESIAN_POINT('',(7.493,-7.8485,2.157));
#7253 = DIRECTION('',(-1.,-3.216245299353E-16,0.));
#7254 = DIRECTION('',(-0.,0.,-1.));
#7255 = ADVANCED_FACE('',(#7256),#7274,.T.);
#7256 = FACE_BOUND('',#7257,.T.);
#7257 = EDGE_LOOP('',(#7258,#7259,#7260,#7268));
#7258 = ORIENTED_EDGE('',*,*,#5787,.T.);
#7259 = ORIENTED_EDGE('',*,*,#7245,.T.);
#7260 = ORIENTED_EDGE('',*,*,#7261,.F.);
#7261 = EDGE_CURVE('',#7262,#7238,#7264,.T.);
#7262 = VERTEX_POINT('',#7263);
#7263 = CARTESIAN_POINT('',(7.747,-7.73425,-3.3));
#7264 = LINE('',#7265,#7266);
#7265 = CARTESIAN_POINT('',(7.747,-7.73425,-3.3));
#7266 = VECTOR('',#7267,1.);
#7267 = DIRECTION('',(-1.,-3.216245299353E-16,0.));
#7268 = ORIENTED_EDGE('',*,*,#7269,.F.);
#7269 = EDGE_CURVE('',#5780,#7262,#7270,.T.);
#7270 = LINE('',#7271,#7272);
#7271 = CARTESIAN_POINT('',(7.747,-7.8485,-2.843));
#7272 = VECTOR('',#7273,1.);
#7273 = DIRECTION('',(-7.800540639491E-17,0.242535625036,-0.970142500145
    ));
#7274 = PLANE('',#7275);
#7275 = AXIS2_PLACEMENT_3D('',#7276,#7277,#7278);
#7276 = CARTESIAN_POINT('',(7.747,-7.8485,-2.843));
#7277 = DIRECTION('',(3.120216255796E-16,-0.970142500145,-0.242535625036
    ));
#7278 = DIRECTION('',(-7.800540639491E-17,0.242535625036,-0.970142500145
    ));
#7279 = ADVANCED_FACE('',(#7280),#7321,.F.);
#7280 = FACE_BOUND('',#7281,.F.);
#7281 = EDGE_LOOP('',(#7282,#7283,#7289,#7290,#7298,#7306,#7314,#7320));
#7282 = ORIENTED_EDGE('',*,*,#5779,.F.);
#7283 = ORIENTED_EDGE('',*,*,#7284,.F.);
#7284 = EDGE_CURVE('',#5934,#5771,#7285,.T.);
#7285 = LINE('',#7286,#7287);
#7286 = CARTESIAN_POINT('',(7.747,-6.858,1.776));
#7287 = VECTOR('',#7288,1.);
#7288 = DIRECTION('',(3.216245299353E-16,-1.,0.));
#7289 = ORIENTED_EDGE('',*,*,#5933,.F.);
#7290 = ORIENTED_EDGE('',*,*,#7291,.F.);
#7291 = EDGE_CURVE('',#7292,#5926,#7294,.T.);
#7292 = VERTEX_POINT('',#7293);
#7293 = CARTESIAN_POINT('',(7.747,-7.3915,0.));
#7294 = LINE('',#7295,#7296);
#7295 = CARTESIAN_POINT('',(7.747,-7.3915,0.));
#7296 = VECTOR('',#7297,1.);
#7297 = DIRECTION('',(-3.216245299353E-16,1.,0.));
#7298 = ORIENTED_EDGE('',*,*,#7299,.F.);
#7299 = EDGE_CURVE('',#7300,#7292,#7302,.T.);
#7300 = VERTEX_POINT('',#7301);
#7301 = CARTESIAN_POINT('',(7.747,-7.3915,-2.843));
#7302 = LINE('',#7303,#7304);
#7303 = CARTESIAN_POINT('',(7.747,-7.3915,-2.843));
#7304 = VECTOR('',#7305,1.);
#7305 = DIRECTION('',(0.,0.,1.));
#7306 = ORIENTED_EDGE('',*,*,#7307,.F.);
#7307 = EDGE_CURVE('',#7308,#7300,#7310,.T.);
#7308 = VERTEX_POINT('',#7309);
#7309 = CARTESIAN_POINT('',(7.747,-7.50575,-3.3));
#7310 = LINE('',#7311,#7312);
#7311 = CARTESIAN_POINT('',(7.747,-7.50575,-3.3));
#7312 = VECTOR('',#7313,1.);
#7313 = DIRECTION('',(-7.800540639491E-17,0.242535625036,0.970142500145)
  );
#7314 = ORIENTED_EDGE('',*,*,#7315,.F.);
#7315 = EDGE_CURVE('',#7262,#7308,#7316,.T.);
#7316 = LINE('',#7317,#7318);
#7317 = CARTESIAN_POINT('',(7.747,-7.73425,-3.3));
#7318 = VECTOR('',#7319,1.);
#7319 = DIRECTION('',(-3.216245299353E-16,1.,0.));
#7320 = ORIENTED_EDGE('',*,*,#7269,.F.);
#7321 = PLANE('',#7322);
#7322 = AXIS2_PLACEMENT_3D('',#7323,#7324,#7325);
#7323 = CARTESIAN_POINT('',(7.747,-7.8485,2.157));
#7324 = DIRECTION('',(-1.,-3.216245299353E-16,0.));
#7325 = DIRECTION('',(-0.,0.,-1.));
#7326 = ADVANCED_FACE('',(#7327),#7333,.T.);
#7327 = FACE_BOUND('',#7328,.T.);
#7328 = EDGE_LOOP('',(#7329,#7330,#7331,#7332));
#7329 = ORIENTED_EDGE('',*,*,#7194,.T.);
#7330 = ORIENTED_EDGE('',*,*,#5770,.T.);
#7331 = ORIENTED_EDGE('',*,*,#7284,.F.);
#7332 = ORIENTED_EDGE('',*,*,#5941,.F.);
#7333 = CYLINDRICAL_SURFACE('',#7334,0.381);
#7334 = AXIS2_PLACEMENT_3D('',#7335,#7336,#7337);
#7335 = CARTESIAN_POINT('',(7.366,-6.858,1.776));
#7336 = DIRECTION('',(3.216245299353E-16,-1.,0.));
#7337 = DIRECTION('',(0.,0.,1.));
#7338 = ADVANCED_FACE('',(#7339),#7352,.T.);
#7339 = FACE_BOUND('',#7340,.T.);
#7340 = EDGE_LOOP('',(#7341,#7342,#7343,#7344,#7350,#7351));
#7341 = ORIENTED_EDGE('',*,*,#7156,.F.);
#7342 = ORIENTED_EDGE('',*,*,#6212,.F.);
#7343 = ORIENTED_EDGE('',*,*,#6042,.F.);
#7344 = ORIENTED_EDGE('',*,*,#7345,.F.);
#7345 = EDGE_CURVE('',#5854,#6034,#7346,.T.);
#7346 = LINE('',#7347,#7348);
#7347 = CARTESIAN_POINT('',(7.366,0.2285,2.157));
#7348 = VECTOR('',#7349,1.);
#7349 = DIRECTION('',(3.216245299353E-16,-1.,0.));
#7350 = ORIENTED_EDGE('',*,*,#5862,.F.);
#7351 = ORIENTED_EDGE('',*,*,#5876,.F.);
#7352 = PLANE('',#7353);
#7353 = AXIS2_PLACEMENT_3D('',#7354,#7355,#7356);
#7354 = CARTESIAN_POINT('',(3.81,-0.762,2.157));
#7355 = DIRECTION('',(0.,0.,1.));
#7356 = DIRECTION('',(-4.440892098501E-16,1.,0.));
#7357 = ADVANCED_FACE('',(#7358),#7369,.T.);
#7358 = FACE_BOUND('',#7359,.T.);
#7359 = EDGE_LOOP('',(#7360,#7361,#7362,#7363));
#7360 = ORIENTED_EDGE('',*,*,#5853,.T.);
#7361 = ORIENTED_EDGE('',*,*,#7345,.T.);
#7362 = ORIENTED_EDGE('',*,*,#6033,.F.);
#7363 = ORIENTED_EDGE('',*,*,#7364,.F.);
#7364 = EDGE_CURVE('',#5846,#6026,#7365,.T.);
#7365 = LINE('',#7366,#7367);
#7366 = CARTESIAN_POINT('',(7.747,0.2285,1.776));
#7367 = VECTOR('',#7368,1.);
#7368 = DIRECTION('',(3.216245299353E-16,-1.,0.));
#7369 = CYLINDRICAL_SURFACE('',#7370,0.381);
#7370 = AXIS2_PLACEMENT_3D('',#7371,#7372,#7373);
#7371 = CARTESIAN_POINT('',(7.366,0.2285,1.776));
#7372 = DIRECTION('',(3.216245299353E-16,-1.,0.));
#7373 = DIRECTION('',(1.,3.216245299353E-16,0.));
#7374 = ADVANCED_FACE('',(#7375),#7418,.T.);
#7375 = FACE_BOUND('',#7376,.T.);
#7376 = EDGE_LOOP('',(#7377,#7378,#7379,#7380,#7388,#7396,#7404,#7412));
#7377 = ORIENTED_EDGE('',*,*,#5845,.F.);
#7378 = ORIENTED_EDGE('',*,*,#7364,.T.);
#7379 = ORIENTED_EDGE('',*,*,#6025,.F.);
#7380 = ORIENTED_EDGE('',*,*,#7381,.F.);
#7381 = EDGE_CURVE('',#7382,#6018,#7384,.T.);
#7382 = VERTEX_POINT('',#7383);
#7383 = CARTESIAN_POINT('',(7.747,-0.2285,0.));
#7384 = LINE('',#7385,#7386);
#7385 = CARTESIAN_POINT('',(7.747,-0.2285,0.));
#7386 = VECTOR('',#7387,1.);
#7387 = DIRECTION('',(3.216245299353E-16,-1.,0.));
#7388 = ORIENTED_EDGE('',*,*,#7389,.F.);
#7389 = EDGE_CURVE('',#7390,#7382,#7392,.T.);
#7390 = VERTEX_POINT('',#7391);
#7391 = CARTESIAN_POINT('',(7.747,-0.2285,-2.843));
#7392 = LINE('',#7393,#7394);
#7393 = CARTESIAN_POINT('',(7.747,-0.2285,-2.843));
#7394 = VECTOR('',#7395,1.);
#7395 = DIRECTION('',(0.,0.,1.));
#7396 = ORIENTED_EDGE('',*,*,#7397,.F.);
#7397 = EDGE_CURVE('',#7398,#7390,#7400,.T.);
#7398 = VERTEX_POINT('',#7399);
#7399 = CARTESIAN_POINT('',(7.747,-0.11425,-3.3));
#7400 = LINE('',#7401,#7402);
#7401 = CARTESIAN_POINT('',(7.747,-0.11425,-3.3));
#7402 = VECTOR('',#7403,1.);
#7403 = DIRECTION('',(7.800540639491E-17,-0.242535625036,0.970142500145)
  );
#7404 = ORIENTED_EDGE('',*,*,#7405,.F.);
#7405 = EDGE_CURVE('',#7406,#7398,#7408,.T.);
#7406 = VERTEX_POINT('',#7407);
#7407 = CARTESIAN_POINT('',(7.747,0.11425,-3.3));
#7408 = LINE('',#7409,#7410);
#7409 = CARTESIAN_POINT('',(7.747,0.11425,-3.3));
#7410 = VECTOR('',#7411,1.);
#7411 = DIRECTION('',(3.216245299353E-16,-1.,0.));
#7412 = ORIENTED_EDGE('',*,*,#7413,.F.);
#7413 = EDGE_CURVE('',#5838,#7406,#7414,.T.);
#7414 = LINE('',#7415,#7416);
#7415 = CARTESIAN_POINT('',(7.747,0.2285,-2.843));
#7416 = VECTOR('',#7417,1.);
#7417 = DIRECTION('',(7.800540639491E-17,-0.242535625036,-0.970142500145
    ));
#7418 = PLANE('',#7419);
#7419 = AXIS2_PLACEMENT_3D('',#7420,#7421,#7422);
#7420 = CARTESIAN_POINT('',(7.747,0.2285,2.157));
#7421 = DIRECTION('',(1.,3.216245299353E-16,0.));
#7422 = DIRECTION('',(0.,-0.,1.));
#7423 = ADVANCED_FACE('',(#7424),#7442,.F.);
#7424 = FACE_BOUND('',#7425,.F.);
#7425 = EDGE_LOOP('',(#7426,#7427,#7435,#7441));
#7426 = ORIENTED_EDGE('',*,*,#5837,.T.);
#7427 = ORIENTED_EDGE('',*,*,#7428,.T.);
#7428 = EDGE_CURVE('',#5830,#7429,#7431,.T.);
#7429 = VERTEX_POINT('',#7430);
#7430 = CARTESIAN_POINT('',(7.493,0.11425,-3.3));
#7431 = LINE('',#7432,#7433);
#7432 = CARTESIAN_POINT('',(7.493,0.2285,-2.843));
#7433 = VECTOR('',#7434,1.);
#7434 = DIRECTION('',(7.800540639491E-17,-0.242535625036,-0.970142500145
    ));
#7435 = ORIENTED_EDGE('',*,*,#7436,.F.);
#7436 = EDGE_CURVE('',#7406,#7429,#7437,.T.);
#7437 = LINE('',#7438,#7439);
#7438 = CARTESIAN_POINT('',(7.747,0.11425,-3.3));
#7439 = VECTOR('',#7440,1.);
#7440 = DIRECTION('',(-1.,-3.216245299353E-16,0.));
#7441 = ORIENTED_EDGE('',*,*,#7413,.F.);
#7442 = PLANE('',#7443);
#7443 = AXIS2_PLACEMENT_3D('',#7444,#7445,#7446);
#7444 = CARTESIAN_POINT('',(7.747,0.2285,-2.843));
#7445 = DIRECTION('',(3.120216255796E-16,-0.970142500145,0.242535625036)
  );
#7446 = DIRECTION('',(7.800540639491E-17,-0.242535625036,-0.970142500145
    ));
#7447 = ADVANCED_FACE('',(#7448),#7484,.F.);
#7448 = FACE_BOUND('',#7449,.F.);
#7449 = EDGE_LOOP('',(#7450,#7451,#7452,#7453,#7461,#7469,#7477,#7483));
#7450 = ORIENTED_EDGE('',*,*,#5829,.F.);
#7451 = ORIENTED_EDGE('',*,*,#5992,.T.);
#7452 = ORIENTED_EDGE('',*,*,#6009,.F.);
#7453 = ORIENTED_EDGE('',*,*,#7454,.F.);
#7454 = EDGE_CURVE('',#7455,#6010,#7457,.T.);
#7455 = VERTEX_POINT('',#7456);
#7456 = CARTESIAN_POINT('',(7.493,-0.2285,0.));
#7457 = LINE('',#7458,#7459);
#7458 = CARTESIAN_POINT('',(7.493,-0.2285,0.));
#7459 = VECTOR('',#7460,1.);
#7460 = DIRECTION('',(3.216245299353E-16,-1.,0.));
#7461 = ORIENTED_EDGE('',*,*,#7462,.F.);
#7462 = EDGE_CURVE('',#7463,#7455,#7465,.T.);
#7463 = VERTEX_POINT('',#7464);
#7464 = CARTESIAN_POINT('',(7.493,-0.2285,-2.843));
#7465 = LINE('',#7466,#7467);
#7466 = CARTESIAN_POINT('',(7.493,-0.2285,-2.843));
#7467 = VECTOR('',#7468,1.);
#7468 = DIRECTION('',(0.,0.,1.));
#7469 = ORIENTED_EDGE('',*,*,#7470,.F.);
#7470 = EDGE_CURVE('',#7471,#7463,#7473,.T.);
#7471 = VERTEX_POINT('',#7472);
#7472 = CARTESIAN_POINT('',(7.493,-0.11425,-3.3));
#7473 = LINE('',#7474,#7475);
#7474 = CARTESIAN_POINT('',(7.493,-0.11425,-3.3));
#7475 = VECTOR('',#7476,1.);
#7476 = DIRECTION('',(7.800540639491E-17,-0.242535625036,0.970142500145)
  );
#7477 = ORIENTED_EDGE('',*,*,#7478,.F.);
#7478 = EDGE_CURVE('',#7429,#7471,#7479,.T.);
#7479 = LINE('',#7480,#7481);
#7480 = CARTESIAN_POINT('',(7.493,0.11425,-3.3));
#7481 = VECTOR('',#7482,1.);
#7482 = DIRECTION('',(3.216245299353E-16,-1.,0.));
#7483 = ORIENTED_EDGE('',*,*,#7428,.F.);
#7484 = PLANE('',#7485);
#7485 = AXIS2_PLACEMENT_3D('',#7486,#7487,#7488);
#7486 = CARTESIAN_POINT('',(7.493,0.2285,2.157));
#7487 = DIRECTION('',(1.,3.216245299353E-16,0.));
#7488 = DIRECTION('',(0.,-0.,1.));
#7489 = ADVANCED_FACE('',(#7490),#7501,.T.);
#7490 = FACE_BOUND('',#7491,.T.);
#7491 = EDGE_LOOP('',(#7492,#7498,#7499,#7500));
#7492 = ORIENTED_EDGE('',*,*,#7493,.T.);
#7493 = EDGE_CURVE('',#7292,#7214,#7494,.T.);
#7494 = LINE('',#7495,#7496);
#7495 = CARTESIAN_POINT('',(7.747,-7.3915,0.));
#7496 = VECTOR('',#7497,1.);
#7497 = DIRECTION('',(-1.,-3.216245299353E-16,0.));
#7498 = ORIENTED_EDGE('',*,*,#7213,.T.);
#7499 = ORIENTED_EDGE('',*,*,#5925,.F.);
#7500 = ORIENTED_EDGE('',*,*,#7291,.F.);
#7501 = PLANE('',#7502);
#7502 = AXIS2_PLACEMENT_3D('',#7503,#7504,#7505);
#7503 = CARTESIAN_POINT('',(7.747,-7.3915,0.));
#7504 = DIRECTION('',(-0.,0.,-1.));
#7505 = DIRECTION('',(-3.216245299353E-16,1.,0.));
#7506 = ADVANCED_FACE('',(#7507),#7518,.F.);
#7507 = FACE_BOUND('',#7508,.F.);
#7508 = EDGE_LOOP('',(#7509,#7515,#7516,#7517));
#7509 = ORIENTED_EDGE('',*,*,#7510,.T.);
#7510 = EDGE_CURVE('',#7382,#7455,#7511,.T.);
#7511 = LINE('',#7512,#7513);
#7512 = CARTESIAN_POINT('',(7.747,-0.2285,0.));
#7513 = VECTOR('',#7514,1.);
#7514 = DIRECTION('',(-1.,-3.216245299353E-16,0.));
#7515 = ORIENTED_EDGE('',*,*,#7454,.T.);
#7516 = ORIENTED_EDGE('',*,*,#6017,.F.);
#7517 = ORIENTED_EDGE('',*,*,#7381,.F.);
#7518 = PLANE('',#7519);
#7519 = AXIS2_PLACEMENT_3D('',#7520,#7521,#7522);
#7520 = CARTESIAN_POINT('',(7.747,-0.2285,0.));
#7521 = DIRECTION('',(0.,0.,1.));
#7522 = DIRECTION('',(3.216245299353E-16,-1.,0.));
#7523 = ADVANCED_FACE('',(#7524),#7537,.T.);
#7524 = FACE_BOUND('',#7525,.T.);
#7525 = EDGE_LOOP('',(#7526,#7527,#7528,#7529,#7535,#7536));
#7526 = ORIENTED_EDGE('',*,*,#7142,.F.);
#7527 = ORIENTED_EDGE('',*,*,#6065,.F.);
#7528 = ORIENTED_EDGE('',*,*,#6089,.F.);
#7529 = ORIENTED_EDGE('',*,*,#7530,.F.);
#7530 = EDGE_CURVE('',#6237,#6090,#7531,.T.);
#7531 = LINE('',#7532,#7533);
#7532 = CARTESIAN_POINT('',(7.366,-4.318,2.157));
#7533 = VECTOR('',#7534,1.);
#7534 = DIRECTION('',(3.216245299353E-16,-1.,0.));
#7535 = ORIENTED_EDGE('',*,*,#6236,.F.);
#7536 = ORIENTED_EDGE('',*,*,#6384,.F.);
#7537 = PLANE('',#7538);
#7538 = AXIS2_PLACEMENT_3D('',#7539,#7540,#7541);
#7539 = CARTESIAN_POINT('',(3.683,-5.842,2.157));
#7540 = DIRECTION('',(0.,0.,1.));
#7541 = DIRECTION('',(-4.440892098501E-16,1.,0.));
#7542 = ADVANCED_FACE('',(#7543),#7602,.T.);
#7543 = FACE_BOUND('',#7544,.T.);
#7544 = EDGE_LOOP('',(#7545,#7546,#7547,#7548,#7556,#7564,#7572,#7580,
    #7588,#7596));
#7545 = ORIENTED_EDGE('',*,*,#6122,.F.);
#7546 = ORIENTED_EDGE('',*,*,#6292,.T.);
#7547 = ORIENTED_EDGE('',*,*,#6269,.F.);
#7548 = ORIENTED_EDGE('',*,*,#7549,.F.);
#7549 = EDGE_CURVE('',#7550,#6262,#7552,.T.);
#7550 = VERTEX_POINT('',#7551);
#7551 = CARTESIAN_POINT('',(7.493,-4.8515,0.));
#7552 = LINE('',#7553,#7554);
#7553 = CARTESIAN_POINT('',(7.493,-4.8515,0.));
#7554 = VECTOR('',#7555,1.);
#7555 = DIRECTION('',(-3.216245299353E-16,1.,0.));
#7556 = ORIENTED_EDGE('',*,*,#7557,.F.);
#7557 = EDGE_CURVE('',#7558,#7550,#7560,.T.);
#7558 = VERTEX_POINT('',#7559);
#7559 = CARTESIAN_POINT('',(7.493,-4.8515,-2.843));
#7560 = LINE('',#7561,#7562);
#7561 = CARTESIAN_POINT('',(7.493,-4.8515,-2.843));
#7562 = VECTOR('',#7563,1.);
#7563 = DIRECTION('',(0.,0.,1.));
#7564 = ORIENTED_EDGE('',*,*,#7565,.F.);
#7565 = EDGE_CURVE('',#7566,#7558,#7568,.T.);
#7566 = VERTEX_POINT('',#7567);
#7567 = CARTESIAN_POINT('',(7.493,-4.96575,-3.3));
#7568 = LINE('',#7569,#7570);
#7569 = CARTESIAN_POINT('',(7.493,-4.96575,-3.3));
#7570 = VECTOR('',#7571,1.);
#7571 = DIRECTION('',(-7.800540639491E-17,0.242535625036,0.970142500145)
  );
#7572 = ORIENTED_EDGE('',*,*,#7573,.F.);
#7573 = EDGE_CURVE('',#7574,#7566,#7576,.T.);
#7574 = VERTEX_POINT('',#7575);
#7575 = CARTESIAN_POINT('',(7.493,-5.19425,-3.3));
#7576 = LINE('',#7577,#7578);
#7577 = CARTESIAN_POINT('',(7.493,-5.19425,-3.3));
#7578 = VECTOR('',#7579,1.);
#7579 = DIRECTION('',(-3.216245299353E-16,1.,0.));
#7580 = ORIENTED_EDGE('',*,*,#7581,.F.);
#7581 = EDGE_CURVE('',#7582,#7574,#7584,.T.);
#7582 = VERTEX_POINT('',#7583);
#7583 = CARTESIAN_POINT('',(7.493,-5.3085,-2.843));
#7584 = LINE('',#7585,#7586);
#7585 = CARTESIAN_POINT('',(7.493,-5.3085,-2.843));
#7586 = VECTOR('',#7587,1.);
#7587 = DIRECTION('',(-7.800540639491E-17,0.242535625036,-0.970142500145
    ));
#7588 = ORIENTED_EDGE('',*,*,#7589,.F.);
#7589 = EDGE_CURVE('',#7590,#7582,#7592,.T.);
#7590 = VERTEX_POINT('',#7591);
#7591 = CARTESIAN_POINT('',(7.493,-5.3085,0.));
#7592 = LINE('',#7593,#7594);
#7593 = CARTESIAN_POINT('',(7.493,-5.3085,0.));
#7594 = VECTOR('',#7595,1.);
#7595 = DIRECTION('',(0.,0.,-1.));
#7596 = ORIENTED_EDGE('',*,*,#7597,.F.);
#7597 = EDGE_CURVE('',#6115,#7590,#7598,.T.);
#7598 = LINE('',#7599,#7600);
#7599 = CARTESIAN_POINT('',(7.493,-5.842,0.));
#7600 = VECTOR('',#7601,1.);
#7601 = DIRECTION('',(-3.216245299353E-16,1.,0.));
#7602 = PLANE('',#7603);
#7603 = AXIS2_PLACEMENT_3D('',#7604,#7605,#7606);
#7604 = CARTESIAN_POINT('',(7.493,-5.842,2.157));
#7605 = DIRECTION('',(-1.,-3.216245299353E-16,0.));
#7606 = DIRECTION('',(-0.,0.,-1.));
#7607 = ADVANCED_FACE('',(#7608),#7626,.T.);
#7608 = FACE_BOUND('',#7609,.T.);
#7609 = EDGE_LOOP('',(#7610,#7611,#7612,#7620));
#7610 = ORIENTED_EDGE('',*,*,#6114,.T.);
#7611 = ORIENTED_EDGE('',*,*,#7597,.T.);
#7612 = ORIENTED_EDGE('',*,*,#7613,.F.);
#7613 = EDGE_CURVE('',#7614,#7590,#7616,.T.);
#7614 = VERTEX_POINT('',#7615);
#7615 = CARTESIAN_POINT('',(7.747,-5.3085,0.));
#7616 = LINE('',#7617,#7618);
#7617 = CARTESIAN_POINT('',(7.747,-5.3085,0.));
#7618 = VECTOR('',#7619,1.);
#7619 = DIRECTION('',(-1.,-3.216245299353E-16,0.));
#7620 = ORIENTED_EDGE('',*,*,#7621,.F.);
#7621 = EDGE_CURVE('',#6107,#7614,#7622,.T.);
#7622 = LINE('',#7623,#7624);
#7623 = CARTESIAN_POINT('',(7.747,-5.842,0.));
#7624 = VECTOR('',#7625,1.);
#7625 = DIRECTION('',(-3.216245299353E-16,1.,0.));
#7626 = PLANE('',#7627);
#7627 = AXIS2_PLACEMENT_3D('',#7628,#7629,#7630);
#7628 = CARTESIAN_POINT('',(7.747,-5.842,0.));
#7629 = DIRECTION('',(-0.,0.,-1.));
#7630 = DIRECTION('',(-3.216245299353E-16,1.,0.));
#7631 = ADVANCED_FACE('',(#7632),#7689,.F.);
#7632 = FACE_BOUND('',#7633,.F.);
#7633 = EDGE_LOOP('',(#7634,#7635,#7641,#7642,#7650,#7658,#7666,#7674,
    #7682,#7688));
#7634 = ORIENTED_EDGE('',*,*,#6106,.F.);
#7635 = ORIENTED_EDGE('',*,*,#7636,.F.);
#7636 = EDGE_CURVE('',#6245,#6098,#7637,.T.);
#7637 = LINE('',#7638,#7639);
#7638 = CARTESIAN_POINT('',(7.747,-4.318,1.776));
#7639 = VECTOR('',#7640,1.);
#7640 = DIRECTION('',(3.216245299353E-16,-1.,0.));
#7641 = ORIENTED_EDGE('',*,*,#6253,.F.);
#7642 = ORIENTED_EDGE('',*,*,#7643,.F.);
#7643 = EDGE_CURVE('',#7644,#6254,#7646,.T.);
#7644 = VERTEX_POINT('',#7645);
#7645 = CARTESIAN_POINT('',(7.747,-4.8515,0.));
#7646 = LINE('',#7647,#7648);
#7647 = CARTESIAN_POINT('',(7.747,-4.8515,0.));
#7648 = VECTOR('',#7649,1.);
#7649 = DIRECTION('',(-3.216245299353E-16,1.,0.));
#7650 = ORIENTED_EDGE('',*,*,#7651,.F.);
#7651 = EDGE_CURVE('',#7652,#7644,#7654,.T.);
#7652 = VERTEX_POINT('',#7653);
#7653 = CARTESIAN_POINT('',(7.747,-4.8515,-2.843));
#7654 = LINE('',#7655,#7656);
#7655 = CARTESIAN_POINT('',(7.747,-4.8515,-2.843));
#7656 = VECTOR('',#7657,1.);
#7657 = DIRECTION('',(0.,0.,1.));
#7658 = ORIENTED_EDGE('',*,*,#7659,.F.);
#7659 = EDGE_CURVE('',#7660,#7652,#7662,.T.);
#7660 = VERTEX_POINT('',#7661);
#7661 = CARTESIAN_POINT('',(7.747,-4.96575,-3.3));
#7662 = LINE('',#7663,#7664);
#7663 = CARTESIAN_POINT('',(7.747,-4.96575,-3.3));
#7664 = VECTOR('',#7665,1.);
#7665 = DIRECTION('',(-7.800540639491E-17,0.242535625036,0.970142500145)
  );
#7666 = ORIENTED_EDGE('',*,*,#7667,.F.);
#7667 = EDGE_CURVE('',#7668,#7660,#7670,.T.);
#7668 = VERTEX_POINT('',#7669);
#7669 = CARTESIAN_POINT('',(7.747,-5.19425,-3.3));
#7670 = LINE('',#7671,#7672);
#7671 = CARTESIAN_POINT('',(7.747,-5.19425,-3.3));
#7672 = VECTOR('',#7673,1.);
#7673 = DIRECTION('',(-3.216245299353E-16,1.,0.));
#7674 = ORIENTED_EDGE('',*,*,#7675,.F.);
#7675 = EDGE_CURVE('',#7676,#7668,#7678,.T.);
#7676 = VERTEX_POINT('',#7677);
#7677 = CARTESIAN_POINT('',(7.747,-5.3085,-2.843));
#7678 = LINE('',#7679,#7680);
#7679 = CARTESIAN_POINT('',(7.747,-5.3085,-2.843));
#7680 = VECTOR('',#7681,1.);
#7681 = DIRECTION('',(-7.800540639491E-17,0.242535625036,-0.970142500145
    ));
#7682 = ORIENTED_EDGE('',*,*,#7683,.F.);
#7683 = EDGE_CURVE('',#7614,#7676,#7684,.T.);
#7684 = LINE('',#7685,#7686);
#7685 = CARTESIAN_POINT('',(7.747,-5.3085,0.));
#7686 = VECTOR('',#7687,1.);
#7687 = DIRECTION('',(0.,0.,-1.));
#7688 = ORIENTED_EDGE('',*,*,#7621,.F.);
#7689 = PLANE('',#7690);
#7690 = AXIS2_PLACEMENT_3D('',#7691,#7692,#7693);
#7691 = CARTESIAN_POINT('',(7.747,-5.842,2.157));
#7692 = DIRECTION('',(-1.,-3.216245299353E-16,0.));
#7693 = DIRECTION('',(-0.,0.,-1.));
#7694 = ADVANCED_FACE('',(#7695),#7701,.T.);
#7695 = FACE_BOUND('',#7696,.T.);
#7696 = EDGE_LOOP('',(#7697,#7698,#7699,#7700));
#7697 = ORIENTED_EDGE('',*,*,#7530,.T.);
#7698 = ORIENTED_EDGE('',*,*,#6097,.T.);
#7699 = ORIENTED_EDGE('',*,*,#7636,.F.);
#7700 = ORIENTED_EDGE('',*,*,#6244,.F.);
#7701 = CYLINDRICAL_SURFACE('',#7702,0.381);
#7702 = AXIS2_PLACEMENT_3D('',#7703,#7704,#7705);
#7703 = CARTESIAN_POINT('',(7.366,-4.318,1.776));
#7704 = DIRECTION('',(3.216245299353E-16,-1.,0.));
#7705 = DIRECTION('',(0.,0.,1.));
#7706 = ADVANCED_FACE('',(#7707),#7766,.T.);
#7707 = FACE_BOUND('',#7708,.T.);
#7708 = EDGE_LOOP('',(#7709,#7710,#7711,#7712,#7720,#7728,#7736,#7744,
    #7752,#7760));
#7709 = ORIENTED_EDGE('',*,*,#6369,.F.);
#7710 = ORIENTED_EDGE('',*,*,#6309,.T.);
#7711 = ORIENTED_EDGE('',*,*,#6180,.F.);
#7712 = ORIENTED_EDGE('',*,*,#7713,.F.);
#7713 = EDGE_CURVE('',#7714,#6173,#7716,.T.);
#7714 = VERTEX_POINT('',#7715);
#7715 = CARTESIAN_POINT('',(7.493,-2.3115,0.));
#7716 = LINE('',#7717,#7718);
#7717 = CARTESIAN_POINT('',(7.493,-2.3115,0.));
#7718 = VECTOR('',#7719,1.);
#7719 = DIRECTION('',(-3.216245299353E-16,1.,0.));
#7720 = ORIENTED_EDGE('',*,*,#7721,.F.);
#7721 = EDGE_CURVE('',#7722,#7714,#7724,.T.);
#7722 = VERTEX_POINT('',#7723);
#7723 = CARTESIAN_POINT('',(7.493,-2.3115,-2.843));
#7724 = LINE('',#7725,#7726);
#7725 = CARTESIAN_POINT('',(7.493,-2.3115,-2.843));
#7726 = VECTOR('',#7727,1.);
#7727 = DIRECTION('',(0.,0.,1.));
#7728 = ORIENTED_EDGE('',*,*,#7729,.F.);
#7729 = EDGE_CURVE('',#7730,#7722,#7732,.T.);
#7730 = VERTEX_POINT('',#7731);
#7731 = CARTESIAN_POINT('',(7.493,-2.42575,-3.3));
#7732 = LINE('',#7733,#7734);
#7733 = CARTESIAN_POINT('',(7.493,-2.42575,-3.3));
#7734 = VECTOR('',#7735,1.);
#7735 = DIRECTION('',(-7.800540639491E-17,0.242535625036,0.970142500145)
  );
#7736 = ORIENTED_EDGE('',*,*,#7737,.F.);
#7737 = EDGE_CURVE('',#7738,#7730,#7740,.T.);
#7738 = VERTEX_POINT('',#7739);
#7739 = CARTESIAN_POINT('',(7.493,-2.65425,-3.3));
#7740 = LINE('',#7741,#7742);
#7741 = CARTESIAN_POINT('',(7.493,-2.65425,-3.3));
#7742 = VECTOR('',#7743,1.);
#7743 = DIRECTION('',(-3.216245299353E-16,1.,0.));
#7744 = ORIENTED_EDGE('',*,*,#7745,.F.);
#7745 = EDGE_CURVE('',#7746,#7738,#7748,.T.);
#7746 = VERTEX_POINT('',#7747);
#7747 = CARTESIAN_POINT('',(7.493,-2.7685,-2.843));
#7748 = LINE('',#7749,#7750);
#7749 = CARTESIAN_POINT('',(7.493,-2.7685,-2.843));
#7750 = VECTOR('',#7751,1.);
#7751 = DIRECTION('',(-7.800540639491E-17,0.242535625036,-0.970142500145
    ));
#7752 = ORIENTED_EDGE('',*,*,#7753,.F.);
#7753 = EDGE_CURVE('',#7754,#7746,#7756,.T.);
#7754 = VERTEX_POINT('',#7755);
#7755 = CARTESIAN_POINT('',(7.493,-2.7685,0.));
#7756 = LINE('',#7757,#7758);
#7757 = CARTESIAN_POINT('',(7.493,-2.7685,0.));
#7758 = VECTOR('',#7759,1.);
#7759 = DIRECTION('',(0.,0.,-1.));
#7760 = ORIENTED_EDGE('',*,*,#7761,.F.);
#7761 = EDGE_CURVE('',#6362,#7754,#7762,.T.);
#7762 = LINE('',#7763,#7764);
#7763 = CARTESIAN_POINT('',(7.493,-3.302,0.));
#7764 = VECTOR('',#7765,1.);
#7765 = DIRECTION('',(-3.216245299353E-16,1.,0.));
#7766 = PLANE('',#7767);
#7767 = AXIS2_PLACEMENT_3D('',#7768,#7769,#7770);
#7768 = CARTESIAN_POINT('',(7.493,-3.302,2.157));
#7769 = DIRECTION('',(-1.,-3.216245299353E-16,0.));
#7770 = DIRECTION('',(-0.,0.,-1.));
#7771 = ADVANCED_FACE('',(#7772),#7790,.T.);
#7772 = FACE_BOUND('',#7773,.T.);
#7773 = EDGE_LOOP('',(#7774,#7782,#7783,#7784));
#7774 = ORIENTED_EDGE('',*,*,#7775,.T.);
#7775 = EDGE_CURVE('',#7776,#7714,#7778,.T.);
#7776 = VERTEX_POINT('',#7777);
#7777 = CARTESIAN_POINT('',(7.747,-2.3115,0.));
#7778 = LINE('',#7779,#7780);
#7779 = CARTESIAN_POINT('',(7.747,-2.3115,0.));
#7780 = VECTOR('',#7781,1.);
#7781 = DIRECTION('',(-1.,-3.216245299353E-16,0.));
#7782 = ORIENTED_EDGE('',*,*,#7713,.T.);
#7783 = ORIENTED_EDGE('',*,*,#6172,.F.);
#7784 = ORIENTED_EDGE('',*,*,#7785,.F.);
#7785 = EDGE_CURVE('',#7776,#6165,#7786,.T.);
#7786 = LINE('',#7787,#7788);
#7787 = CARTESIAN_POINT('',(7.747,-2.3115,0.));
#7788 = VECTOR('',#7789,1.);
#7789 = DIRECTION('',(-3.216245299353E-16,1.,0.));
#7790 = PLANE('',#7791);
#7791 = AXIS2_PLACEMENT_3D('',#7792,#7793,#7794);
#7792 = CARTESIAN_POINT('',(7.747,-2.3115,0.));
#7793 = DIRECTION('',(-0.,0.,-1.));
#7794 = DIRECTION('',(-3.216245299353E-16,1.,0.));
#7795 = ADVANCED_FACE('',(#7796),#7853,.F.);
#7796 = FACE_BOUND('',#7797,.F.);
#7797 = EDGE_LOOP('',(#7798,#7799,#7805,#7806,#7807,#7815,#7823,#7831,
    #7839,#7847));
#7798 = ORIENTED_EDGE('',*,*,#6353,.F.);
#7799 = ORIENTED_EDGE('',*,*,#7800,.F.);
#7800 = EDGE_CURVE('',#6156,#6345,#7801,.T.);
#7801 = LINE('',#7802,#7803);
#7802 = CARTESIAN_POINT('',(7.747,-1.778,1.776));
#7803 = VECTOR('',#7804,1.);
#7804 = DIRECTION('',(3.216245299353E-16,-1.,0.));
#7805 = ORIENTED_EDGE('',*,*,#6164,.F.);
#7806 = ORIENTED_EDGE('',*,*,#7785,.F.);
#7807 = ORIENTED_EDGE('',*,*,#7808,.F.);
#7808 = EDGE_CURVE('',#7809,#7776,#7811,.T.);
#7809 = VERTEX_POINT('',#7810);
#7810 = CARTESIAN_POINT('',(7.747,-2.3115,-2.843));
#7811 = LINE('',#7812,#7813);
#7812 = CARTESIAN_POINT('',(7.747,-2.3115,-2.843));
#7813 = VECTOR('',#7814,1.);
#7814 = DIRECTION('',(0.,0.,1.));
#7815 = ORIENTED_EDGE('',*,*,#7816,.F.);
#7816 = EDGE_CURVE('',#7817,#7809,#7819,.T.);
#7817 = VERTEX_POINT('',#7818);
#7818 = CARTESIAN_POINT('',(7.747,-2.42575,-3.3));
#7819 = LINE('',#7820,#7821);
#7820 = CARTESIAN_POINT('',(7.747,-2.42575,-3.3));
#7821 = VECTOR('',#7822,1.);
#7822 = DIRECTION('',(-7.800540639491E-17,0.242535625036,0.970142500145)
  );
#7823 = ORIENTED_EDGE('',*,*,#7824,.F.);
#7824 = EDGE_CURVE('',#7825,#7817,#7827,.T.);
#7825 = VERTEX_POINT('',#7826);
#7826 = CARTESIAN_POINT('',(7.747,-2.65425,-3.3));
#7827 = LINE('',#7828,#7829);
#7828 = CARTESIAN_POINT('',(7.747,-2.65425,-3.3));
#7829 = VECTOR('',#7830,1.);
#7830 = DIRECTION('',(-3.216245299353E-16,1.,0.));
#7831 = ORIENTED_EDGE('',*,*,#7832,.F.);
#7832 = EDGE_CURVE('',#7833,#7825,#7835,.T.);
#7833 = VERTEX_POINT('',#7834);
#7834 = CARTESIAN_POINT('',(7.747,-2.7685,-2.843));
#7835 = LINE('',#7836,#7837);
#7836 = CARTESIAN_POINT('',(7.747,-2.7685,-2.843));
#7837 = VECTOR('',#7838,1.);
#7838 = DIRECTION('',(-7.800540639491E-17,0.242535625036,-0.970142500145
    ));
#7839 = ORIENTED_EDGE('',*,*,#7840,.F.);
#7840 = EDGE_CURVE('',#7841,#7833,#7843,.T.);
#7841 = VERTEX_POINT('',#7842);
#7842 = CARTESIAN_POINT('',(7.747,-2.7685,0.));
#7843 = LINE('',#7844,#7845);
#7844 = CARTESIAN_POINT('',(7.747,-2.7685,0.));
#7845 = VECTOR('',#7846,1.);
#7846 = DIRECTION('',(0.,0.,-1.));
#7847 = ORIENTED_EDGE('',*,*,#7848,.F.);
#7848 = EDGE_CURVE('',#6354,#7841,#7849,.T.);
#7849 = LINE('',#7850,#7851);
#7850 = CARTESIAN_POINT('',(7.747,-3.302,0.));
#7851 = VECTOR('',#7852,1.);
#7852 = DIRECTION('',(-3.216245299353E-16,1.,0.));
#7853 = PLANE('',#7854);
#7854 = AXIS2_PLACEMENT_3D('',#7855,#7856,#7857);
#7855 = CARTESIAN_POINT('',(7.747,-3.302,2.157));
#7856 = DIRECTION('',(-1.,-3.216245299353E-16,0.));
#7857 = DIRECTION('',(-0.,0.,-1.));
#7858 = ADVANCED_FACE('',(#7859),#7870,.T.);
#7859 = FACE_BOUND('',#7860,.T.);
#7860 = EDGE_LOOP('',(#7861,#7867,#7868,#7869));
#7861 = ORIENTED_EDGE('',*,*,#7862,.T.);
#7862 = EDGE_CURVE('',#6148,#6337,#7863,.T.);
#7863 = LINE('',#7864,#7865);
#7864 = CARTESIAN_POINT('',(7.366,-1.778,2.157));
#7865 = VECTOR('',#7866,1.);
#7866 = DIRECTION('',(3.216245299353E-16,-1.,0.));
#7867 = ORIENTED_EDGE('',*,*,#6344,.T.);
#7868 = ORIENTED_EDGE('',*,*,#7800,.F.);
#7869 = ORIENTED_EDGE('',*,*,#6155,.F.);
#7870 = CYLINDRICAL_SURFACE('',#7871,0.381);
#7871 = AXIS2_PLACEMENT_3D('',#7872,#7873,#7874);
#7872 = CARTESIAN_POINT('',(7.366,-1.778,1.776));
#7873 = DIRECTION('',(3.216245299353E-16,-1.,0.));
#7874 = DIRECTION('',(0.,0.,1.));
#7875 = ADVANCED_FACE('',(#7876),#7884,.T.);
#7876 = FACE_BOUND('',#7877,.T.);
#7877 = EDGE_LOOP('',(#7878,#7879,#7880,#7881,#7882,#7883));
#7878 = ORIENTED_EDGE('',*,*,#7149,.F.);
#7879 = ORIENTED_EDGE('',*,*,#6393,.F.);
#7880 = ORIENTED_EDGE('',*,*,#6336,.F.);
#7881 = ORIENTED_EDGE('',*,*,#7862,.F.);
#7882 = ORIENTED_EDGE('',*,*,#6147,.F.);
#7883 = ORIENTED_EDGE('',*,*,#6203,.F.);
#7884 = PLANE('',#7885);
#7885 = AXIS2_PLACEMENT_3D('',#7886,#7887,#7888);
#7886 = CARTESIAN_POINT('',(3.683,-3.302,2.157));
#7887 = DIRECTION('',(0.,0.,1.));
#7888 = DIRECTION('',(-4.440892098501E-16,1.,0.));
#7889 = ADVANCED_FACE('',(#7890),#7901,.T.);
#7890 = FACE_BOUND('',#7891,.T.);
#7891 = EDGE_LOOP('',(#7892,#7898,#7899,#7900));
#7892 = ORIENTED_EDGE('',*,*,#7893,.T.);
#7893 = EDGE_CURVE('',#7644,#7550,#7894,.T.);
#7894 = LINE('',#7895,#7896);
#7895 = CARTESIAN_POINT('',(7.747,-4.8515,0.));
#7896 = VECTOR('',#7897,1.);
#7897 = DIRECTION('',(-1.,-3.216245299353E-16,0.));
#7898 = ORIENTED_EDGE('',*,*,#7549,.T.);
#7899 = ORIENTED_EDGE('',*,*,#6261,.F.);
#7900 = ORIENTED_EDGE('',*,*,#7643,.F.);
#7901 = PLANE('',#7902);
#7902 = AXIS2_PLACEMENT_3D('',#7903,#7904,#7905);
#7903 = CARTESIAN_POINT('',(7.747,-4.8515,0.));
#7904 = DIRECTION('',(-0.,0.,-1.));
#7905 = DIRECTION('',(-3.216245299353E-16,1.,0.));
#7906 = ADVANCED_FACE('',(#7907),#7918,.T.);
#7907 = FACE_BOUND('',#7908,.T.);
#7908 = EDGE_LOOP('',(#7909,#7910,#7911,#7917));
#7909 = ORIENTED_EDGE('',*,*,#6361,.T.);
#7910 = ORIENTED_EDGE('',*,*,#7761,.T.);
#7911 = ORIENTED_EDGE('',*,*,#7912,.F.);
#7912 = EDGE_CURVE('',#7841,#7754,#7913,.T.);
#7913 = LINE('',#7914,#7915);
#7914 = CARTESIAN_POINT('',(7.747,-2.7685,0.));
#7915 = VECTOR('',#7916,1.);
#7916 = DIRECTION('',(-1.,-3.216245299353E-16,0.));
#7917 = ORIENTED_EDGE('',*,*,#7848,.F.);
#7918 = PLANE('',#7919);
#7919 = AXIS2_PLACEMENT_3D('',#7920,#7921,#7922);
#7920 = CARTESIAN_POINT('',(7.747,-3.302,0.));
#7921 = DIRECTION('',(-0.,0.,-1.));
#7922 = DIRECTION('',(-3.216245299353E-16,1.,0.));
#7923 = ADVANCED_FACE('',(#7924),#8267,.T.);
#7924 = FACE_BOUND('',#7925,.T.);
#7925 = EDGE_LOOP('',(#7926,#7927,#7928,#7935,#7943,#8049,#8155,#8261));
#7926 = ORIENTED_EDGE('',*,*,#7163,.F.);
#7927 = ORIENTED_EDGE('',*,*,#6423,.T.);
#7928 = ORIENTED_EDGE('',*,*,#7929,.T.);
#7929 = EDGE_CURVE('',#6417,#7930,#7932,.T.);
#7930 = VERTEX_POINT('',#7931);
#7931 = CARTESIAN_POINT('',(1.033723643423,0.426276356577,3.68));
#7932 = B_SPLINE_CURVE_WITH_KNOTS('',1,(#7933,#7934),.UNSPECIFIED.,.F.,
  .F.,(2,2),(0.,1.),.PIECEWISE_BEZIER_KNOTS.);
#7933 = CARTESIAN_POINT('',(0.71,0.75,2.157));
#7934 = CARTESIAN_POINT('',(1.033723643423,0.426276356577,3.68));
#7935 = ORIENTED_EDGE('',*,*,#7936,.F.);
#7936 = EDGE_CURVE('',#7937,#7930,#7939,.T.);
#7937 = VERTEX_POINT('',#7938);
#7938 = CARTESIAN_POINT('',(3.06375942217,0.426276356577,3.68));
#7939 = LINE('',#7940,#7941);
#7940 = CARTESIAN_POINT('',(6.586276356577,0.426276356577,3.68));
#7941 = VECTOR('',#7942,1.);
#7942 = DIRECTION('',(-1.,-4.440892098501E-16,0.));
#7943 = ORIENTED_EDGE('',*,*,#7944,.F.);
#7944 = EDGE_CURVE('',#7945,#7937,#7947,.T.);
#7945 = VERTEX_POINT('',#7946);
#7946 = CARTESIAN_POINT('',(3.060652504409,0.532554637412,3.18));
#7947 = B_SPLINE_CURVE_WITH_KNOTS('',4,(#7948,#7949,#7950,#7951,#7952,
    #7953,#7954,#7955,#7956,#7957,#7958,#7959,#7960,#7961,#7962,#7963,
    #7964,#7965,#7966,#7967,#7968,#7969,#7970,#7971,#7972,#7973,#7974,
    #7975,#7976,#7977,#7978,#7979,#7980,#7981,#7982,#7983,#7984,#7985,
    #7986,#7987,#7988,#7989,#7990,#7991,#7992,#7993,#7994,#7995,#7996,
    #7997,#7998,#7999,#8000,#8001,#8002,#8003,#8004,#8005,#8006,#8007,
    #8008,#8009,#8010,#8011,#8012,#8013,#8014,#8015,#8016,#8017,#8018,
    #8019,#8020,#8021,#8022,#8023,#8024,#8025,#8026,#8027,#8028,#8029,
    #8030,#8031,#8032,#8033,#8034,#8035,#8036,#8037,#8038,#8039,#8040,
    #8041,#8042,#8043,#8044,#8045,#8046,#8047,#8048),.UNSPECIFIED.,.F.,
  .F.,(5,3,3,3,3,3,3,3,3,3,3,3,3,3,3,3,3,3,3,3,3,3,3,3,3,3,3,3,3,3,3,3,3
    ,5),(0.,3.832661857541E-02,7.588616027402E-02,0.112697851853,
    0.148780767068,0.184153940431,0.218836486671,0.252847727222,
    0.286207325059,0.318935429062,0.351052828922,0.382581121221,
    0.413542886787,0.443961878574,0.47386321812,0.503273596996,
    0.532221477517,0.560737284348,0.588853575632,0.616605179129,
    0.644029276191,0.671165414825,0.69805543375,0.723856466375,
    0.750392376563,0.776817491054,0.80317991565,0.829528157021,
    0.855910545381,0.882374672274,0.908966882882,0.935731854039,
    0.962712277262,1.),.UNSPECIFIED.);
#7948 = CARTESIAN_POINT('',(3.102443253723,0.75,2.157));
#7949 = CARTESIAN_POINT('',(3.10159836505,0.747596502417,2.168307567096)
  );
#7950 = CARTESIAN_POINT('',(3.100760043871,0.745176893235,2.179690933308
    ));
#7951 = CARTESIAN_POINT('',(3.099928470497,0.742740885558,2.191151448372
    ));
#7952 = CARTESIAN_POINT('',(3.098295716868,0.737884563992,2.213998645033
    ));
#7953 = CARTESIAN_POINT('',(3.097494261506,0.735464911842,2.225382213394
    ));
#7954 = CARTESIAN_POINT('',(3.096699660478,0.733028942322,2.236842548942
    ));
#7955 = CARTESIAN_POINT('',(3.095140251405,0.728172618361,2.259689756871
    ));
#7956 = CARTESIAN_POINT('',(3.094375165256,0.725752918822,2.271073548177
    ));
#7957 = CARTESIAN_POINT('',(3.093617046982,0.72331699024,2.282533691129)
  );
#7958 = CARTESIAN_POINT('',(3.092130026932,0.718460661398,2.305380922018
    ));
#7959 = CARTESIAN_POINT('',(3.091400843964,0.716040908555,2.316764964101
    ));
#7960 = CARTESIAN_POINT('',(3.090678749632,0.71360502492,2.328224895597)
  );
#7961 = CARTESIAN_POINT('',(3.089263222812,0.708748688464,2.351072162308
    ));
#7962 = CARTESIAN_POINT('',(3.088569506013,0.706328874704,2.362456490983
    ));
#7963 = CARTESIAN_POINT('',(3.087883006017,0.703893041415,2.373916185615
    ));
#7964 = CARTESIAN_POINT('',(3.08653813337,0.699036694321,2.396763502377)
  );
#7965 = CARTESIAN_POINT('',(3.085879473324,0.696616810106,2.408148162516
    ));
#7966 = CARTESIAN_POINT('',(3.085228165819,0.694181034144,2.419607587444
    ));
#7967 = CARTESIAN_POINT('',(3.083953162281,0.689324673051,2.442454970066
    ));
#7968 = CARTESIAN_POINT('',(3.08332917589,0.686904706661,2.453840016811)
  );
#7969 = CARTESIAN_POINT('',(3.08271268547,0.684468996804,2.465299130741)
  );
#7970 = CARTESIAN_POINT('',(3.081506817467,0.67961261797,2.488146596824)
  );
#7971 = CARTESIAN_POINT('',(3.080917146787,0.677192555215,2.499532096932
    ));
#7972 = CARTESIAN_POINT('',(3.080335123266,0.674756922283,2.510990848958
    ));
#7973 = CARTESIAN_POINT('',(3.079197706436,0.669900521543,2.533838418102
    ));
#7974 = CARTESIAN_POINT('',(3.078642017638,0.667480345451,2.545224451414
    ));
#7975 = CARTESIAN_POINT('',(3.078094134929,0.665044802583,2.556682779723
    ));
#7976 = CARTESIAN_POINT('',(3.07702453204,0.66018837531,2.579530473698)
  );
#7977 = CARTESIAN_POINT('',(3.07650251448,0.657768065798,2.590917134701)
  );
#7978 = CARTESIAN_POINT('',(3.075988469554,0.655332628757,2.602374965137
    ));
#7979 = CARTESIAN_POINT('',(3.074986088616,0.650476169835,2.625222808007
    ));
#7980 = CARTESIAN_POINT('',(3.074497454016,0.648055703366,2.636610207432
    ));
#7981 = CARTESIAN_POINT('',(3.074016965933,0.645620390865,2.64806745195)
  );
#7982 = CARTESIAN_POINT('',(3.073081258485,0.640763894688,2.670915470094
    ));
#7983 = CARTESIAN_POINT('',(3.072625740214,0.638343243943,2.682303736473
    ));
#7984 = CARTESIAN_POINT('',(3.072178549227,0.635908077994,2.693760291517
    ));
#7985 = CARTESIAN_POINT('',(3.071309008778,0.631051538489,2.716608513501
    ));
#7986 = CARTESIAN_POINT('',(3.070886361242,0.628630672067,2.727997794563
    ));
#7987 = CARTESIAN_POINT('',(3.070472227939,0.626195678326,2.739453539431
    ));
#7988 = CARTESIAN_POINT('',(3.069668388574,0.621339089031,2.762301995656
    ));
#7989 = CARTESIAN_POINT('',(3.069278386703,0.618917971229,2.773692459367
    ));
#7990 = CARTESIAN_POINT('',(3.068897091202,0.616483179322,2.785147254684
    ));
#7991 = CARTESIAN_POINT('',(3.068158526316,0.611626533526,2.807995976726
    ));
#7992 = CARTESIAN_POINT('',(3.067800965147,0.609205124242,2.81938781175)
  );
#7993 = CARTESIAN_POINT('',(3.067452306324,0.606770568034,2.83084149819)
  );
#7994 = CARTESIAN_POINT('',(3.066778627491,0.601913859003,2.85369051773)
  );
#7995 = CARTESIAN_POINT('',(3.066453321841,0.599492113826,2.865083933008
    ));
#7996 = CARTESIAN_POINT('',(3.066137116583,0.597057831594,2.876536330492
    ));
#7997 = CARTESIAN_POINT('',(3.065527972543,0.592201052906,2.899385677745
    ));
#7998 = CARTESIAN_POINT('',(3.065234756765,0.589778923466,2.910780900835
    ));
#7999 = CARTESIAN_POINT('',(3.064950839246,0.587344957907,2.922231808487
    ));
#8000 = CARTESIAN_POINT('',(3.064405914993,0.582488103904,2.945081510067
    ));
#8001 = CARTESIAN_POINT('',(3.064144642791,0.580065538575,2.956478783859
    ));
#8002 = CARTESIAN_POINT('',(3.063892863774,0.577631936579,2.967927981082
    ));
#8003 = CARTESIAN_POINT('',(3.063411879734,0.572775002947,2.99077805729)
  );
#8004 = CARTESIAN_POINT('',(3.063182424021,0.570351947956,3.002177634756
    ));
#8005 = CARTESIAN_POINT('',(3.062962650185,0.567918760056,3.01362488381)
  );
#8006 = CARTESIAN_POINT('',(3.062545361468,0.563061744495,3.036475345463
    ));
#8007 = CARTESIAN_POINT('',(3.062347614228,0.560638145511,3.047877482217
    ));
#8008 = CARTESIAN_POINT('',(3.062159727543,0.558205424932,3.059322532699
    ));
#8009 = CARTESIAN_POINT('',(3.061805923247,0.553348327874,3.082173377761
    ));
#8010 = CARTESIAN_POINT('',(3.06163979537,0.550924132049,3.093578322432)
  );
#8011 = CARTESIAN_POINT('',(3.061483692536,0.548491933287,3.105020917961
    ));
#8012 = CARTESIAN_POINT('',(3.061193195095,0.543634758563,3.127872128414
    ));
#8013 = CARTESIAN_POINT('',(3.061058616139,0.541209916965,3.139280111208
    ));
#8014 = CARTESIAN_POINT('',(3.060934208127,0.538778293878,3.150719998397
    ));
#8015 = CARTESIAN_POINT('',(3.060710635538,0.534001445917,3.173193301142
    ));
#8016 = CARTESIAN_POINT('',(3.060610652449,0.531656709793,3.184224417312
    ));
#8017 = CARTESIAN_POINT('',(3.060520286222,0.529306845248,3.195279660803
    ));
#8018 = CARTESIAN_POINT('',(3.060356690777,0.524531015986,3.217748170946
    ));
#8019 = CARTESIAN_POINT('',(3.060284022745,0.522104789354,3.229162669811
    ));
#8020 = CARTESIAN_POINT('',(3.060221741893,0.519674441603,3.240596557019
    ));
#8021 = CARTESIAN_POINT('',(3.060118326142,0.514817097121,3.26344856612)
  );
#8022 = CARTESIAN_POINT('',(3.060077103863,0.512390127828,3.274866558929
    ));
#8023 = CARTESIAN_POINT('',(3.060046335552,0.509960487816,3.286297116485
    ));
#8024 = CARTESIAN_POINT('',(3.060005839486,0.505103118425,3.309149242777
    ));
#8025 = CARTESIAN_POINT('',(3.059996061896,0.502675397106,3.320570773588
    ));
#8026 = CARTESIAN_POINT('',(3.059996772537,0.500246491538,3.331997875857
    ));
#8027 = CARTESIAN_POINT('',(3.060019176318,0.49538911742,3.354850024389)
  );
#8028 = CARTESIAN_POINT('',(3.060040858167,0.492960648212,3.366275073744
    ));
#8029 = CARTESIAN_POINT('',(3.060073028876,0.490532491387,3.37769865345)
  );
#8030 = CARTESIAN_POINT('',(3.060158343526,0.485675133035,3.400550727806
    ));
#8031 = CARTESIAN_POINT('',(3.060211514682,0.483245933163,3.411979214666
    ));
#8032 = CARTESIAN_POINT('',(3.060275141935,0.480818526053,3.423399267246
    ));
#8033 = CARTESIAN_POINT('',(3.060423409398,0.475961202735,3.446251176778
    ));
#8034 = CARTESIAN_POINT('',(3.060508114269,0.473531301133,3.457682965016
    ));
#8035 = CARTESIAN_POINT('',(3.06060321063,0.471104631472,3.469099548169)
  );
#8036 = CARTESIAN_POINT('',(3.060814503999,0.466247359896,3.491951214278
    ));
#8037 = CARTESIAN_POINT('',(3.060930801132,0.463816795086,3.503386122664
    ));
#8038 = CARTESIAN_POINT('',(3.061057395988,0.461390838462,3.514799351241
    ));
#8039 = CARTESIAN_POINT('',(3.061331819874,0.456533631832,3.537650711804
    ));
#8040 = CARTESIAN_POINT('',(3.06147978178,0.454102449372,3.549088526007)
  );
#8041 = CARTESIAN_POINT('',(3.061637921998,0.451677171116,3.560498563111
    ));
#8042 = CARTESIAN_POINT('',(3.061975613012,0.446820038677,3.583349574633
    ));
#8043 = CARTESIAN_POINT('',(3.062155326198,0.444388288514,3.594790059667
    ));
#8044 = CARTESIAN_POINT('',(3.062345076673,0.441963646102,3.606197105365
    ));
#8045 = CARTESIAN_POINT('',(3.062820569592,0.436206135645,3.633284062415
    ));
#8046 = CARTESIAN_POINT('',(3.063115291368,0.432880166482,3.64893151708)
  );
#8047 = CARTESIAN_POINT('',(3.063428406313,0.42956992391,3.664504983956)
  );
#8048 = CARTESIAN_POINT('',(3.06375942217,0.426276356577,3.68));
#8049 = ORIENTED_EDGE('',*,*,#8050,.T.);
#8050 = EDGE_CURVE('',#7945,#8051,#8053,.T.);
#8051 = VERTEX_POINT('',#8052);
#8052 = CARTESIAN_POINT('',(4.559347495591,0.532554637412,3.18));
#8053 = B_SPLINE_CURVE_WITH_KNOTS('',4,(#8054,#8055,#8056,#8057,#8058,
    #8059,#8060,#8061,#8062,#8063,#8064,#8065,#8066,#8067,#8068,#8069,
    #8070,#8071,#8072,#8073,#8074,#8075,#8076,#8077,#8078,#8079,#8080,
    #8081,#8082,#8083,#8084,#8085,#8086,#8087,#8088,#8089,#8090,#8091,
    #8092,#8093,#8094,#8095,#8096,#8097,#8098,#8099,#8100,#8101,#8102,
    #8103,#8104,#8105,#8106,#8107,#8108,#8109,#8110,#8111,#8112,#8113,
    #8114,#8115,#8116,#8117,#8118,#8119,#8120,#8121,#8122,#8123,#8124,
    #8125,#8126,#8127,#8128,#8129,#8130,#8131,#8132,#8133,#8134,#8135,
    #8136,#8137,#8138,#8139,#8140,#8141,#8142,#8143,#8144,#8145,#8146,
    #8147,#8148,#8149,#8150,#8151,#8152,#8153,#8154),.UNSPECIFIED.,.F.,
  .F.,(5,3,3,3,3,3,3,3,3,3,3,3,3,3,3,3,3,3,3,3,3,3,3,3,3,3,3,3,3,3,3,3,3
    ,5),(0.,3.000000000006E-02,6.000000000009E-02,9.000000000011E-02,
    0.12,0.15,0.18,0.21,0.24,0.27,0.3,0.33,0.36,0.389,0.419,0.449,0.479,
    0.509,0.539,0.569,0.599,0.629,0.658,0.688,0.718,0.748,0.778,0.808,
    0.838,0.868,0.898,0.928,0.958,1.),.UNSPECIFIED.);
#8054 = CARTESIAN_POINT('',(0.927445362588,0.532554637412,3.18));
#8055 = CARTESIAN_POINT('',(0.97068368215,0.532554637412,3.18));
#8056 = CARTESIAN_POINT('',(1.013922001711,0.532554637412,3.18));
#8057 = CARTESIAN_POINT('',(1.057160321272,0.532554637412,3.18));
#8058 = CARTESIAN_POINT('',(1.143636960394,0.532554637412,3.18));
#8059 = CARTESIAN_POINT('',(1.186875279956,0.532554637412,3.18));
#8060 = CARTESIAN_POINT('',(1.230113599517,0.532554637412,3.18));
#8061 = CARTESIAN_POINT('',(1.316590238639,0.532554637412,3.18));
#8062 = CARTESIAN_POINT('',(1.3598285582,0.532554637412,3.18));
#8063 = CARTESIAN_POINT('',(1.403066877761,0.532554637412,3.18));
#8064 = CARTESIAN_POINT('',(1.489543516884,0.532554637412,3.18));
#8065 = CARTESIAN_POINT('',(1.532781836445,0.532554637412,3.18));
#8066 = CARTESIAN_POINT('',(1.576020156006,0.532554637412,3.18));
#8067 = CARTESIAN_POINT('',(1.662496795128,0.532554637412,3.18));
#8068 = CARTESIAN_POINT('',(1.70573511469,0.532554637412,3.18));
#8069 = CARTESIAN_POINT('',(1.748973434251,0.532554637412,3.18));
#8070 = CARTESIAN_POINT('',(1.835450073373,0.532554637412,3.18));
#8071 = CARTESIAN_POINT('',(1.878688392934,0.532554637412,3.18));
#8072 = CARTESIAN_POINT('',(1.921926712495,0.532554637412,3.18));
#8073 = CARTESIAN_POINT('',(2.008403351618,0.532554637412,3.18));
#8074 = CARTESIAN_POINT('',(2.051641671179,0.532554637412,3.18));
#8075 = CARTESIAN_POINT('',(2.09487999074,0.532554637412,3.18));
#8076 = CARTESIAN_POINT('',(2.181356629862,0.532554637412,3.18));
#8077 = CARTESIAN_POINT('',(2.224594949424,0.532554637412,3.18));
#8078 = CARTESIAN_POINT('',(2.267833268985,0.532554637412,3.18));
#8079 = CARTESIAN_POINT('',(2.354309908107,0.532554637412,3.18));
#8080 = CARTESIAN_POINT('',(2.397548227668,0.532554637412,3.18));
#8081 = CARTESIAN_POINT('',(2.440786547229,0.532554637412,3.18));
#8082 = CARTESIAN_POINT('',(2.527263186352,0.532554637412,3.18));
#8083 = CARTESIAN_POINT('',(2.570501505913,0.532554637412,3.18));
#8084 = CARTESIAN_POINT('',(2.613739825474,0.532554637412,3.18));
#8085 = CARTESIAN_POINT('',(2.700216464596,0.532554637412,3.18));
#8086 = CARTESIAN_POINT('',(2.743454784158,0.532554637412,3.18));
#8087 = CARTESIAN_POINT('',(2.786693103719,0.532554637412,3.18));
#8088 = CARTESIAN_POINT('',(2.873169742841,0.532554637412,3.18));
#8089 = CARTESIAN_POINT('',(2.916408062402,0.532554637412,3.18));
#8090 = CARTESIAN_POINT('',(2.959646381963,0.532554637412,3.18));
#8091 = CARTESIAN_POINT('',(3.044681743767,0.532554637412,3.18));
#8092 = CARTESIAN_POINT('',(3.08647878601,0.532554637412,3.18));
#8093 = CARTESIAN_POINT('',(3.128275828252,0.532554637412,3.18));
#8094 = CARTESIAN_POINT('',(3.213311190056,0.532554637412,3.18));
#8095 = CARTESIAN_POINT('',(3.256549509617,0.532554637412,3.18));
#8096 = CARTESIAN_POINT('',(3.299787829178,0.532554637412,3.18));
#8097 = CARTESIAN_POINT('',(3.3862644683,0.532554637412,3.18));
#8098 = CARTESIAN_POINT('',(3.429502787862,0.532554637412,3.18));
#8099 = CARTESIAN_POINT('',(3.472741107423,0.532554637412,3.18));
#8100 = CARTESIAN_POINT('',(3.559217746545,0.532554637412,3.18));
#8101 = CARTESIAN_POINT('',(3.602456066106,0.532554637412,3.18));
#8102 = CARTESIAN_POINT('',(3.645694385667,0.532554637412,3.18));
#8103 = CARTESIAN_POINT('',(3.73217102479,0.532554637412,3.18));
#8104 = CARTESIAN_POINT('',(3.775409344351,0.532554637412,3.18));
#8105 = CARTESIAN_POINT('',(3.818647663912,0.532554637412,3.18));
#8106 = CARTESIAN_POINT('',(3.905124303035,0.532554637412,3.18));
#8107 = CARTESIAN_POINT('',(3.948362622596,0.532554637412,3.18));
#8108 = CARTESIAN_POINT('',(3.991600942157,0.532554637412,3.18));
#8109 = CARTESIAN_POINT('',(4.078077581279,0.532554637412,3.18));
#8110 = CARTESIAN_POINT('',(4.12131590084,0.532554637412,3.18));
#8111 = CARTESIAN_POINT('',(4.164554220402,0.532554637412,3.18));
#8112 = CARTESIAN_POINT('',(4.251030859524,0.532554637412,3.18));
#8113 = CARTESIAN_POINT('',(4.294269179085,0.532554637412,3.18));
#8114 = CARTESIAN_POINT('',(4.337507498646,0.532554637412,3.18));
#8115 = CARTESIAN_POINT('',(4.423984137769,0.532554637412,3.18));
#8116 = CARTESIAN_POINT('',(4.46722245733,0.532554637412,3.18));
#8117 = CARTESIAN_POINT('',(4.510460776891,0.532554637412,3.18));
#8118 = CARTESIAN_POINT('',(4.595496138695,0.532554637412,3.18));
#8119 = CARTESIAN_POINT('',(4.637293180937,0.532554637412,3.18));
#8120 = CARTESIAN_POINT('',(4.67909022318,0.532554637412,3.18));
#8121 = CARTESIAN_POINT('',(4.764125584983,0.532554637412,3.18));
#8122 = CARTESIAN_POINT('',(4.807363904544,0.532554637412,3.18));
#8123 = CARTESIAN_POINT('',(4.850602224106,0.532554637412,3.18));
#8124 = CARTESIAN_POINT('',(4.937078863228,0.532554637412,3.18));
#8125 = CARTESIAN_POINT('',(4.980317182789,0.532554637412,3.18));
#8126 = CARTESIAN_POINT('',(5.02355550235,0.532554637412,3.18));
#8127 = CARTESIAN_POINT('',(5.110032141473,0.532554637412,3.18));
#8128 = CARTESIAN_POINT('',(5.153270461034,0.532554637412,3.18));
#8129 = CARTESIAN_POINT('',(5.196508780595,0.532554637412,3.18));
#8130 = CARTESIAN_POINT('',(5.282985419717,0.532554637412,3.18));
#8131 = CARTESIAN_POINT('',(5.326223739278,0.532554637412,3.18));
#8132 = CARTESIAN_POINT('',(5.36946205884,0.532554637412,3.18));
#8133 = CARTESIAN_POINT('',(5.455938697962,0.532554637412,3.18));
#8134 = CARTESIAN_POINT('',(5.499177017523,0.532554637412,3.18));
#8135 = CARTESIAN_POINT('',(5.542415337084,0.532554637412,3.18));
#8136 = CARTESIAN_POINT('',(5.628891976207,0.532554637412,3.18));
#8137 = CARTESIAN_POINT('',(5.672130295768,0.532554637412,3.18));
#8138 = CARTESIAN_POINT('',(5.715368615329,0.532554637412,3.18));
#8139 = CARTESIAN_POINT('',(5.801845254451,0.532554637412,3.18));
#8140 = CARTESIAN_POINT('',(5.845083574013,0.532554637412,3.18));
#8141 = CARTESIAN_POINT('',(5.888321893574,0.532554637412,3.18));
#8142 = CARTESIAN_POINT('',(5.974798532696,0.532554637412,3.18));
#8143 = CARTESIAN_POINT('',(6.018036852257,0.532554637412,3.18));
#8144 = CARTESIAN_POINT('',(6.061275171818,0.532554637412,3.18));
#8145 = CARTESIAN_POINT('',(6.147751810941,0.532554637412,3.18));
#8146 = CARTESIAN_POINT('',(6.190990130502,0.532554637412,3.18));
#8147 = CARTESIAN_POINT('',(6.234228450063,0.532554637412,3.18));
#8148 = CARTESIAN_POINT('',(6.320705089185,0.532554637412,3.18));
#8149 = CARTESIAN_POINT('',(6.363943408747,0.532554637412,3.18));
#8150 = CARTESIAN_POINT('',(6.407181728308,0.532554637412,3.18));
#8151 = CARTESIAN_POINT('',(6.510953695255,0.532554637412,3.18));
#8152 = CARTESIAN_POINT('',(6.57148734264,0.532554637412,3.18));
#8153 = CARTESIAN_POINT('',(6.632020990026,0.532554637412,3.18));
#8154 = CARTESIAN_POINT('',(6.692554637412,0.532554637412,3.18));
#8155 = ORIENTED_EDGE('',*,*,#8156,.T.);
#8156 = EDGE_CURVE('',#8051,#8157,#8159,.T.);
#8157 = VERTEX_POINT('',#8158);
#8158 = CARTESIAN_POINT('',(4.55624057783,0.426276356577,3.68));
#8159 = B_SPLINE_CURVE_WITH_KNOTS('',4,(#8160,#8161,#8162,#8163,#8164,
    #8165,#8166,#8167,#8168,#8169,#8170,#8171,#8172,#8173,#8174,#8175,
    #8176,#8177,#8178,#8179,#8180,#8181,#8182,#8183,#8184,#8185,#8186,
    #8187,#8188,#8189,#8190,#8191,#8192,#8193,#8194,#8195,#8196,#8197,
    #8198,#8199,#8200,#8201,#8202,#8203,#8204,#8205,#8206,#8207,#8208,
    #8209,#8210,#8211,#8212,#8213,#8214,#8215,#8216,#8217,#8218,#8219,
    #8220,#8221,#8222,#8223,#8224,#8225,#8226,#8227,#8228,#8229,#8230,
    #8231,#8232,#8233,#8234,#8235,#8236,#8237,#8238,#8239,#8240,#8241,
    #8242,#8243,#8244,#8245,#8246,#8247,#8248,#8249,#8250,#8251,#8252,
    #8253,#8254,#8255,#8256,#8257,#8258,#8259,#8260),.UNSPECIFIED.,.F.,
  .F.,(5,3,3,3,3,3,3,3,3,3,3,3,3,3,3,3,3,3,3,3,3,3,3,3,3,3,3,3,3,3,3,3,3
    ,5),(0.,3.832661857541E-02,7.588616027406E-02,0.112697851853,
    0.148780767068,0.184153940431,0.218836486671,0.252847727222,
    0.286207325059,0.318935429062,0.351052828922,0.382581121221,
    0.413542886787,0.443961878574,0.47386321812,0.503273596997,
    0.532221477517,0.560737284349,0.588853575632,0.61660517913,
    0.644029276191,0.671165414826,0.69805543375,0.723856466375,
    0.750392376563,0.776817491055,0.803179915651,0.829528157022,
    0.855910545381,0.882374672274,0.908966882882,0.935731854039,
    0.962712277262,1.),.UNSPECIFIED.);
#8160 = CARTESIAN_POINT('',(4.517556746277,0.75,2.157));
#8161 = CARTESIAN_POINT('',(4.51840163495,0.747596502417,2.168307567096)
  );
#8162 = CARTESIAN_POINT('',(4.519239956129,0.745176893235,2.179690933308
    ));
#8163 = CARTESIAN_POINT('',(4.520071529503,0.742740885558,2.191151448372
    ));
#8164 = CARTESIAN_POINT('',(4.521704283132,0.737884563992,2.213998645033
    ));
#8165 = CARTESIAN_POINT('',(4.522505738494,0.735464911842,2.225382213394
    ));
#8166 = CARTESIAN_POINT('',(4.523300339522,0.733028942322,2.236842548942
    ));
#8167 = CARTESIAN_POINT('',(4.524859748595,0.728172618361,2.259689756871
    ));
#8168 = CARTESIAN_POINT('',(4.525624834744,0.725752918822,2.271073548177
    ));
#8169 = CARTESIAN_POINT('',(4.526382953018,0.72331699024,2.282533691129)
  );
#8170 = CARTESIAN_POINT('',(4.527869973068,0.718460661398,2.305380922018
    ));
#8171 = CARTESIAN_POINT('',(4.528599156036,0.716040908555,2.316764964101
    ));
#8172 = CARTESIAN_POINT('',(4.529321250368,0.71360502492,2.328224895597)
  );
#8173 = CARTESIAN_POINT('',(4.530736777188,0.708748688464,2.351072162308
    ));
#8174 = CARTESIAN_POINT('',(4.531430493987,0.706328874704,2.362456490983
    ));
#8175 = CARTESIAN_POINT('',(4.532116993983,0.703893041415,2.373916185615
    ));
#8176 = CARTESIAN_POINT('',(4.53346186663,0.699036694321,2.396763502377)
  );
#8177 = CARTESIAN_POINT('',(4.534120526676,0.696616810106,2.408148162516
    ));
#8178 = CARTESIAN_POINT('',(4.534771834181,0.694181034144,2.419607587444
    ));
#8179 = CARTESIAN_POINT('',(4.536046837719,0.689324673051,2.442454970066
    ));
#8180 = CARTESIAN_POINT('',(4.53667082411,0.686904706661,2.453840016811)
  );
#8181 = CARTESIAN_POINT('',(4.53728731453,0.684468996804,2.465299130741)
  );
#8182 = CARTESIAN_POINT('',(4.538493182533,0.67961261797,2.488146596824)
  );
#8183 = CARTESIAN_POINT('',(4.539082853213,0.677192555215,2.499532096932
    ));
#8184 = CARTESIAN_POINT('',(4.539664876734,0.674756922283,2.510990848958
    ));
#8185 = CARTESIAN_POINT('',(4.540802293564,0.669900521543,2.533838418102
    ));
#8186 = CARTESIAN_POINT('',(4.541357982362,0.667480345451,2.545224451414
    ));
#8187 = CARTESIAN_POINT('',(4.541905865071,0.665044802583,2.556682779723
    ));
#8188 = CARTESIAN_POINT('',(4.54297546796,0.66018837531,2.579530473698)
  );
#8189 = CARTESIAN_POINT('',(4.54349748552,0.657768065798,2.590917134701)
  );
#8190 = CARTESIAN_POINT('',(4.544011530446,0.655332628757,2.602374965137
    ));
#8191 = CARTESIAN_POINT('',(4.545013911384,0.650476169835,2.625222808007
    ));
#8192 = CARTESIAN_POINT('',(4.545502545984,0.648055703366,2.636610207432
    ));
#8193 = CARTESIAN_POINT('',(4.545983034067,0.645620390865,2.64806745195)
  );
#8194 = CARTESIAN_POINT('',(4.546918741515,0.640763894688,2.670915470094
    ));
#8195 = CARTESIAN_POINT('',(4.547374259786,0.638343243943,2.682303736473
    ));
#8196 = CARTESIAN_POINT('',(4.547821450773,0.635908077994,2.693760291517
    ));
#8197 = CARTESIAN_POINT('',(4.548690991222,0.631051538489,2.716608513501
    ));
#8198 = CARTESIAN_POINT('',(4.549113638758,0.628630672067,2.727997794563
    ));
#8199 = CARTESIAN_POINT('',(4.549527772061,0.626195678326,2.739453539431
    ));
#8200 = CARTESIAN_POINT('',(4.550331611426,0.621339089031,2.762301995656
    ));
#8201 = CARTESIAN_POINT('',(4.550721613297,0.618917971229,2.773692459367
    ));
#8202 = CARTESIAN_POINT('',(4.551102908798,0.616483179322,2.785147254684
    ));
#8203 = CARTESIAN_POINT('',(4.551841473684,0.611626533526,2.807995976726
    ));
#8204 = CARTESIAN_POINT('',(4.552199034853,0.609205124242,2.81938781175)
  );
#8205 = CARTESIAN_POINT('',(4.552547693676,0.606770568034,2.83084149819)
  );
#8206 = CARTESIAN_POINT('',(4.553221372509,0.601913859003,2.85369051773)
  );
#8207 = CARTESIAN_POINT('',(4.553546678159,0.599492113826,2.865083933008
    ));
#8208 = CARTESIAN_POINT('',(4.553862883417,0.597057831594,2.876536330492
    ));
#8209 = CARTESIAN_POINT('',(4.554472027457,0.592201052906,2.899385677745
    ));
#8210 = CARTESIAN_POINT('',(4.554765243235,0.589778923466,2.910780900835
    ));
#8211 = CARTESIAN_POINT('',(4.555049160754,0.587344957907,2.922231808488
    ));
#8212 = CARTESIAN_POINT('',(4.555594085007,0.582488103904,2.945081510067
    ));
#8213 = CARTESIAN_POINT('',(4.555855357209,0.580065538575,2.956478783859
    ));
#8214 = CARTESIAN_POINT('',(4.556107136226,0.577631936579,2.967927981082
    ));
#8215 = CARTESIAN_POINT('',(4.556588120266,0.572775002947,2.99077805729)
  );
#8216 = CARTESIAN_POINT('',(4.556817575979,0.570351947956,3.002177634756
    ));
#8217 = CARTESIAN_POINT('',(4.557037349815,0.567918760056,3.01362488381)
  );
#8218 = CARTESIAN_POINT('',(4.557454638532,0.563061744495,3.036475345463
    ));
#8219 = CARTESIAN_POINT('',(4.557652385772,0.560638145511,3.047877482217
    ));
#8220 = CARTESIAN_POINT('',(4.557840272457,0.558205424932,3.059322532699
    ));
#8221 = CARTESIAN_POINT('',(4.558194076753,0.553348327874,3.082173377761
    ));
#8222 = CARTESIAN_POINT('',(4.55836020463,0.550924132049,3.093578322432)
  );
#8223 = CARTESIAN_POINT('',(4.558516307464,0.548491933287,3.105020917961
    ));
#8224 = CARTESIAN_POINT('',(4.558806804905,0.543634758563,3.127872128414
    ));
#8225 = CARTESIAN_POINT('',(4.558941383861,0.541209916965,3.139280111208
    ));
#8226 = CARTESIAN_POINT('',(4.559065791873,0.538778293878,3.150719998397
    ));
#8227 = CARTESIAN_POINT('',(4.559289364462,0.534001445917,3.173193301142
    ));
#8228 = CARTESIAN_POINT('',(4.559389347551,0.531656709793,3.184224417312
    ));
#8229 = CARTESIAN_POINT('',(4.559479713778,0.529306845248,3.195279660803
    ));
#8230 = CARTESIAN_POINT('',(4.559643309223,0.524531015986,3.217748170946
    ));
#8231 = CARTESIAN_POINT('',(4.559715977255,0.522104789354,3.229162669811
    ));
#8232 = CARTESIAN_POINT('',(4.559778258107,0.519674441603,3.240596557019
    ));
#8233 = CARTESIAN_POINT('',(4.559881673858,0.514817097121,3.263448566119
    ));
#8234 = CARTESIAN_POINT('',(4.559922896137,0.512390127828,3.274866558929
    ));
#8235 = CARTESIAN_POINT('',(4.559953664448,0.509960487816,3.286297116485
    ));
#8236 = CARTESIAN_POINT('',(4.559994160514,0.505103118425,3.309149242777
    ));
#8237 = CARTESIAN_POINT('',(4.560003938104,0.502675397106,3.320570773588
    ));
#8238 = CARTESIAN_POINT('',(4.560003227463,0.500246491538,3.331997875857
    ));
#8239 = CARTESIAN_POINT('',(4.559980823682,0.49538911742,3.354850024389)
  );
#8240 = CARTESIAN_POINT('',(4.559959141833,0.492960648212,3.366275073744
    ));
#8241 = CARTESIAN_POINT('',(4.559926971124,0.490532491387,3.37769865345)
  );
#8242 = CARTESIAN_POINT('',(4.559841656474,0.485675133035,3.400550727806
    ));
#8243 = CARTESIAN_POINT('',(4.559788485318,0.483245933163,3.411979214666
    ));
#8244 = CARTESIAN_POINT('',(4.559724858065,0.480818526053,3.423399267246
    ));
#8245 = CARTESIAN_POINT('',(4.559576590602,0.475961202735,3.446251176778
    ));
#8246 = CARTESIAN_POINT('',(4.559491885731,0.473531301133,3.457682965016
    ));
#8247 = CARTESIAN_POINT('',(4.55939678937,0.471104631472,3.469099548169)
  );
#8248 = CARTESIAN_POINT('',(4.559185496001,0.466247359896,3.491951214278
    ));
#8249 = CARTESIAN_POINT('',(4.559069198868,0.463816795086,3.503386122664
    ));
#8250 = CARTESIAN_POINT('',(4.558942604012,0.461390838462,3.514799351241
    ));
#8251 = CARTESIAN_POINT('',(4.558668180126,0.456533631832,3.537650711804
    ));
#8252 = CARTESIAN_POINT('',(4.55852021822,0.454102449372,3.549088526007)
  );
#8253 = CARTESIAN_POINT('',(4.558362078002,0.451677171116,3.560498563111
    ));
#8254 = CARTESIAN_POINT('',(4.558024386988,0.446820038677,3.583349574633
    ));
#8255 = CARTESIAN_POINT('',(4.557844673802,0.444388288514,3.594790059667
    ));
#8256 = CARTESIAN_POINT('',(4.557654923327,0.441963646102,3.606197105365
    ));
#8257 = CARTESIAN_POINT('',(4.557179430408,0.436206135645,3.633284062415
    ));
#8258 = CARTESIAN_POINT('',(4.556884708632,0.432880166482,3.64893151708)
  );
#8259 = CARTESIAN_POINT('',(4.556571593687,0.42956992391,3.664504983956)
  );
#8260 = CARTESIAN_POINT('',(4.55624057783,0.426276356577,3.68));
#8261 = ORIENTED_EDGE('',*,*,#8262,.F.);
#8262 = EDGE_CURVE('',#7164,#8157,#8263,.T.);
#8263 = LINE('',#8264,#8265);
#8264 = CARTESIAN_POINT('',(6.586276356577,0.426276356577,3.68));
#8265 = VECTOR('',#8266,1.);
#8266 = DIRECTION('',(-1.,-4.440892098501E-16,0.));
#8267 = B_SPLINE_SURFACE_WITH_KNOTS('',1,1,(
    (#8268,#8269)
    ,(#8270,#8271
    )),.UNSPECIFIED.,.F.,.F.,.F.,(2,2),(2,2),(0.,6.2),(0.,1.),
  .PIECEWISE_BEZIER_KNOTS.);
#8268 = CARTESIAN_POINT('',(6.91,0.75,2.157));
#8269 = CARTESIAN_POINT('',(6.586276356577,0.426276356577,3.68));
#8270 = CARTESIAN_POINT('',(0.71,0.75,2.157));
#8271 = CARTESIAN_POINT('',(1.033723643423,0.426276356577,3.68));
#8272 = ADVANCED_FACE('',(#8273),#8318,.T.);
#8273 = FACE_BOUND('',#8274,.T.);
#8274 = EDGE_LOOP('',(#8275,#8276,#8282,#8283,#8289,#8290,#8296,#8297,
    #8303,#8304,#8311,#8317));
#8275 = ORIENTED_EDGE('',*,*,#6448,.T.);
#8276 = ORIENTED_EDGE('',*,*,#8277,.T.);
#8277 = EDGE_CURVE('',#6441,#6759,#8278,.T.);
#8278 = LINE('',#8279,#8280);
#8279 = CARTESIAN_POINT('',(0.71,0.75,2.157));
#8280 = VECTOR('',#8281,1.);
#8281 = DIRECTION('',(4.440892098501E-16,-1.,0.));
#8282 = ORIENTED_EDGE('',*,*,#6775,.T.);
#8283 = ORIENTED_EDGE('',*,*,#8284,.T.);
#8284 = EDGE_CURVE('',#6768,#7087,#8285,.T.);
#8285 = LINE('',#8286,#8287);
#8286 = CARTESIAN_POINT('',(0.71,0.75,2.157));
#8287 = VECTOR('',#8288,1.);
#8288 = DIRECTION('',(4.440892098501E-16,-1.,0.));
#8289 = ORIENTED_EDGE('',*,*,#7103,.T.);
#8290 = ORIENTED_EDGE('',*,*,#8291,.T.);
#8291 = EDGE_CURVE('',#7096,#6906,#8292,.T.);
#8292 = LINE('',#8293,#8294);
#8293 = CARTESIAN_POINT('',(0.71,0.75,2.157));
#8294 = VECTOR('',#8295,1.);
#8295 = DIRECTION('',(4.440892098501E-16,-1.,0.));
#8296 = ORIENTED_EDGE('',*,*,#6922,.T.);
#8297 = ORIENTED_EDGE('',*,*,#8298,.T.);
#8298 = EDGE_CURVE('',#6915,#6579,#8299,.T.);
#8299 = LINE('',#8300,#8301);
#8300 = CARTESIAN_POINT('',(0.71,0.75,2.157));
#8301 = VECTOR('',#8302,1.);
#8302 = DIRECTION('',(4.440892098501E-16,-1.,0.));
#8303 = ORIENTED_EDGE('',*,*,#6594,.T.);
#8304 = ORIENTED_EDGE('',*,*,#8305,.T.);
#8305 = EDGE_CURVE('',#6588,#8306,#8308,.T.);
#8306 = VERTEX_POINT('',#8307);
#8307 = CARTESIAN_POINT('',(1.033723643423,-8.046276356577,3.68));
#8308 = B_SPLINE_CURVE_WITH_KNOTS('',1,(#8309,#8310),.UNSPECIFIED.,.F.,
  .F.,(2,2),(0.,1.),.PIECEWISE_BEZIER_KNOTS.);
#8309 = CARTESIAN_POINT('',(0.71,-8.37,2.157));
#8310 = CARTESIAN_POINT('',(1.033723643423,-8.046276356577,3.68));
#8311 = ORIENTED_EDGE('',*,*,#8312,.F.);
#8312 = EDGE_CURVE('',#7930,#8306,#8313,.T.);
#8313 = LINE('',#8314,#8315);
#8314 = CARTESIAN_POINT('',(1.033723643423,0.426276356577,3.68));
#8315 = VECTOR('',#8316,1.);
#8316 = DIRECTION('',(4.440892098501E-16,-1.,0.));
#8317 = ORIENTED_EDGE('',*,*,#7929,.F.);
#8318 = B_SPLINE_SURFACE_WITH_KNOTS('',1,1,(
    (#8319,#8320)
    ,(#8321,#8322
    )),.UNSPECIFIED.,.F.,.F.,.F.,(2,2),(2,2),(0.,9.12),(0.,1.),
  .PIECEWISE_BEZIER_KNOTS.);
#8319 = CARTESIAN_POINT('',(0.71,0.75,2.157));
#8320 = CARTESIAN_POINT('',(1.033723643423,0.426276356577,3.68));
#8321 = CARTESIAN_POINT('',(0.71,-8.37,2.157));
#8322 = CARTESIAN_POINT('',(1.033723643423,-8.046276356577,3.68));
#8323 = ADVANCED_FACE('',(#8324),#8337,.T.);
#8324 = FACE_BOUND('',#8325,.T.);
#8325 = EDGE_LOOP('',(#8326,#8327,#8328,#8329,#8330,#8336));
#8326 = ORIENTED_EDGE('',*,*,#6758,.F.);
#8327 = ORIENTED_EDGE('',*,*,#8277,.F.);
#8328 = ORIENTED_EDGE('',*,*,#6440,.F.);
#8329 = ORIENTED_EDGE('',*,*,#6462,.F.);
#8330 = ORIENTED_EDGE('',*,*,#8331,.F.);
#8331 = EDGE_CURVE('',#6609,#6463,#8332,.T.);
#8332 = LINE('',#8333,#8334);
#8333 = CARTESIAN_POINT('',(0.254,-0.762,2.157));
#8334 = VECTOR('',#8335,1.);
#8335 = DIRECTION('',(-4.440892098501E-16,1.,0.));
#8336 = ORIENTED_EDGE('',*,*,#6652,.F.);
#8337 = PLANE('',#8338);
#8338 = AXIS2_PLACEMENT_3D('',#8339,#8340,#8341);
#8339 = CARTESIAN_POINT('',(3.81,-0.762,2.157));
#8340 = DIRECTION('',(0.,0.,1.));
#8341 = DIRECTION('',(-4.440892098501E-16,1.,0.));
#8342 = ADVANCED_FACE('',(#8343),#8386,.T.);
#8343 = FACE_BOUND('',#8344,.T.);
#8344 = EDGE_LOOP('',(#8345,#8346,#8347,#8348,#8356,#8364,#8372,#8380));
#8345 = ORIENTED_EDGE('',*,*,#6495,.F.);
#8346 = ORIENTED_EDGE('',*,*,#6666,.T.);
#8347 = ORIENTED_EDGE('',*,*,#6635,.F.);
#8348 = ORIENTED_EDGE('',*,*,#8349,.F.);
#8349 = EDGE_CURVE('',#8350,#6628,#8352,.T.);
#8350 = VERTEX_POINT('',#8351);
#8351 = CARTESIAN_POINT('',(0.127,-0.2285,0.));
#8352 = LINE('',#8353,#8354);
#8353 = CARTESIAN_POINT('',(0.127,-0.2285,0.));
#8354 = VECTOR('',#8355,1.);
#8355 = DIRECTION('',(4.440892098501E-16,-1.,0.));
#8356 = ORIENTED_EDGE('',*,*,#8357,.F.);
#8357 = EDGE_CURVE('',#8358,#8350,#8360,.T.);
#8358 = VERTEX_POINT('',#8359);
#8359 = CARTESIAN_POINT('',(0.127,-0.2285,-2.843));
#8360 = LINE('',#8361,#8362);
#8361 = CARTESIAN_POINT('',(0.127,-0.2285,-2.843));
#8362 = VECTOR('',#8363,1.);
#8363 = DIRECTION('',(0.,0.,1.));
#8364 = ORIENTED_EDGE('',*,*,#8365,.F.);
#8365 = EDGE_CURVE('',#8366,#8358,#8368,.T.);
#8366 = VERTEX_POINT('',#8367);
#8367 = CARTESIAN_POINT('',(0.127,-0.11425,-3.3));
#8368 = LINE('',#8369,#8370);
#8369 = CARTESIAN_POINT('',(0.127,-0.11425,-3.3));
#8370 = VECTOR('',#8371,1.);
#8371 = DIRECTION('',(1.077074540829E-16,-0.242535625036,0.970142500145)
  );
#8372 = ORIENTED_EDGE('',*,*,#8373,.F.);
#8373 = EDGE_CURVE('',#8374,#8366,#8376,.T.);
#8374 = VERTEX_POINT('',#8375);
#8375 = CARTESIAN_POINT('',(0.127,0.11425,-3.3));
#8376 = LINE('',#8377,#8378);
#8377 = CARTESIAN_POINT('',(0.127,0.11425,-3.3));
#8378 = VECTOR('',#8379,1.);
#8379 = DIRECTION('',(4.440892098501E-16,-1.,0.));
#8380 = ORIENTED_EDGE('',*,*,#8381,.F.);
#8381 = EDGE_CURVE('',#6488,#8374,#8382,.T.);
#8382 = LINE('',#8383,#8384);
#8383 = CARTESIAN_POINT('',(0.127,0.2285,-2.843));
#8384 = VECTOR('',#8385,1.);
#8385 = DIRECTION('',(1.077074540829E-16,-0.242535625036,-0.970142500145
    ));
#8386 = PLANE('',#8387);
#8387 = AXIS2_PLACEMENT_3D('',#8388,#8389,#8390);
#8388 = CARTESIAN_POINT('',(0.127,0.2285,2.157));
#8389 = DIRECTION('',(1.,4.440892098501E-16,0.));
#8390 = DIRECTION('',(0.,0.,-1.));
#8391 = ADVANCED_FACE('',(#8392),#8410,.T.);
#8392 = FACE_BOUND('',#8393,.T.);
#8393 = EDGE_LOOP('',(#8394,#8395,#8396,#8404));
#8394 = ORIENTED_EDGE('',*,*,#6487,.T.);
#8395 = ORIENTED_EDGE('',*,*,#8381,.T.);
#8396 = ORIENTED_EDGE('',*,*,#8397,.F.);
#8397 = EDGE_CURVE('',#8398,#8374,#8400,.T.);
#8398 = VERTEX_POINT('',#8399);
#8399 = CARTESIAN_POINT('',(-0.127,0.11425,-3.3));
#8400 = LINE('',#8401,#8402);
#8401 = CARTESIAN_POINT('',(-0.127,0.11425,-3.3));
#8402 = VECTOR('',#8403,1.);
#8403 = DIRECTION('',(1.,4.440892098501E-16,0.));
#8404 = ORIENTED_EDGE('',*,*,#8405,.F.);
#8405 = EDGE_CURVE('',#6480,#8398,#8406,.T.);
#8406 = LINE('',#8407,#8408);
#8407 = CARTESIAN_POINT('',(-0.127,0.2285,-2.843));
#8408 = VECTOR('',#8409,1.);
#8409 = DIRECTION('',(1.077074540829E-16,-0.242535625036,-0.970142500145
    ));
#8410 = PLANE('',#8411);
#8411 = AXIS2_PLACEMENT_3D('',#8412,#8413,#8414);
#8412 = CARTESIAN_POINT('',(-0.127,0.2285,-2.843));
#8413 = DIRECTION('',(-4.308298163317E-16,0.970142500145,-0.242535625036
    ));
#8414 = DIRECTION('',(1.077074540829E-16,-0.242535625036,-0.970142500145
    ));
#8415 = ADVANCED_FACE('',(#8416),#8457,.F.);
#8416 = FACE_BOUND('',#8417,.F.);
#8417 = EDGE_LOOP('',(#8418,#8419,#8425,#8426,#8434,#8442,#8450,#8456));
#8418 = ORIENTED_EDGE('',*,*,#6479,.F.);
#8419 = ORIENTED_EDGE('',*,*,#8420,.F.);
#8420 = EDGE_CURVE('',#6611,#6471,#8421,.T.);
#8421 = LINE('',#8422,#8423);
#8422 = CARTESIAN_POINT('',(-0.127,-0.762,1.776));
#8423 = VECTOR('',#8424,1.);
#8424 = DIRECTION('',(-4.440892098501E-16,1.,0.));
#8425 = ORIENTED_EDGE('',*,*,#6619,.F.);
#8426 = ORIENTED_EDGE('',*,*,#8427,.F.);
#8427 = EDGE_CURVE('',#8428,#6620,#8430,.T.);
#8428 = VERTEX_POINT('',#8429);
#8429 = CARTESIAN_POINT('',(-0.127,-0.2285,0.));
#8430 = LINE('',#8431,#8432);
#8431 = CARTESIAN_POINT('',(-0.127,-0.2285,0.));
#8432 = VECTOR('',#8433,1.);
#8433 = DIRECTION('',(4.440892098501E-16,-1.,0.));
#8434 = ORIENTED_EDGE('',*,*,#8435,.F.);
#8435 = EDGE_CURVE('',#8436,#8428,#8438,.T.);
#8436 = VERTEX_POINT('',#8437);
#8437 = CARTESIAN_POINT('',(-0.127,-0.2285,-2.843));
#8438 = LINE('',#8439,#8440);
#8439 = CARTESIAN_POINT('',(-0.127,-0.2285,-2.843));
#8440 = VECTOR('',#8441,1.);
#8441 = DIRECTION('',(0.,0.,1.));
#8442 = ORIENTED_EDGE('',*,*,#8443,.F.);
#8443 = EDGE_CURVE('',#8444,#8436,#8446,.T.);
#8444 = VERTEX_POINT('',#8445);
#8445 = CARTESIAN_POINT('',(-0.127,-0.11425,-3.3));
#8446 = LINE('',#8447,#8448);
#8447 = CARTESIAN_POINT('',(-0.127,-0.11425,-3.3));
#8448 = VECTOR('',#8449,1.);
#8449 = DIRECTION('',(1.077074540829E-16,-0.242535625036,0.970142500145)
  );
#8450 = ORIENTED_EDGE('',*,*,#8451,.F.);
#8451 = EDGE_CURVE('',#8398,#8444,#8452,.T.);
#8452 = LINE('',#8453,#8454);
#8453 = CARTESIAN_POINT('',(-0.127,0.11425,-3.3));
#8454 = VECTOR('',#8455,1.);
#8455 = DIRECTION('',(4.440892098501E-16,-1.,0.));
#8456 = ORIENTED_EDGE('',*,*,#8405,.F.);
#8457 = PLANE('',#8458);
#8458 = AXIS2_PLACEMENT_3D('',#8459,#8460,#8461);
#8459 = CARTESIAN_POINT('',(-0.127,0.2285,2.157));
#8460 = DIRECTION('',(1.,4.440892098501E-16,0.));
#8461 = DIRECTION('',(0.,0.,-1.));
#8462 = ADVANCED_FACE('',(#8463),#8469,.T.);
#8463 = FACE_BOUND('',#8464,.T.);
#8464 = EDGE_LOOP('',(#8465,#8466,#8467,#8468));
#8465 = ORIENTED_EDGE('',*,*,#8331,.T.);
#8466 = ORIENTED_EDGE('',*,*,#6470,.T.);
#8467 = ORIENTED_EDGE('',*,*,#8420,.F.);
#8468 = ORIENTED_EDGE('',*,*,#6608,.F.);
#8469 = CYLINDRICAL_SURFACE('',#8470,0.381);
#8470 = AXIS2_PLACEMENT_3D('',#8471,#8472,#8473);
#8471 = CARTESIAN_POINT('',(0.254,-0.762,1.776));
#8472 = DIRECTION('',(-4.440892098501E-16,1.,0.));
#8473 = DIRECTION('',(0.,0.,1.));
#8474 = ADVANCED_FACE('',(#8475),#8523,.T.);
#8475 = FACE_BOUND('',#8476,.T.);
#8476 = EDGE_LOOP('',(#8477,#8478,#8484,#8485,#8493,#8501,#8509,#8517));
#8477 = ORIENTED_EDGE('',*,*,#6520,.F.);
#8478 = ORIENTED_EDGE('',*,*,#8479,.T.);
#8479 = EDGE_CURVE('',#6521,#6692,#8480,.T.);
#8480 = LINE('',#8481,#8482);
#8481 = CARTESIAN_POINT('',(-0.127,-7.8485,1.776));
#8482 = VECTOR('',#8483,1.);
#8483 = DIRECTION('',(-4.440892098501E-16,1.,0.));
#8484 = ORIENTED_EDGE('',*,*,#6700,.F.);
#8485 = ORIENTED_EDGE('',*,*,#8486,.F.);
#8486 = EDGE_CURVE('',#8487,#6701,#8489,.T.);
#8487 = VERTEX_POINT('',#8488);
#8488 = CARTESIAN_POINT('',(-0.127,-7.3915,0.));
#8489 = LINE('',#8490,#8491);
#8490 = CARTESIAN_POINT('',(-0.127,-7.3915,0.));
#8491 = VECTOR('',#8492,1.);
#8492 = DIRECTION('',(-4.440892098501E-16,1.,0.));
#8493 = ORIENTED_EDGE('',*,*,#8494,.F.);
#8494 = EDGE_CURVE('',#8495,#8487,#8497,.T.);
#8495 = VERTEX_POINT('',#8496);
#8496 = CARTESIAN_POINT('',(-0.127,-7.3915,-2.843));
#8497 = LINE('',#8498,#8499);
#8498 = CARTESIAN_POINT('',(-0.127,-7.3915,-2.843));
#8499 = VECTOR('',#8500,1.);
#8500 = DIRECTION('',(0.,0.,1.));
#8501 = ORIENTED_EDGE('',*,*,#8502,.F.);
#8502 = EDGE_CURVE('',#8503,#8495,#8505,.T.);
#8503 = VERTEX_POINT('',#8504);
#8504 = CARTESIAN_POINT('',(-0.127,-7.50575,-3.3));
#8505 = LINE('',#8506,#8507);
#8506 = CARTESIAN_POINT('',(-0.127,-7.50575,-3.3));
#8507 = VECTOR('',#8508,1.);
#8508 = DIRECTION('',(-1.077074540829E-16,0.242535625036,0.970142500145)
  );
#8509 = ORIENTED_EDGE('',*,*,#8510,.F.);
#8510 = EDGE_CURVE('',#8511,#8503,#8513,.T.);
#8511 = VERTEX_POINT('',#8512);
#8512 = CARTESIAN_POINT('',(-0.127,-7.73425,-3.3));
#8513 = LINE('',#8514,#8515);
#8514 = CARTESIAN_POINT('',(-0.127,-7.73425,-3.3));
#8515 = VECTOR('',#8516,1.);
#8516 = DIRECTION('',(-4.440892098501E-16,1.,0.));
#8517 = ORIENTED_EDGE('',*,*,#8518,.F.);
#8518 = EDGE_CURVE('',#6523,#8511,#8519,.T.);
#8519 = LINE('',#8520,#8521);
#8520 = CARTESIAN_POINT('',(-0.127,-7.8485,-2.843));
#8521 = VECTOR('',#8522,1.);
#8522 = DIRECTION('',(-1.077074540829E-16,0.242535625036,-0.970142500145
    ));
#8523 = PLANE('',#8524);
#8524 = AXIS2_PLACEMENT_3D('',#8525,#8526,#8527);
#8525 = CARTESIAN_POINT('',(-0.127,-7.8485,2.157));
#8526 = DIRECTION('',(-1.,-4.440892098501E-16,0.));
#8527 = DIRECTION('',(0.,0.,1.));
#8528 = ADVANCED_FACE('',(#8529),#8547,.F.);
#8529 = FACE_BOUND('',#8530,.F.);
#8530 = EDGE_LOOP('',(#8531,#8532,#8540,#8546));
#8531 = ORIENTED_EDGE('',*,*,#6564,.T.);
#8532 = ORIENTED_EDGE('',*,*,#8533,.T.);
#8533 = EDGE_CURVE('',#6557,#8534,#8536,.T.);
#8534 = VERTEX_POINT('',#8535);
#8535 = CARTESIAN_POINT('',(0.127,-7.73425,-3.3));
#8536 = LINE('',#8537,#8538);
#8537 = CARTESIAN_POINT('',(0.127,-7.8485,-2.843));
#8538 = VECTOR('',#8539,1.);
#8539 = DIRECTION('',(-1.077074540829E-16,0.242535625036,-0.970142500145
    ));
#8540 = ORIENTED_EDGE('',*,*,#8541,.F.);
#8541 = EDGE_CURVE('',#8511,#8534,#8542,.T.);
#8542 = LINE('',#8543,#8544);
#8543 = CARTESIAN_POINT('',(-0.127,-7.73425,-3.3));
#8544 = VECTOR('',#8545,1.);
#8545 = DIRECTION('',(1.,4.440892098501E-16,0.));
#8546 = ORIENTED_EDGE('',*,*,#8518,.F.);
#8547 = PLANE('',#8548);
#8548 = AXIS2_PLACEMENT_3D('',#8549,#8550,#8551);
#8549 = CARTESIAN_POINT('',(-0.127,-7.8485,-2.843));
#8550 = DIRECTION('',(-4.308298163317E-16,0.970142500145,0.242535625036)
  );
#8551 = DIRECTION('',(-1.077074540829E-16,0.242535625036,-0.970142500145
    ));
#8552 = ADVANCED_FACE('',(#8553),#8589,.F.);
#8553 = FACE_BOUND('',#8554,.F.);
#8554 = EDGE_LOOP('',(#8555,#8556,#8557,#8558,#8566,#8574,#8582,#8588));
#8555 = ORIENTED_EDGE('',*,*,#6556,.F.);
#8556 = ORIENTED_EDGE('',*,*,#6744,.T.);
#8557 = ORIENTED_EDGE('',*,*,#6716,.F.);
#8558 = ORIENTED_EDGE('',*,*,#8559,.F.);
#8559 = EDGE_CURVE('',#8560,#6709,#8562,.T.);
#8560 = VERTEX_POINT('',#8561);
#8561 = CARTESIAN_POINT('',(0.127,-7.3915,0.));
#8562 = LINE('',#8563,#8564);
#8563 = CARTESIAN_POINT('',(0.127,-7.3915,0.));
#8564 = VECTOR('',#8565,1.);
#8565 = DIRECTION('',(-4.440892098501E-16,1.,0.));
#8566 = ORIENTED_EDGE('',*,*,#8567,.F.);
#8567 = EDGE_CURVE('',#8568,#8560,#8570,.T.);
#8568 = VERTEX_POINT('',#8569);
#8569 = CARTESIAN_POINT('',(0.127,-7.3915,-2.843));
#8570 = LINE('',#8571,#8572);
#8571 = CARTESIAN_POINT('',(0.127,-7.3915,-2.843));
#8572 = VECTOR('',#8573,1.);
#8573 = DIRECTION('',(0.,0.,1.));
#8574 = ORIENTED_EDGE('',*,*,#8575,.F.);
#8575 = EDGE_CURVE('',#8576,#8568,#8578,.T.);
#8576 = VERTEX_POINT('',#8577);
#8577 = CARTESIAN_POINT('',(0.127,-7.50575,-3.3));
#8578 = LINE('',#8579,#8580);
#8579 = CARTESIAN_POINT('',(0.127,-7.50575,-3.3));
#8580 = VECTOR('',#8581,1.);
#8581 = DIRECTION('',(-1.077074540829E-16,0.242535625036,0.970142500145)
  );
#8582 = ORIENTED_EDGE('',*,*,#8583,.F.);
#8583 = EDGE_CURVE('',#8534,#8576,#8584,.T.);
#8584 = LINE('',#8585,#8586);
#8585 = CARTESIAN_POINT('',(0.127,-7.73425,-3.3));
#8586 = VECTOR('',#8587,1.);
#8587 = DIRECTION('',(-4.440892098501E-16,1.,0.));
#8588 = ORIENTED_EDGE('',*,*,#8533,.F.);
#8589 = PLANE('',#8590);
#8590 = AXIS2_PLACEMENT_3D('',#8591,#8592,#8593);
#8591 = CARTESIAN_POINT('',(0.127,-7.8485,2.157));
#8592 = DIRECTION('',(-1.,-4.440892098501E-16,0.));
#8593 = DIRECTION('',(0.,0.,1.));
#8594 = ADVANCED_FACE('',(#8595),#8608,.T.);
#8595 = FACE_BOUND('',#8596,.T.);
#8596 = EDGE_LOOP('',(#8597,#8598,#8599,#8600,#8601,#8607));
#8597 = ORIENTED_EDGE('',*,*,#6578,.F.);
#8598 = ORIENTED_EDGE('',*,*,#8298,.F.);
#8599 = ORIENTED_EDGE('',*,*,#6914,.F.);
#8600 = ORIENTED_EDGE('',*,*,#6683,.F.);
#8601 = ORIENTED_EDGE('',*,*,#8602,.F.);
#8602 = EDGE_CURVE('',#6531,#6684,#8603,.T.);
#8603 = LINE('',#8604,#8605);
#8604 = CARTESIAN_POINT('',(0.254,-7.8485,2.157));
#8605 = VECTOR('',#8606,1.);
#8606 = DIRECTION('',(-4.440892098501E-16,1.,0.));
#8607 = ORIENTED_EDGE('',*,*,#6539,.F.);
#8608 = PLANE('',#8609);
#8609 = AXIS2_PLACEMENT_3D('',#8610,#8611,#8612);
#8610 = CARTESIAN_POINT('',(3.81,-7.8485,2.157));
#8611 = DIRECTION('',(0.,0.,1.));
#8612 = DIRECTION('',(-4.440892098501E-16,1.,0.));
#8613 = ADVANCED_FACE('',(#8614),#8620,.T.);
#8614 = FACE_BOUND('',#8615,.T.);
#8615 = EDGE_LOOP('',(#8616,#8617,#8618,#8619));
#8616 = ORIENTED_EDGE('',*,*,#6530,.T.);
#8617 = ORIENTED_EDGE('',*,*,#8602,.T.);
#8618 = ORIENTED_EDGE('',*,*,#6691,.F.);
#8619 = ORIENTED_EDGE('',*,*,#8479,.F.);
#8620 = CYLINDRICAL_SURFACE('',#8621,0.381);
#8621 = AXIS2_PLACEMENT_3D('',#8622,#8623,#8624);
#8622 = CARTESIAN_POINT('',(0.254,-7.8485,1.776));
#8623 = DIRECTION('',(-4.440892098501E-16,1.,0.));
#8624 = DIRECTION('',(-1.,-4.440892098501E-16,0.));
#8625 = ADVANCED_FACE('',(#8626),#8637,.T.);
#8626 = FACE_BOUND('',#8627,.T.);
#8627 = EDGE_LOOP('',(#8628,#8634,#8635,#8636));
#8628 = ORIENTED_EDGE('',*,*,#8629,.T.);
#8629 = EDGE_CURVE('',#8428,#8350,#8630,.T.);
#8630 = LINE('',#8631,#8632);
#8631 = CARTESIAN_POINT('',(-0.127,-0.2285,0.));
#8632 = VECTOR('',#8633,1.);
#8633 = DIRECTION('',(1.,4.440892098501E-16,0.));
#8634 = ORIENTED_EDGE('',*,*,#8349,.T.);
#8635 = ORIENTED_EDGE('',*,*,#6627,.F.);
#8636 = ORIENTED_EDGE('',*,*,#8427,.F.);
#8637 = PLANE('',#8638);
#8638 = AXIS2_PLACEMENT_3D('',#8639,#8640,#8641);
#8639 = CARTESIAN_POINT('',(-0.127,-0.2285,0.));
#8640 = DIRECTION('',(0.,0.,-1.));
#8641 = DIRECTION('',(4.440892098501E-16,-1.,0.));
#8642 = ADVANCED_FACE('',(#8643),#8654,.F.);
#8643 = FACE_BOUND('',#8644,.F.);
#8644 = EDGE_LOOP('',(#8645,#8651,#8652,#8653));
#8645 = ORIENTED_EDGE('',*,*,#8646,.T.);
#8646 = EDGE_CURVE('',#8487,#8560,#8647,.T.);
#8647 = LINE('',#8648,#8649);
#8648 = CARTESIAN_POINT('',(-0.127,-7.3915,0.));
#8649 = VECTOR('',#8650,1.);
#8650 = DIRECTION('',(1.,4.440892098501E-16,0.));
#8651 = ORIENTED_EDGE('',*,*,#8559,.T.);
#8652 = ORIENTED_EDGE('',*,*,#6708,.F.);
#8653 = ORIENTED_EDGE('',*,*,#8486,.F.);
#8654 = PLANE('',#8655);
#8655 = AXIS2_PLACEMENT_3D('',#8656,#8657,#8658);
#8656 = CARTESIAN_POINT('',(-0.127,-7.3915,0.));
#8657 = DIRECTION('',(0.,0.,1.));
#8658 = DIRECTION('',(-4.440892098501E-16,1.,0.));
#8659 = ADVANCED_FACE('',(#8660),#8673,.T.);
#8660 = FACE_BOUND('',#8661,.T.);
#8661 = EDGE_LOOP('',(#8662,#8663,#8664,#8665,#8666,#8672));
#8662 = ORIENTED_EDGE('',*,*,#7086,.F.);
#8663 = ORIENTED_EDGE('',*,*,#8284,.F.);
#8664 = ORIENTED_EDGE('',*,*,#6767,.F.);
#8665 = ORIENTED_EDGE('',*,*,#6800,.F.);
#8666 = ORIENTED_EDGE('',*,*,#8667,.F.);
#8667 = EDGE_CURVE('',#6937,#6790,#8668,.T.);
#8668 = LINE('',#8669,#8670);
#8669 = CARTESIAN_POINT('',(0.254,-3.302,2.157));
#8670 = VECTOR('',#8671,1.);
#8671 = DIRECTION('',(-4.440892098501E-16,1.,0.));
#8672 = ORIENTED_EDGE('',*,*,#6947,.F.);
#8673 = PLANE('',#8674);
#8674 = AXIS2_PLACEMENT_3D('',#8675,#8676,#8677);
#8675 = CARTESIAN_POINT('',(3.683,-3.302,2.157));
#8676 = DIRECTION('',(0.,0.,1.));
#8677 = DIRECTION('',(-4.440892098501E-16,1.,0.));
#8678 = ADVANCED_FACE('',(#8679),#8690,.T.);
#8679 = FACE_BOUND('',#8680,.T.);
#8680 = EDGE_LOOP('',(#8681,#8682,#8683,#8689));
#8681 = ORIENTED_EDGE('',*,*,#8667,.T.);
#8682 = ORIENTED_EDGE('',*,*,#6789,.T.);
#8683 = ORIENTED_EDGE('',*,*,#8684,.F.);
#8684 = EDGE_CURVE('',#6939,#6792,#8685,.T.);
#8685 = LINE('',#8686,#8687);
#8686 = CARTESIAN_POINT('',(-0.127,-3.302,1.776));
#8687 = VECTOR('',#8688,1.);
#8688 = DIRECTION('',(-4.440892098501E-16,1.,0.));
#8689 = ORIENTED_EDGE('',*,*,#6936,.F.);
#8690 = CYLINDRICAL_SURFACE('',#8691,0.381);
#8691 = AXIS2_PLACEMENT_3D('',#8692,#8693,#8694);
#8692 = CARTESIAN_POINT('',(0.254,-3.302,1.776));
#8693 = DIRECTION('',(-4.440892098501E-16,1.,0.));
#8694 = DIRECTION('',(0.,0.,1.));
#8695 = ADVANCED_FACE('',(#8696),#8755,.F.);
#8696 = FACE_BOUND('',#8697,.F.);
#8697 = EDGE_LOOP('',(#8698,#8699,#8700,#8701,#8709,#8717,#8725,#8733,
    #8741,#8749));
#8698 = ORIENTED_EDGE('',*,*,#6833,.F.);
#8699 = ORIENTED_EDGE('',*,*,#8684,.F.);
#8700 = ORIENTED_EDGE('',*,*,#6980,.F.);
#8701 = ORIENTED_EDGE('',*,*,#8702,.F.);
#8702 = EDGE_CURVE('',#8703,#6973,#8705,.T.);
#8703 = VERTEX_POINT('',#8704);
#8704 = CARTESIAN_POINT('',(-0.127,-2.7685,0.));
#8705 = LINE('',#8706,#8707);
#8706 = CARTESIAN_POINT('',(-0.127,-2.7685,0.));
#8707 = VECTOR('',#8708,1.);
#8708 = DIRECTION('',(4.440892098501E-16,-1.,0.));
#8709 = ORIENTED_EDGE('',*,*,#8710,.F.);
#8710 = EDGE_CURVE('',#8711,#8703,#8713,.T.);
#8711 = VERTEX_POINT('',#8712);
#8712 = CARTESIAN_POINT('',(-0.127,-2.7685,-2.843));
#8713 = LINE('',#8714,#8715);
#8714 = CARTESIAN_POINT('',(-0.127,-2.7685,-2.843));
#8715 = VECTOR('',#8716,1.);
#8716 = DIRECTION('',(0.,0.,1.));
#8717 = ORIENTED_EDGE('',*,*,#8718,.F.);
#8718 = EDGE_CURVE('',#8719,#8711,#8721,.T.);
#8719 = VERTEX_POINT('',#8720);
#8720 = CARTESIAN_POINT('',(-0.127,-2.65425,-3.3));
#8721 = LINE('',#8722,#8723);
#8722 = CARTESIAN_POINT('',(-0.127,-2.65425,-3.3));
#8723 = VECTOR('',#8724,1.);
#8724 = DIRECTION('',(1.077074540829E-16,-0.242535625036,0.970142500145)
  );
#8725 = ORIENTED_EDGE('',*,*,#8726,.F.);
#8726 = EDGE_CURVE('',#8727,#8719,#8729,.T.);
#8727 = VERTEX_POINT('',#8728);
#8728 = CARTESIAN_POINT('',(-0.127,-2.42575,-3.3));
#8729 = LINE('',#8730,#8731);
#8730 = CARTESIAN_POINT('',(-0.127,-2.42575,-3.3));
#8731 = VECTOR('',#8732,1.);
#8732 = DIRECTION('',(4.440892098501E-16,-1.,0.));
#8733 = ORIENTED_EDGE('',*,*,#8734,.F.);
#8734 = EDGE_CURVE('',#8735,#8727,#8737,.T.);
#8735 = VERTEX_POINT('',#8736);
#8736 = CARTESIAN_POINT('',(-0.127,-2.3115,-2.843));
#8737 = LINE('',#8738,#8739);
#8738 = CARTESIAN_POINT('',(-0.127,-2.3115,-2.843));
#8739 = VECTOR('',#8740,1.);
#8740 = DIRECTION('',(1.077074540829E-16,-0.242535625036,-0.970142500145
    ));
#8741 = ORIENTED_EDGE('',*,*,#8742,.F.);
#8742 = EDGE_CURVE('',#8743,#8735,#8745,.T.);
#8743 = VERTEX_POINT('',#8744);
#8744 = CARTESIAN_POINT('',(-0.127,-2.3115,0.));
#8745 = LINE('',#8746,#8747);
#8746 = CARTESIAN_POINT('',(-0.127,-2.3115,0.));
#8747 = VECTOR('',#8748,1.);
#8748 = DIRECTION('',(-0.,0.,-1.));
#8749 = ORIENTED_EDGE('',*,*,#8750,.F.);
#8750 = EDGE_CURVE('',#6826,#8743,#8751,.T.);
#8751 = LINE('',#8752,#8753);
#8752 = CARTESIAN_POINT('',(-0.127,-1.778,0.));
#8753 = VECTOR('',#8754,1.);
#8754 = DIRECTION('',(4.440892098501E-16,-1.,0.));
#8755 = PLANE('',#8756);
#8756 = AXIS2_PLACEMENT_3D('',#8757,#8758,#8759);
#8757 = CARTESIAN_POINT('',(-0.127,-1.778,2.157));
#8758 = DIRECTION('',(1.,4.440892098501E-16,0.));
#8759 = DIRECTION('',(0.,0.,-1.));
#8760 = ADVANCED_FACE('',(#8761),#8779,.T.);
#8761 = FACE_BOUND('',#8762,.T.);
#8762 = EDGE_LOOP('',(#8763,#8764,#8772,#8778));
#8763 = ORIENTED_EDGE('',*,*,#6825,.T.);
#8764 = ORIENTED_EDGE('',*,*,#8765,.T.);
#8765 = EDGE_CURVE('',#6818,#8766,#8768,.T.);
#8766 = VERTEX_POINT('',#8767);
#8767 = CARTESIAN_POINT('',(0.127,-2.3115,0.));
#8768 = LINE('',#8769,#8770);
#8769 = CARTESIAN_POINT('',(0.127,-1.778,0.));
#8770 = VECTOR('',#8771,1.);
#8771 = DIRECTION('',(4.440892098501E-16,-1.,0.));
#8772 = ORIENTED_EDGE('',*,*,#8773,.F.);
#8773 = EDGE_CURVE('',#8743,#8766,#8774,.T.);
#8774 = LINE('',#8775,#8776);
#8775 = CARTESIAN_POINT('',(-0.127,-2.3115,0.));
#8776 = VECTOR('',#8777,1.);
#8777 = DIRECTION('',(1.,4.440892098501E-16,0.));
#8778 = ORIENTED_EDGE('',*,*,#8750,.F.);
#8779 = PLANE('',#8780);
#8780 = AXIS2_PLACEMENT_3D('',#8781,#8782,#8783);
#8781 = CARTESIAN_POINT('',(-0.127,-1.778,0.));
#8782 = DIRECTION('',(0.,0.,-1.));
#8783 = DIRECTION('',(4.440892098501E-16,-1.,0.));
#8784 = ADVANCED_FACE('',(#8785),#8837,.T.);
#8785 = FACE_BOUND('',#8786,.T.);
#8786 = EDGE_LOOP('',(#8787,#8788,#8789,#8790,#8798,#8806,#8814,#8822,
    #8830,#8836));
#8787 = ORIENTED_EDGE('',*,*,#6817,.F.);
#8788 = ORIENTED_EDGE('',*,*,#6994,.T.);
#8789 = ORIENTED_EDGE('',*,*,#6964,.F.);
#8790 = ORIENTED_EDGE('',*,*,#8791,.F.);
#8791 = EDGE_CURVE('',#8792,#6965,#8794,.T.);
#8792 = VERTEX_POINT('',#8793);
#8793 = CARTESIAN_POINT('',(0.127,-2.7685,0.));
#8794 = LINE('',#8795,#8796);
#8795 = CARTESIAN_POINT('',(0.127,-2.7685,0.));
#8796 = VECTOR('',#8797,1.);
#8797 = DIRECTION('',(4.440892098501E-16,-1.,0.));
#8798 = ORIENTED_EDGE('',*,*,#8799,.F.);
#8799 = EDGE_CURVE('',#8800,#8792,#8802,.T.);
#8800 = VERTEX_POINT('',#8801);
#8801 = CARTESIAN_POINT('',(0.127,-2.7685,-2.843));
#8802 = LINE('',#8803,#8804);
#8803 = CARTESIAN_POINT('',(0.127,-2.7685,-2.843));
#8804 = VECTOR('',#8805,1.);
#8805 = DIRECTION('',(0.,0.,1.));
#8806 = ORIENTED_EDGE('',*,*,#8807,.F.);
#8807 = EDGE_CURVE('',#8808,#8800,#8810,.T.);
#8808 = VERTEX_POINT('',#8809);
#8809 = CARTESIAN_POINT('',(0.127,-2.65425,-3.3));
#8810 = LINE('',#8811,#8812);
#8811 = CARTESIAN_POINT('',(0.127,-2.65425,-3.3));
#8812 = VECTOR('',#8813,1.);
#8813 = DIRECTION('',(1.077074540829E-16,-0.242535625036,0.970142500145)
  );
#8814 = ORIENTED_EDGE('',*,*,#8815,.F.);
#8815 = EDGE_CURVE('',#8816,#8808,#8818,.T.);
#8816 = VERTEX_POINT('',#8817);
#8817 = CARTESIAN_POINT('',(0.127,-2.42575,-3.3));
#8818 = LINE('',#8819,#8820);
#8819 = CARTESIAN_POINT('',(0.127,-2.42575,-3.3));
#8820 = VECTOR('',#8821,1.);
#8821 = DIRECTION('',(4.440892098501E-16,-1.,0.));
#8822 = ORIENTED_EDGE('',*,*,#8823,.F.);
#8823 = EDGE_CURVE('',#8824,#8816,#8826,.T.);
#8824 = VERTEX_POINT('',#8825);
#8825 = CARTESIAN_POINT('',(0.127,-2.3115,-2.843));
#8826 = LINE('',#8827,#8828);
#8827 = CARTESIAN_POINT('',(0.127,-2.3115,-2.843));
#8828 = VECTOR('',#8829,1.);
#8829 = DIRECTION('',(1.077074540829E-16,-0.242535625036,-0.970142500145
    ));
#8830 = ORIENTED_EDGE('',*,*,#8831,.F.);
#8831 = EDGE_CURVE('',#8766,#8824,#8832,.T.);
#8832 = LINE('',#8833,#8834);
#8833 = CARTESIAN_POINT('',(0.127,-2.3115,0.));
#8834 = VECTOR('',#8835,1.);
#8835 = DIRECTION('',(-0.,0.,-1.));
#8836 = ORIENTED_EDGE('',*,*,#8765,.F.);
#8837 = PLANE('',#8838);
#8838 = AXIS2_PLACEMENT_3D('',#8839,#8840,#8841);
#8839 = CARTESIAN_POINT('',(0.127,-1.778,2.157));
#8840 = DIRECTION('',(1.,4.440892098501E-16,0.));
#8841 = DIRECTION('',(0.,0.,-1.));
#8842 = ADVANCED_FACE('',(#8843),#8859,.T.);
#8843 = FACE_BOUND('',#8844,.T.);
#8844 = EDGE_LOOP('',(#8845,#8851,#8852,#8858));
#8845 = ORIENTED_EDGE('',*,*,#8846,.T.);
#8846 = EDGE_CURVE('',#6848,#7012,#8847,.T.);
#8847 = LINE('',#8848,#8849);
#8848 = CARTESIAN_POINT('',(0.254,-5.842,2.157));
#8849 = VECTOR('',#8850,1.);
#8850 = DIRECTION('',(-4.440892098501E-16,1.,0.));
#8851 = ORIENTED_EDGE('',*,*,#7011,.T.);
#8852 = ORIENTED_EDGE('',*,*,#8853,.F.);
#8853 = EDGE_CURVE('',#6850,#7014,#8854,.T.);
#8854 = LINE('',#8855,#8856);
#8855 = CARTESIAN_POINT('',(-0.127,-5.842,1.776));
#8856 = VECTOR('',#8857,1.);
#8857 = DIRECTION('',(-4.440892098501E-16,1.,0.));
#8858 = ORIENTED_EDGE('',*,*,#6847,.F.);
#8859 = CYLINDRICAL_SURFACE('',#8860,0.381);
#8860 = AXIS2_PLACEMENT_3D('',#8861,#8862,#8863);
#8861 = CARTESIAN_POINT('',(0.254,-5.842,1.776));
#8862 = DIRECTION('',(-4.440892098501E-16,1.,0.));
#8863 = DIRECTION('',(0.,0.,1.));
#8864 = ADVANCED_FACE('',(#8865),#8924,.F.);
#8865 = FACE_BOUND('',#8866,.F.);
#8866 = EDGE_LOOP('',(#8867,#8868,#8869,#8870,#8878,#8886,#8894,#8902,
    #8910,#8918));
#8867 = ORIENTED_EDGE('',*,*,#7055,.F.);
#8868 = ORIENTED_EDGE('',*,*,#8853,.F.);
#8869 = ORIENTED_EDGE('',*,*,#6891,.F.);
#8870 = ORIENTED_EDGE('',*,*,#8871,.F.);
#8871 = EDGE_CURVE('',#8872,#6884,#8874,.T.);
#8872 = VERTEX_POINT('',#8873);
#8873 = CARTESIAN_POINT('',(-0.127,-5.3085,0.));
#8874 = LINE('',#8875,#8876);
#8875 = CARTESIAN_POINT('',(-0.127,-5.3085,0.));
#8876 = VECTOR('',#8877,1.);
#8877 = DIRECTION('',(4.440892098501E-16,-1.,0.));
#8878 = ORIENTED_EDGE('',*,*,#8879,.F.);
#8879 = EDGE_CURVE('',#8880,#8872,#8882,.T.);
#8880 = VERTEX_POINT('',#8881);
#8881 = CARTESIAN_POINT('',(-0.127,-5.3085,-2.843));
#8882 = LINE('',#8883,#8884);
#8883 = CARTESIAN_POINT('',(-0.127,-5.3085,-2.843));
#8884 = VECTOR('',#8885,1.);
#8885 = DIRECTION('',(0.,0.,1.));
#8886 = ORIENTED_EDGE('',*,*,#8887,.F.);
#8887 = EDGE_CURVE('',#8888,#8880,#8890,.T.);
#8888 = VERTEX_POINT('',#8889);
#8889 = CARTESIAN_POINT('',(-0.127,-5.19425,-3.3));
#8890 = LINE('',#8891,#8892);
#8891 = CARTESIAN_POINT('',(-0.127,-5.19425,-3.3));
#8892 = VECTOR('',#8893,1.);
#8893 = DIRECTION('',(1.077074540829E-16,-0.242535625036,0.970142500145)
  );
#8894 = ORIENTED_EDGE('',*,*,#8895,.F.);
#8895 = EDGE_CURVE('',#8896,#8888,#8898,.T.);
#8896 = VERTEX_POINT('',#8897);
#8897 = CARTESIAN_POINT('',(-0.127,-4.96575,-3.3));
#8898 = LINE('',#8899,#8900);
#8899 = CARTESIAN_POINT('',(-0.127,-4.96575,-3.3));
#8900 = VECTOR('',#8901,1.);
#8901 = DIRECTION('',(4.440892098501E-16,-1.,0.));
#8902 = ORIENTED_EDGE('',*,*,#8903,.F.);
#8903 = EDGE_CURVE('',#8904,#8896,#8906,.T.);
#8904 = VERTEX_POINT('',#8905);
#8905 = CARTESIAN_POINT('',(-0.127,-4.8515,-2.843));
#8906 = LINE('',#8907,#8908);
#8907 = CARTESIAN_POINT('',(-0.127,-4.8515,-2.843));
#8908 = VECTOR('',#8909,1.);
#8909 = DIRECTION('',(1.077074540829E-16,-0.242535625036,-0.970142500145
    ));
#8910 = ORIENTED_EDGE('',*,*,#8911,.F.);
#8911 = EDGE_CURVE('',#8912,#8904,#8914,.T.);
#8912 = VERTEX_POINT('',#8913);
#8913 = CARTESIAN_POINT('',(-0.127,-4.8515,0.));
#8914 = LINE('',#8915,#8916);
#8915 = CARTESIAN_POINT('',(-0.127,-4.8515,0.));
#8916 = VECTOR('',#8917,1.);
#8917 = DIRECTION('',(-0.,0.,-1.));
#8918 = ORIENTED_EDGE('',*,*,#8919,.F.);
#8919 = EDGE_CURVE('',#7048,#8912,#8920,.T.);
#8920 = LINE('',#8921,#8922);
#8921 = CARTESIAN_POINT('',(-0.127,-4.318,0.));
#8922 = VECTOR('',#8923,1.);
#8923 = DIRECTION('',(4.440892098501E-16,-1.,0.));
#8924 = PLANE('',#8925);
#8925 = AXIS2_PLACEMENT_3D('',#8926,#8927,#8928);
#8926 = CARTESIAN_POINT('',(-0.127,-4.318,2.157));
#8927 = DIRECTION('',(1.,4.440892098501E-16,0.));
#8928 = DIRECTION('',(0.,0.,-1.));
#8929 = ADVANCED_FACE('',(#8930),#8948,.T.);
#8930 = FACE_BOUND('',#8931,.T.);
#8931 = EDGE_LOOP('',(#8932,#8940,#8946,#8947));
#8932 = ORIENTED_EDGE('',*,*,#8933,.T.);
#8933 = EDGE_CURVE('',#8872,#8934,#8936,.T.);
#8934 = VERTEX_POINT('',#8935);
#8935 = CARTESIAN_POINT('',(0.127,-5.3085,0.));
#8936 = LINE('',#8937,#8938);
#8937 = CARTESIAN_POINT('',(-0.127,-5.3085,0.));
#8938 = VECTOR('',#8939,1.);
#8939 = DIRECTION('',(1.,4.440892098501E-16,0.));
#8940 = ORIENTED_EDGE('',*,*,#8941,.T.);
#8941 = EDGE_CURVE('',#8934,#6876,#8942,.T.);
#8942 = LINE('',#8943,#8944);
#8943 = CARTESIAN_POINT('',(0.127,-5.3085,0.));
#8944 = VECTOR('',#8945,1.);
#8945 = DIRECTION('',(4.440892098501E-16,-1.,0.));
#8946 = ORIENTED_EDGE('',*,*,#6883,.F.);
#8947 = ORIENTED_EDGE('',*,*,#8871,.F.);
#8948 = PLANE('',#8949);
#8949 = AXIS2_PLACEMENT_3D('',#8950,#8951,#8952);
#8950 = CARTESIAN_POINT('',(-0.127,-5.3085,0.));
#8951 = DIRECTION('',(0.,0.,-1.));
#8952 = DIRECTION('',(4.440892098501E-16,-1.,0.));
#8953 = ADVANCED_FACE('',(#8954),#9006,.T.);
#8954 = FACE_BOUND('',#8955,.T.);
#8955 = EDGE_LOOP('',(#8956,#8957,#8958,#8959,#8960,#8968,#8976,#8984,
    #8992,#9000));
#8956 = ORIENTED_EDGE('',*,*,#7039,.F.);
#8957 = ORIENTED_EDGE('',*,*,#7069,.T.);
#8958 = ORIENTED_EDGE('',*,*,#6875,.F.);
#8959 = ORIENTED_EDGE('',*,*,#8941,.F.);
#8960 = ORIENTED_EDGE('',*,*,#8961,.F.);
#8961 = EDGE_CURVE('',#8962,#8934,#8964,.T.);
#8962 = VERTEX_POINT('',#8963);
#8963 = CARTESIAN_POINT('',(0.127,-5.3085,-2.843));
#8964 = LINE('',#8965,#8966);
#8965 = CARTESIAN_POINT('',(0.127,-5.3085,-2.843));
#8966 = VECTOR('',#8967,1.);
#8967 = DIRECTION('',(0.,0.,1.));
#8968 = ORIENTED_EDGE('',*,*,#8969,.F.);
#8969 = EDGE_CURVE('',#8970,#8962,#8972,.T.);
#8970 = VERTEX_POINT('',#8971);
#8971 = CARTESIAN_POINT('',(0.127,-5.19425,-3.3));
#8972 = LINE('',#8973,#8974);
#8973 = CARTESIAN_POINT('',(0.127,-5.19425,-3.3));
#8974 = VECTOR('',#8975,1.);
#8975 = DIRECTION('',(1.077074540829E-16,-0.242535625036,0.970142500145)
  );
#8976 = ORIENTED_EDGE('',*,*,#8977,.F.);
#8977 = EDGE_CURVE('',#8978,#8970,#8980,.T.);
#8978 = VERTEX_POINT('',#8979);
#8979 = CARTESIAN_POINT('',(0.127,-4.96575,-3.3));
#8980 = LINE('',#8981,#8982);
#8981 = CARTESIAN_POINT('',(0.127,-4.96575,-3.3));
#8982 = VECTOR('',#8983,1.);
#8983 = DIRECTION('',(4.440892098501E-16,-1.,0.));
#8984 = ORIENTED_EDGE('',*,*,#8985,.F.);
#8985 = EDGE_CURVE('',#8986,#8978,#8988,.T.);
#8986 = VERTEX_POINT('',#8987);
#8987 = CARTESIAN_POINT('',(0.127,-4.8515,-2.843));
#8988 = LINE('',#8989,#8990);
#8989 = CARTESIAN_POINT('',(0.127,-4.8515,-2.843));
#8990 = VECTOR('',#8991,1.);
#8991 = DIRECTION('',(1.077074540829E-16,-0.242535625036,-0.970142500145
    ));
#8992 = ORIENTED_EDGE('',*,*,#8993,.F.);
#8993 = EDGE_CURVE('',#8994,#8986,#8996,.T.);
#8994 = VERTEX_POINT('',#8995);
#8995 = CARTESIAN_POINT('',(0.127,-4.8515,0.));
#8996 = LINE('',#8997,#8998);
#8997 = CARTESIAN_POINT('',(0.127,-4.8515,0.));
#8998 = VECTOR('',#8999,1.);
#8999 = DIRECTION('',(-0.,0.,-1.));
#9000 = ORIENTED_EDGE('',*,*,#9001,.F.);
#9001 = EDGE_CURVE('',#7040,#8994,#9002,.T.);
#9002 = LINE('',#9003,#9004);
#9003 = CARTESIAN_POINT('',(0.127,-4.318,0.));
#9004 = VECTOR('',#9005,1.);
#9005 = DIRECTION('',(4.440892098501E-16,-1.,0.));
#9006 = PLANE('',#9007);
#9007 = AXIS2_PLACEMENT_3D('',#9008,#9009,#9010);
#9008 = CARTESIAN_POINT('',(0.127,-4.318,2.157));
#9009 = DIRECTION('',(1.,4.440892098501E-16,0.));
#9010 = DIRECTION('',(0.,0.,-1.));
#9011 = ADVANCED_FACE('',(#9012),#9020,.T.);
#9012 = FACE_BOUND('',#9013,.T.);
#9013 = EDGE_LOOP('',(#9014,#9015,#9016,#9017,#9018,#9019));
#9014 = ORIENTED_EDGE('',*,*,#6905,.F.);
#9015 = ORIENTED_EDGE('',*,*,#8291,.F.);
#9016 = ORIENTED_EDGE('',*,*,#7095,.F.);
#9017 = ORIENTED_EDGE('',*,*,#7022,.F.);
#9018 = ORIENTED_EDGE('',*,*,#8846,.F.);
#9019 = ORIENTED_EDGE('',*,*,#6858,.F.);
#9020 = PLANE('',#9021);
#9021 = AXIS2_PLACEMENT_3D('',#9022,#9023,#9024);
#9022 = CARTESIAN_POINT('',(3.683,-5.842,2.157));
#9023 = DIRECTION('',(0.,0.,1.));
#9024 = DIRECTION('',(-4.440892098501E-16,1.,0.));
#9025 = ADVANCED_FACE('',(#9026),#9037,.T.);
#9026 = FACE_BOUND('',#9027,.T.);
#9027 = EDGE_LOOP('',(#9028,#9034,#9035,#9036));
#9028 = ORIENTED_EDGE('',*,*,#9029,.T.);
#9029 = EDGE_CURVE('',#8703,#8792,#9030,.T.);
#9030 = LINE('',#9031,#9032);
#9031 = CARTESIAN_POINT('',(-0.127,-2.7685,0.));
#9032 = VECTOR('',#9033,1.);
#9033 = DIRECTION('',(1.,4.440892098501E-16,0.));
#9034 = ORIENTED_EDGE('',*,*,#8791,.T.);
#9035 = ORIENTED_EDGE('',*,*,#6972,.F.);
#9036 = ORIENTED_EDGE('',*,*,#8702,.F.);
#9037 = PLANE('',#9038);
#9038 = AXIS2_PLACEMENT_3D('',#9039,#9040,#9041);
#9039 = CARTESIAN_POINT('',(-0.127,-2.7685,0.));
#9040 = DIRECTION('',(0.,0.,-1.));
#9041 = DIRECTION('',(4.440892098501E-16,-1.,0.));
#9042 = ADVANCED_FACE('',(#9043),#9054,.T.);
#9043 = FACE_BOUND('',#9044,.T.);
#9044 = EDGE_LOOP('',(#9045,#9046,#9047,#9053));
#9045 = ORIENTED_EDGE('',*,*,#7047,.T.);
#9046 = ORIENTED_EDGE('',*,*,#9001,.T.);
#9047 = ORIENTED_EDGE('',*,*,#9048,.F.);
#9048 = EDGE_CURVE('',#8912,#8994,#9049,.T.);
#9049 = LINE('',#9050,#9051);
#9050 = CARTESIAN_POINT('',(-0.127,-4.8515,0.));
#9051 = VECTOR('',#9052,1.);
#9052 = DIRECTION('',(1.,4.440892098501E-16,0.));
#9053 = ORIENTED_EDGE('',*,*,#8919,.F.);
#9054 = PLANE('',#9055);
#9055 = AXIS2_PLACEMENT_3D('',#9056,#9057,#9058);
#9056 = CARTESIAN_POINT('',(-0.127,-4.318,0.));
#9057 = DIRECTION('',(0.,0.,-1.));
#9058 = DIRECTION('',(4.440892098501E-16,-1.,0.));
#9059 = ADVANCED_FACE('',(#9060),#9071,.T.);
#9060 = FACE_BOUND('',#9061,.T.);
#9061 = EDGE_LOOP('',(#9062,#9063,#9064,#9070));
#9062 = ORIENTED_EDGE('',*,*,#7119,.T.);
#9063 = ORIENTED_EDGE('',*,*,#7178,.T.);
#9064 = ORIENTED_EDGE('',*,*,#9065,.F.);
#9065 = EDGE_CURVE('',#8306,#7171,#9066,.T.);
#9066 = LINE('',#9067,#9068);
#9067 = CARTESIAN_POINT('',(1.033723643423,-8.046276356577,3.68));
#9068 = VECTOR('',#9069,1.);
#9069 = DIRECTION('',(1.,4.440892098501E-16,0.));
#9070 = ORIENTED_EDGE('',*,*,#8305,.F.);
#9071 = B_SPLINE_SURFACE_WITH_KNOTS('',1,1,(
    (#9072,#9073)
    ,(#9074,#9075
    )),.UNSPECIFIED.,.F.,.F.,.F.,(2,2),(2,2),(0.,6.2),(0.,1.),
  .PIECEWISE_BEZIER_KNOTS.);
#9072 = CARTESIAN_POINT('',(0.71,-8.37,2.157));
#9073 = CARTESIAN_POINT('',(1.033723643423,-8.046276356577,3.68));
#9074 = CARTESIAN_POINT('',(6.91,-8.37,2.157));
#9075 = CARTESIAN_POINT('',(6.586276356577,-8.046276356577,3.68));
#9076 = ADVANCED_FACE('',(#9077),#9100,.F.);
#9077 = FACE_BOUND('',#9078,.F.);
#9078 = EDGE_LOOP('',(#9079,#9080,#9081,#9082,#9083,#9092,#9099));
#9079 = ORIENTED_EDGE('',*,*,#7170,.F.);
#9080 = ORIENTED_EDGE('',*,*,#9065,.F.);
#9081 = ORIENTED_EDGE('',*,*,#8312,.F.);
#9082 = ORIENTED_EDGE('',*,*,#7936,.F.);
#9083 = ORIENTED_EDGE('',*,*,#9084,.F.);
#9084 = EDGE_CURVE('',#9085,#7937,#9087,.T.);
#9085 = VERTEX_POINT('',#9086);
#9086 = CARTESIAN_POINT('',(3.81,-0.248723643423,3.68));
#9087 = CIRCLE('',#9088,0.75);
#9088 = AXIS2_PLACEMENT_3D('',#9089,#9090,#9091);
#9089 = CARTESIAN_POINT('',(3.81,0.501276356577,3.68));
#9090 = DIRECTION('',(0.,-0.,-1.));
#9091 = DIRECTION('',(4.440892098501E-16,-1.,0.));
#9092 = ORIENTED_EDGE('',*,*,#9093,.F.);
#9093 = EDGE_CURVE('',#8157,#9085,#9094,.T.);
#9094 = CIRCLE('',#9095,0.75);
#9095 = AXIS2_PLACEMENT_3D('',#9096,#9097,#9098);
#9096 = CARTESIAN_POINT('',(3.81,0.501276356577,3.68));
#9097 = DIRECTION('',(0.,-0.,-1.));
#9098 = DIRECTION('',(4.440892098501E-16,-1.,0.));
#9099 = ORIENTED_EDGE('',*,*,#8262,.F.);
#9100 = PLANE('',#9101);
#9101 = AXIS2_PLACEMENT_3D('',#9102,#9103,#9104);
#9102 = CARTESIAN_POINT('',(6.586276356577,-8.046276356577,3.68));
#9103 = DIRECTION('',(-0.,0.,-1.));
#9104 = DIRECTION('',(-0.548134684942,0.836390080742,0.));
#9105 = ADVANCED_FACE('',(#9106),#9117,.T.);
#9106 = FACE_BOUND('',#9107,.T.);
#9107 = EDGE_LOOP('',(#9108,#9109,#9110,#9116));
#9108 = ORIENTED_EDGE('',*,*,#7261,.T.);
#9109 = ORIENTED_EDGE('',*,*,#7237,.T.);
#9110 = ORIENTED_EDGE('',*,*,#9111,.F.);
#9111 = EDGE_CURVE('',#7308,#7230,#9112,.T.);
#9112 = LINE('',#9113,#9114);
#9113 = CARTESIAN_POINT('',(7.747,-7.50575,-3.3));
#9114 = VECTOR('',#9115,1.);
#9115 = DIRECTION('',(-1.,-3.216245299353E-16,0.));
#9116 = ORIENTED_EDGE('',*,*,#7315,.F.);
#9117 = PLANE('',#9118);
#9118 = AXIS2_PLACEMENT_3D('',#9119,#9120,#9121);
#9119 = CARTESIAN_POINT('',(7.747,-7.73425,-3.3));
#9120 = DIRECTION('',(-0.,0.,-1.));
#9121 = DIRECTION('',(-3.216245299353E-16,1.,0.));
#9122 = ADVANCED_FACE('',(#9123),#9134,.T.);
#9123 = FACE_BOUND('',#9124,.T.);
#9124 = EDGE_LOOP('',(#9125,#9126,#9127,#9133));
#9125 = ORIENTED_EDGE('',*,*,#9111,.T.);
#9126 = ORIENTED_EDGE('',*,*,#7229,.T.);
#9127 = ORIENTED_EDGE('',*,*,#9128,.F.);
#9128 = EDGE_CURVE('',#7300,#7222,#9129,.T.);
#9129 = LINE('',#9130,#9131);
#9130 = CARTESIAN_POINT('',(7.747,-7.3915,-2.843));
#9131 = VECTOR('',#9132,1.);
#9132 = DIRECTION('',(-1.,-3.216245299353E-16,0.));
#9133 = ORIENTED_EDGE('',*,*,#7307,.F.);
#9134 = PLANE('',#9135);
#9135 = AXIS2_PLACEMENT_3D('',#9136,#9137,#9138);
#9136 = CARTESIAN_POINT('',(7.747,-7.50575,-3.3));
#9137 = DIRECTION('',(-3.120216255796E-16,0.970142500145,-0.242535625036
    ));
#9138 = DIRECTION('',(-7.800540639491E-17,0.242535625036,0.970142500145)
  );
#9139 = ADVANCED_FACE('',(#9140),#9146,.T.);
#9140 = FACE_BOUND('',#9141,.T.);
#9141 = EDGE_LOOP('',(#9142,#9143,#9144,#9145));
#9142 = ORIENTED_EDGE('',*,*,#9128,.T.);
#9143 = ORIENTED_EDGE('',*,*,#7221,.T.);
#9144 = ORIENTED_EDGE('',*,*,#7493,.F.);
#9145 = ORIENTED_EDGE('',*,*,#7299,.F.);
#9146 = PLANE('',#9147);
#9147 = AXIS2_PLACEMENT_3D('',#9148,#9149,#9150);
#9148 = CARTESIAN_POINT('',(7.747,-7.3915,-2.843));
#9149 = DIRECTION('',(-3.216245299353E-16,1.,0.));
#9150 = DIRECTION('',(0.,0.,1.));
#9151 = ADVANCED_FACE('',(#9152),#9163,.F.);
#9152 = FACE_BOUND('',#9153,.F.);
#9153 = EDGE_LOOP('',(#9154,#9155,#9156,#9162));
#9154 = ORIENTED_EDGE('',*,*,#7436,.T.);
#9155 = ORIENTED_EDGE('',*,*,#7478,.T.);
#9156 = ORIENTED_EDGE('',*,*,#9157,.F.);
#9157 = EDGE_CURVE('',#7398,#7471,#9158,.T.);
#9158 = LINE('',#9159,#9160);
#9159 = CARTESIAN_POINT('',(7.747,-0.11425,-3.3));
#9160 = VECTOR('',#9161,1.);
#9161 = DIRECTION('',(-1.,-3.216245299353E-16,0.));
#9162 = ORIENTED_EDGE('',*,*,#7405,.F.);
#9163 = PLANE('',#9164);
#9164 = AXIS2_PLACEMENT_3D('',#9165,#9166,#9167);
#9165 = CARTESIAN_POINT('',(7.747,0.11425,-3.3));
#9166 = DIRECTION('',(0.,0.,1.));
#9167 = DIRECTION('',(3.216245299353E-16,-1.,0.));
#9168 = ADVANCED_FACE('',(#9169),#9180,.F.);
#9169 = FACE_BOUND('',#9170,.F.);
#9170 = EDGE_LOOP('',(#9171,#9172,#9173,#9179));
#9171 = ORIENTED_EDGE('',*,*,#9157,.T.);
#9172 = ORIENTED_EDGE('',*,*,#7470,.T.);
#9173 = ORIENTED_EDGE('',*,*,#9174,.F.);
#9174 = EDGE_CURVE('',#7390,#7463,#9175,.T.);
#9175 = LINE('',#9176,#9177);
#9176 = CARTESIAN_POINT('',(7.747,-0.2285,-2.843));
#9177 = VECTOR('',#9178,1.);
#9178 = DIRECTION('',(-1.,-3.216245299353E-16,0.));
#9179 = ORIENTED_EDGE('',*,*,#7397,.F.);
#9180 = PLANE('',#9181);
#9181 = AXIS2_PLACEMENT_3D('',#9182,#9183,#9184);
#9182 = CARTESIAN_POINT('',(7.747,-0.11425,-3.3));
#9183 = DIRECTION('',(-3.120216255796E-16,0.970142500145,0.242535625036)
  );
#9184 = DIRECTION('',(7.800540639491E-17,-0.242535625036,0.970142500145)
  );
#9185 = ADVANCED_FACE('',(#9186),#9192,.F.);
#9186 = FACE_BOUND('',#9187,.F.);
#9187 = EDGE_LOOP('',(#9188,#9189,#9190,#9191));
#9188 = ORIENTED_EDGE('',*,*,#9174,.T.);
#9189 = ORIENTED_EDGE('',*,*,#7462,.T.);
#9190 = ORIENTED_EDGE('',*,*,#7510,.F.);
#9191 = ORIENTED_EDGE('',*,*,#7389,.F.);
#9192 = PLANE('',#9193);
#9193 = AXIS2_PLACEMENT_3D('',#9194,#9195,#9196);
#9194 = CARTESIAN_POINT('',(7.747,-0.2285,-2.843));
#9195 = DIRECTION('',(-3.216245299353E-16,1.,0.));
#9196 = DIRECTION('',(0.,0.,1.));
#9197 = ADVANCED_FACE('',(#9198),#9209,.T.);
#9198 = FACE_BOUND('',#9199,.T.);
#9199 = EDGE_LOOP('',(#9200,#9201,#9202,#9208));
#9200 = ORIENTED_EDGE('',*,*,#7613,.T.);
#9201 = ORIENTED_EDGE('',*,*,#7589,.T.);
#9202 = ORIENTED_EDGE('',*,*,#9203,.F.);
#9203 = EDGE_CURVE('',#7676,#7582,#9204,.T.);
#9204 = LINE('',#9205,#9206);
#9205 = CARTESIAN_POINT('',(7.747,-5.3085,-2.843));
#9206 = VECTOR('',#9207,1.);
#9207 = DIRECTION('',(-1.,-3.216245299353E-16,0.));
#9208 = ORIENTED_EDGE('',*,*,#7683,.F.);
#9209 = PLANE('',#9210);
#9210 = AXIS2_PLACEMENT_3D('',#9211,#9212,#9213);
#9211 = CARTESIAN_POINT('',(7.747,-5.3085,0.));
#9212 = DIRECTION('',(3.216245299353E-16,-1.,0.));
#9213 = DIRECTION('',(0.,0.,-1.));
#9214 = ADVANCED_FACE('',(#9215),#9226,.T.);
#9215 = FACE_BOUND('',#9216,.T.);
#9216 = EDGE_LOOP('',(#9217,#9218,#9219,#9225));
#9217 = ORIENTED_EDGE('',*,*,#9203,.T.);
#9218 = ORIENTED_EDGE('',*,*,#7581,.T.);
#9219 = ORIENTED_EDGE('',*,*,#9220,.F.);
#9220 = EDGE_CURVE('',#7668,#7574,#9221,.T.);
#9221 = LINE('',#9222,#9223);
#9222 = CARTESIAN_POINT('',(7.747,-5.19425,-3.3));
#9223 = VECTOR('',#9224,1.);
#9224 = DIRECTION('',(-1.,-3.216245299353E-16,0.));
#9225 = ORIENTED_EDGE('',*,*,#7675,.F.);
#9226 = PLANE('',#9227);
#9227 = AXIS2_PLACEMENT_3D('',#9228,#9229,#9230);
#9228 = CARTESIAN_POINT('',(7.747,-5.3085,-2.843));
#9229 = DIRECTION('',(3.120216255796E-16,-0.970142500145,-0.242535625036
    ));
#9230 = DIRECTION('',(-7.800540639491E-17,0.242535625036,-0.970142500145
    ));
#9231 = ADVANCED_FACE('',(#9232),#9243,.T.);
#9232 = FACE_BOUND('',#9233,.T.);
#9233 = EDGE_LOOP('',(#9234,#9240,#9241,#9242));
#9234 = ORIENTED_EDGE('',*,*,#9235,.T.);
#9235 = EDGE_CURVE('',#7652,#7558,#9236,.T.);
#9236 = LINE('',#9237,#9238);
#9237 = CARTESIAN_POINT('',(7.747,-4.8515,-2.843));
#9238 = VECTOR('',#9239,1.);
#9239 = DIRECTION('',(-1.,-3.216245299353E-16,0.));
#9240 = ORIENTED_EDGE('',*,*,#7557,.T.);
#9241 = ORIENTED_EDGE('',*,*,#7893,.F.);
#9242 = ORIENTED_EDGE('',*,*,#7651,.F.);
#9243 = PLANE('',#9244);
#9244 = AXIS2_PLACEMENT_3D('',#9245,#9246,#9247);
#9245 = CARTESIAN_POINT('',(7.747,-4.8515,-2.843));
#9246 = DIRECTION('',(-3.216245299353E-16,1.,0.));
#9247 = DIRECTION('',(0.,0.,1.));
#9248 = ADVANCED_FACE('',(#9249),#9260,.T.);
#9249 = FACE_BOUND('',#9250,.T.);
#9250 = EDGE_LOOP('',(#9251,#9252,#9253,#9259));
#9251 = ORIENTED_EDGE('',*,*,#9220,.T.);
#9252 = ORIENTED_EDGE('',*,*,#7573,.T.);
#9253 = ORIENTED_EDGE('',*,*,#9254,.F.);
#9254 = EDGE_CURVE('',#7660,#7566,#9255,.T.);
#9255 = LINE('',#9256,#9257);
#9256 = CARTESIAN_POINT('',(7.747,-4.96575,-3.3));
#9257 = VECTOR('',#9258,1.);
#9258 = DIRECTION('',(-1.,-3.216245299353E-16,0.));
#9259 = ORIENTED_EDGE('',*,*,#7667,.F.);
#9260 = PLANE('',#9261);
#9261 = AXIS2_PLACEMENT_3D('',#9262,#9263,#9264);
#9262 = CARTESIAN_POINT('',(7.747,-5.19425,-3.3));
#9263 = DIRECTION('',(-0.,0.,-1.));
#9264 = DIRECTION('',(-3.216245299353E-16,1.,0.));
#9265 = ADVANCED_FACE('',(#9266),#9272,.T.);
#9266 = FACE_BOUND('',#9267,.T.);
#9267 = EDGE_LOOP('',(#9268,#9269,#9270,#9271));
#9268 = ORIENTED_EDGE('',*,*,#9254,.T.);
#9269 = ORIENTED_EDGE('',*,*,#7565,.T.);
#9270 = ORIENTED_EDGE('',*,*,#9235,.F.);
#9271 = ORIENTED_EDGE('',*,*,#7659,.F.);
#9272 = PLANE('',#9273);
#9273 = AXIS2_PLACEMENT_3D('',#9274,#9275,#9276);
#9274 = CARTESIAN_POINT('',(7.747,-4.96575,-3.3));
#9275 = DIRECTION('',(-3.120216255796E-16,0.970142500145,-0.242535625036
    ));
#9276 = DIRECTION('',(-7.800540639491E-17,0.242535625036,0.970142500145)
  );
#9277 = ADVANCED_FACE('',(#9278),#9289,.T.);
#9278 = FACE_BOUND('',#9279,.T.);
#9279 = EDGE_LOOP('',(#9280,#9281,#9282,#9288));
#9280 = ORIENTED_EDGE('',*,*,#7912,.T.);
#9281 = ORIENTED_EDGE('',*,*,#7753,.T.);
#9282 = ORIENTED_EDGE('',*,*,#9283,.F.);
#9283 = EDGE_CURVE('',#7833,#7746,#9284,.T.);
#9284 = LINE('',#9285,#9286);
#9285 = CARTESIAN_POINT('',(7.747,-2.7685,-2.843));
#9286 = VECTOR('',#9287,1.);
#9287 = DIRECTION('',(-1.,-3.216245299353E-16,0.));
#9288 = ORIENTED_EDGE('',*,*,#7840,.F.);
#9289 = PLANE('',#9290);
#9290 = AXIS2_PLACEMENT_3D('',#9291,#9292,#9293);
#9291 = CARTESIAN_POINT('',(7.747,-2.7685,0.));
#9292 = DIRECTION('',(3.216245299353E-16,-1.,0.));
#9293 = DIRECTION('',(0.,0.,-1.));
#9294 = ADVANCED_FACE('',(#9295),#9306,.T.);
#9295 = FACE_BOUND('',#9296,.T.);
#9296 = EDGE_LOOP('',(#9297,#9298,#9299,#9305));
#9297 = ORIENTED_EDGE('',*,*,#9283,.T.);
#9298 = ORIENTED_EDGE('',*,*,#7745,.T.);
#9299 = ORIENTED_EDGE('',*,*,#9300,.F.);
#9300 = EDGE_CURVE('',#7825,#7738,#9301,.T.);
#9301 = LINE('',#9302,#9303);
#9302 = CARTESIAN_POINT('',(7.747,-2.65425,-3.3));
#9303 = VECTOR('',#9304,1.);
#9304 = DIRECTION('',(-1.,-3.216245299353E-16,0.));
#9305 = ORIENTED_EDGE('',*,*,#7832,.F.);
#9306 = PLANE('',#9307);
#9307 = AXIS2_PLACEMENT_3D('',#9308,#9309,#9310);
#9308 = CARTESIAN_POINT('',(7.747,-2.7685,-2.843));
#9309 = DIRECTION('',(3.120216255796E-16,-0.970142500145,-0.242535625036
    ));
#9310 = DIRECTION('',(-7.800540639491E-17,0.242535625036,-0.970142500145
    ));
#9311 = ADVANCED_FACE('',(#9312),#9323,.T.);
#9312 = FACE_BOUND('',#9313,.T.);
#9313 = EDGE_LOOP('',(#9314,#9320,#9321,#9322));
#9314 = ORIENTED_EDGE('',*,*,#9315,.T.);
#9315 = EDGE_CURVE('',#7809,#7722,#9316,.T.);
#9316 = LINE('',#9317,#9318);
#9317 = CARTESIAN_POINT('',(7.747,-2.3115,-2.843));
#9318 = VECTOR('',#9319,1.);
#9319 = DIRECTION('',(-1.,-3.216245299353E-16,0.));
#9320 = ORIENTED_EDGE('',*,*,#7721,.T.);
#9321 = ORIENTED_EDGE('',*,*,#7775,.F.);
#9322 = ORIENTED_EDGE('',*,*,#7808,.F.);
#9323 = PLANE('',#9324);
#9324 = AXIS2_PLACEMENT_3D('',#9325,#9326,#9327);
#9325 = CARTESIAN_POINT('',(7.747,-2.3115,-2.843));
#9326 = DIRECTION('',(-3.216245299353E-16,1.,0.));
#9327 = DIRECTION('',(0.,0.,1.));
#9328 = ADVANCED_FACE('',(#9329),#9340,.T.);
#9329 = FACE_BOUND('',#9330,.T.);
#9330 = EDGE_LOOP('',(#9331,#9332,#9333,#9339));
#9331 = ORIENTED_EDGE('',*,*,#9300,.T.);
#9332 = ORIENTED_EDGE('',*,*,#7737,.T.);
#9333 = ORIENTED_EDGE('',*,*,#9334,.F.);
#9334 = EDGE_CURVE('',#7817,#7730,#9335,.T.);
#9335 = LINE('',#9336,#9337);
#9336 = CARTESIAN_POINT('',(7.747,-2.42575,-3.3));
#9337 = VECTOR('',#9338,1.);
#9338 = DIRECTION('',(-1.,-3.216245299353E-16,0.));
#9339 = ORIENTED_EDGE('',*,*,#7824,.F.);
#9340 = PLANE('',#9341);
#9341 = AXIS2_PLACEMENT_3D('',#9342,#9343,#9344);
#9342 = CARTESIAN_POINT('',(7.747,-2.65425,-3.3));
#9343 = DIRECTION('',(-0.,0.,-1.));
#9344 = DIRECTION('',(-3.216245299353E-16,1.,0.));
#9345 = ADVANCED_FACE('',(#9346),#9352,.T.);
#9346 = FACE_BOUND('',#9347,.T.);
#9347 = EDGE_LOOP('',(#9348,#9349,#9350,#9351));
#9348 = ORIENTED_EDGE('',*,*,#9334,.T.);
#9349 = ORIENTED_EDGE('',*,*,#7729,.T.);
#9350 = ORIENTED_EDGE('',*,*,#9315,.F.);
#9351 = ORIENTED_EDGE('',*,*,#7816,.F.);
#9352 = PLANE('',#9353);
#9353 = AXIS2_PLACEMENT_3D('',#9354,#9355,#9356);
#9354 = CARTESIAN_POINT('',(7.747,-2.42575,-3.3));
#9355 = DIRECTION('',(-3.120216255796E-16,0.970142500145,-0.242535625036
    ));
#9356 = DIRECTION('',(-7.800540639491E-17,0.242535625036,0.970142500145)
  );
#9357 = ADVANCED_FACE('',(#9358),#9380,.F.);
#9358 = FACE_BOUND('',#9359,.F.);
#9359 = EDGE_LOOP('',(#9360,#9361,#9370,#9377,#9378,#9379));
#9360 = ORIENTED_EDGE('',*,*,#7944,.F.);
#9361 = ORIENTED_EDGE('',*,*,#9362,.F.);
#9362 = EDGE_CURVE('',#9363,#7945,#9365,.T.);
#9363 = VERTEX_POINT('',#9364);
#9364 = CARTESIAN_POINT('',(3.81,-0.248723643423,3.18));
#9365 = CIRCLE('',#9366,0.75);
#9366 = AXIS2_PLACEMENT_3D('',#9367,#9368,#9369);
#9367 = CARTESIAN_POINT('',(3.81,0.501276356577,3.18));
#9368 = DIRECTION('',(0.,-0.,-1.));
#9369 = DIRECTION('',(4.440892098501E-16,-1.,0.));
#9370 = ORIENTED_EDGE('',*,*,#9371,.F.);
#9371 = EDGE_CURVE('',#8051,#9363,#9372,.T.);
#9372 = CIRCLE('',#9373,0.75);
#9373 = AXIS2_PLACEMENT_3D('',#9374,#9375,#9376);
#9374 = CARTESIAN_POINT('',(3.81,0.501276356577,3.18));
#9375 = DIRECTION('',(0.,-0.,-1.));
#9376 = DIRECTION('',(4.440892098501E-16,-1.,0.));
#9377 = ORIENTED_EDGE('',*,*,#8156,.T.);
#9378 = ORIENTED_EDGE('',*,*,#9093,.T.);
#9379 = ORIENTED_EDGE('',*,*,#9084,.T.);
#9380 = CYLINDRICAL_SURFACE('',#9381,0.75);
#9381 = AXIS2_PLACEMENT_3D('',#9382,#9383,#9384);
#9382 = CARTESIAN_POINT('',(3.81,0.501276356577,3.68));
#9383 = DIRECTION('',(-0.,0.,-1.));
#9384 = DIRECTION('',(4.440892098501E-16,-1.,-0.));
#9385 = ADVANCED_FACE('',(#9386),#9391,.F.);
#9386 = FACE_BOUND('',#9387,.F.);
#9387 = EDGE_LOOP('',(#9388,#9389,#9390));
#9388 = ORIENTED_EDGE('',*,*,#9371,.T.);
#9389 = ORIENTED_EDGE('',*,*,#9362,.T.);
#9390 = ORIENTED_EDGE('',*,*,#8050,.T.);
#9391 = PLANE('',#9392);
#9392 = AXIS2_PLACEMENT_3D('',#9393,#9394,#9395);
#9393 = CARTESIAN_POINT('',(3.81,0.501276356577,3.18));
#9394 = DIRECTION('',(-0.,0.,-1.));
#9395 = DIRECTION('',(4.440892098501E-16,-1.,-0.));
#9396 = ADVANCED_FACE('',(#9397),#9408,.T.);
#9397 = FACE_BOUND('',#9398,.T.);
#9398 = EDGE_LOOP('',(#9399,#9400,#9401,#9407));
#9399 = ORIENTED_EDGE('',*,*,#8397,.T.);
#9400 = ORIENTED_EDGE('',*,*,#8373,.T.);
#9401 = ORIENTED_EDGE('',*,*,#9402,.F.);
#9402 = EDGE_CURVE('',#8444,#8366,#9403,.T.);
#9403 = LINE('',#9404,#9405);
#9404 = CARTESIAN_POINT('',(-0.127,-0.11425,-3.3));
#9405 = VECTOR('',#9406,1.);
#9406 = DIRECTION('',(1.,4.440892098501E-16,0.));
#9407 = ORIENTED_EDGE('',*,*,#8451,.F.);
#9408 = PLANE('',#9409);
#9409 = AXIS2_PLACEMENT_3D('',#9410,#9411,#9412);
#9410 = CARTESIAN_POINT('',(-0.127,0.11425,-3.3));
#9411 = DIRECTION('',(0.,0.,-1.));
#9412 = DIRECTION('',(4.440892098501E-16,-1.,0.));
#9413 = ADVANCED_FACE('',(#9414),#9425,.T.);
#9414 = FACE_BOUND('',#9415,.T.);
#9415 = EDGE_LOOP('',(#9416,#9417,#9418,#9424));
#9416 = ORIENTED_EDGE('',*,*,#9402,.T.);
#9417 = ORIENTED_EDGE('',*,*,#8365,.T.);
#9418 = ORIENTED_EDGE('',*,*,#9419,.F.);
#9419 = EDGE_CURVE('',#8436,#8358,#9420,.T.);
#9420 = LINE('',#9421,#9422);
#9421 = CARTESIAN_POINT('',(-0.127,-0.2285,-2.843));
#9422 = VECTOR('',#9423,1.);
#9423 = DIRECTION('',(1.,4.440892098501E-16,0.));
#9424 = ORIENTED_EDGE('',*,*,#8443,.F.);
#9425 = PLANE('',#9426);
#9426 = AXIS2_PLACEMENT_3D('',#9427,#9428,#9429);
#9427 = CARTESIAN_POINT('',(-0.127,-0.11425,-3.3));
#9428 = DIRECTION('',(4.308298163317E-16,-0.970142500145,-0.242535625036
    ));
#9429 = DIRECTION('',(1.077074540829E-16,-0.242535625036,0.970142500145)
  );
#9430 = ADVANCED_FACE('',(#9431),#9437,.T.);
#9431 = FACE_BOUND('',#9432,.T.);
#9432 = EDGE_LOOP('',(#9433,#9434,#9435,#9436));
#9433 = ORIENTED_EDGE('',*,*,#9419,.T.);
#9434 = ORIENTED_EDGE('',*,*,#8357,.T.);
#9435 = ORIENTED_EDGE('',*,*,#8629,.F.);
#9436 = ORIENTED_EDGE('',*,*,#8435,.F.);
#9437 = PLANE('',#9438);
#9438 = AXIS2_PLACEMENT_3D('',#9439,#9440,#9441);
#9439 = CARTESIAN_POINT('',(-0.127,-0.2285,-2.843));
#9440 = DIRECTION('',(4.440892098501E-16,-1.,0.));
#9441 = DIRECTION('',(0.,0.,1.));
#9442 = ADVANCED_FACE('',(#9443),#9454,.F.);
#9443 = FACE_BOUND('',#9444,.F.);
#9444 = EDGE_LOOP('',(#9445,#9446,#9447,#9453));
#9445 = ORIENTED_EDGE('',*,*,#8541,.T.);
#9446 = ORIENTED_EDGE('',*,*,#8583,.T.);
#9447 = ORIENTED_EDGE('',*,*,#9448,.F.);
#9448 = EDGE_CURVE('',#8503,#8576,#9449,.T.);
#9449 = LINE('',#9450,#9451);
#9450 = CARTESIAN_POINT('',(-0.127,-7.50575,-3.3));
#9451 = VECTOR('',#9452,1.);
#9452 = DIRECTION('',(1.,4.440892098501E-16,0.));
#9453 = ORIENTED_EDGE('',*,*,#8510,.F.);
#9454 = PLANE('',#9455);
#9455 = AXIS2_PLACEMENT_3D('',#9456,#9457,#9458);
#9456 = CARTESIAN_POINT('',(-0.127,-7.73425,-3.3));
#9457 = DIRECTION('',(0.,0.,1.));
#9458 = DIRECTION('',(-4.440892098501E-16,1.,0.));
#9459 = ADVANCED_FACE('',(#9460),#9471,.F.);
#9460 = FACE_BOUND('',#9461,.F.);
#9461 = EDGE_LOOP('',(#9462,#9463,#9464,#9470));
#9462 = ORIENTED_EDGE('',*,*,#9448,.T.);
#9463 = ORIENTED_EDGE('',*,*,#8575,.T.);
#9464 = ORIENTED_EDGE('',*,*,#9465,.F.);
#9465 = EDGE_CURVE('',#8495,#8568,#9466,.T.);
#9466 = LINE('',#9467,#9468);
#9467 = CARTESIAN_POINT('',(-0.127,-7.3915,-2.843));
#9468 = VECTOR('',#9469,1.);
#9469 = DIRECTION('',(1.,4.440892098501E-16,0.));
#9470 = ORIENTED_EDGE('',*,*,#8502,.F.);
#9471 = PLANE('',#9472);
#9472 = AXIS2_PLACEMENT_3D('',#9473,#9474,#9475);
#9473 = CARTESIAN_POINT('',(-0.127,-7.50575,-3.3));
#9474 = DIRECTION('',(4.308298163317E-16,-0.970142500145,0.242535625036)
  );
#9475 = DIRECTION('',(-1.077074540829E-16,0.242535625036,0.970142500145)
  );
#9476 = ADVANCED_FACE('',(#9477),#9483,.F.);
#9477 = FACE_BOUND('',#9478,.F.);
#9478 = EDGE_LOOP('',(#9479,#9480,#9481,#9482));
#9479 = ORIENTED_EDGE('',*,*,#9465,.T.);
#9480 = ORIENTED_EDGE('',*,*,#8567,.T.);
#9481 = ORIENTED_EDGE('',*,*,#8646,.F.);
#9482 = ORIENTED_EDGE('',*,*,#8494,.F.);
#9483 = PLANE('',#9484);
#9484 = AXIS2_PLACEMENT_3D('',#9485,#9486,#9487);
#9485 = CARTESIAN_POINT('',(-0.127,-7.3915,-2.843));
#9486 = DIRECTION('',(4.440892098501E-16,-1.,0.));
#9487 = DIRECTION('',(0.,0.,1.));
#9488 = ADVANCED_FACE('',(#9489),#9500,.T.);
#9489 = FACE_BOUND('',#9490,.T.);
#9490 = EDGE_LOOP('',(#9491,#9492,#9493,#9499));
#9491 = ORIENTED_EDGE('',*,*,#8773,.T.);
#9492 = ORIENTED_EDGE('',*,*,#8831,.T.);
#9493 = ORIENTED_EDGE('',*,*,#9494,.F.);
#9494 = EDGE_CURVE('',#8735,#8824,#9495,.T.);
#9495 = LINE('',#9496,#9497);
#9496 = CARTESIAN_POINT('',(-0.127,-2.3115,-2.843));
#9497 = VECTOR('',#9498,1.);
#9498 = DIRECTION('',(1.,4.440892098501E-16,0.));
#9499 = ORIENTED_EDGE('',*,*,#8742,.F.);
#9500 = PLANE('',#9501);
#9501 = AXIS2_PLACEMENT_3D('',#9502,#9503,#9504);
#9502 = CARTESIAN_POINT('',(-0.127,-2.3115,0.));
#9503 = DIRECTION('',(-4.440892098501E-16,1.,0.));
#9504 = DIRECTION('',(0.,0.,-1.));
#9505 = ADVANCED_FACE('',(#9506),#9517,.T.);
#9506 = FACE_BOUND('',#9507,.T.);
#9507 = EDGE_LOOP('',(#9508,#9509,#9510,#9516));
#9508 = ORIENTED_EDGE('',*,*,#9494,.T.);
#9509 = ORIENTED_EDGE('',*,*,#8823,.T.);
#9510 = ORIENTED_EDGE('',*,*,#9511,.F.);
#9511 = EDGE_CURVE('',#8727,#8816,#9512,.T.);
#9512 = LINE('',#9513,#9514);
#9513 = CARTESIAN_POINT('',(-0.127,-2.42575,-3.3));
#9514 = VECTOR('',#9515,1.);
#9515 = DIRECTION('',(1.,4.440892098501E-16,0.));
#9516 = ORIENTED_EDGE('',*,*,#8734,.F.);
#9517 = PLANE('',#9518);
#9518 = AXIS2_PLACEMENT_3D('',#9519,#9520,#9521);
#9519 = CARTESIAN_POINT('',(-0.127,-2.3115,-2.843));
#9520 = DIRECTION('',(-4.308298163317E-16,0.970142500145,-0.242535625036
    ));
#9521 = DIRECTION('',(1.077074540829E-16,-0.242535625036,-0.970142500145
    ));
#9522 = ADVANCED_FACE('',(#9523),#9534,.T.);
#9523 = FACE_BOUND('',#9524,.T.);
#9524 = EDGE_LOOP('',(#9525,#9531,#9532,#9533));
#9525 = ORIENTED_EDGE('',*,*,#9526,.T.);
#9526 = EDGE_CURVE('',#8711,#8800,#9527,.T.);
#9527 = LINE('',#9528,#9529);
#9528 = CARTESIAN_POINT('',(-0.127,-2.7685,-2.843));
#9529 = VECTOR('',#9530,1.);
#9530 = DIRECTION('',(1.,4.440892098501E-16,0.));
#9531 = ORIENTED_EDGE('',*,*,#8799,.T.);
#9532 = ORIENTED_EDGE('',*,*,#9029,.F.);
#9533 = ORIENTED_EDGE('',*,*,#8710,.F.);
#9534 = PLANE('',#9535);
#9535 = AXIS2_PLACEMENT_3D('',#9536,#9537,#9538);
#9536 = CARTESIAN_POINT('',(-0.127,-2.7685,-2.843));
#9537 = DIRECTION('',(4.440892098501E-16,-1.,0.));
#9538 = DIRECTION('',(0.,0.,1.));
#9539 = ADVANCED_FACE('',(#9540),#9551,.T.);
#9540 = FACE_BOUND('',#9541,.T.);
#9541 = EDGE_LOOP('',(#9542,#9543,#9544,#9550));
#9542 = ORIENTED_EDGE('',*,*,#9511,.T.);
#9543 = ORIENTED_EDGE('',*,*,#8815,.T.);
#9544 = ORIENTED_EDGE('',*,*,#9545,.F.);
#9545 = EDGE_CURVE('',#8719,#8808,#9546,.T.);
#9546 = LINE('',#9547,#9548);
#9547 = CARTESIAN_POINT('',(-0.127,-2.65425,-3.3));
#9548 = VECTOR('',#9549,1.);
#9549 = DIRECTION('',(1.,4.440892098501E-16,0.));
#9550 = ORIENTED_EDGE('',*,*,#8726,.F.);
#9551 = PLANE('',#9552);
#9552 = AXIS2_PLACEMENT_3D('',#9553,#9554,#9555);
#9553 = CARTESIAN_POINT('',(-0.127,-2.42575,-3.3));
#9554 = DIRECTION('',(0.,0.,-1.));
#9555 = DIRECTION('',(4.440892098501E-16,-1.,0.));
#9556 = ADVANCED_FACE('',(#9557),#9563,.T.);
#9557 = FACE_BOUND('',#9558,.T.);
#9558 = EDGE_LOOP('',(#9559,#9560,#9561,#9562));
#9559 = ORIENTED_EDGE('',*,*,#9545,.T.);
#9560 = ORIENTED_EDGE('',*,*,#8807,.T.);
#9561 = ORIENTED_EDGE('',*,*,#9526,.F.);
#9562 = ORIENTED_EDGE('',*,*,#8718,.F.);
#9563 = PLANE('',#9564);
#9564 = AXIS2_PLACEMENT_3D('',#9565,#9566,#9567);
#9565 = CARTESIAN_POINT('',(-0.127,-2.65425,-3.3));
#9566 = DIRECTION('',(4.308298163317E-16,-0.970142500145,-0.242535625036
    ));
#9567 = DIRECTION('',(1.077074540829E-16,-0.242535625036,0.970142500145)
  );
#9568 = ADVANCED_FACE('',(#9569),#9580,.T.);
#9569 = FACE_BOUND('',#9570,.T.);
#9570 = EDGE_LOOP('',(#9571,#9572,#9573,#9579));
#9571 = ORIENTED_EDGE('',*,*,#9048,.T.);
#9572 = ORIENTED_EDGE('',*,*,#8993,.T.);
#9573 = ORIENTED_EDGE('',*,*,#9574,.F.);
#9574 = EDGE_CURVE('',#8904,#8986,#9575,.T.);
#9575 = LINE('',#9576,#9577);
#9576 = CARTESIAN_POINT('',(-0.127,-4.8515,-2.843));
#9577 = VECTOR('',#9578,1.);
#9578 = DIRECTION('',(1.,4.440892098501E-16,0.));
#9579 = ORIENTED_EDGE('',*,*,#8911,.F.);
#9580 = PLANE('',#9581);
#9581 = AXIS2_PLACEMENT_3D('',#9582,#9583,#9584);
#9582 = CARTESIAN_POINT('',(-0.127,-4.8515,0.));
#9583 = DIRECTION('',(-4.440892098501E-16,1.,0.));
#9584 = DIRECTION('',(0.,0.,-1.));
#9585 = ADVANCED_FACE('',(#9586),#9597,.T.);
#9586 = FACE_BOUND('',#9587,.T.);
#9587 = EDGE_LOOP('',(#9588,#9589,#9590,#9596));
#9588 = ORIENTED_EDGE('',*,*,#9574,.T.);
#9589 = ORIENTED_EDGE('',*,*,#8985,.T.);
#9590 = ORIENTED_EDGE('',*,*,#9591,.F.);
#9591 = EDGE_CURVE('',#8896,#8978,#9592,.T.);
#9592 = LINE('',#9593,#9594);
#9593 = CARTESIAN_POINT('',(-0.127,-4.96575,-3.3));
#9594 = VECTOR('',#9595,1.);
#9595 = DIRECTION('',(1.,4.440892098501E-16,0.));
#9596 = ORIENTED_EDGE('',*,*,#8903,.F.);
#9597 = PLANE('',#9598);
#9598 = AXIS2_PLACEMENT_3D('',#9599,#9600,#9601);
#9599 = CARTESIAN_POINT('',(-0.127,-4.8515,-2.843));
#9600 = DIRECTION('',(-4.308298163317E-16,0.970142500145,-0.242535625036
    ));
#9601 = DIRECTION('',(1.077074540829E-16,-0.242535625036,-0.970142500145
    ));
#9602 = ADVANCED_FACE('',(#9603),#9614,.T.);
#9603 = FACE_BOUND('',#9604,.T.);
#9604 = EDGE_LOOP('',(#9605,#9611,#9612,#9613));
#9605 = ORIENTED_EDGE('',*,*,#9606,.T.);
#9606 = EDGE_CURVE('',#8880,#8962,#9607,.T.);
#9607 = LINE('',#9608,#9609);
#9608 = CARTESIAN_POINT('',(-0.127,-5.3085,-2.843));
#9609 = VECTOR('',#9610,1.);
#9610 = DIRECTION('',(1.,4.440892098501E-16,0.));
#9611 = ORIENTED_EDGE('',*,*,#8961,.T.);
#9612 = ORIENTED_EDGE('',*,*,#8933,.F.);
#9613 = ORIENTED_EDGE('',*,*,#8879,.F.);
#9614 = PLANE('',#9615);
#9615 = AXIS2_PLACEMENT_3D('',#9616,#9617,#9618);
#9616 = CARTESIAN_POINT('',(-0.127,-5.3085,-2.843));
#9617 = DIRECTION('',(4.440892098501E-16,-1.,0.));
#9618 = DIRECTION('',(0.,0.,1.));
#9619 = ADVANCED_FACE('',(#9620),#9631,.T.);
#9620 = FACE_BOUND('',#9621,.T.);
#9621 = EDGE_LOOP('',(#9622,#9623,#9624,#9630));
#9622 = ORIENTED_EDGE('',*,*,#9591,.T.);
#9623 = ORIENTED_EDGE('',*,*,#8977,.T.);
#9624 = ORIENTED_EDGE('',*,*,#9625,.F.);
#9625 = EDGE_CURVE('',#8888,#8970,#9626,.T.);
#9626 = LINE('',#9627,#9628);
#9627 = CARTESIAN_POINT('',(-0.127,-5.19425,-3.3));
#9628 = VECTOR('',#9629,1.);
#9629 = DIRECTION('',(1.,4.440892098501E-16,0.));
#9630 = ORIENTED_EDGE('',*,*,#8895,.F.);
#9631 = PLANE('',#9632);
#9632 = AXIS2_PLACEMENT_3D('',#9633,#9634,#9635);
#9633 = CARTESIAN_POINT('',(-0.127,-4.96575,-3.3));
#9634 = DIRECTION('',(0.,0.,-1.));
#9635 = DIRECTION('',(4.440892098501E-16,-1.,0.));
#9636 = ADVANCED_FACE('',(#9637),#9643,.T.);
#9637 = FACE_BOUND('',#9638,.T.);
#9638 = EDGE_LOOP('',(#9639,#9640,#9641,#9642));
#9639 = ORIENTED_EDGE('',*,*,#9625,.T.);
#9640 = ORIENTED_EDGE('',*,*,#8969,.T.);
#9641 = ORIENTED_EDGE('',*,*,#9606,.F.);
#9642 = ORIENTED_EDGE('',*,*,#8887,.F.);
#9643 = PLANE('',#9644);
#9644 = AXIS2_PLACEMENT_3D('',#9645,#9646,#9647);
#9645 = CARTESIAN_POINT('',(-0.127,-5.19425,-3.3));
#9646 = DIRECTION('',(4.308298163317E-16,-0.970142500145,-0.242535625036
    ));
#9647 = DIRECTION('',(1.077074540829E-16,-0.242535625036,0.970142500145)
  );
#9648 = ( GEOMETRIC_REPRESENTATION_CONTEXT(3) 
GLOBAL_UNCERTAINTY_ASSIGNED_CONTEXT((#9652)) 
GLOBAL_UNIT_ASSIGNED_CONTEXT((#9649,#9650,#9651)) REPRESENTATION_CONTEXT
('Context #1','3D Context with UNIT and UNCERTAINTY') );
#9649 = ( LENGTH_UNIT() NAMED_UNIT(*) SI_UNIT(.MILLI.,.METRE.) );
#9650 = ( NAMED_UNIT(*) PLANE_ANGLE_UNIT() SI_UNIT($,.RADIAN.) );
#9651 = ( NAMED_UNIT(*) SI_UNIT($,.STERADIAN.) SOLID_ANGLE_UNIT() );
#9652 = UNCERTAINTY_MEASURE_WITH_UNIT(LENGTH_MEASURE(1.E-06),#9649,
  'distance_accuracy_value','confusion accuracy');
#9653 = CONTEXT_DEPENDENT_SHAPE_REPRESENTATION(#9654,#9656);
#9654 = ( REPRESENTATION_RELATIONSHIP('','',#4875,#4852) 
REPRESENTATION_RELATIONSHIP_WITH_TRANSFORMATION(#9655) 
SHAPE_REPRESENTATION_RELATIONSHIP() );
#9655 = ITEM_DEFINED_TRANSFORMATION('','',#11,#4853);
#9656 = PRODUCT_DEFINITION_SHAPE('Placement','Placement of an item',
  #9657);
#9657 = NEXT_ASSEMBLY_USAGE_OCCURRENCE('7','=>[0:1:1:9]','',#4847,#4870,
  $);
#9658 = PRODUCT_RELATED_PRODUCT_CATEGORY('part',$,(#4872));
#9659 = CONTEXT_DEPENDENT_SHAPE_REPRESENTATION(#9660,#9662);
#9660 = ( REPRESENTATION_RELATIONSHIP('','',#3623,#10) 
REPRESENTATION_RELATIONSHIP_WITH_TRANSFORMATION(#9661) 
SHAPE_REPRESENTATION_RELATIONSHIP() );
#9661 = ITEM_DEFINED_TRANSFORMATION('','',#11,#31);
#9662 = PRODUCT_DEFINITION_SHAPE('Placement','Placement of an item',
  #9663);
#9663 = NEXT_ASSEMBLY_USAGE_OCCURRENCE('9','R2','',#5,#3618,$);
#9664 = CONTEXT_DEPENDENT_SHAPE_REPRESENTATION(#9665,#9667);
#9665 = ( REPRESENTATION_RELATIONSHIP('','',#4328,#10) 
REPRESENTATION_RELATIONSHIP_WITH_TRANSFORMATION(#9666) 
SHAPE_REPRESENTATION_RELATIONSHIP() );
#9666 = ITEM_DEFINED_TRANSFORMATION('','',#11,#35);
#9667 = PRODUCT_DEFINITION_SHAPE('Placement','Placement of an item',
  #9668);
#9668 = NEXT_ASSEMBLY_USAGE_OCCURRENCE('10','C1','',#5,#4323,$);
#9669 = SHAPE_DEFINITION_REPRESENTATION(#9670,#9676);
#9670 = PRODUCT_DEFINITION_SHAPE('','',#9671);
#9671 = PRODUCT_DEFINITION('design','',#9672,#9675);
#9672 = PRODUCT_DEFINITION_FORMATION('','',#9673);
#9673 = PRODUCT('pd_amp_silkscreen','pd_amp_silkscreen','',(#9674));
#9674 = PRODUCT_CONTEXT('',#2,'mechanical');
#9675 = PRODUCT_DEFINITION_CONTEXT('part definition',#2,'design');
#9676 = SHAPE_REPRESENTATION('',(#11,#9677,#9796,#9915,#10057,#10228,
    #10435,#10610,#10704,#10798,#10874,#10968,#11070,#11146,#11356,
    #11450,#11617,#11788,#11900,#12042,#12143,#12292,#12484,#12553,
    #12768,#12966,#13182,#13332,#13450,#13699,#13790,#13867,#14009,
    #14202,#14293,#14344,#14792,#14894,#14970,#15046,#15115,#15307,
    #15376,#15510,#15644,#15891,#16052,#16203,#16364,#16458,#16625),
  #16818);
#9677 = SHELL_BASED_SURFACE_MODEL('',(#9678));
#9678 = OPEN_SHELL('',(#9679));
#9679 = ADVANCED_FACE('',(#9680),#9791,.T.);
#9680 = FACE_BOUND('',#9681,.F.);
#9681 = EDGE_LOOP('',(#9682,#9693,#9701,#9710,#9718,#9726,#9734,#9743,
    #9751,#9760,#9768,#9777,#9785));
#9682 = ORIENTED_EDGE('',*,*,#9683,.T.);
#9683 = EDGE_CURVE('',#9684,#9686,#9688,.T.);
#9684 = VERTEX_POINT('',#9685);
#9685 = CARTESIAN_POINT('',(13.765,-21.34,1.585));
#9686 = VERTEX_POINT('',#9687);
#9687 = CARTESIAN_POINT('',(13.765,-21.22,1.585));
#9688 = CIRCLE('',#9689,6.000000000042E-02);
#9689 = AXIS2_PLACEMENT_3D('',#9690,#9691,#9692);
#9690 = CARTESIAN_POINT('',(13.764999774412,-21.28,1.585));
#9691 = DIRECTION('',(0.,0.,-1.));
#9692 = DIRECTION('',(3.759794105654E-06,-0.999999999993,0.));
#9693 = ORIENTED_EDGE('',*,*,#9694,.T.);
#9694 = EDGE_CURVE('',#9686,#9695,#9697,.T.);
#9695 = VERTEX_POINT('',#9696);
#9696 = CARTESIAN_POINT('',(14.685,-21.22,1.585));
#9697 = LINE('',#9698,#9699);
#9698 = CARTESIAN_POINT('',(13.765,-21.22,1.585));
#9699 = VECTOR('',#9700,1.);
#9700 = DIRECTION('',(1.,0.,0.));
#9701 = ORIENTED_EDGE('',*,*,#9702,.T.);
#9702 = EDGE_CURVE('',#9695,#9703,#9705,.T.);
#9703 = VERTEX_POINT('',#9704);
#9704 = CARTESIAN_POINT('',(14.745,-21.28,1.585));
#9705 = CIRCLE('',#9706,5.99993201626E-02);
#9706 = AXIS2_PLACEMENT_3D('',#9707,#9708,#9709);
#9707 = CARTESIAN_POINT('',(14.685000679841,-21.27999932015,1.585));
#9708 = DIRECTION('',(0.,0.,-1.));
#9709 = DIRECTION('',(-1.133081582536E-05,0.999999999936,0.));
#9710 = ORIENTED_EDGE('',*,*,#9711,.T.);
#9711 = EDGE_CURVE('',#9703,#9712,#9714,.T.);
#9712 = VERTEX_POINT('',#9713);
#9713 = CARTESIAN_POINT('',(14.745,-22.52,1.585));
#9714 = LINE('',#9715,#9716);
#9715 = CARTESIAN_POINT('',(14.745,-21.28,1.585));
#9716 = VECTOR('',#9717,1.);
#9717 = DIRECTION('',(0.,-1.,0.));
#9718 = ORIENTED_EDGE('',*,*,#9719,.T.);
#9719 = EDGE_CURVE('',#9712,#9720,#9722,.T.);
#9720 = VERTEX_POINT('',#9721);
#9721 = CARTESIAN_POINT('',(19.495,-22.52,1.585));
#9722 = LINE('',#9723,#9724);
#9723 = CARTESIAN_POINT('',(14.745,-22.52,1.585));
#9724 = VECTOR('',#9725,1.);
#9725 = DIRECTION('',(1.,0.,0.));
#9726 = ORIENTED_EDGE('',*,*,#9727,.T.);
#9727 = EDGE_CURVE('',#9720,#9728,#9730,.T.);
#9728 = VERTEX_POINT('',#9729);
#9729 = CARTESIAN_POINT('',(19.495,-21.38,1.585));
#9730 = LINE('',#9731,#9732);
#9731 = CARTESIAN_POINT('',(19.495,-22.52,1.585));
#9732 = VECTOR('',#9733,1.);
#9733 = DIRECTION('',(0.,1.,0.));
#9734 = ORIENTED_EDGE('',*,*,#9735,.T.);
#9735 = EDGE_CURVE('',#9728,#9736,#9738,.T.);
#9736 = VERTEX_POINT('',#9737);
#9737 = CARTESIAN_POINT('',(19.615,-21.38,1.585));
#9738 = CIRCLE('',#9739,6.000000000042E-02);
#9739 = AXIS2_PLACEMENT_3D('',#9740,#9741,#9742);
#9740 = CARTESIAN_POINT('',(19.555,-21.37999977441,1.585));
#9741 = DIRECTION('',(0.,0.,-1.));
#9742 = DIRECTION('',(-0.999999999993,-3.75979413526E-06,-0.));
#9743 = ORIENTED_EDGE('',*,*,#9744,.T.);
#9744 = EDGE_CURVE('',#9736,#9745,#9747,.T.);
#9745 = VERTEX_POINT('',#9746);
#9746 = CARTESIAN_POINT('',(19.615,-22.58,1.585));
#9747 = LINE('',#9748,#9749);
#9748 = CARTESIAN_POINT('',(19.615,-21.38,1.585));
#9749 = VECTOR('',#9750,1.);
#9750 = DIRECTION('',(0.,-1.,0.));
#9751 = ORIENTED_EDGE('',*,*,#9752,.T.);
#9752 = EDGE_CURVE('',#9745,#9753,#9755,.T.);
#9753 = VERTEX_POINT('',#9754);
#9754 = CARTESIAN_POINT('',(19.555,-22.64,1.585));
#9755 = CIRCLE('',#9756,5.999932016259E-02);
#9756 = AXIS2_PLACEMENT_3D('',#9757,#9758,#9759);
#9757 = CARTESIAN_POINT('',(19.555000679841,-22.58000067984,1.585));
#9758 = DIRECTION('',(0.,0.,-1.));
#9759 = DIRECTION('',(0.999999999936,1.133081606221E-05,0.));
#9760 = ORIENTED_EDGE('',*,*,#9761,.T.);
#9761 = EDGE_CURVE('',#9753,#9762,#9764,.T.);
#9762 = VERTEX_POINT('',#9763);
#9763 = CARTESIAN_POINT('',(14.685,-22.64,1.585));
#9764 = LINE('',#9765,#9766);
#9765 = CARTESIAN_POINT('',(19.555,-22.64,1.585));
#9766 = VECTOR('',#9767,1.);
#9767 = DIRECTION('',(-1.,0.,0.));
#9768 = ORIENTED_EDGE('',*,*,#9769,.T.);
#9769 = EDGE_CURVE('',#9762,#9770,#9772,.T.);
#9770 = VERTEX_POINT('',#9771);
#9771 = CARTESIAN_POINT('',(14.625,-22.58,1.585));
#9772 = CIRCLE('',#9773,5.99993201626E-02);
#9773 = AXIS2_PLACEMENT_3D('',#9774,#9775,#9776);
#9774 = CARTESIAN_POINT('',(14.684999320159,-22.58000067984,1.585));
#9775 = DIRECTION('',(0.,0.,-1.));
#9776 = DIRECTION('',(1.133081585497E-05,-0.999999999936,0.));
#9777 = ORIENTED_EDGE('',*,*,#9778,.T.);
#9778 = EDGE_CURVE('',#9770,#9779,#9781,.T.);
#9779 = VERTEX_POINT('',#9780);
#9780 = CARTESIAN_POINT('',(14.625,-21.34,1.585));
#9781 = LINE('',#9782,#9783);
#9782 = CARTESIAN_POINT('',(14.625,-22.58,1.585));
#9783 = VECTOR('',#9784,1.);
#9784 = DIRECTION('',(0.,1.,0.));
#9785 = ORIENTED_EDGE('',*,*,#9786,.T.);
#9786 = EDGE_CURVE('',#9779,#9684,#9787,.T.);
#9787 = LINE('',#9788,#9789);
#9788 = CARTESIAN_POINT('',(14.625,-21.34,1.585));
#9789 = VECTOR('',#9790,1.);
#9790 = DIRECTION('',(-1.,0.,0.));
#9791 = PLANE('',#9792);
#9792 = AXIS2_PLACEMENT_3D('',#9793,#9794,#9795);
#9793 = CARTESIAN_POINT('',(0.,0.,1.585));
#9794 = DIRECTION('',(0.,0.,1.));
#9795 = DIRECTION('',(1.,0.,-0.));
#9796 = SHELL_BASED_SURFACE_MODEL('',(#9797));
#9797 = OPEN_SHELL('',(#9798));
#9798 = ADVANCED_FACE('',(#9799),#9910,.T.);
#9799 = FACE_BOUND('',#9800,.F.);
#9800 = EDGE_LOOP('',(#9801,#9812,#9820,#9829,#9837,#9846,#9854,#9862,
    #9870,#9879,#9887,#9896,#9904));
#9801 = ORIENTED_EDGE('',*,*,#9802,.T.);
#9802 = EDGE_CURVE('',#9803,#9805,#9807,.T.);
#9803 = VERTEX_POINT('',#9804);
#9804 = CARTESIAN_POINT('',(14.625,-18.06,1.585));
#9805 = VERTEX_POINT('',#9806);
#9806 = CARTESIAN_POINT('',(14.685,-18.,1.585));
#9807 = CIRCLE('',#9808,5.99993201626E-02);
#9808 = AXIS2_PLACEMENT_3D('',#9809,#9810,#9811);
#9809 = CARTESIAN_POINT('',(14.684999320159,-18.05999932015,1.585));
#9810 = DIRECTION('',(0.,0.,-1.));
#9811 = DIRECTION('',(-0.999999999936,-1.133081594379E-05,-0.));
#9812 = ORIENTED_EDGE('',*,*,#9813,.T.);
#9813 = EDGE_CURVE('',#9805,#9814,#9816,.T.);
#9814 = VERTEX_POINT('',#9815);
#9815 = CARTESIAN_POINT('',(19.555,-18.,1.585));
#9816 = LINE('',#9817,#9818);
#9817 = CARTESIAN_POINT('',(14.685,-18.,1.585));
#9818 = VECTOR('',#9819,1.);
#9819 = DIRECTION('',(1.,0.,0.));
#9820 = ORIENTED_EDGE('',*,*,#9821,.T.);
#9821 = EDGE_CURVE('',#9814,#9822,#9824,.T.);
#9822 = VERTEX_POINT('',#9823);
#9823 = CARTESIAN_POINT('',(19.615,-18.06,1.585));
#9824 = CIRCLE('',#9825,5.99993201626E-02);
#9825 = AXIS2_PLACEMENT_3D('',#9826,#9827,#9828);
#9826 = CARTESIAN_POINT('',(19.555000679841,-18.05999932015,1.585));
#9827 = DIRECTION('',(0.,0.,-1.));
#9828 = DIRECTION('',(-1.133081582536E-05,0.999999999936,0.));
#9829 = ORIENTED_EDGE('',*,*,#9830,.T.);
#9830 = EDGE_CURVE('',#9822,#9831,#9833,.T.);
#9831 = VERTEX_POINT('',#9832);
#9832 = CARTESIAN_POINT('',(19.615,-19.26,1.585));
#9833 = LINE('',#9834,#9835);
#9834 = CARTESIAN_POINT('',(19.615,-18.06,1.585));
#9835 = VECTOR('',#9836,1.);
#9836 = DIRECTION('',(0.,-1.,0.));
#9837 = ORIENTED_EDGE('',*,*,#9838,.T.);
#9838 = EDGE_CURVE('',#9831,#9839,#9841,.T.);
#9839 = VERTEX_POINT('',#9840);
#9840 = CARTESIAN_POINT('',(19.495,-19.26,1.585));
#9841 = CIRCLE('',#9842,6.000000000042E-02);
#9842 = AXIS2_PLACEMENT_3D('',#9843,#9844,#9845);
#9843 = CARTESIAN_POINT('',(19.555,-19.26000022558,1.585));
#9844 = DIRECTION('',(0.,0.,-1.));
#9845 = DIRECTION('',(0.999999999993,3.759794076048E-06,0.));
#9846 = ORIENTED_EDGE('',*,*,#9847,.T.);
#9847 = EDGE_CURVE('',#9839,#9848,#9850,.T.);
#9848 = VERTEX_POINT('',#9849);
#9849 = CARTESIAN_POINT('',(19.495,-18.12,1.585));
#9850 = LINE('',#9851,#9852);
#9851 = CARTESIAN_POINT('',(19.495,-19.26,1.585));
#9852 = VECTOR('',#9853,1.);
#9853 = DIRECTION('',(0.,1.,0.));
#9854 = ORIENTED_EDGE('',*,*,#9855,.T.);
#9855 = EDGE_CURVE('',#9848,#9856,#9858,.T.);
#9856 = VERTEX_POINT('',#9857);
#9857 = CARTESIAN_POINT('',(14.745,-18.12,1.585));
#9858 = LINE('',#9859,#9860);
#9859 = CARTESIAN_POINT('',(19.495,-18.12,1.585));
#9860 = VECTOR('',#9861,1.);
#9861 = DIRECTION('',(-1.,0.,0.));
#9862 = ORIENTED_EDGE('',*,*,#9863,.T.);
#9863 = EDGE_CURVE('',#9856,#9864,#9866,.T.);
#9864 = VERTEX_POINT('',#9865);
#9865 = CARTESIAN_POINT('',(14.745,-19.36,1.585));
#9866 = LINE('',#9867,#9868);
#9867 = CARTESIAN_POINT('',(14.745,-18.12,1.585));
#9868 = VECTOR('',#9869,1.);
#9869 = DIRECTION('',(0.,-1.,0.));
#9870 = ORIENTED_EDGE('',*,*,#9871,.T.);
#9871 = EDGE_CURVE('',#9864,#9872,#9874,.T.);
#9872 = VERTEX_POINT('',#9873);
#9873 = CARTESIAN_POINT('',(14.685,-19.42,1.585));
#9874 = CIRCLE('',#9875,5.99993201626E-02);
#9875 = AXIS2_PLACEMENT_3D('',#9876,#9877,#9878);
#9876 = CARTESIAN_POINT('',(14.685000679841,-19.36000067984,1.585));
#9877 = DIRECTION('',(0.,0.,-1.));
#9878 = DIRECTION('',(0.999999999936,1.133081594379E-05,0.));
#9879 = ORIENTED_EDGE('',*,*,#9880,.T.);
#9880 = EDGE_CURVE('',#9872,#9881,#9883,.T.);
#9881 = VERTEX_POINT('',#9882);
#9882 = CARTESIAN_POINT('',(13.765,-19.42,1.585));
#9883 = LINE('',#9884,#9885);
#9884 = CARTESIAN_POINT('',(14.685,-19.42,1.585));
#9885 = VECTOR('',#9886,1.);
#9886 = DIRECTION('',(-1.,0.,0.));
#9887 = ORIENTED_EDGE('',*,*,#9888,.T.);
#9888 = EDGE_CURVE('',#9881,#9889,#9891,.T.);
#9889 = VERTEX_POINT('',#9890);
#9890 = CARTESIAN_POINT('',(13.765,-19.3,1.585));
#9891 = CIRCLE('',#9892,6.000000000042E-02);
#9892 = AXIS2_PLACEMENT_3D('',#9893,#9894,#9895);
#9893 = CARTESIAN_POINT('',(13.764999774412,-19.36,1.585));
#9894 = DIRECTION('',(0.,0.,-1.));
#9895 = DIRECTION('',(3.75979413526E-06,-0.999999999993,0.));
#9896 = ORIENTED_EDGE('',*,*,#9897,.T.);
#9897 = EDGE_CURVE('',#9889,#9898,#9900,.T.);
#9898 = VERTEX_POINT('',#9899);
#9899 = CARTESIAN_POINT('',(14.625,-19.3,1.585));
#9900 = LINE('',#9901,#9902);
#9901 = CARTESIAN_POINT('',(13.765,-19.3,1.585));
#9902 = VECTOR('',#9903,1.);
#9903 = DIRECTION('',(1.,0.,0.));
#9904 = ORIENTED_EDGE('',*,*,#9905,.T.);
#9905 = EDGE_CURVE('',#9898,#9803,#9906,.T.);
#9906 = LINE('',#9907,#9908);
#9907 = CARTESIAN_POINT('',(14.625,-19.3,1.585));
#9908 = VECTOR('',#9909,1.);
#9909 = DIRECTION('',(0.,1.,0.));
#9910 = PLANE('',#9911);
#9911 = AXIS2_PLACEMENT_3D('',#9912,#9913,#9914);
#9912 = CARTESIAN_POINT('',(0.,0.,1.585));
#9913 = DIRECTION('',(0.,0.,1.));
#9914 = DIRECTION('',(1.,0.,-0.));
#9915 = SHELL_BASED_SURFACE_MODEL('',(#9916));
#9916 = OPEN_SHELL('',(#9917));
#9917 = ADVANCED_FACE('',(#9918),#10052,.T.);
#9918 = FACE_BOUND('',#9919,.F.);
#9919 = EDGE_LOOP('',(#9920,#9930,#9938,#9947,#9955,#9963,#9972,#9980,
    #9989,#9997,#10005,#10013,#10021,#10030,#10038,#10046));
#9920 = ORIENTED_EDGE('',*,*,#9921,.T.);
#9921 = EDGE_CURVE('',#9922,#9924,#9926,.T.);
#9922 = VERTEX_POINT('',#9923);
#9923 = CARTESIAN_POINT('',(9.336912,-16.801841,1.585));
#9924 = VERTEX_POINT('',#9925);
#9925 = CARTESIAN_POINT('',(9.375368,-16.78126,1.585));
#9926 = LINE('',#9927,#9928);
#9927 = CARTESIAN_POINT('',(9.336912,-16.801841,1.585));
#9928 = VECTOR('',#9929,1.);
#9929 = DIRECTION('',(0.881674852639,0.471857451169,0.));
#9930 = ORIENTED_EDGE('',*,*,#9931,.T.);
#9931 = EDGE_CURVE('',#9924,#9932,#9934,.T.);
#9932 = VERTEX_POINT('',#9933);
#9933 = CARTESIAN_POINT('',(9.397205,-16.78126,1.585));
#9934 = LINE('',#9935,#9936);
#9935 = CARTESIAN_POINT('',(9.375368,-16.78126,1.585));
#9936 = VECTOR('',#9937,1.);
#9937 = DIRECTION('',(1.,0.,0.));
#9938 = ORIENTED_EDGE('',*,*,#9939,.T.);
#9939 = EDGE_CURVE('',#9932,#9940,#9942,.T.);
#9940 = VERTEX_POINT('',#9941);
#9941 = CARTESIAN_POINT('',(9.465,-16.854819,1.585));
#9942 = CIRCLE('',#9943,7.216898094227E-02);
#9943 = AXIS2_PLACEMENT_3D('',#9944,#9945,#9946);
#9944 = CARTESIAN_POINT('',(9.392847063893,-16.85329728342,1.585));
#9945 = DIRECTION('',(0.,0.,-1.));
#9946 = DIRECTION('',(6.038516895258E-02,0.998175150648,0.));
#9947 = ORIENTED_EDGE('',*,*,#9948,.T.);
#9948 = EDGE_CURVE('',#9940,#9949,#9951,.T.);
#9949 = VERTEX_POINT('',#9950);
#9950 = CARTESIAN_POINT('',(9.465,-17.779819,1.585));
#9951 = LINE('',#9952,#9953);
#9952 = CARTESIAN_POINT('',(9.465,-16.854819,1.585));
#9953 = VECTOR('',#9954,1.);
#9954 = DIRECTION('',(0.,-1.,0.));
#9955 = ORIENTED_EDGE('',*,*,#9956,.T.);
#9956 = EDGE_CURVE('',#9949,#9957,#9959,.T.);
#9957 = VERTEX_POINT('',#9958);
#9958 = CARTESIAN_POINT('',(9.690346,-17.78126,1.585));
#9959 = LINE('',#9960,#9961);
#9960 = CARTESIAN_POINT('',(9.465,-17.779819,1.585));
#9961 = VECTOR('',#9962,1.);
#9962 = DIRECTION('',(0.999979555102,-6.394480216655E-03,0.));
#9963 = ORIENTED_EDGE('',*,*,#9964,.T.);
#9964 = EDGE_CURVE('',#9957,#9965,#9967,.T.);
#9965 = VERTEX_POINT('',#9966);
#9966 = CARTESIAN_POINT('',(9.675714,-17.929819,1.585));
#9967 = CIRCLE('',#9968,7.500006711464E-02);
#9968 = AXIS2_PLACEMENT_3D('',#9969,#9970,#9971);
#9969 = CARTESIAN_POINT('',(9.675714067115,-17.85481893288,1.585));
#9970 = DIRECTION('',(0.,0.,-1.));
#9971 = DIRECTION('',(0.195092263891,0.980784894138,0.));
#9972 = ORIENTED_EDGE('',*,*,#9973,.T.);
#9973 = EDGE_CURVE('',#9965,#9974,#9976,.T.);
#9974 = VERTEX_POINT('',#9975);
#9975 = CARTESIAN_POINT('',(9.089654,-17.928378,1.585));
#9976 = LINE('',#9977,#9978);
#9977 = CARTESIAN_POINT('',(9.675714,-17.929819,1.585));
#9978 = VECTOR('',#9979,1.);
#9979 = DIRECTION('',(-0.999996977183,2.458785182611E-03,0.));
#9980 = ORIENTED_EDGE('',*,*,#9981,.T.);
#9981 = EDGE_CURVE('',#9974,#9982,#9984,.T.);
#9982 = VERTEX_POINT('',#9983);
#9983 = CARTESIAN_POINT('',(9.104286,-17.779819,1.585));
#9984 = CIRCLE('',#9985,7.500006711464E-02);
#9985 = AXIS2_PLACEMENT_3D('',#9986,#9987,#9988);
#9986 = CARTESIAN_POINT('',(9.104285932885,-17.85481906711,1.585));
#9987 = DIRECTION('',(0.,0.,-1.));
#9988 = DIRECTION('',(-0.195092263891,-0.980784894138,-0.));
#9989 = ORIENTED_EDGE('',*,*,#9990,.T.);
#9990 = EDGE_CURVE('',#9982,#9991,#9993,.T.);
#9991 = VERTEX_POINT('',#9992);
#9992 = CARTESIAN_POINT('',(9.315,-17.779819,1.585));
#9993 = LINE('',#9994,#9995);
#9994 = CARTESIAN_POINT('',(9.104286,-17.779819,1.585));
#9995 = VECTOR('',#9996,1.);
#9996 = DIRECTION('',(1.,0.,0.));
#9997 = ORIENTED_EDGE('',*,*,#9998,.T.);
#9998 = EDGE_CURVE('',#9991,#9999,#10001,.T.);
#9999 = VERTEX_POINT('',#10000);
#10000 = CARTESIAN_POINT('',(9.315,-17.083504,1.585));
#10001 = LINE('',#10002,#10003);
#10002 = CARTESIAN_POINT('',(9.315,-17.779819,1.585));
#10003 = VECTOR('',#10004,1.);
#10004 = DIRECTION('',(0.,1.,0.));
#10005 = ORIENTED_EDGE('',*,*,#10006,.T.);
#10006 = EDGE_CURVE('',#9999,#10007,#10009,.T.);
#10007 = VERTEX_POINT('',#10008);
#10008 = CARTESIAN_POINT('',(9.239364,-17.156031,1.585));
#10009 = LINE('',#10010,#10011);
#10010 = CARTESIAN_POINT('',(9.315,-17.083504,1.585));
#10011 = VECTOR('',#10012,1.);
#10012 = DIRECTION('',(-0.721785571396,-0.692116745156,0.));
#10013 = ORIENTED_EDGE('',*,*,#10014,.T.);
#10014 = EDGE_CURVE('',#10007,#10015,#10017,.T.);
#10015 = VERTEX_POINT('',#10016);
#10016 = CARTESIAN_POINT('',(9.124095,-17.21287,1.585));
#10017 = LINE('',#10018,#10019);
#10018 = CARTESIAN_POINT('',(9.239364,-17.156031,1.585));
#10019 = VECTOR('',#10020,1.);
#10020 = DIRECTION('',(-0.896889346494,-0.442255017094,0.));
#10021 = ORIENTED_EDGE('',*,*,#10022,.T.);
#10022 = EDGE_CURVE('',#10015,#10023,#10025,.T.);
#10023 = VERTEX_POINT('',#10024);
#10024 = CARTESIAN_POINT('',(9.070745,-17.073451,1.585));
#10025 = CIRCLE('',#10026,7.500005272361E-02);
#10026 = AXIS2_PLACEMENT_3D('',#10027,#10028,#10029);
#10027 = CARTESIAN_POINT('',(9.10428555676,-17.14053332972,1.585));
#10028 = DIRECTION('',(0.,0.,-1.));
#10029 = DIRECTION('',(0.264125724196,-0.964488259036,0.));
#10030 = ORIENTED_EDGE('',*,*,#10031,.T.);
#10031 = EDGE_CURVE('',#10023,#10032,#10034,.T.);
#10032 = VERTEX_POINT('',#10033);
#10033 = CARTESIAN_POINT('',(9.155097,-17.031275,1.585));
#10034 = LINE('',#10035,#10036);
#10035 = CARTESIAN_POINT('',(9.070745,-17.073451,1.585));
#10036 = VECTOR('',#10037,1.);
#10037 = DIRECTION('',(0.894427191,0.4472135955,0.));
#10038 = ORIENTED_EDGE('',*,*,#10039,.T.);
#10039 = EDGE_CURVE('',#10032,#10040,#10042,.T.);
#10040 = VERTEX_POINT('',#10041);
#10041 = CARTESIAN_POINT('',(9.236476,-16.949896,1.585));
#10042 = LINE('',#10043,#10044);
#10043 = CARTESIAN_POINT('',(9.155097,-17.031275,1.585));
#10044 = VECTOR('',#10045,1.);
#10045 = DIRECTION('',(0.707106781187,0.707106781187,0.));
#10046 = ORIENTED_EDGE('',*,*,#10047,.T.);
#10047 = EDGE_CURVE('',#10040,#9922,#10048,.T.);
#10048 = LINE('',#10049,#10050);
#10049 = CARTESIAN_POINT('',(9.236476,-16.949896,1.585));
#10050 = VECTOR('',#10051,1.);
#10051 = DIRECTION('',(0.561387006404,0.82755339951,0.));
#10052 = PLANE('',#10053);
#10053 = AXIS2_PLACEMENT_3D('',#10054,#10055,#10056);
#10054 = CARTESIAN_POINT('',(0.,0.,1.585));
#10055 = DIRECTION('',(0.,0.,1.));
#10056 = DIRECTION('',(1.,0.,-0.));
#10057 = SHELL_BASED_SURFACE_MODEL('',(#10058));
#10058 = OPEN_SHELL('',(#10059));
#10059 = ADVANCED_FACE('',(#10060,#10171),#10223,.T.);
#10060 = FACE_BOUND('',#10061,.F.);
#10061 = EDGE_LOOP('',(#10062,#10073,#10081,#10090,#10098,#10107,#10115,
    #10123,#10132,#10140,#10148,#10156,#10165));
#10062 = ORIENTED_EDGE('',*,*,#10063,.T.);
#10063 = EDGE_CURVE('',#10064,#10066,#10068,.T.);
#10064 = VERTEX_POINT('',#10065);
#10065 = CARTESIAN_POINT('',(8.078346,-16.840187,1.585));
#10066 = VERTEX_POINT('',#10067);
#10067 = CARTESIAN_POINT('',(8.151905,-16.779819,1.585));
#10068 = CIRCLE('',#10069,7.500074938986E-02);
#10069 = AXIS2_PLACEMENT_3D('',#10070,#10071,#10072);
#10070 = CARTESIAN_POINT('',(8.15190546611,-16.85481974938,1.585));
#10071 = DIRECTION('',(0.,0.,-1.));
#10072 = DIRECTION('',(-0.980783081614,0.195101375752,0.));
#10073 = ORIENTED_EDGE('',*,*,#10074,.T.);
#10074 = EDGE_CURVE('',#10066,#10075,#10077,.T.);
#10075 = VERTEX_POINT('',#10076);
#10076 = CARTESIAN_POINT('',(8.547489,-16.78126,1.585));
#10077 = LINE('',#10078,#10079);
#10078 = CARTESIAN_POINT('',(8.151905,-16.779819,1.585));
#10079 = VECTOR('',#10080,1.);
#10080 = DIRECTION('',(0.999993365378,-3.64269141196E-03,0.));
#10081 = ORIENTED_EDGE('',*,*,#10082,.T.);
#10082 = EDGE_CURVE('',#10075,#10083,#10085,.T.);
#10083 = VERTEX_POINT('',#10084);
#10084 = CARTESIAN_POINT('',(8.796892,-17.030663,1.585));
#10085 = CIRCLE('',#10086,0.347870264855);
#10086 = AXIS2_PLACEMENT_3D('',#10087,#10088,#10089);
#10087 = CARTESIAN_POINT('',(8.460161265028,-17.11799073497,1.585));
#10088 = DIRECTION('',(0.,0.,-1.));
#10089 = DIRECTION('',(0.251035353678,0.967977918758,0.));
#10090 = ORIENTED_EDGE('',*,*,#10091,.T.);
#10091 = EDGE_CURVE('',#10083,#10092,#10094,.T.);
#10092 = VERTEX_POINT('',#10093);
#10093 = CARTESIAN_POINT('',(8.79567,-17.207962,1.585));
#10094 = LINE('',#10095,#10096);
#10095 = CARTESIAN_POINT('',(8.796892,-17.030663,1.585));
#10096 = VECTOR('',#10097,1.);
#10097 = DIRECTION('',(-6.892148157142E-03,-0.999976248865,0.));
#10098 = ORIENTED_EDGE('',*,*,#10099,.T.);
#10099 = EDGE_CURVE('',#10092,#10100,#10102,.T.);
#10100 = VERTEX_POINT('',#10101);
#10101 = CARTESIAN_POINT('',(8.547489,-17.452187,1.585));
#10102 = CIRCLE('',#10103,0.348632345848);
#10103 = AXIS2_PLACEMENT_3D('',#10104,#10105,#10106);
#10104 = CARTESIAN_POINT('',(8.459720194037,-17.1147834593,1.585));
#10105 = DIRECTION('',(0.,0.,-1.));
#10106 = DIRECTION('',(0.963622021775,-0.267268776985,0.));
#10107 = ORIENTED_EDGE('',*,*,#10108,.T.);
#10108 = EDGE_CURVE('',#10100,#10109,#10111,.T.);
#10109 = VERTEX_POINT('',#10110);
#10110 = CARTESIAN_POINT('',(8.533972,-17.453518,1.585));
#10111 = LINE('',#10112,#10113);
#10112 = CARTESIAN_POINT('',(8.547489,-17.452187,1.585));
#10113 = VECTOR('',#10114,1.);
#10114 = DIRECTION('',(-0.995186940545,-9.79946598998E-02,0.));
#10115 = ORIENTED_EDGE('',*,*,#10116,.T.);
#10116 = EDGE_CURVE('',#10109,#10117,#10119,.T.);
#10117 = VERTEX_POINT('',#10118);
#10118 = CARTESIAN_POINT('',(8.791986,-17.824623,1.585));
#10119 = LINE('',#10120,#10121);
#10120 = CARTESIAN_POINT('',(8.533972,-17.453518,1.585));
#10121 = VECTOR('',#10122,1.);
#10122 = DIRECTION('',(0.570846789809,-0.821056601316,0.));
#10123 = ORIENTED_EDGE('',*,*,#10124,.T.);
#10124 = EDGE_CURVE('',#10117,#10125,#10127,.T.);
#10125 = VERTEX_POINT('',#10126);
#10126 = CARTESIAN_POINT('',(8.661891,-17.897829,1.585));
#10127 = CIRCLE('',#10128,7.500005951702E-02);
#10128 = AXIS2_PLACEMENT_3D('',#10129,#10130,#10131);
#10129 = CARTESIAN_POINT('',(8.723333062942,-17.85481874739,1.585));
#10130 = DIRECTION('',(0.,0.,-1.));
#10131 = DIRECTION('',(0.915371767708,0.402609645791,0.));
#10132 = ORIENTED_EDGE('',*,*,#10133,.T.);
#10133 = EDGE_CURVE('',#10125,#10134,#10136,.T.);
#10134 = VERTEX_POINT('',#10135);
#10135 = CARTESIAN_POINT('',(8.350951,-17.453628,1.585));
#10136 = LINE('',#10137,#10138);
#10137 = CARTESIAN_POINT('',(8.661891,-17.897829,1.585));
#10138 = VECTOR('',#10139,1.);
#10139 = DIRECTION('',(-0.573461477921,0.819232527028,0.));
#10140 = ORIENTED_EDGE('',*,*,#10141,.T.);
#10141 = EDGE_CURVE('',#10134,#10142,#10144,.T.);
#10142 = VERTEX_POINT('',#10143);
#10143 = CARTESIAN_POINT('',(8.226905,-17.453628,1.585));
#10144 = LINE('',#10145,#10146);
#10145 = CARTESIAN_POINT('',(8.350951,-17.453628,1.585));
#10146 = VECTOR('',#10147,1.);
#10147 = DIRECTION('',(-1.,0.,0.));
#10148 = ORIENTED_EDGE('',*,*,#10149,.T.);
#10149 = EDGE_CURVE('',#10142,#10150,#10152,.T.);
#10150 = VERTEX_POINT('',#10151);
#10151 = CARTESIAN_POINT('',(8.225464,-17.869451,1.585));
#10152 = LINE('',#10153,#10154);
#10153 = CARTESIAN_POINT('',(8.226905,-17.453628,1.585));
#10154 = VECTOR('',#10155,1.);
#10155 = DIRECTION('',(-3.465395967783E-03,-0.999993995497,0.));
#10156 = ORIENTED_EDGE('',*,*,#10157,.T.);
#10157 = EDGE_CURVE('',#10150,#10158,#10160,.T.);
#10158 = VERTEX_POINT('',#10159);
#10159 = CARTESIAN_POINT('',(8.076905,-17.854819,1.585));
#10160 = CIRCLE('',#10161,7.500006711464E-02);
#10161 = AXIS2_PLACEMENT_3D('',#10162,#10163,#10164);
#10162 = CARTESIAN_POINT('',(8.151905067115,-17.85481906711,1.585));
#10163 = DIRECTION('',(-0.,0.,-1.));
#10164 = DIRECTION('',(0.980784894138,-0.195092263891,-0.));
#10165 = ORIENTED_EDGE('',*,*,#10166,.T.);
#10166 = EDGE_CURVE('',#10158,#10064,#10167,.T.);
#10167 = LINE('',#10168,#10169);
#10168 = CARTESIAN_POINT('',(8.076905,-17.854819,1.585));
#10169 = VECTOR('',#10170,1.);
#10170 = DIRECTION('',(1.420217918158E-03,0.99999899149,0.));
#10171 = FACE_BOUND('',#10172,.F.);
#10172 = EDGE_LOOP('',(#10173,#10184,#10192,#10200,#10208,#10217));
#10173 = ORIENTED_EDGE('',*,*,#10174,.T.);
#10174 = EDGE_CURVE('',#10175,#10177,#10179,.T.);
#10175 = VERTEX_POINT('',#10176);
#10176 = CARTESIAN_POINT('',(8.648333,-17.063,1.585));
#10177 = VERTEX_POINT('',#10178);
#10178 = CARTESIAN_POINT('',(8.515152,-16.929819,1.585));
#10179 = CIRCLE('',#10180,0.18686440374);
#10180 = AXIS2_PLACEMENT_3D('',#10181,#10182,#10183);
#10181 = CARTESIAN_POINT('',(8.467616,-17.110536,1.585));
#10182 = DIRECTION('',(0.,0.,1.));
#10183 = DIRECTION('',(0.967102328658,0.254387668538,-0.));
#10184 = ORIENTED_EDGE('',*,*,#10185,.T.);
#10185 = EDGE_CURVE('',#10177,#10186,#10188,.T.);
#10186 = VERTEX_POINT('',#10187);
#10187 = CARTESIAN_POINT('',(8.226905,-16.929819,1.585));
#10188 = LINE('',#10189,#10190);
#10189 = CARTESIAN_POINT('',(8.515152,-16.929819,1.585));
#10190 = VECTOR('',#10191,1.);
#10191 = DIRECTION('',(-1.,0.,0.));
#10192 = ORIENTED_EDGE('',*,*,#10193,.T.);
#10193 = EDGE_CURVE('',#10186,#10194,#10196,.T.);
#10194 = VERTEX_POINT('',#10195);
#10195 = CARTESIAN_POINT('',(8.226905,-17.303628,1.585));
#10196 = LINE('',#10197,#10198);
#10197 = CARTESIAN_POINT('',(8.226905,-16.929819,1.585));
#10198 = VECTOR('',#10199,1.);
#10199 = DIRECTION('',(0.,-1.,0.));
#10200 = ORIENTED_EDGE('',*,*,#10201,.T.);
#10201 = EDGE_CURVE('',#10194,#10202,#10204,.T.);
#10202 = VERTEX_POINT('',#10203);
#10203 = CARTESIAN_POINT('',(8.515152,-17.303628,1.585));
#10204 = LINE('',#10205,#10206);
#10205 = CARTESIAN_POINT('',(8.226905,-17.303628,1.585));
#10206 = VECTOR('',#10207,1.);
#10207 = DIRECTION('',(1.,0.,0.));
#10208 = ORIENTED_EDGE('',*,*,#10209,.T.);
#10209 = EDGE_CURVE('',#10202,#10210,#10212,.T.);
#10210 = VERTEX_POINT('',#10211);
#10211 = CARTESIAN_POINT('',(8.648333,-17.170447,1.585));
#10212 = CIRCLE('',#10213,0.18686440374);
#10213 = AXIS2_PLACEMENT_3D('',#10214,#10215,#10216);
#10214 = CARTESIAN_POINT('',(8.467616,-17.122911,1.585));
#10215 = DIRECTION('',(0.,0.,1.));
#10216 = DIRECTION('',(0.254387668538,-0.967102328658,0.));
#10217 = ORIENTED_EDGE('',*,*,#10218,.T.);
#10218 = EDGE_CURVE('',#10210,#10175,#10219,.T.);
#10219 = LINE('',#10220,#10221);
#10220 = CARTESIAN_POINT('',(8.648333,-17.170447,1.585));
#10221 = VECTOR('',#10222,1.);
#10222 = DIRECTION('',(0.,1.,0.));
#10223 = PLANE('',#10224);
#10224 = AXIS2_PLACEMENT_3D('',#10225,#10226,#10227);
#10225 = CARTESIAN_POINT('',(0.,0.,1.585));
#10226 = DIRECTION('',(0.,0.,1.));
#10227 = DIRECTION('',(1.,0.,-0.));
#10228 = SHELL_BASED_SURFACE_MODEL('',(#10229));
#10229 = OPEN_SHELL('',(#10230));
#10230 = ADVANCED_FACE('',(#10231,#10347),#10430,.T.);
#10231 = FACE_BOUND('',#10232,.F.);
#10232 = EDGE_LOOP('',(#10233,#10244,#10252,#10260,#10268,#10276,#10284,
    #10292,#10300,#10308,#10316,#10324,#10332,#10341));
#10233 = ORIENTED_EDGE('',*,*,#10234,.T.);
#10234 = EDGE_CURVE('',#10235,#10237,#10239,.T.);
#10235 = VERTEX_POINT('',#10236);
#10236 = CARTESIAN_POINT('',(16.333346,-16.590187,1.585));
#10237 = VERTEX_POINT('',#10238);
#10238 = CARTESIAN_POINT('',(16.406905,-16.529819,1.585));
#10239 = CIRCLE('',#10240,7.500074938986E-02);
#10240 = AXIS2_PLACEMENT_3D('',#10241,#10242,#10243);
#10241 = CARTESIAN_POINT('',(16.40690546611,-16.60481974938,1.585));
#10242 = DIRECTION('',(0.,0.,-1.));
#10243 = DIRECTION('',(-0.980783081614,0.195101375752,0.));
#10244 = ORIENTED_EDGE('',*,*,#10245,.T.);
#10245 = EDGE_CURVE('',#10237,#10246,#10248,.T.);
#10246 = VERTEX_POINT('',#10247);
#10247 = CARTESIAN_POINT('',(16.652405,-16.530548,1.585));
#10248 = LINE('',#10249,#10250);
#10249 = CARTESIAN_POINT('',(16.406905,-16.529819,1.585));
#10250 = VECTOR('',#10251,1.);
#10251 = DIRECTION('',(0.999995591212,-2.969437010157E-03,0.));
#10252 = ORIENTED_EDGE('',*,*,#10253,.T.);
#10253 = EDGE_CURVE('',#10246,#10254,#10256,.T.);
#10254 = VERTEX_POINT('',#10255);
#10255 = CARTESIAN_POINT('',(16.829525,-16.590078,1.585));
#10256 = LINE('',#10257,#10258);
#10257 = CARTESIAN_POINT('',(16.652405,-16.530548,1.585));
#10258 = VECTOR('',#10259,1.);
#10259 = DIRECTION('',(0.947893661994,-0.318586888542,0.));
#10260 = ORIENTED_EDGE('',*,*,#10261,.T.);
#10261 = EDGE_CURVE('',#10254,#10262,#10264,.T.);
#10262 = VERTEX_POINT('',#10263);
#10263 = CARTESIAN_POINT('',(16.946214,-16.70784,1.585));
#10264 = LINE('',#10265,#10266);
#10265 = CARTESIAN_POINT('',(16.829525,-16.590078,1.585));
#10266 = VECTOR('',#10267,1.);
#10267 = DIRECTION('',(0.703863230025,-0.710335521721,0.));
#10268 = ORIENTED_EDGE('',*,*,#10269,.T.);
#10269 = EDGE_CURVE('',#10262,#10270,#10272,.T.);
#10270 = VERTEX_POINT('',#10271);
#10271 = CARTESIAN_POINT('',(17.003475,-16.824724,1.585));
#10272 = LINE('',#10273,#10274);
#10273 = CARTESIAN_POINT('',(16.946214,-16.70784,1.585));
#10274 = VECTOR('',#10275,1.);
#10275 = DIRECTION('',(0.439939908708,-0.8980272138,0.));
#10276 = ORIENTED_EDGE('',*,*,#10277,.T.);
#10277 = EDGE_CURVE('',#10270,#10278,#10280,.T.);
#10278 = VERTEX_POINT('',#10279);
#10279 = CARTESIAN_POINT('',(17.053333,-17.03339,1.585));
#10280 = LINE('',#10281,#10282);
#10281 = CARTESIAN_POINT('',(17.003475,-16.824724,1.585));
#10282 = VECTOR('',#10283,1.);
#10283 = DIRECTION('',(0.232395123349,-0.972621461126,0.));
#10284 = ORIENTED_EDGE('',*,*,#10285,.T.);
#10285 = EDGE_CURVE('',#10278,#10286,#10288,.T.);
#10286 = VERTEX_POINT('',#10287);
#10287 = CARTESIAN_POINT('',(17.051094,-17.194437,1.585));
#10288 = LINE('',#10289,#10290);
#10289 = CARTESIAN_POINT('',(17.053333,-17.03339,1.585));
#10290 = VECTOR('',#10291,1.);
#10291 = DIRECTION('',(-1.390143030566E-02,-0.999903370449,0.));
#10292 = ORIENTED_EDGE('',*,*,#10293,.T.);
#10293 = EDGE_CURVE('',#10286,#10294,#10296,.T.);
#10294 = VERTEX_POINT('',#10295);
#10295 = CARTESIAN_POINT('',(16.997796,-17.400264,1.585));
#10296 = LINE('',#10297,#10298);
#10297 = CARTESIAN_POINT('',(17.051094,-17.194437,1.585));
#10298 = VECTOR('',#10299,1.);
#10299 = DIRECTION('',(-0.250677645339,-0.968070616292,0.));
#10300 = ORIENTED_EDGE('',*,*,#10301,.T.);
#10301 = EDGE_CURVE('',#10294,#10302,#10304,.T.);
#10302 = VERTEX_POINT('',#10303);
#10303 = CARTESIAN_POINT('',(16.940846,-17.509244,1.585));
#10304 = LINE('',#10305,#10306);
#10305 = CARTESIAN_POINT('',(16.997796,-17.400264,1.585));
#10306 = VECTOR('',#10307,1.);
#10307 = DIRECTION('',(-0.463146784147,-0.886281589752,0.));
#10308 = ORIENTED_EDGE('',*,*,#10309,.T.);
#10309 = EDGE_CURVE('',#10302,#10310,#10312,.T.);
#10310 = VERTEX_POINT('',#10311);
#10311 = CARTESIAN_POINT('',(16.824999,-17.622357,1.585));
#10312 = LINE('',#10313,#10314);
#10313 = CARTESIAN_POINT('',(16.940846,-17.509244,1.585));
#10314 = VECTOR('',#10315,1.);
#10315 = DIRECTION('',(-0.715499299798,-0.698613449619,0.));
#10316 = ORIENTED_EDGE('',*,*,#10317,.T.);
#10317 = EDGE_CURVE('',#10310,#10318,#10320,.T.);
#10318 = VERTEX_POINT('',#10319);
#10319 = CARTESIAN_POINT('',(16.652405,-17.679089,1.585));
#10320 = LINE('',#10321,#10322);
#10321 = CARTESIAN_POINT('',(16.824999,-17.622357,1.585));
#10322 = VECTOR('',#10323,1.);
#10323 = DIRECTION('',(-0.949994945594,-0.312265277202,0.));
#10324 = ORIENTED_EDGE('',*,*,#10325,.T.);
#10325 = EDGE_CURVE('',#10318,#10326,#10328,.T.);
#10326 = VERTEX_POINT('',#10327);
#10327 = CARTESIAN_POINT('',(16.392273,-17.678378,1.585));
#10328 = LINE('',#10329,#10330);
#10329 = CARTESIAN_POINT('',(16.652405,-17.679089,1.585));
#10330 = VECTOR('',#10331,1.);
#10331 = DIRECTION('',(-0.999996264754,2.733217536645E-03,0.));
#10332 = ORIENTED_EDGE('',*,*,#10333,.T.);
#10333 = EDGE_CURVE('',#10326,#10334,#10336,.T.);
#10334 = VERTEX_POINT('',#10335);
#10335 = CARTESIAN_POINT('',(16.331905,-17.604819,1.585));
#10336 = CIRCLE('',#10337,7.500074938985E-02);
#10337 = AXIS2_PLACEMENT_3D('',#10338,#10339,#10340);
#10338 = CARTESIAN_POINT('',(16.406905749388,-17.60481853389,1.585));
#10339 = DIRECTION('',(0.,0.,-1.));
#10340 = DIRECTION('',(-0.195101375752,-0.980783081614,-0.));
#10341 = ORIENTED_EDGE('',*,*,#10342,.T.);
#10342 = EDGE_CURVE('',#10334,#10235,#10343,.T.);
#10343 = LINE('',#10344,#10345);
#10344 = CARTESIAN_POINT('',(16.331905,-17.604819,1.585));
#10345 = VECTOR('',#10346,1.);
#10346 = DIRECTION('',(1.420217918158E-03,0.99999899149,0.));
#10347 = FACE_BOUND('',#10348,.F.);
#10348 = EDGE_LOOP('',(#10349,#10359,#10367,#10375,#10383,#10391,#10399,
    #10408,#10416,#10424));
#10349 = ORIENTED_EDGE('',*,*,#10350,.T.);
#10350 = EDGE_CURVE('',#10351,#10353,#10355,.T.);
#10351 = VERTEX_POINT('',#10352);
#10352 = CARTESIAN_POINT('',(16.747343,-16.71799,1.585));
#10353 = VERTEX_POINT('',#10354);
#10354 = CARTESIAN_POINT('',(16.63283,-16.679819,1.585));
#10355 = LINE('',#10356,#10357);
#10356 = CARTESIAN_POINT('',(16.747343,-16.71799,1.585));
#10357 = VECTOR('',#10358,1.);
#10358 = DIRECTION('',(-0.948683298051,0.316227766017,0.));
#10359 = ORIENTED_EDGE('',*,*,#10360,.T.);
#10360 = EDGE_CURVE('',#10353,#10361,#10363,.T.);
#10361 = VERTEX_POINT('',#10362);
#10362 = CARTESIAN_POINT('',(16.481905,-16.679819,1.585));
#10363 = LINE('',#10364,#10365);
#10364 = CARTESIAN_POINT('',(16.63283,-16.679819,1.585));
#10365 = VECTOR('',#10366,1.);
#10366 = DIRECTION('',(-1.,0.,0.));
#10367 = ORIENTED_EDGE('',*,*,#10368,.T.);
#10368 = EDGE_CURVE('',#10361,#10369,#10371,.T.);
#10369 = VERTEX_POINT('',#10370);
#10370 = CARTESIAN_POINT('',(16.481905,-17.529819,1.585));
#10371 = LINE('',#10372,#10373);
#10372 = CARTESIAN_POINT('',(16.481905,-16.679819,1.585));
#10373 = VECTOR('',#10374,1.);
#10374 = DIRECTION('',(0.,-1.,0.));
#10375 = ORIENTED_EDGE('',*,*,#10376,.T.);
#10376 = EDGE_CURVE('',#10369,#10377,#10379,.T.);
#10377 = VERTEX_POINT('',#10378);
#10378 = CARTESIAN_POINT('',(16.63283,-17.529819,1.585));
#10379 = LINE('',#10380,#10381);
#10380 = CARTESIAN_POINT('',(16.481905,-17.529819,1.585));
#10381 = VECTOR('',#10382,1.);
#10382 = DIRECTION('',(1.,0.,0.));
#10383 = ORIENTED_EDGE('',*,*,#10384,.T.);
#10384 = EDGE_CURVE('',#10377,#10385,#10387,.T.);
#10385 = VERTEX_POINT('',#10386);
#10386 = CARTESIAN_POINT('',(16.747343,-17.491647,1.585));
#10387 = LINE('',#10388,#10389);
#10388 = CARTESIAN_POINT('',(16.63283,-17.529819,1.585));
#10389 = VECTOR('',#10390,1.);
#10390 = DIRECTION('',(0.948680812677,0.31623522204,0.));
#10391 = ORIENTED_EDGE('',*,*,#10392,.T.);
#10392 = EDGE_CURVE('',#10385,#10393,#10395,.T.);
#10393 = VERTEX_POINT('',#10394);
#10394 = CARTESIAN_POINT('',(16.821455,-17.417534,1.585));
#10395 = LINE('',#10396,#10397);
#10396 = CARTESIAN_POINT('',(16.747343,-17.491647,1.585));
#10397 = VECTOR('',#10398,1.);
#10398 = DIRECTION('',(0.707102010674,0.707111551667,0.));
#10399 = ORIENTED_EDGE('',*,*,#10400,.T.);
#10400 = EDGE_CURVE('',#10393,#10401,#10403,.T.);
#10401 = VERTEX_POINT('',#10402);
#10402 = CARTESIAN_POINT('',(16.903333,-17.042624,1.585));
#10403 = CIRCLE('',#10404,0.611719141131);
#10404 = AXIS2_PLACEMENT_3D('',#10405,#10406,#10407);
#10405 = CARTESIAN_POINT('',(16.294920962242,-17.10614643649,1.585));
#10406 = DIRECTION('',(0.,0.,1.));
#10407 = DIRECTION('',(0.860744747637,-0.509036815383,0.));
#10408 = ORIENTED_EDGE('',*,*,#10409,.T.);
#10409 = EDGE_CURVE('',#10401,#10410,#10412,.T.);
#10410 = VERTEX_POINT('',#10411);
#10411 = CARTESIAN_POINT('',(16.859949,-16.86909,1.585));
#10412 = LINE('',#10413,#10414);
#10413 = CARTESIAN_POINT('',(16.903333,-17.042624,1.585));
#10414 = VECTOR('',#10415,1.);
#10415 = DIRECTION('',(-0.242538255859,0.970141842436,0.));
#10416 = ORIENTED_EDGE('',*,*,#10417,.T.);
#10417 = EDGE_CURVE('',#10410,#10418,#10420,.T.);
#10418 = VERTEX_POINT('',#10419);
#10419 = CARTESIAN_POINT('',(16.821456,-16.792103,1.585));
#10420 = LINE('',#10421,#10422);
#10421 = CARTESIAN_POINT('',(16.859949,-16.86909,1.585));
#10422 = VECTOR('',#10423,1.);
#10423 = DIRECTION('',(-0.447208948322,0.894429514574,0.));
#10424 = ORIENTED_EDGE('',*,*,#10425,.T.);
#10425 = EDGE_CURVE('',#10418,#10351,#10426,.T.);
#10426 = LINE('',#10427,#10428);
#10427 = CARTESIAN_POINT('',(16.821456,-16.792103,1.585));
#10428 = VECTOR('',#10429,1.);
#10429 = DIRECTION('',(-0.707106781187,0.707106781187,0.));
#10430 = PLANE('',#10431);
#10431 = AXIS2_PLACEMENT_3D('',#10432,#10433,#10434);
#10432 = CARTESIAN_POINT('',(0.,0.,1.585));
#10433 = DIRECTION('',(0.,0.,1.));
#10434 = DIRECTION('',(1.,0.,-0.));
#10435 = SHELL_BASED_SURFACE_MODEL('',(#10436));
#10436 = OPEN_SHELL('',(#10437));
#10437 = ADVANCED_FACE('',(#10438),#10605,.T.);
#10438 = FACE_BOUND('',#10439,.F.);
#10439 = EDGE_LOOP('',(#10440,#10450,#10458,#10467,#10475,#10483,#10492,
    #10500,#10508,#10517,#10525,#10533,#10542,#10550,#10558,#10566,
    #10574,#10583,#10591,#10599));
#10440 = ORIENTED_EDGE('',*,*,#10441,.T.);
#10441 = EDGE_CURVE('',#10442,#10444,#10446,.T.);
#10442 = VERTEX_POINT('',#10443);
#10443 = CARTESIAN_POINT('',(17.591912,-16.551841,1.585));
#10444 = VERTEX_POINT('',#10445);
#10445 = CARTESIAN_POINT('',(17.630368,-16.53126,1.585));
#10446 = LINE('',#10447,#10448);
#10447 = CARTESIAN_POINT('',(17.591912,-16.551841,1.585));
#10448 = VECTOR('',#10449,1.);
#10449 = DIRECTION('',(0.881674852639,0.471857451169,0.));
#10450 = ORIENTED_EDGE('',*,*,#10451,.T.);
#10451 = EDGE_CURVE('',#10444,#10452,#10454,.T.);
#10452 = VERTEX_POINT('',#10453);
#10453 = CARTESIAN_POINT('',(17.652205,-16.53126,1.585));
#10454 = LINE('',#10455,#10456);
#10455 = CARTESIAN_POINT('',(17.630368,-16.53126,1.585));
#10456 = VECTOR('',#10457,1.);
#10457 = DIRECTION('',(1.,0.,0.));
#10458 = ORIENTED_EDGE('',*,*,#10459,.T.);
#10459 = EDGE_CURVE('',#10452,#10460,#10462,.T.);
#10460 = VERTEX_POINT('',#10461);
#10461 = CARTESIAN_POINT('',(17.72,-16.604819,1.585));
#10462 = CIRCLE('',#10463,7.216898094227E-02);
#10463 = AXIS2_PLACEMENT_3D('',#10464,#10465,#10466);
#10464 = CARTESIAN_POINT('',(17.647847063893,-16.60329728342,1.585));
#10465 = DIRECTION('',(0.,0.,-1.));
#10466 = DIRECTION('',(6.038516895256E-02,0.998175150648,0.));
#10467 = ORIENTED_EDGE('',*,*,#10468,.T.);
#10468 = EDGE_CURVE('',#10460,#10469,#10471,.T.);
#10469 = VERTEX_POINT('',#10470);
#10470 = CARTESIAN_POINT('',(17.72,-17.529819,1.585));
#10471 = LINE('',#10472,#10473);
#10472 = CARTESIAN_POINT('',(17.72,-16.604819,1.585));
#10473 = VECTOR('',#10474,1.);
#10474 = DIRECTION('',(0.,-1.,0.));
#10475 = ORIENTED_EDGE('',*,*,#10476,.T.);
#10476 = EDGE_CURVE('',#10469,#10477,#10479,.T.);
#10477 = VERTEX_POINT('',#10478);
#10478 = CARTESIAN_POINT('',(17.945346,-17.53126,1.585));
#10479 = LINE('',#10480,#10481);
#10480 = CARTESIAN_POINT('',(17.72,-17.529819,1.585));
#10481 = VECTOR('',#10482,1.);
#10482 = DIRECTION('',(0.999979555102,-6.394480216655E-03,0.));
#10483 = ORIENTED_EDGE('',*,*,#10484,.T.);
#10484 = EDGE_CURVE('',#10477,#10485,#10487,.T.);
#10485 = VERTEX_POINT('',#10486);
#10486 = CARTESIAN_POINT('',(17.972382,-17.667179,1.585));
#10487 = CIRCLE('',#10488,7.499998360398E-02);
#10488 = AXIS2_PLACEMENT_3D('',#10489,#10490,#10491);
#10489 = CARTESIAN_POINT('',(17.930714138135,-17.60481886186,1.585));
#10490 = DIRECTION('',(0.,0.,-1.));
#10491 = DIRECTION('',(0.19509153419,0.980785039286,0.));
#10492 = ORIENTED_EDGE('',*,*,#10493,.T.);
#10493 = EDGE_CURVE('',#10485,#10494,#10496,.T.);
#10494 = VERTEX_POINT('',#10495);
#10495 = CARTESIAN_POINT('',(17.948577,-17.674399,1.585));
#10496 = LINE('',#10497,#10498);
#10497 = CARTESIAN_POINT('',(17.972382,-17.667179,1.585));
#10498 = VECTOR('',#10499,1.);
#10499 = DIRECTION('',(-0.956953375477,-0.2902416875,0.));
#10500 = ORIENTED_EDGE('',*,*,#10501,.T.);
#10501 = EDGE_CURVE('',#10494,#10502,#10504,.T.);
#10502 = VERTEX_POINT('',#10503);
#10503 = CARTESIAN_POINT('',(17.946294,-17.668886,1.585));
#10504 = LINE('',#10505,#10506);
#10505 = CARTESIAN_POINT('',(17.948577,-17.674399,1.585));
#10506 = VECTOR('',#10507,1.);
#10507 = DIRECTION('',(-0.382603415766,0.923912672413,0.));
#10508 = ORIENTED_EDGE('',*,*,#10509,.T.);
#10509 = EDGE_CURVE('',#10502,#10510,#10512,.T.);
#10510 = VERTEX_POINT('',#10511);
#10511 = CARTESIAN_POINT('',(17.613706,-17.668886,1.585));
#10512 = CIRCLE('',#10513,0.200000086808);
#10513 = AXIS2_PLACEMENT_3D('',#10514,#10515,#10516);
#10514 = CARTESIAN_POINT('',(17.78,-17.7800000868,1.585));
#10515 = DIRECTION('',(0.,0.,1.));
#10516 = DIRECTION('',(0.83146963911,0.5555701929,-0.));
#10517 = ORIENTED_EDGE('',*,*,#10518,.T.);
#10518 = EDGE_CURVE('',#10510,#10519,#10521,.T.);
#10519 = VERTEX_POINT('',#10520);
#10520 = CARTESIAN_POINT('',(17.609504,-17.679029,1.585));
#10521 = LINE('',#10522,#10523);
#10522 = CARTESIAN_POINT('',(17.613706,-17.668886,1.585));
#10523 = VECTOR('',#10524,1.);
#10524 = DIRECTION('',(-0.382732553706,-0.923859184256,0.));
#10525 = ORIENTED_EDGE('',*,*,#10526,.T.);
#10526 = EDGE_CURVE('',#10519,#10527,#10529,.T.);
#10527 = VERTEX_POINT('',#10528);
#10528 = CARTESIAN_POINT('',(17.344654,-17.678378,1.585));
#10529 = LINE('',#10530,#10531);
#10530 = CARTESIAN_POINT('',(17.609504,-17.679029,1.585));
#10531 = VECTOR('',#10532,1.);
#10532 = DIRECTION('',(-0.999996979144,2.457987666316E-03,0.));
#10533 = ORIENTED_EDGE('',*,*,#10534,.T.);
#10534 = EDGE_CURVE('',#10527,#10535,#10537,.T.);
#10535 = VERTEX_POINT('',#10536);
#10536 = CARTESIAN_POINT('',(17.359286,-17.529819,1.585));
#10537 = CIRCLE('',#10538,7.500006711464E-02);
#10538 = AXIS2_PLACEMENT_3D('',#10539,#10540,#10541);
#10539 = CARTESIAN_POINT('',(17.359285932885,-17.60481906711,1.585));
#10540 = DIRECTION('',(0.,0.,-1.));
#10541 = DIRECTION('',(-0.195092263891,-0.980784894138,-0.));
#10542 = ORIENTED_EDGE('',*,*,#10543,.T.);
#10543 = EDGE_CURVE('',#10535,#10544,#10546,.T.);
#10544 = VERTEX_POINT('',#10545);
#10545 = CARTESIAN_POINT('',(17.57,-17.529819,1.585));
#10546 = LINE('',#10547,#10548);
#10547 = CARTESIAN_POINT('',(17.359286,-17.529819,1.585));
#10548 = VECTOR('',#10549,1.);
#10549 = DIRECTION('',(1.,0.,0.));
#10550 = ORIENTED_EDGE('',*,*,#10551,.T.);
#10551 = EDGE_CURVE('',#10544,#10552,#10554,.T.);
#10552 = VERTEX_POINT('',#10553);
#10553 = CARTESIAN_POINT('',(17.57,-16.833504,1.585));
#10554 = LINE('',#10555,#10556);
#10555 = CARTESIAN_POINT('',(17.57,-17.529819,1.585));
#10556 = VECTOR('',#10557,1.);
#10557 = DIRECTION('',(0.,1.,0.));
#10558 = ORIENTED_EDGE('',*,*,#10559,.T.);
#10559 = EDGE_CURVE('',#10552,#10560,#10562,.T.);
#10560 = VERTEX_POINT('',#10561);
#10561 = CARTESIAN_POINT('',(17.494364,-16.906031,1.585));
#10562 = LINE('',#10563,#10564);
#10563 = CARTESIAN_POINT('',(17.57,-16.833504,1.585));
#10564 = VECTOR('',#10565,1.);
#10565 = DIRECTION('',(-0.721785571396,-0.692116745156,0.));
#10566 = ORIENTED_EDGE('',*,*,#10567,.T.);
#10567 = EDGE_CURVE('',#10560,#10568,#10570,.T.);
#10568 = VERTEX_POINT('',#10569);
#10569 = CARTESIAN_POINT('',(17.379095,-16.96287,1.585));
#10570 = LINE('',#10571,#10572);
#10571 = CARTESIAN_POINT('',(17.494364,-16.906031,1.585));
#10572 = VECTOR('',#10573,1.);
#10573 = DIRECTION('',(-0.896889346494,-0.442255017094,0.));
#10574 = ORIENTED_EDGE('',*,*,#10575,.T.);
#10575 = EDGE_CURVE('',#10568,#10576,#10578,.T.);
#10576 = VERTEX_POINT('',#10577);
#10577 = CARTESIAN_POINT('',(17.325745,-16.823451,1.585));
#10578 = CIRCLE('',#10579,7.500005272361E-02);
#10579 = AXIS2_PLACEMENT_3D('',#10580,#10581,#10582);
#10580 = CARTESIAN_POINT('',(17.35928555676,-16.89053332972,1.585));
#10581 = DIRECTION('',(0.,0.,-1.));
#10582 = DIRECTION('',(0.264125724196,-0.964488259036,0.));
#10583 = ORIENTED_EDGE('',*,*,#10584,.T.);
#10584 = EDGE_CURVE('',#10576,#10585,#10587,.T.);
#10585 = VERTEX_POINT('',#10586);
#10586 = CARTESIAN_POINT('',(17.410097,-16.781275,1.585));
#10587 = LINE('',#10588,#10589);
#10588 = CARTESIAN_POINT('',(17.325745,-16.823451,1.585));
#10589 = VECTOR('',#10590,1.);
#10590 = DIRECTION('',(0.894427191,0.4472135955,0.));
#10591 = ORIENTED_EDGE('',*,*,#10592,.T.);
#10592 = EDGE_CURVE('',#10585,#10593,#10595,.T.);
#10593 = VERTEX_POINT('',#10594);
#10594 = CARTESIAN_POINT('',(17.491476,-16.699896,1.585));
#10595 = LINE('',#10596,#10597);
#10596 = CARTESIAN_POINT('',(17.410097,-16.781275,1.585));
#10597 = VECTOR('',#10598,1.);
#10598 = DIRECTION('',(0.707106781187,0.707106781187,0.));
#10599 = ORIENTED_EDGE('',*,*,#10600,.T.);
#10600 = EDGE_CURVE('',#10593,#10442,#10601,.T.);
#10601 = LINE('',#10602,#10603);
#10602 = CARTESIAN_POINT('',(17.491476,-16.699896,1.585));
#10603 = VECTOR('',#10604,1.);
#10604 = DIRECTION('',(0.561387006404,0.82755339951,0.));
#10605 = PLANE('',#10606);
#10606 = AXIS2_PLACEMENT_3D('',#10607,#10608,#10609);
#10607 = CARTESIAN_POINT('',(0.,0.,1.585));
#10608 = DIRECTION('',(0.,0.,1.));
#10609 = DIRECTION('',(1.,0.,-0.));
#10610 = SHELL_BASED_SURFACE_MODEL('',(#10611));
#10611 = OPEN_SHELL('',(#10612));
#10612 = ADVANCED_FACE('',(#10613),#10699,.T.);
#10613 = FACE_BOUND('',#10614,.F.);
#10614 = EDGE_LOOP('',(#10615,#10626,#10634,#10643,#10651,#10659,#10667,
    #10676,#10684,#10693));
#10615 = ORIENTED_EDGE('',*,*,#10616,.T.);
#10616 = EDGE_CURVE('',#10617,#10619,#10621,.T.);
#10617 = VERTEX_POINT('',#10618);
#10618 = CARTESIAN_POINT('',(3.015,-9.485,1.585));
#10619 = VERTEX_POINT('',#10620);
#10620 = CARTESIAN_POINT('',(3.075,-9.425,1.585));
#10621 = CIRCLE('',#10622,5.99993201626E-02);
#10622 = AXIS2_PLACEMENT_3D('',#10623,#10624,#10625);
#10623 = CARTESIAN_POINT('',(3.074999320159,-9.484999320159,1.585));
#10624 = DIRECTION('',(0.,0.,-1.));
#10625 = DIRECTION('',(-0.999999999936,-1.133081591418E-05,-0.));
#10626 = ORIENTED_EDGE('',*,*,#10627,.T.);
#10627 = EDGE_CURVE('',#10619,#10628,#10630,.T.);
#10628 = VERTEX_POINT('',#10629);
#10629 = CARTESIAN_POINT('',(3.412,-9.425,1.585));
#10630 = LINE('',#10631,#10632);
#10631 = CARTESIAN_POINT('',(3.075,-9.425,1.585));
#10632 = VECTOR('',#10633,1.);
#10633 = DIRECTION('',(1.,0.,0.));
#10634 = ORIENTED_EDGE('',*,*,#10635,.T.);
#10635 = EDGE_CURVE('',#10628,#10636,#10638,.T.);
#10636 = VERTEX_POINT('',#10637);
#10637 = CARTESIAN_POINT('',(3.412,-9.545,1.585));
#10638 = CIRCLE('',#10639,6.000000000042E-02);
#10639 = AXIS2_PLACEMENT_3D('',#10640,#10641,#10642);
#10640 = CARTESIAN_POINT('',(3.412000225588,-9.485,1.585));
#10641 = DIRECTION('',(0.,0.,-1.));
#10642 = DIRECTION('',(-3.759794127859E-06,0.999999999993,-0.));
#10643 = ORIENTED_EDGE('',*,*,#10644,.T.);
#10644 = EDGE_CURVE('',#10636,#10645,#10647,.T.);
#10645 = VERTEX_POINT('',#10646);
#10646 = CARTESIAN_POINT('',(3.135,-9.545,1.585));
#10647 = LINE('',#10648,#10649);
#10648 = CARTESIAN_POINT('',(3.412,-9.545,1.585));
#10649 = VECTOR('',#10650,1.);
#10650 = DIRECTION('',(-1.,0.,0.));
#10651 = ORIENTED_EDGE('',*,*,#10652,.T.);
#10652 = EDGE_CURVE('',#10645,#10653,#10655,.T.);
#10653 = VERTEX_POINT('',#10654);
#10654 = CARTESIAN_POINT('',(3.135,-14.665,1.585));
#10655 = LINE('',#10656,#10657);
#10656 = CARTESIAN_POINT('',(3.135,-9.545,1.585));
#10657 = VECTOR('',#10658,1.);
#10658 = DIRECTION('',(0.,-1.,0.));
#10659 = ORIENTED_EDGE('',*,*,#10660,.T.);
#10660 = EDGE_CURVE('',#10653,#10661,#10663,.T.);
#10661 = VERTEX_POINT('',#10662);
#10662 = CARTESIAN_POINT('',(3.412,-14.665,1.585));
#10663 = LINE('',#10664,#10665);
#10664 = CARTESIAN_POINT('',(3.135,-14.665,1.585));
#10665 = VECTOR('',#10666,1.);
#10666 = DIRECTION('',(1.,0.,0.));
#10667 = ORIENTED_EDGE('',*,*,#10668,.T.);
#10668 = EDGE_CURVE('',#10661,#10669,#10671,.T.);
#10669 = VERTEX_POINT('',#10670);
#10670 = CARTESIAN_POINT('',(3.412,-14.785,1.585));
#10671 = CIRCLE('',#10672,6.000000000042E-02);
#10672 = AXIS2_PLACEMENT_3D('',#10673,#10674,#10675);
#10673 = CARTESIAN_POINT('',(3.412000225588,-14.725,1.585));
#10674 = DIRECTION('',(0.,0.,-1.));
#10675 = DIRECTION('',(-3.759794105654E-06,0.999999999993,-0.));
#10676 = ORIENTED_EDGE('',*,*,#10677,.T.);
#10677 = EDGE_CURVE('',#10669,#10678,#10680,.T.);
#10678 = VERTEX_POINT('',#10679);
#10679 = CARTESIAN_POINT('',(3.075,-14.785,1.585));
#10680 = LINE('',#10681,#10682);
#10681 = CARTESIAN_POINT('',(3.412,-14.785,1.585));
#10682 = VECTOR('',#10683,1.);
#10683 = DIRECTION('',(-1.,0.,0.));
#10684 = ORIENTED_EDGE('',*,*,#10685,.T.);
#10685 = EDGE_CURVE('',#10678,#10686,#10688,.T.);
#10686 = VERTEX_POINT('',#10687);
#10687 = CARTESIAN_POINT('',(3.015,-14.725,1.585));
#10688 = CIRCLE('',#10689,5.99993201626E-02);
#10689 = AXIS2_PLACEMENT_3D('',#10690,#10691,#10692);
#10690 = CARTESIAN_POINT('',(3.074999320159,-14.72500067984,1.585));
#10691 = DIRECTION('',(0.,0.,-1.));
#10692 = DIRECTION('',(1.133081594379E-05,-0.999999999936,0.));
#10693 = ORIENTED_EDGE('',*,*,#10694,.T.);
#10694 = EDGE_CURVE('',#10686,#10617,#10695,.T.);
#10695 = LINE('',#10696,#10697);
#10696 = CARTESIAN_POINT('',(3.015,-14.725,1.585));
#10697 = VECTOR('',#10698,1.);
#10698 = DIRECTION('',(0.,1.,0.));
#10699 = PLANE('',#10700);
#10700 = AXIS2_PLACEMENT_3D('',#10701,#10702,#10703);
#10701 = CARTESIAN_POINT('',(0.,0.,1.585));
#10702 = DIRECTION('',(0.,0.,1.));
#10703 = DIRECTION('',(1.,0.,-0.));
#10704 = SHELL_BASED_SURFACE_MODEL('',(#10705));
#10705 = OPEN_SHELL('',(#10706));
#10706 = ADVANCED_FACE('',(#10707),#10793,.T.);
#10707 = FACE_BOUND('',#10708,.F.);
#10708 = EDGE_LOOP('',(#10709,#10720,#10728,#10737,#10745,#10754,#10762,
    #10771,#10779,#10787));
#10709 = ORIENTED_EDGE('',*,*,#10710,.T.);
#10710 = EDGE_CURVE('',#10711,#10713,#10715,.T.);
#10711 = VERTEX_POINT('',#10712);
#10712 = CARTESIAN_POINT('',(5.478,-9.545,1.585));
#10713 = VERTEX_POINT('',#10714);
#10714 = CARTESIAN_POINT('',(5.478,-9.425,1.585));
#10715 = CIRCLE('',#10716,6.000000000042E-02);
#10716 = AXIS2_PLACEMENT_3D('',#10717,#10718,#10719);
#10717 = CARTESIAN_POINT('',(5.477999774412,-9.485,1.585));
#10718 = DIRECTION('',(0.,0.,-1.));
#10719 = DIRECTION('',(3.759794105654E-06,-0.999999999993,0.));
#10720 = ORIENTED_EDGE('',*,*,#10721,.T.);
#10721 = EDGE_CURVE('',#10713,#10722,#10724,.T.);
#10722 = VERTEX_POINT('',#10723);
#10723 = CARTESIAN_POINT('',(5.815,-9.425,1.585));
#10724 = LINE('',#10725,#10726);
#10725 = CARTESIAN_POINT('',(5.478,-9.425,1.585));
#10726 = VECTOR('',#10727,1.);
#10727 = DIRECTION('',(1.,0.,0.));
#10728 = ORIENTED_EDGE('',*,*,#10729,.T.);
#10729 = EDGE_CURVE('',#10722,#10730,#10732,.T.);
#10730 = VERTEX_POINT('',#10731);
#10731 = CARTESIAN_POINT('',(5.875,-9.485,1.585));
#10732 = CIRCLE('',#10733,5.99993201626E-02);
#10733 = AXIS2_PLACEMENT_3D('',#10734,#10735,#10736);
#10734 = CARTESIAN_POINT('',(5.815000679841,-9.484999320159,1.585));
#10735 = DIRECTION('',(0.,0.,-1.));
#10736 = DIRECTION('',(-1.133081594379E-05,0.999999999936,0.));
#10737 = ORIENTED_EDGE('',*,*,#10738,.T.);
#10738 = EDGE_CURVE('',#10730,#10739,#10741,.T.);
#10739 = VERTEX_POINT('',#10740);
#10740 = CARTESIAN_POINT('',(5.875,-14.725,1.585));
#10741 = LINE('',#10742,#10743);
#10742 = CARTESIAN_POINT('',(5.875,-9.485,1.585));
#10743 = VECTOR('',#10744,1.);
#10744 = DIRECTION('',(0.,-1.,0.));
#10745 = ORIENTED_EDGE('',*,*,#10746,.T.);
#10746 = EDGE_CURVE('',#10739,#10747,#10749,.T.);
#10747 = VERTEX_POINT('',#10748);
#10748 = CARTESIAN_POINT('',(5.815,-14.785,1.585));
#10749 = CIRCLE('',#10750,5.99993201626E-02);
#10750 = AXIS2_PLACEMENT_3D('',#10751,#10752,#10753);
#10751 = CARTESIAN_POINT('',(5.815000679841,-14.72500067984,1.585));
#10752 = DIRECTION('',(0.,0.,-1.));
#10753 = DIRECTION('',(0.999999999936,1.133081591418E-05,0.));
#10754 = ORIENTED_EDGE('',*,*,#10755,.T.);
#10755 = EDGE_CURVE('',#10747,#10756,#10758,.T.);
#10756 = VERTEX_POINT('',#10757);
#10757 = CARTESIAN_POINT('',(5.478,-14.785,1.585));
#10758 = LINE('',#10759,#10760);
#10759 = CARTESIAN_POINT('',(5.815,-14.785,1.585));
#10760 = VECTOR('',#10761,1.);
#10761 = DIRECTION('',(-1.,0.,0.));
#10762 = ORIENTED_EDGE('',*,*,#10763,.T.);
#10763 = EDGE_CURVE('',#10756,#10764,#10766,.T.);
#10764 = VERTEX_POINT('',#10765);
#10765 = CARTESIAN_POINT('',(5.478,-14.665,1.585));
#10766 = CIRCLE('',#10767,6.000000000042E-02);
#10767 = AXIS2_PLACEMENT_3D('',#10768,#10769,#10770);
#10768 = CARTESIAN_POINT('',(5.477999774412,-14.725,1.585));
#10769 = DIRECTION('',(0.,0.,-1.));
#10770 = DIRECTION('',(3.759794105654E-06,-0.999999999993,0.));
#10771 = ORIENTED_EDGE('',*,*,#10772,.T.);
#10772 = EDGE_CURVE('',#10764,#10773,#10775,.T.);
#10773 = VERTEX_POINT('',#10774);
#10774 = CARTESIAN_POINT('',(5.755,-14.665,1.585));
#10775 = LINE('',#10776,#10777);
#10776 = CARTESIAN_POINT('',(5.478,-14.665,1.585));
#10777 = VECTOR('',#10778,1.);
#10778 = DIRECTION('',(1.,0.,0.));
#10779 = ORIENTED_EDGE('',*,*,#10780,.T.);
#10780 = EDGE_CURVE('',#10773,#10781,#10783,.T.);
#10781 = VERTEX_POINT('',#10782);
#10782 = CARTESIAN_POINT('',(5.755,-9.545,1.585));
#10783 = LINE('',#10784,#10785);
#10784 = CARTESIAN_POINT('',(5.755,-14.665,1.585));
#10785 = VECTOR('',#10786,1.);
#10786 = DIRECTION('',(0.,1.,0.));
#10787 = ORIENTED_EDGE('',*,*,#10788,.T.);
#10788 = EDGE_CURVE('',#10781,#10711,#10789,.T.);
#10789 = LINE('',#10790,#10791);
#10790 = CARTESIAN_POINT('',(5.755,-9.545,1.585));
#10791 = VECTOR('',#10792,1.);
#10792 = DIRECTION('',(-1.,0.,0.));
#10793 = PLANE('',#10794);
#10794 = AXIS2_PLACEMENT_3D('',#10795,#10796,#10797);
#10795 = CARTESIAN_POINT('',(0.,0.,1.585));
#10796 = DIRECTION('',(0.,0.,1.));
#10797 = DIRECTION('',(1.,0.,-0.));
#10798 = SHELL_BASED_SURFACE_MODEL('',(#10799));
#10799 = OPEN_SHELL('',(#10800));
#10800 = ADVANCED_FACE('',(#10801),#10869,.T.);
#10801 = FACE_BOUND('',#10802,.F.);
#10802 = EDGE_LOOP('',(#10803,#10814,#10822,#10830,#10838,#10846,#10854,
    #10863));
#10803 = ORIENTED_EDGE('',*,*,#10804,.T.);
#10804 = EDGE_CURVE('',#10805,#10807,#10809,.T.);
#10805 = VERTEX_POINT('',#10806);
#10806 = CARTESIAN_POINT('',(7.52,-14.76,1.585));
#10807 = VERTEX_POINT('',#10808);
#10808 = CARTESIAN_POINT('',(7.46,-14.7,1.585));
#10809 = CIRCLE('',#10810,5.99993201626E-02);
#10810 = AXIS2_PLACEMENT_3D('',#10811,#10812,#10813);
#10811 = CARTESIAN_POINT('',(7.519999320159,-14.70000067984,1.585));
#10812 = DIRECTION('',(0.,0.,-1.));
#10813 = DIRECTION('',(1.133081591418E-05,-0.999999999936,0.));
#10814 = ORIENTED_EDGE('',*,*,#10815,.T.);
#10815 = EDGE_CURVE('',#10807,#10816,#10818,.T.);
#10816 = VERTEX_POINT('',#10817);
#10817 = CARTESIAN_POINT('',(7.46,-12.817408,1.585));
#10818 = LINE('',#10819,#10820);
#10819 = CARTESIAN_POINT('',(7.46,-14.7,1.585));
#10820 = VECTOR('',#10821,1.);
#10821 = DIRECTION('',(0.,1.,0.));
#10822 = ORIENTED_EDGE('',*,*,#10823,.T.);
#10823 = EDGE_CURVE('',#10816,#10824,#10826,.T.);
#10824 = VERTEX_POINT('',#10825);
#10825 = CARTESIAN_POINT('',(7.508886,-12.866294,1.585));
#10826 = LINE('',#10827,#10828);
#10827 = CARTESIAN_POINT('',(7.46,-12.817408,1.585));
#10828 = VECTOR('',#10829,1.);
#10829 = DIRECTION('',(0.707106781187,-0.707106781187,0.));
#10830 = ORIENTED_EDGE('',*,*,#10831,.T.);
#10831 = EDGE_CURVE('',#10824,#10832,#10834,.T.);
#10832 = VERTEX_POINT('',#10833);
#10833 = CARTESIAN_POINT('',(7.58,-12.89575,1.585));
#10834 = LINE('',#10835,#10836);
#10835 = CARTESIAN_POINT('',(7.508886,-12.866294,1.585));
#10836 = VECTOR('',#10837,1.);
#10837 = DIRECTION('',(0.923881292961,-0.382679182235,0.));
#10838 = ORIENTED_EDGE('',*,*,#10839,.T.);
#10839 = EDGE_CURVE('',#10832,#10840,#10842,.T.);
#10840 = VERTEX_POINT('',#10841);
#10841 = CARTESIAN_POINT('',(7.58,-14.64,1.585));
#10842 = LINE('',#10843,#10844);
#10843 = CARTESIAN_POINT('',(7.58,-12.89575,1.585));
#10844 = VECTOR('',#10845,1.);
#10845 = DIRECTION('',(0.,-1.,0.));
#10846 = ORIENTED_EDGE('',*,*,#10847,.T.);
#10847 = EDGE_CURVE('',#10840,#10848,#10850,.T.);
#10848 = VERTEX_POINT('',#10849);
#10849 = CARTESIAN_POINT('',(7.85,-14.64,1.585));
#10850 = LINE('',#10851,#10852);
#10851 = CARTESIAN_POINT('',(7.58,-14.64,1.585));
#10852 = VECTOR('',#10853,1.);
#10853 = DIRECTION('',(1.,0.,0.));
#10854 = ORIENTED_EDGE('',*,*,#10855,.T.);
#10855 = EDGE_CURVE('',#10848,#10856,#10858,.T.);
#10856 = VERTEX_POINT('',#10857);
#10857 = CARTESIAN_POINT('',(7.85,-14.76,1.585));
#10858 = CIRCLE('',#10859,6.000000000042E-02);
#10859 = AXIS2_PLACEMENT_3D('',#10860,#10861,#10862);
#10860 = CARTESIAN_POINT('',(7.850000225588,-14.7,1.585));
#10861 = DIRECTION('',(0.,0.,-1.));
#10862 = DIRECTION('',(-3.75979413526E-06,0.999999999993,-0.));
#10863 = ORIENTED_EDGE('',*,*,#10864,.T.);
#10864 = EDGE_CURVE('',#10856,#10805,#10865,.T.);
#10865 = LINE('',#10866,#10867);
#10866 = CARTESIAN_POINT('',(7.85,-14.76,1.585));
#10867 = VECTOR('',#10868,1.);
#10868 = DIRECTION('',(-1.,0.,0.));
#10869 = PLANE('',#10870);
#10870 = AXIS2_PLACEMENT_3D('',#10871,#10872,#10873);
#10871 = CARTESIAN_POINT('',(0.,0.,1.585));
#10872 = DIRECTION('',(0.,0.,1.));
#10873 = DIRECTION('',(1.,0.,-0.));
#10874 = SHELL_BASED_SURFACE_MODEL('',(#10875));
#10875 = OPEN_SHELL('',(#10876));
#10876 = ADVANCED_FACE('',(#10877),#10963,.T.);
#10877 = FACE_BOUND('',#10878,.F.);
#10878 = EDGE_LOOP('',(#10879,#10890,#10898,#10907,#10915,#10924,#10932,
    #10941,#10949,#10957));
#10879 = ORIENTED_EDGE('',*,*,#10880,.T.);
#10880 = EDGE_CURVE('',#10881,#10883,#10885,.T.);
#10881 = VERTEX_POINT('',#10882);
#10882 = CARTESIAN_POINT('',(9.93,-8.22,1.585));
#10883 = VERTEX_POINT('',#10884);
#10884 = CARTESIAN_POINT('',(9.93,-8.1,1.585));
#10885 = CIRCLE('',#10886,6.000000000042E-02);
#10886 = AXIS2_PLACEMENT_3D('',#10887,#10888,#10889);
#10887 = CARTESIAN_POINT('',(9.929999774412,-8.16,1.585));
#10888 = DIRECTION('',(0.,0.,-1.));
#10889 = DIRECTION('',(3.759794105654E-06,-0.999999999993,0.));
#10890 = ORIENTED_EDGE('',*,*,#10891,.T.);
#10891 = EDGE_CURVE('',#10883,#10892,#10894,.T.);
#10892 = VERTEX_POINT('',#10893);
#10893 = CARTESIAN_POINT('',(10.26,-8.1,1.585));
#10894 = LINE('',#10895,#10896);
#10895 = CARTESIAN_POINT('',(9.93,-8.1,1.585));
#10896 = VECTOR('',#10897,1.);
#10897 = DIRECTION('',(1.,0.,0.));
#10898 = ORIENTED_EDGE('',*,*,#10899,.T.);
#10899 = EDGE_CURVE('',#10892,#10900,#10902,.T.);
#10900 = VERTEX_POINT('',#10901);
#10901 = CARTESIAN_POINT('',(10.32,-8.16,1.585));
#10902 = CIRCLE('',#10903,5.99993201626E-02);
#10903 = AXIS2_PLACEMENT_3D('',#10904,#10905,#10906);
#10904 = CARTESIAN_POINT('',(10.260000679841,-8.159999320159,1.585));
#10905 = DIRECTION('',(0.,0.,-1.));
#10906 = DIRECTION('',(-1.133081591418E-05,0.999999999936,0.));
#10907 = ORIENTED_EDGE('',*,*,#10908,.T.);
#10908 = EDGE_CURVE('',#10900,#10909,#10911,.T.);
#10909 = VERTEX_POINT('',#10910);
#10910 = CARTESIAN_POINT('',(10.32,-14.7,1.585));
#10911 = LINE('',#10912,#10913);
#10912 = CARTESIAN_POINT('',(10.32,-8.16,1.585));
#10913 = VECTOR('',#10914,1.);
#10914 = DIRECTION('',(0.,-1.,0.));
#10915 = ORIENTED_EDGE('',*,*,#10916,.T.);
#10916 = EDGE_CURVE('',#10909,#10917,#10919,.T.);
#10917 = VERTEX_POINT('',#10918);
#10918 = CARTESIAN_POINT('',(10.26,-14.76,1.585));
#10919 = CIRCLE('',#10920,5.99993201626E-02);
#10920 = AXIS2_PLACEMENT_3D('',#10921,#10922,#10923);
#10921 = CARTESIAN_POINT('',(10.260000679841,-14.70000067984,1.585));
#10922 = DIRECTION('',(0.,0.,-1.));
#10923 = DIRECTION('',(0.999999999936,1.133081597339E-05,0.));
#10924 = ORIENTED_EDGE('',*,*,#10925,.T.);
#10925 = EDGE_CURVE('',#10917,#10926,#10928,.T.);
#10926 = VERTEX_POINT('',#10927);
#10927 = CARTESIAN_POINT('',(9.93,-14.76,1.585));
#10928 = LINE('',#10929,#10930);
#10929 = CARTESIAN_POINT('',(10.26,-14.76,1.585));
#10930 = VECTOR('',#10931,1.);
#10931 = DIRECTION('',(-1.,0.,0.));
#10932 = ORIENTED_EDGE('',*,*,#10933,.T.);
#10933 = EDGE_CURVE('',#10926,#10934,#10936,.T.);
#10934 = VERTEX_POINT('',#10935);
#10935 = CARTESIAN_POINT('',(9.93,-14.64,1.585));
#10936 = CIRCLE('',#10937,6.000000000042E-02);
#10937 = AXIS2_PLACEMENT_3D('',#10938,#10939,#10940);
#10938 = CARTESIAN_POINT('',(9.929999774412,-14.7,1.585));
#10939 = DIRECTION('',(0.,0.,-1.));
#10940 = DIRECTION('',(3.759794105654E-06,-0.999999999993,0.));
#10941 = ORIENTED_EDGE('',*,*,#10942,.T.);
#10942 = EDGE_CURVE('',#10934,#10943,#10945,.T.);
#10943 = VERTEX_POINT('',#10944);
#10944 = CARTESIAN_POINT('',(10.2,-14.64,1.585));
#10945 = LINE('',#10946,#10947);
#10946 = CARTESIAN_POINT('',(9.93,-14.64,1.585));
#10947 = VECTOR('',#10948,1.);
#10948 = DIRECTION('',(1.,0.,0.));
#10949 = ORIENTED_EDGE('',*,*,#10950,.T.);
#10950 = EDGE_CURVE('',#10943,#10951,#10953,.T.);
#10951 = VERTEX_POINT('',#10952);
#10952 = CARTESIAN_POINT('',(10.2,-8.22,1.585));
#10953 = LINE('',#10954,#10955);
#10954 = CARTESIAN_POINT('',(10.2,-14.64,1.585));
#10955 = VECTOR('',#10956,1.);
#10956 = DIRECTION('',(0.,1.,0.));
#10957 = ORIENTED_EDGE('',*,*,#10958,.T.);
#10958 = EDGE_CURVE('',#10951,#10881,#10959,.T.);
#10959 = LINE('',#10960,#10961);
#10960 = CARTESIAN_POINT('',(10.2,-8.22,1.585));
#10961 = VECTOR('',#10962,1.);
#10962 = DIRECTION('',(-1.,0.,0.));
#10963 = PLANE('',#10964);
#10964 = AXIS2_PLACEMENT_3D('',#10965,#10966,#10967);
#10965 = CARTESIAN_POINT('',(0.,0.,1.585));
#10966 = DIRECTION('',(0.,0.,1.));
#10967 = DIRECTION('',(1.,0.,-0.));
#10968 = SHELL_BASED_SURFACE_MODEL('',(#10969));
#10969 = OPEN_SHELL('',(#10970));
#10970 = ADVANCED_FACE('',(#10971),#11065,.T.);
#10971 = FACE_BOUND('',#10972,.F.);
#10972 = EDGE_LOOP('',(#10973,#10984,#10992,#11000,#11008,#11017,#11025,
    #11034,#11042,#11051,#11059));
#10973 = ORIENTED_EDGE('',*,*,#10974,.T.);
#10974 = EDGE_CURVE('',#10975,#10977,#10979,.T.);
#10975 = VERTEX_POINT('',#10976);
#10976 = CARTESIAN_POINT('',(24.614567,-13.082039,1.585));
#10977 = VERTEX_POINT('',#10978);
#10978 = CARTESIAN_POINT('',(24.73,-13.105,1.585));
#10979 = CIRCLE('',#10980,6.000007318647E-02);
#10980 = AXIS2_PLACEMENT_3D('',#10981,#10982,#10983);
#10981 = CARTESIAN_POINT('',(24.669999926814,-13.10499982331,1.585));
#10982 = DIRECTION('',(0.,0.,-1.));
#10983 = DIRECTION('',(-0.923880986637,0.382679921777,0.));
#10984 = ORIENTED_EDGE('',*,*,#10985,.T.);
#10985 = EDGE_CURVE('',#10977,#10986,#10988,.T.);
#10986 = VERTEX_POINT('',#10987);
#10987 = CARTESIAN_POINT('',(24.73,-13.375,1.585));
#10988 = LINE('',#10989,#10990);
#10989 = CARTESIAN_POINT('',(24.73,-13.105,1.585));
#10990 = VECTOR('',#10991,1.);
#10991 = DIRECTION('',(0.,-1.,0.));
#10992 = ORIENTED_EDGE('',*,*,#10993,.T.);
#10993 = EDGE_CURVE('',#10986,#10994,#10996,.T.);
#10994 = VERTEX_POINT('',#10995);
#10995 = CARTESIAN_POINT('',(31.15,-13.375,1.585));
#10996 = LINE('',#10997,#10998);
#10997 = CARTESIAN_POINT('',(24.73,-13.375,1.585));
#10998 = VECTOR('',#10999,1.);
#10999 = DIRECTION('',(1.,0.,0.));
#11000 = ORIENTED_EDGE('',*,*,#11001,.T.);
#11001 = EDGE_CURVE('',#10994,#11002,#11004,.T.);
#11002 = VERTEX_POINT('',#11003);
#11003 = CARTESIAN_POINT('',(31.15,-13.105,1.585));
#11004 = LINE('',#11005,#11006);
#11005 = CARTESIAN_POINT('',(31.15,-13.375,1.585));
#11006 = VECTOR('',#11007,1.);
#11007 = DIRECTION('',(0.,1.,0.));
#11008 = ORIENTED_EDGE('',*,*,#11009,.T.);
#11009 = EDGE_CURVE('',#11002,#11010,#11012,.T.);
#11010 = VERTEX_POINT('',#11011);
#11011 = CARTESIAN_POINT('',(31.27,-13.105,1.585));
#11012 = CIRCLE('',#11013,6.000000000042E-02);
#11013 = AXIS2_PLACEMENT_3D('',#11014,#11015,#11016);
#11014 = CARTESIAN_POINT('',(31.21,-13.10499977441,1.585));
#11015 = DIRECTION('',(0.,0.,-1.));
#11016 = DIRECTION('',(-0.999999999993,-3.75979413526E-06,-0.));
#11017 = ORIENTED_EDGE('',*,*,#11018,.T.);
#11018 = EDGE_CURVE('',#11010,#11019,#11021,.T.);
#11019 = VERTEX_POINT('',#11020);
#11020 = CARTESIAN_POINT('',(31.27,-13.435,1.585));
#11021 = LINE('',#11022,#11023);
#11022 = CARTESIAN_POINT('',(31.27,-13.105,1.585));
#11023 = VECTOR('',#11024,1.);
#11024 = DIRECTION('',(0.,-1.,0.));
#11025 = ORIENTED_EDGE('',*,*,#11026,.T.);
#11026 = EDGE_CURVE('',#11019,#11027,#11029,.T.);
#11027 = VERTEX_POINT('',#11028);
#11028 = CARTESIAN_POINT('',(31.21,-13.495,1.585));
#11029 = CIRCLE('',#11030,5.999932016259E-02);
#11030 = AXIS2_PLACEMENT_3D('',#11031,#11032,#11033);
#11031 = CARTESIAN_POINT('',(31.210000679841,-13.43500067984,1.585));
#11032 = DIRECTION('',(0.,0.,-1.));
#11033 = DIRECTION('',(0.999999999936,1.1330816003E-05,0.));
#11034 = ORIENTED_EDGE('',*,*,#11035,.T.);
#11035 = EDGE_CURVE('',#11027,#11036,#11038,.T.);
#11036 = VERTEX_POINT('',#11037);
#11037 = CARTESIAN_POINT('',(24.67,-13.495,1.585));
#11038 = LINE('',#11039,#11040);
#11039 = CARTESIAN_POINT('',(31.21,-13.495,1.585));
#11040 = VECTOR('',#11041,1.);
#11041 = DIRECTION('',(-1.,0.,0.));
#11042 = ORIENTED_EDGE('',*,*,#11043,.T.);
#11043 = EDGE_CURVE('',#11036,#11044,#11046,.T.);
#11044 = VERTEX_POINT('',#11045);
#11045 = CARTESIAN_POINT('',(24.61,-13.435,1.585));
#11046 = CIRCLE('',#11047,5.99993201626E-02);
#11047 = AXIS2_PLACEMENT_3D('',#11048,#11049,#11050);
#11048 = CARTESIAN_POINT('',(24.669999320159,-13.43500067984,1.585));
#11049 = DIRECTION('',(0.,0.,-1.));
#11050 = DIRECTION('',(1.133081594379E-05,-0.999999999936,0.));
#11051 = ORIENTED_EDGE('',*,*,#11052,.T.);
#11052 = EDGE_CURVE('',#11044,#11053,#11055,.T.);
#11053 = VERTEX_POINT('',#11054);
#11054 = CARTESIAN_POINT('',(24.61,-13.105,1.585));
#11055 = LINE('',#11056,#11057);
#11056 = CARTESIAN_POINT('',(24.61,-13.435,1.585));
#11057 = VECTOR('',#11058,1.);
#11058 = DIRECTION('',(0.,1.,0.));
#11059 = ORIENTED_EDGE('',*,*,#11060,.T.);
#11060 = EDGE_CURVE('',#11053,#10975,#11061,.T.);
#11061 = LINE('',#11062,#11063);
#11062 = CARTESIAN_POINT('',(24.61,-13.105,1.585));
#11063 = VECTOR('',#11064,1.);
#11064 = DIRECTION('',(0.195081000118,0.980787134598,0.));
#11065 = PLANE('',#11066);
#11066 = AXIS2_PLACEMENT_3D('',#11067,#11068,#11069);
#11067 = CARTESIAN_POINT('',(0.,0.,1.585));
#11068 = DIRECTION('',(0.,0.,1.));
#11069 = DIRECTION('',(1.,0.,-0.));
#11070 = SHELL_BASED_SURFACE_MODEL('',(#11071));
#11071 = OPEN_SHELL('',(#11072));
#11072 = ADVANCED_FACE('',(#11073),#11141,.T.);
#11073 = FACE_BOUND('',#11074,.F.);
#11074 = EDGE_LOOP('',(#11075,#11086,#11094,#11103,#11111,#11119,#11127,
    #11135));
#11075 = ORIENTED_EDGE('',*,*,#11076,.T.);
#11076 = EDGE_CURVE('',#11077,#11079,#11081,.T.);
#11077 = VERTEX_POINT('',#11078);
#11078 = CARTESIAN_POINT('',(7.46,-8.16,1.585));
#11079 = VERTEX_POINT('',#11080);
#11080 = CARTESIAN_POINT('',(7.52,-8.1,1.585));
#11081 = CIRCLE('',#11082,5.99993201626E-02);
#11082 = AXIS2_PLACEMENT_3D('',#11083,#11084,#11085);
#11083 = CARTESIAN_POINT('',(7.519999320159,-8.159999320159,1.585));
#11084 = DIRECTION('',(0.,0.,-1.));
#11085 = DIRECTION('',(-0.999999999936,-1.133081597339E-05,-0.));
#11086 = ORIENTED_EDGE('',*,*,#11087,.T.);
#11087 = EDGE_CURVE('',#11079,#11088,#11090,.T.);
#11088 = VERTEX_POINT('',#11089);
#11089 = CARTESIAN_POINT('',(7.85,-8.1,1.585));
#11090 = LINE('',#11091,#11092);
#11091 = CARTESIAN_POINT('',(7.52,-8.1,1.585));
#11092 = VECTOR('',#11093,1.);
#11093 = DIRECTION('',(1.,0.,0.));
#11094 = ORIENTED_EDGE('',*,*,#11095,.T.);
#11095 = EDGE_CURVE('',#11088,#11096,#11098,.T.);
#11096 = VERTEX_POINT('',#11097);
#11097 = CARTESIAN_POINT('',(7.85,-8.22,1.585));
#11098 = CIRCLE('',#11099,6.000000000042E-02);
#11099 = AXIS2_PLACEMENT_3D('',#11100,#11101,#11102);
#11100 = CARTESIAN_POINT('',(7.850000225588,-8.16,1.585));
#11101 = DIRECTION('',(0.,0.,-1.));
#11102 = DIRECTION('',(-3.759794105654E-06,0.999999999993,-0.));
#11103 = ORIENTED_EDGE('',*,*,#11104,.T.);
#11104 = EDGE_CURVE('',#11096,#11105,#11107,.T.);
#11105 = VERTEX_POINT('',#11106);
#11106 = CARTESIAN_POINT('',(7.58,-8.22,1.585));
#11107 = LINE('',#11108,#11109);
#11108 = CARTESIAN_POINT('',(7.85,-8.22,1.585));
#11109 = VECTOR('',#11110,1.);
#11110 = DIRECTION('',(-1.,0.,0.));
#11111 = ORIENTED_EDGE('',*,*,#11112,.T.);
#11112 = EDGE_CURVE('',#11105,#11113,#11115,.T.);
#11113 = VERTEX_POINT('',#11114);
#11114 = CARTESIAN_POINT('',(7.58,-12.504249,1.585));
#11115 = LINE('',#11116,#11117);
#11116 = CARTESIAN_POINT('',(7.58,-8.22,1.585));
#11117 = VECTOR('',#11118,1.);
#11118 = DIRECTION('',(0.,-1.,0.));
#11119 = ORIENTED_EDGE('',*,*,#11120,.T.);
#11120 = EDGE_CURVE('',#11113,#11121,#11123,.T.);
#11121 = VERTEX_POINT('',#11122);
#11122 = CARTESIAN_POINT('',(7.508886,-12.533706,1.585));
#11123 = LINE('',#11124,#11125);
#11124 = CARTESIAN_POINT('',(7.58,-12.504249,1.585));
#11125 = VECTOR('',#11126,1.);
#11126 = DIRECTION('',(-0.923876699752,-0.382690271179,0.));
#11127 = ORIENTED_EDGE('',*,*,#11128,.T.);
#11128 = EDGE_CURVE('',#11121,#11129,#11131,.T.);
#11129 = VERTEX_POINT('',#11130);
#11130 = CARTESIAN_POINT('',(7.46,-12.582592,1.585));
#11131 = LINE('',#11132,#11133);
#11132 = CARTESIAN_POINT('',(7.508886,-12.533706,1.585));
#11133 = VECTOR('',#11134,1.);
#11134 = DIRECTION('',(-0.707106781187,-0.707106781187,0.));
#11135 = ORIENTED_EDGE('',*,*,#11136,.T.);
#11136 = EDGE_CURVE('',#11129,#11077,#11137,.T.);
#11137 = LINE('',#11138,#11139);
#11138 = CARTESIAN_POINT('',(7.46,-12.582592,1.585));
#11139 = VECTOR('',#11140,1.);
#11140 = DIRECTION('',(0.,1.,0.));
#11141 = PLANE('',#11142);
#11142 = AXIS2_PLACEMENT_3D('',#11143,#11144,#11145);
#11143 = CARTESIAN_POINT('',(0.,0.,1.585));
#11144 = DIRECTION('',(0.,0.,1.));
#11145 = DIRECTION('',(1.,0.,-0.));
#11146 = SHELL_BASED_SURFACE_MODEL('',(#11147));
#11147 = OPEN_SHELL('',(#11148));
#11148 = ADVANCED_FACE('',(#11149,#11284),#11351,.T.);
#11149 = FACE_BOUND('',#11150,.F.);
#11150 = EDGE_LOOP('',(#11151,#11162,#11170,#11179,#11187,#11196,#11204,
    #11213,#11221,#11229,#11237,#11245,#11254,#11262,#11270,#11278));
#11151 = ORIENTED_EDGE('',*,*,#11152,.T.);
#11152 = EDGE_CURVE('',#11153,#11155,#11157,.T.);
#11153 = VERTEX_POINT('',#11154);
#11154 = CARTESIAN_POINT('',(11.945,-6.24,1.585));
#11155 = VERTEX_POINT('',#11156);
#11156 = CARTESIAN_POINT('',(12.005,-6.18,1.585));
#11157 = CIRCLE('',#11158,5.99993201626E-02);
#11158 = AXIS2_PLACEMENT_3D('',#11159,#11160,#11161);
#11159 = CARTESIAN_POINT('',(12.004999320159,-6.239999320159,1.585));
#11160 = DIRECTION('',(0.,0.,-1.));
#11161 = DIRECTION('',(-0.999999999936,-1.133081594379E-05,-0.));
#11162 = ORIENTED_EDGE('',*,*,#11163,.T.);
#11163 = EDGE_CURVE('',#11155,#11164,#11166,.T.);
#11164 = VERTEX_POINT('',#11165);
#11165 = CARTESIAN_POINT('',(22.285,-6.18,1.585));
#11166 = LINE('',#11167,#11168);
#11167 = CARTESIAN_POINT('',(12.005,-6.18,1.585));
#11168 = VECTOR('',#11169,1.);
#11169 = DIRECTION('',(1.,0.,0.));
#11170 = ORIENTED_EDGE('',*,*,#11171,.T.);
#11171 = EDGE_CURVE('',#11164,#11172,#11174,.T.);
#11172 = VERTEX_POINT('',#11173);
#11173 = CARTESIAN_POINT('',(22.345,-6.24,1.585));
#11174 = CIRCLE('',#11175,5.99993201626E-02);
#11175 = AXIS2_PLACEMENT_3D('',#11176,#11177,#11178);
#11176 = CARTESIAN_POINT('',(22.285000679841,-6.239999320159,1.585));
#11177 = DIRECTION('',(0.,0.,-1.));
#11178 = DIRECTION('',(-1.133081588457E-05,0.999999999936,0.));
#11179 = ORIENTED_EDGE('',*,*,#11180,.T.);
#11180 = EDGE_CURVE('',#11172,#11181,#11183,.T.);
#11181 = VERTEX_POINT('',#11182);
#11182 = CARTESIAN_POINT('',(22.345,-11.54,1.585));
#11183 = LINE('',#11184,#11185);
#11184 = CARTESIAN_POINT('',(22.345,-6.24,1.585));
#11185 = VECTOR('',#11186,1.);
#11186 = DIRECTION('',(0.,-1.,0.));
#11187 = ORIENTED_EDGE('',*,*,#11188,.T.);
#11188 = EDGE_CURVE('',#11181,#11189,#11191,.T.);
#11189 = VERTEX_POINT('',#11190);
#11190 = CARTESIAN_POINT('',(22.285,-11.6,1.585));
#11191 = CIRCLE('',#11192,5.999932016259E-02);
#11192 = AXIS2_PLACEMENT_3D('',#11193,#11194,#11195);
#11193 = CARTESIAN_POINT('',(22.285000679841,-11.54000067984,1.585));
#11194 = DIRECTION('',(0.,0.,-1.));
#11195 = DIRECTION('',(0.999999999936,1.133081603261E-05,0.));
#11196 = ORIENTED_EDGE('',*,*,#11197,.T.);
#11197 = EDGE_CURVE('',#11189,#11198,#11200,.T.);
#11198 = VERTEX_POINT('',#11199);
#11199 = CARTESIAN_POINT('',(12.005,-11.6,1.585));
#11200 = LINE('',#11201,#11202);
#11201 = CARTESIAN_POINT('',(22.285,-11.6,1.585));
#11202 = VECTOR('',#11203,1.);
#11203 = DIRECTION('',(-1.,0.,0.));
#11204 = ORIENTED_EDGE('',*,*,#11205,.T.);
#11205 = EDGE_CURVE('',#11198,#11206,#11208,.T.);
#11206 = VERTEX_POINT('',#11207);
#11207 = CARTESIAN_POINT('',(11.945,-11.54,1.585));
#11208 = CIRCLE('',#11209,5.99993201626E-02);
#11209 = AXIS2_PLACEMENT_3D('',#11210,#11211,#11212);
#11210 = CARTESIAN_POINT('',(12.004999320159,-11.54000067984,1.585));
#11211 = DIRECTION('',(0.,0.,-1.));
#11212 = DIRECTION('',(1.133081591418E-05,-0.999999999936,0.));
#11213 = ORIENTED_EDGE('',*,*,#11214,.T.);
#11214 = EDGE_CURVE('',#11206,#11215,#11217,.T.);
#11215 = VERTEX_POINT('',#11216);
#11216 = CARTESIAN_POINT('',(11.947937,-9.871459,1.585));
#11217 = LINE('',#11218,#11219);
#11218 = CARTESIAN_POINT('',(11.945,-11.54,1.585));
#11219 = VECTOR('',#11220,1.);
#11220 = DIRECTION('',(1.760217729169E-03,0.999998450816,0.));
#11221 = ORIENTED_EDGE('',*,*,#11222,.T.);
#11222 = EDGE_CURVE('',#11215,#11223,#11225,.T.);
#11223 = VERTEX_POINT('',#11224);
#11224 = CARTESIAN_POINT('',(11.969733,-9.841459,1.585));
#11225 = LINE('',#11226,#11227);
#11226 = CARTESIAN_POINT('',(11.947937,-9.871459,1.585));
#11227 = VECTOR('',#11228,1.);
#11228 = DIRECTION('',(0.587780383604,0.809020531662,0.));
#11229 = ORIENTED_EDGE('',*,*,#11230,.T.);
#11230 = EDGE_CURVE('',#11223,#11231,#11233,.T.);
#11231 = VERTEX_POINT('',#11232);
#11232 = CARTESIAN_POINT('',(12.005,-9.83,1.585));
#11233 = LINE('',#11234,#11235);
#11234 = CARTESIAN_POINT('',(11.969733,-9.841459,1.585));
#11235 = VECTOR('',#11236,1.);
#11236 = DIRECTION('',(0.951056063963,0.309018386507,0.));
#11237 = ORIENTED_EDGE('',*,*,#11238,.T.);
#11238 = EDGE_CURVE('',#11231,#11239,#11241,.T.);
#11239 = VERTEX_POINT('',#11240);
#11240 = CARTESIAN_POINT('',(12.097582,-9.83,1.585));
#11241 = LINE('',#11242,#11243);
#11242 = CARTESIAN_POINT('',(12.005,-9.83,1.585));
#11243 = VECTOR('',#11244,1.);
#11244 = DIRECTION('',(1.,0.,0.));
#11245 = ORIENTED_EDGE('',*,*,#11246,.T.);
#11246 = EDGE_CURVE('',#11239,#11247,#11249,.T.);
#11247 = VERTEX_POINT('',#11248);
#11248 = CARTESIAN_POINT('',(12.097582,-7.95,1.585));
#11249 = CIRCLE('',#11250,0.944548265958);
#11250 = AXIS2_PLACEMENT_3D('',#11251,#11252,#11253);
#11251 = CARTESIAN_POINT('',(12.005,-8.89,1.585));
#11252 = DIRECTION('',(0.,-0.,1.));
#11253 = DIRECTION('',(9.801722509766E-02,-0.995184718323,-0.));
#11254 = ORIENTED_EDGE('',*,*,#11255,.T.);
#11255 = EDGE_CURVE('',#11247,#11256,#11258,.T.);
#11256 = VERTEX_POINT('',#11257);
#11257 = CARTESIAN_POINT('',(12.005,-7.95,1.585));
#11258 = LINE('',#11259,#11260);
#11259 = CARTESIAN_POINT('',(12.097582,-7.95,1.585));
#11260 = VECTOR('',#11261,1.);
#11261 = DIRECTION('',(-1.,0.,0.));
#11262 = ORIENTED_EDGE('',*,*,#11263,.T.);
#11263 = EDGE_CURVE('',#11256,#11264,#11266,.T.);
#11264 = VERTEX_POINT('',#11265);
#11265 = CARTESIAN_POINT('',(11.969733,-7.938541,1.585));
#11266 = LINE('',#11267,#11268);
#11267 = CARTESIAN_POINT('',(12.005,-7.95,1.585));
#11268 = VECTOR('',#11269,1.);
#11269 = DIRECTION('',(-0.951056063963,0.309018386507,0.));
#11270 = ORIENTED_EDGE('',*,*,#11271,.T.);
#11271 = EDGE_CURVE('',#11264,#11272,#11274,.T.);
#11272 = VERTEX_POINT('',#11273);
#11273 = CARTESIAN_POINT('',(11.947937,-7.908541,1.585));
#11274 = LINE('',#11275,#11276);
#11275 = CARTESIAN_POINT('',(11.969733,-7.938541,1.585));
#11276 = VECTOR('',#11277,1.);
#11277 = DIRECTION('',(-0.587780383604,0.809020531662,0.));
#11278 = ORIENTED_EDGE('',*,*,#11279,.T.);
#11279 = EDGE_CURVE('',#11272,#11153,#11280,.T.);
#11280 = LINE('',#11281,#11282);
#11281 = CARTESIAN_POINT('',(11.947937,-7.908541,1.585));
#11282 = VECTOR('',#11283,1.);
#11283 = DIRECTION('',(-1.760217729169E-03,0.999998450816,0.));
#11284 = FACE_BOUND('',#11285,.F.);
#11285 = EDGE_LOOP('',(#11286,#11296,#11304,#11312,#11320,#11329,#11337,
    #11345));
#11286 = ORIENTED_EDGE('',*,*,#11287,.T.);
#11287 = EDGE_CURVE('',#11288,#11290,#11292,.T.);
#11288 = VERTEX_POINT('',#11289);
#11289 = CARTESIAN_POINT('',(22.225,-11.48,1.585));
#11290 = VERTEX_POINT('',#11291);
#11291 = CARTESIAN_POINT('',(22.225,-6.3,1.585));
#11292 = LINE('',#11293,#11294);
#11293 = CARTESIAN_POINT('',(22.225,-11.48,1.585));
#11294 = VECTOR('',#11295,1.);
#11295 = DIRECTION('',(0.,1.,0.));
#11296 = ORIENTED_EDGE('',*,*,#11297,.T.);
#11297 = EDGE_CURVE('',#11290,#11298,#11300,.T.);
#11298 = VERTEX_POINT('',#11299);
#11299 = CARTESIAN_POINT('',(12.065,-6.3,1.585));
#11300 = LINE('',#11301,#11302);
#11301 = CARTESIAN_POINT('',(22.225,-6.3,1.585));
#11302 = VECTOR('',#11303,1.);
#11303 = DIRECTION('',(-1.,0.,0.));
#11304 = ORIENTED_EDGE('',*,*,#11305,.T.);
#11305 = EDGE_CURVE('',#11298,#11306,#11308,.T.);
#11306 = VERTEX_POINT('',#11307);
#11307 = CARTESIAN_POINT('',(12.065,-7.835559,1.585));
#11308 = LINE('',#11309,#11310);
#11309 = CARTESIAN_POINT('',(12.065,-6.3,1.585));
#11310 = VECTOR('',#11311,1.);
#11311 = DIRECTION('',(0.,-1.,0.));
#11312 = ORIENTED_EDGE('',*,*,#11313,.T.);
#11313 = EDGE_CURVE('',#11306,#11314,#11316,.T.);
#11314 = VERTEX_POINT('',#11315);
#11315 = CARTESIAN_POINT('',(12.199774,-7.848049,1.585));
#11316 = LINE('',#11317,#11318);
#11317 = CARTESIAN_POINT('',(12.065,-7.835559,1.585));
#11318 = VECTOR('',#11319,1.);
#11319 = DIRECTION('',(0.99573326006,-9.227824668072E-02,0.));
#11320 = ORIENTED_EDGE('',*,*,#11321,.T.);
#11321 = EDGE_CURVE('',#11314,#11322,#11324,.T.);
#11322 = VERTEX_POINT('',#11323);
#11323 = CARTESIAN_POINT('',(12.199774,-9.931951,1.585));
#11324 = CIRCLE('',#11325,1.059999365158);
#11325 = AXIS2_PLACEMENT_3D('',#11326,#11327,#11328);
#11326 = CARTESIAN_POINT('',(12.005000367968,-8.89,1.585));
#11327 = DIRECTION('',(0.,0.,-1.));
#11328 = DIRECTION('',(0.183748819513,0.982973230219,0.));
#11329 = ORIENTED_EDGE('',*,*,#11330,.T.);
#11330 = EDGE_CURVE('',#11322,#11331,#11333,.T.);
#11331 = VERTEX_POINT('',#11332);
#11332 = CARTESIAN_POINT('',(12.065,-9.94444,1.585));
#11333 = LINE('',#11334,#11335);
#11334 = CARTESIAN_POINT('',(12.199774,-9.931951,1.585));
#11335 = VECTOR('',#11336,1.);
#11336 = DIRECTION('',(-0.995733938892,-9.227092141527E-02,0.));
#11337 = ORIENTED_EDGE('',*,*,#11338,.T.);
#11338 = EDGE_CURVE('',#11331,#11339,#11341,.T.);
#11339 = VERTEX_POINT('',#11340);
#11340 = CARTESIAN_POINT('',(12.065,-11.48,1.585));
#11341 = LINE('',#11342,#11343);
#11342 = CARTESIAN_POINT('',(12.065,-9.94444,1.585));
#11343 = VECTOR('',#11344,1.);
#11344 = DIRECTION('',(0.,-1.,0.));
#11345 = ORIENTED_EDGE('',*,*,#11346,.T.);
#11346 = EDGE_CURVE('',#11339,#11288,#11347,.T.);
#11347 = LINE('',#11348,#11349);
#11348 = CARTESIAN_POINT('',(12.065,-11.48,1.585));
#11349 = VECTOR('',#11350,1.);
#11350 = DIRECTION('',(1.,0.,0.));
#11351 = PLANE('',#11352);
#11352 = AXIS2_PLACEMENT_3D('',#11353,#11354,#11355);
#11353 = CARTESIAN_POINT('',(0.,0.,1.585));
#11354 = DIRECTION('',(0.,0.,1.));
#11355 = DIRECTION('',(1.,0.,-0.));
#11356 = SHELL_BASED_SURFACE_MODEL('',(#11357));
#11357 = OPEN_SHELL('',(#11358));
#11358 = ADVANCED_FACE('',(#11359),#11445,.T.);
#11359 = FACE_BOUND('',#11360,.F.);
#11360 = EDGE_LOOP('',(#11361,#11372,#11380,#11389,#11397,#11406,#11414,
    #11422,#11430,#11439));
#11361 = ORIENTED_EDGE('',*,*,#11362,.T.);
#11362 = EDGE_CURVE('',#11363,#11365,#11367,.T.);
#11363 = VERTEX_POINT('',#11364);
#11364 = CARTESIAN_POINT('',(24.61,-10.695,1.585));
#11365 = VERTEX_POINT('',#11366);
#11366 = CARTESIAN_POINT('',(24.67,-10.635,1.585));
#11367 = CIRCLE('',#11368,5.99993201626E-02);
#11368 = AXIS2_PLACEMENT_3D('',#11369,#11370,#11371);
#11369 = CARTESIAN_POINT('',(24.669999320159,-10.69499932015,1.585));
#11370 = DIRECTION('',(0.,0.,-1.));
#11371 = DIRECTION('',(-0.999999999936,-1.133081588457E-05,-0.));
#11372 = ORIENTED_EDGE('',*,*,#11373,.T.);
#11373 = EDGE_CURVE('',#11365,#11374,#11376,.T.);
#11374 = VERTEX_POINT('',#11375);
#11375 = CARTESIAN_POINT('',(31.21,-10.635,1.585));
#11376 = LINE('',#11377,#11378);
#11377 = CARTESIAN_POINT('',(24.67,-10.635,1.585));
#11378 = VECTOR('',#11379,1.);
#11379 = DIRECTION('',(1.,0.,0.));
#11380 = ORIENTED_EDGE('',*,*,#11381,.T.);
#11381 = EDGE_CURVE('',#11374,#11382,#11384,.T.);
#11382 = VERTEX_POINT('',#11383);
#11383 = CARTESIAN_POINT('',(31.27,-10.695,1.585));
#11384 = CIRCLE('',#11385,5.99993201626E-02);
#11385 = AXIS2_PLACEMENT_3D('',#11386,#11387,#11388);
#11386 = CARTESIAN_POINT('',(31.210000679841,-10.69499932015,1.585));
#11387 = DIRECTION('',(0.,0.,-1.));
#11388 = DIRECTION('',(-1.133081588457E-05,0.999999999936,0.));
#11389 = ORIENTED_EDGE('',*,*,#11390,.T.);
#11390 = EDGE_CURVE('',#11382,#11391,#11393,.T.);
#11391 = VERTEX_POINT('',#11392);
#11392 = CARTESIAN_POINT('',(31.27,-11.025,1.585));
#11393 = LINE('',#11394,#11395);
#11394 = CARTESIAN_POINT('',(31.27,-10.695,1.585));
#11395 = VECTOR('',#11396,1.);
#11396 = DIRECTION('',(0.,-1.,0.));
#11397 = ORIENTED_EDGE('',*,*,#11398,.T.);
#11398 = EDGE_CURVE('',#11391,#11399,#11401,.T.);
#11399 = VERTEX_POINT('',#11400);
#11400 = CARTESIAN_POINT('',(31.15,-11.025,1.585));
#11401 = CIRCLE('',#11402,6.000000000043E-02);
#11402 = AXIS2_PLACEMENT_3D('',#11403,#11404,#11405);
#11403 = CARTESIAN_POINT('',(31.21,-11.02500022558,1.585));
#11404 = DIRECTION('',(0.,0.,-1.));
#11405 = DIRECTION('',(0.999999999993,3.759794046442E-06,0.));
#11406 = ORIENTED_EDGE('',*,*,#11407,.T.);
#11407 = EDGE_CURVE('',#11399,#11408,#11410,.T.);
#11408 = VERTEX_POINT('',#11409);
#11409 = CARTESIAN_POINT('',(31.15,-10.755,1.585));
#11410 = LINE('',#11411,#11412);
#11411 = CARTESIAN_POINT('',(31.15,-11.025,1.585));
#11412 = VECTOR('',#11413,1.);
#11413 = DIRECTION('',(0.,1.,0.));
#11414 = ORIENTED_EDGE('',*,*,#11415,.T.);
#11415 = EDGE_CURVE('',#11408,#11416,#11418,.T.);
#11416 = VERTEX_POINT('',#11417);
#11417 = CARTESIAN_POINT('',(24.73,-10.755,1.585));
#11418 = LINE('',#11419,#11420);
#11419 = CARTESIAN_POINT('',(31.15,-10.755,1.585));
#11420 = VECTOR('',#11421,1.);
#11421 = DIRECTION('',(-1.,0.,0.));
#11422 = ORIENTED_EDGE('',*,*,#11423,.T.);
#11423 = EDGE_CURVE('',#11416,#11424,#11426,.T.);
#11424 = VERTEX_POINT('',#11425);
#11425 = CARTESIAN_POINT('',(24.73,-11.025,1.585));
#11426 = LINE('',#11427,#11428);
#11427 = CARTESIAN_POINT('',(24.73,-10.755,1.585));
#11428 = VECTOR('',#11429,1.);
#11429 = DIRECTION('',(0.,-1.,0.));
#11430 = ORIENTED_EDGE('',*,*,#11431,.T.);
#11431 = EDGE_CURVE('',#11424,#11432,#11434,.T.);
#11432 = VERTEX_POINT('',#11433);
#11433 = CARTESIAN_POINT('',(24.61,-11.025,1.585));
#11434 = CIRCLE('',#11435,6.000000000043E-02);
#11435 = AXIS2_PLACEMENT_3D('',#11436,#11437,#11438);
#11436 = CARTESIAN_POINT('',(24.67,-11.02500022558,1.585));
#11437 = DIRECTION('',(0.,0.,-1.));
#11438 = DIRECTION('',(0.999999999993,3.759794046442E-06,0.));
#11439 = ORIENTED_EDGE('',*,*,#11440,.T.);
#11440 = EDGE_CURVE('',#11432,#11363,#11441,.T.);
#11441 = LINE('',#11442,#11443);
#11442 = CARTESIAN_POINT('',(24.61,-11.025,1.585));
#11443 = VECTOR('',#11444,1.);
#11444 = DIRECTION('',(0.,1.,0.));
#11445 = PLANE('',#11446);
#11446 = AXIS2_PLACEMENT_3D('',#11447,#11448,#11449);
#11447 = CARTESIAN_POINT('',(0.,0.,1.585));
#11448 = DIRECTION('',(0.,0.,1.));
#11449 = DIRECTION('',(1.,0.,-0.));
#11450 = SHELL_BASED_SURFACE_MODEL('',(#11451));
#11451 = OPEN_SHELL('',(#11452));
#11452 = ADVANCED_FACE('',(#11453),#11612,.T.);
#11453 = FACE_BOUND('',#11454,.F.);
#11454 = EDGE_LOOP('',(#11455,#11466,#11474,#11482,#11490,#11498,#11506,
    #11514,#11523,#11531,#11540,#11548,#11556,#11564,#11573,#11581,
    #11589,#11597,#11606));
#11455 = ORIENTED_EDGE('',*,*,#11456,.T.);
#11456 = EDGE_CURVE('',#11457,#11459,#11461,.T.);
#11457 = VERTEX_POINT('',#11458);
#11458 = CARTESIAN_POINT('',(28.168364,-9.130356,1.585));
#11459 = VERTEX_POINT('',#11460);
#11460 = CARTESIAN_POINT('',(28.677759,-9.139686,1.585));
#11461 = CIRCLE('',#11462,0.450326844012);
#11462 = AXIS2_PLACEMENT_3D('',#11463,#11464,#11465);
#11463 = CARTESIAN_POINT('',(28.416261030105,-9.506309891991,1.585));
#11464 = DIRECTION('',(0.,0.,-1.));
#11465 = DIRECTION('',(-0.550482462684,0.834846727416,0.));
#11466 = ORIENTED_EDGE('',*,*,#11467,.T.);
#11467 = EDGE_CURVE('',#11459,#11468,#11470,.T.);
#11468 = VERTEX_POINT('',#11469);
#11469 = CARTESIAN_POINT('',(28.741212,-9.205216,1.585));
#11470 = LINE('',#11471,#11472);
#11471 = CARTESIAN_POINT('',(28.677759,-9.139686,1.585));
#11472 = VECTOR('',#11473,1.);
#11473 = DIRECTION('',(0.695630129574,-0.718400113328,0.));
#11474 = ORIENTED_EDGE('',*,*,#11475,.T.);
#11475 = EDGE_CURVE('',#11468,#11476,#11478,.T.);
#11476 = VERTEX_POINT('',#11477);
#11477 = CARTESIAN_POINT('',(28.799273,-9.325663,1.585));
#11478 = LINE('',#11479,#11480);
#11479 = CARTESIAN_POINT('',(28.741212,-9.205216,1.585));
#11480 = VECTOR('',#11481,1.);
#11481 = DIRECTION('',(0.434228424707,-0.900802794832,0.));
#11482 = ORIENTED_EDGE('',*,*,#11483,.T.);
#11483 = EDGE_CURVE('',#11476,#11484,#11486,.T.);
#11484 = VERTEX_POINT('',#11485);
#11485 = CARTESIAN_POINT('',(28.798514,-9.451995,1.585));
#11486 = LINE('',#11487,#11488);
#11487 = CARTESIAN_POINT('',(28.799273,-9.325663,1.585));
#11488 = VECTOR('',#11489,1.);
#11489 = DIRECTION('',(-6.007870547518E-03,-0.999981952583,0.));
#11490 = ORIENTED_EDGE('',*,*,#11491,.T.);
#11491 = EDGE_CURVE('',#11484,#11492,#11494,.T.);
#11492 = VERTEX_POINT('',#11493);
#11493 = CARTESIAN_POINT('',(28.740456,-9.620058,1.585));
#11494 = LINE('',#11495,#11496);
#11495 = CARTESIAN_POINT('',(28.798514,-9.451995,1.585));
#11496 = VECTOR('',#11497,1.);
#11497 = DIRECTION('',(-0.326519613327,-0.945190426376,0.));
#11498 = ORIENTED_EDGE('',*,*,#11499,.T.);
#11499 = EDGE_CURVE('',#11492,#11500,#11502,.T.);
#11500 = VERTEX_POINT('',#11501);
#11501 = CARTESIAN_POINT('',(28.287733,-10.074819,1.585));
#11502 = LINE('',#11503,#11504);
#11503 = CARTESIAN_POINT('',(28.740456,-9.620058,1.585));
#11504 = VECTOR('',#11505,1.);
#11505 = DIRECTION('',(-0.705517003129,-0.708692992978,0.));
#11506 = ORIENTED_EDGE('',*,*,#11507,.T.);
#11507 = EDGE_CURVE('',#11500,#11508,#11510,.T.);
#11508 = VERTEX_POINT('',#11509);
#11509 = CARTESIAN_POINT('',(28.740346,-10.07626,1.585));
#11510 = LINE('',#11511,#11512);
#11511 = CARTESIAN_POINT('',(28.287733,-10.074819,1.585));
#11512 = VECTOR('',#11513,1.);
#11513 = DIRECTION('',(0.999994931953,-3.183719197072E-03,0.));
#11514 = ORIENTED_EDGE('',*,*,#11515,.T.);
#11515 = EDGE_CURVE('',#11508,#11516,#11518,.T.);
#11516 = VERTEX_POINT('',#11517);
#11517 = CARTESIAN_POINT('',(28.725714,-10.224819,1.585));
#11518 = CIRCLE('',#11519,7.500006711464E-02);
#11519 = AXIS2_PLACEMENT_3D('',#11520,#11521,#11522);
#11520 = CARTESIAN_POINT('',(28.725714067115,-10.14981893288,1.585));
#11521 = DIRECTION('',(0.,0.,-1.));
#11522 = DIRECTION('',(0.195092263891,0.980784894138,0.));
#11523 = ORIENTED_EDGE('',*,*,#11524,.T.);
#11524 = EDGE_CURVE('',#11516,#11525,#11527,.T.);
#11525 = VERTEX_POINT('',#11526);
#11526 = CARTESIAN_POINT('',(28.092035,-10.223378,1.585));
#11527 = LINE('',#11528,#11529);
#11528 = CARTESIAN_POINT('',(28.725714,-10.224819,1.585));
#11529 = VECTOR('',#11530,1.);
#11530 = DIRECTION('',(-0.999997414422,2.274016140951E-03,0.));
#11531 = ORIENTED_EDGE('',*,*,#11532,.T.);
#11532 = EDGE_CURVE('',#11525,#11533,#11535,.T.);
#11533 = VERTEX_POINT('',#11534);
#11534 = CARTESIAN_POINT('',(28.053634,-10.096786,1.585));
#11535 = CIRCLE('',#11536,7.50002101311E-02);
#11536 = AXIS2_PLACEMENT_3D('',#11537,#11538,#11539);
#11537 = CARTESIAN_POINT('',(28.106667316704,-10.14981899764,1.585));
#11538 = DIRECTION('',(0.,0.,-1.));
#11539 = DIRECTION('',(-0.195097009436,-0.980783950169,-0.));
#11540 = ORIENTED_EDGE('',*,*,#11541,.T.);
#11541 = EDGE_CURVE('',#11533,#11542,#11544,.T.);
#11542 = VERTEX_POINT('',#11543);
#11543 = CARTESIAN_POINT('',(28.612542,-9.537876,1.585));
#11544 = LINE('',#11545,#11546);
#11545 = CARTESIAN_POINT('',(28.053634,-10.096786,1.585));
#11546 = VECTOR('',#11547,1.);
#11547 = DIRECTION('',(0.70710551603,0.707108046341,0.));
#11548 = ORIENTED_EDGE('',*,*,#11549,.T.);
#11549 = EDGE_CURVE('',#11542,#11550,#11552,.T.);
#11550 = VERTEX_POINT('',#11551);
#11551 = CARTESIAN_POINT('',(28.650714,-9.423363,1.585));
#11552 = LINE('',#11553,#11554);
#11553 = CARTESIAN_POINT('',(28.612542,-9.537876,1.585));
#11554 = VECTOR('',#11555,1.);
#11555 = DIRECTION('',(0.31623522204,0.948680812677,0.));
#11556 = ORIENTED_EDGE('',*,*,#11557,.T.);
#11557 = EDGE_CURVE('',#11550,#11558,#11560,.T.);
#11558 = VERTEX_POINT('',#11559);
#11559 = CARTESIAN_POINT('',(28.650714,-9.358,1.585));
#11560 = LINE('',#11561,#11562);
#11561 = CARTESIAN_POINT('',(28.650714,-9.423363,1.585));
#11562 = VECTOR('',#11563,1.);
#11563 = DIRECTION('',(0.,1.,0.));
#11564 = ORIENTED_EDGE('',*,*,#11565,.T.);
#11565 = EDGE_CURVE('',#11558,#11566,#11568,.T.);
#11566 = VERTEX_POINT('',#11567);
#11567 = CARTESIAN_POINT('',(28.517533,-9.224819,1.585));
#11568 = CIRCLE('',#11569,0.18686440374);
#11569 = AXIS2_PLACEMENT_3D('',#11570,#11571,#11572);
#11570 = CARTESIAN_POINT('',(28.469997,-9.405536,1.585));
#11571 = DIRECTION('',(0.,0.,1.));
#11572 = DIRECTION('',(0.967102328658,0.254387668538,-0.));
#11573 = ORIENTED_EDGE('',*,*,#11574,.T.);
#11574 = EDGE_CURVE('',#11566,#11575,#11577,.T.);
#11575 = VERTEX_POINT('',#11576);
#11576 = CARTESIAN_POINT('',(28.314848,-9.224819,1.585));
#11577 = LINE('',#11578,#11579);
#11578 = CARTESIAN_POINT('',(28.517533,-9.224819,1.585));
#11579 = VECTOR('',#11580,1.);
#11580 = DIRECTION('',(-1.,0.,0.));
#11581 = ORIENTED_EDGE('',*,*,#11582,.T.);
#11582 = EDGE_CURVE('',#11575,#11583,#11585,.T.);
#11583 = VERTEX_POINT('',#11584);
#11584 = CARTESIAN_POINT('',(28.246332,-9.259077,1.585));
#11585 = LINE('',#11586,#11587);
#11586 = CARTESIAN_POINT('',(28.314848,-9.224819,1.585));
#11587 = VECTOR('',#11588,1.);
#11588 = DIRECTION('',(-0.894427191,-0.4472135955,0.));
#11589 = ORIENTED_EDGE('',*,*,#11590,.T.);
#11590 = EDGE_CURVE('',#11583,#11591,#11593,.T.);
#11591 = VERTEX_POINT('',#11592);
#11592 = CARTESIAN_POINT('',(28.195954,-9.307417,1.585));
#11593 = LINE('',#11594,#11595);
#11594 = CARTESIAN_POINT('',(28.246332,-9.259077,1.585));
#11595 = VECTOR('',#11596,1.);
#11596 = DIRECTION('',(-0.721551016594,-0.692361271629,0.));
#11597 = ORIENTED_EDGE('',*,*,#11598,.T.);
#11598 = EDGE_CURVE('',#11591,#11599,#11601,.T.);
#11599 = VERTEX_POINT('',#11600);
#11600 = CARTESIAN_POINT('',(28.101253,-9.192024,1.585));
#11601 = CIRCLE('',#11602,7.499996838527E-02);
#11602 = AXIS2_PLACEMENT_3D('',#11603,#11604,#11605);
#11603 = CARTESIAN_POINT('',(28.154286,-9.245056972468,1.585));
#11604 = DIRECTION('',(0.,0.,-1.));
#11605 = DIRECTION('',(0.555573567524,-0.831467384248,0.));
#11606 = ORIENTED_EDGE('',*,*,#11607,.T.);
#11607 = EDGE_CURVE('',#11599,#11457,#11608,.T.);
#11608 = LINE('',#11609,#11610);
#11609 = CARTESIAN_POINT('',(28.101253,-9.192024,1.585));
#11610 = VECTOR('',#11611,1.);
#11611 = DIRECTION('',(0.736336089652,0.676615964248,0.));
#11612 = PLANE('',#11613);
#11613 = AXIS2_PLACEMENT_3D('',#11614,#11615,#11616);
#11614 = CARTESIAN_POINT('',(0.,0.,1.585));
#11615 = DIRECTION('',(0.,0.,1.));
#11616 = DIRECTION('',(1.,0.,-0.));
#11617 = SHELL_BASED_SURFACE_MODEL('',(#11618));
#11618 = OPEN_SHELL('',(#11619));
#11619 = ADVANCED_FACE('',(#11620,#11731),#11783,.T.);
#11620 = FACE_BOUND('',#11621,.F.);
#11621 = EDGE_LOOP('',(#11622,#11633,#11641,#11650,#11658,#11667,#11675,
    #11683,#11692,#11700,#11708,#11716,#11725));
#11622 = ORIENTED_EDGE('',*,*,#11623,.T.);
#11623 = EDGE_CURVE('',#11624,#11626,#11628,.T.);
#11624 = VERTEX_POINT('',#11625);
#11625 = CARTESIAN_POINT('',(27.128346,-9.135187,1.585));
#11626 = VERTEX_POINT('',#11627);
#11627 = CARTESIAN_POINT('',(27.201905,-9.074819,1.585));
#11628 = CIRCLE('',#11629,7.500074938985E-02);
#11629 = AXIS2_PLACEMENT_3D('',#11630,#11631,#11632);
#11630 = CARTESIAN_POINT('',(27.20190546611,-9.149819749388,1.585));
#11631 = DIRECTION('',(0.,0.,-1.));
#11632 = DIRECTION('',(-0.980783081614,0.195101375752,0.));
#11633 = ORIENTED_EDGE('',*,*,#11634,.T.);
#11634 = EDGE_CURVE('',#11626,#11635,#11637,.T.);
#11635 = VERTEX_POINT('',#11636);
#11636 = CARTESIAN_POINT('',(27.597489,-9.07626,1.585));
#11637 = LINE('',#11638,#11639);
#11638 = CARTESIAN_POINT('',(27.201905,-9.074819,1.585));
#11639 = VECTOR('',#11640,1.);
#11640 = DIRECTION('',(0.999993365378,-3.64269141196E-03,0.));
#11641 = ORIENTED_EDGE('',*,*,#11642,.T.);
#11642 = EDGE_CURVE('',#11635,#11643,#11645,.T.);
#11643 = VERTEX_POINT('',#11644);
#11644 = CARTESIAN_POINT('',(27.846892,-9.325663,1.585));
#11645 = CIRCLE('',#11646,0.347870264855);
#11646 = AXIS2_PLACEMENT_3D('',#11647,#11648,#11649);
#11647 = CARTESIAN_POINT('',(27.510161265028,-9.412990734972,1.585));
#11648 = DIRECTION('',(0.,0.,-1.));
#11649 = DIRECTION('',(0.251035353678,0.967977918758,0.));
#11650 = ORIENTED_EDGE('',*,*,#11651,.T.);
#11651 = EDGE_CURVE('',#11643,#11652,#11654,.T.);
#11652 = VERTEX_POINT('',#11653);
#11653 = CARTESIAN_POINT('',(27.84567,-9.502962,1.585));
#11654 = LINE('',#11655,#11656);
#11655 = CARTESIAN_POINT('',(27.846892,-9.325663,1.585));
#11656 = VECTOR('',#11657,1.);
#11657 = DIRECTION('',(-6.892148157152E-03,-0.999976248865,0.));
#11658 = ORIENTED_EDGE('',*,*,#11659,.T.);
#11659 = EDGE_CURVE('',#11652,#11660,#11662,.T.);
#11660 = VERTEX_POINT('',#11661);
#11661 = CARTESIAN_POINT('',(27.597489,-9.747187,1.585));
#11662 = CIRCLE('',#11663,0.348632345849);
#11663 = AXIS2_PLACEMENT_3D('',#11664,#11665,#11666);
#11664 = CARTESIAN_POINT('',(27.509720194037,-9.409783459308,1.585));
#11665 = DIRECTION('',(0.,0.,-1.));
#11666 = DIRECTION('',(0.963622021775,-0.267268776985,0.));
#11667 = ORIENTED_EDGE('',*,*,#11668,.T.);
#11668 = EDGE_CURVE('',#11660,#11669,#11671,.T.);
#11669 = VERTEX_POINT('',#11670);
#11670 = CARTESIAN_POINT('',(27.583972,-9.748518,1.585));
#11671 = LINE('',#11672,#11673);
#11672 = CARTESIAN_POINT('',(27.597489,-9.747187,1.585));
#11673 = VECTOR('',#11674,1.);
#11674 = DIRECTION('',(-0.995186940545,-9.79946598998E-02,0.));
#11675 = ORIENTED_EDGE('',*,*,#11676,.T.);
#11676 = EDGE_CURVE('',#11669,#11677,#11679,.T.);
#11677 = VERTEX_POINT('',#11678);
#11678 = CARTESIAN_POINT('',(27.841986,-10.119623,1.585));
#11679 = LINE('',#11680,#11681);
#11680 = CARTESIAN_POINT('',(27.583972,-9.748518,1.585));
#11681 = VECTOR('',#11682,1.);
#11682 = DIRECTION('',(0.570846789809,-0.821056601316,0.));
#11683 = ORIENTED_EDGE('',*,*,#11684,.T.);
#11684 = EDGE_CURVE('',#11677,#11685,#11687,.T.);
#11685 = VERTEX_POINT('',#11686);
#11686 = CARTESIAN_POINT('',(27.711891,-10.192829,1.585));
#11687 = CIRCLE('',#11688,7.500005951702E-02);
#11688 = AXIS2_PLACEMENT_3D('',#11689,#11690,#11691);
#11689 = CARTESIAN_POINT('',(27.773333062942,-10.14981874739,1.585));
#11690 = DIRECTION('',(0.,0.,-1.));
#11691 = DIRECTION('',(0.915371767708,0.402609645791,0.));
#11692 = ORIENTED_EDGE('',*,*,#11693,.T.);
#11693 = EDGE_CURVE('',#11685,#11694,#11696,.T.);
#11694 = VERTEX_POINT('',#11695);
#11695 = CARTESIAN_POINT('',(27.400951,-9.748628,1.585));
#11696 = LINE('',#11697,#11698);
#11697 = CARTESIAN_POINT('',(27.711891,-10.192829,1.585));
#11698 = VECTOR('',#11699,1.);
#11699 = DIRECTION('',(-0.573461477921,0.819232527028,0.));
#11700 = ORIENTED_EDGE('',*,*,#11701,.T.);
#11701 = EDGE_CURVE('',#11694,#11702,#11704,.T.);
#11702 = VERTEX_POINT('',#11703);
#11703 = CARTESIAN_POINT('',(27.276905,-9.748628,1.585));
#11704 = LINE('',#11705,#11706);
#11705 = CARTESIAN_POINT('',(27.400951,-9.748628,1.585));
#11706 = VECTOR('',#11707,1.);
#11707 = DIRECTION('',(-1.,0.,0.));
#11708 = ORIENTED_EDGE('',*,*,#11709,.T.);
#11709 = EDGE_CURVE('',#11702,#11710,#11712,.T.);
#11710 = VERTEX_POINT('',#11711);
#11711 = CARTESIAN_POINT('',(27.275464,-10.164451,1.585));
#11712 = LINE('',#11713,#11714);
#11713 = CARTESIAN_POINT('',(27.276905,-9.748628,1.585));
#11714 = VECTOR('',#11715,1.);
#11715 = DIRECTION('',(-3.465395967783E-03,-0.999993995497,0.));
#11716 = ORIENTED_EDGE('',*,*,#11717,.T.);
#11717 = EDGE_CURVE('',#11710,#11718,#11720,.T.);
#11718 = VERTEX_POINT('',#11719);
#11719 = CARTESIAN_POINT('',(27.126905,-10.149819,1.585));
#11720 = CIRCLE('',#11721,7.500006711464E-02);
#11721 = AXIS2_PLACEMENT_3D('',#11722,#11723,#11724);
#11722 = CARTESIAN_POINT('',(27.201905067115,-10.14981906711,1.585));
#11723 = DIRECTION('',(-0.,0.,-1.));
#11724 = DIRECTION('',(0.980784894138,-0.195092263891,-0.));
#11725 = ORIENTED_EDGE('',*,*,#11726,.T.);
#11726 = EDGE_CURVE('',#11718,#11624,#11727,.T.);
#11727 = LINE('',#11728,#11729);
#11728 = CARTESIAN_POINT('',(27.126905,-10.149819,1.585));
#11729 = VECTOR('',#11730,1.);
#11730 = DIRECTION('',(1.420217918158E-03,0.99999899149,0.));
#11731 = FACE_BOUND('',#11732,.F.);
#11732 = EDGE_LOOP('',(#11733,#11744,#11752,#11760,#11768,#11777));
#11733 = ORIENTED_EDGE('',*,*,#11734,.T.);
#11734 = EDGE_CURVE('',#11735,#11737,#11739,.T.);
#11735 = VERTEX_POINT('',#11736);
#11736 = CARTESIAN_POINT('',(27.698333,-9.358,1.585));
#11737 = VERTEX_POINT('',#11738);
#11738 = CARTESIAN_POINT('',(27.565152,-9.224819,1.585));
#11739 = CIRCLE('',#11740,0.18686440374);
#11740 = AXIS2_PLACEMENT_3D('',#11741,#11742,#11743);
#11741 = CARTESIAN_POINT('',(27.517616,-9.405536,1.585));
#11742 = DIRECTION('',(0.,0.,1.));
#11743 = DIRECTION('',(0.967102328658,0.254387668538,-0.));
#11744 = ORIENTED_EDGE('',*,*,#11745,.T.);
#11745 = EDGE_CURVE('',#11737,#11746,#11748,.T.);
#11746 = VERTEX_POINT('',#11747);
#11747 = CARTESIAN_POINT('',(27.276905,-9.224819,1.585));
#11748 = LINE('',#11749,#11750);
#11749 = CARTESIAN_POINT('',(27.565152,-9.224819,1.585));
#11750 = VECTOR('',#11751,1.);
#11751 = DIRECTION('',(-1.,0.,0.));
#11752 = ORIENTED_EDGE('',*,*,#11753,.T.);
#11753 = EDGE_CURVE('',#11746,#11754,#11756,.T.);
#11754 = VERTEX_POINT('',#11755);
#11755 = CARTESIAN_POINT('',(27.276905,-9.598628,1.585));
#11756 = LINE('',#11757,#11758);
#11757 = CARTESIAN_POINT('',(27.276905,-9.224819,1.585));
#11758 = VECTOR('',#11759,1.);
#11759 = DIRECTION('',(0.,-1.,0.));
#11760 = ORIENTED_EDGE('',*,*,#11761,.T.);
#11761 = EDGE_CURVE('',#11754,#11762,#11764,.T.);
#11762 = VERTEX_POINT('',#11763);
#11763 = CARTESIAN_POINT('',(27.565152,-9.598628,1.585));
#11764 = LINE('',#11765,#11766);
#11765 = CARTESIAN_POINT('',(27.276905,-9.598628,1.585));
#11766 = VECTOR('',#11767,1.);
#11767 = DIRECTION('',(1.,0.,0.));
#11768 = ORIENTED_EDGE('',*,*,#11769,.T.);
#11769 = EDGE_CURVE('',#11762,#11770,#11772,.T.);
#11770 = VERTEX_POINT('',#11771);
#11771 = CARTESIAN_POINT('',(27.698333,-9.465447,1.585));
#11772 = CIRCLE('',#11773,0.18686440374);
#11773 = AXIS2_PLACEMENT_3D('',#11774,#11775,#11776);
#11774 = CARTESIAN_POINT('',(27.517616,-9.417911,1.585));
#11775 = DIRECTION('',(0.,0.,1.));
#11776 = DIRECTION('',(0.254387668538,-0.967102328658,0.));
#11777 = ORIENTED_EDGE('',*,*,#11778,.T.);
#11778 = EDGE_CURVE('',#11770,#11735,#11779,.T.);
#11779 = LINE('',#11780,#11781);
#11780 = CARTESIAN_POINT('',(27.698333,-9.465447,1.585));
#11781 = VECTOR('',#11782,1.);
#11782 = DIRECTION('',(0.,1.,0.));
#11783 = PLANE('',#11784);
#11784 = AXIS2_PLACEMENT_3D('',#11785,#11786,#11787);
#11785 = CARTESIAN_POINT('',(0.,0.,1.585));
#11786 = DIRECTION('',(0.,0.,1.));
#11787 = DIRECTION('',(1.,0.,-0.));
#11788 = SHELL_BASED_SURFACE_MODEL('',(#11789));
#11789 = OPEN_SHELL('',(#11790));
#11790 = ADVANCED_FACE('',(#11791),#11895,.T.);
#11791 = FACE_BOUND('',#11792,.F.);
#11792 = EDGE_LOOP('',(#11793,#11804,#11812,#11821,#11829,#11838,#11846,
    #11855,#11863,#11872,#11880,#11889));
#11793 = ORIENTED_EDGE('',*,*,#11794,.T.);
#11794 = EDGE_CURVE('',#11795,#11797,#11799,.T.);
#11795 = VERTEX_POINT('',#11796);
#11796 = CARTESIAN_POINT('',(10.445187,-9.154035,1.585));
#11797 = VERTEX_POINT('',#11798);
#11798 = CARTESIAN_POINT('',(10.459819,-9.005476,1.585));
#11799 = CIRCLE('',#11800,7.500006711464E-02);
#11800 = AXIS2_PLACEMENT_3D('',#11801,#11802,#11803);
#11801 = CARTESIAN_POINT('',(10.459818932885,-9.080476067115,1.585));
#11802 = DIRECTION('',(0.,0.,-1.));
#11803 = DIRECTION('',(-0.195092263891,-0.980784894138,-0.));
#11804 = ORIENTED_EDGE('',*,*,#11805,.T.);
#11805 = EDGE_CURVE('',#11797,#11806,#11808,.T.);
#11806 = VERTEX_POINT('',#11807);
#11807 = CARTESIAN_POINT('',(11.283974,-9.006917,1.585));
#11808 = LINE('',#11809,#11810);
#11809 = CARTESIAN_POINT('',(10.459819,-9.005476,1.585));
#11810 = VECTOR('',#11811,1.);
#11811 = DIRECTION('',(0.999998471452,-1.748454838424E-03,0.));
#11812 = ORIENTED_EDGE('',*,*,#11813,.T.);
#11813 = EDGE_CURVE('',#11806,#11814,#11816,.T.);
#11814 = VERTEX_POINT('',#11815);
#11815 = CARTESIAN_POINT('',(11.533378,-9.25632,1.585));
#11816 = CIRCLE('',#11817,0.347873191155);
#11817 = AXIS2_PLACEMENT_3D('',#11818,#11819,#11820);
#11818 = CARTESIAN_POINT('',(11.196644936593,-9.343650413561,1.585));
#11819 = DIRECTION('',(0.,0.,-1.));
#11820 = DIRECTION('',(0.251037060709,0.967977476055,0.));
#11821 = ORIENTED_EDGE('',*,*,#11822,.T.);
#11822 = EDGE_CURVE('',#11814,#11823,#11825,.T.);
#11823 = VERTEX_POINT('',#11824);
#11824 = CARTESIAN_POINT('',(11.532156,-9.481238,1.585));
#11825 = LINE('',#11826,#11827);
#11826 = CARTESIAN_POINT('',(11.533378,-9.25632,1.585));
#11827 = VECTOR('',#11828,1.);
#11828 = DIRECTION('',(-5.433010984485E-03,-0.999985241087,0.));
#11829 = ORIENTED_EDGE('',*,*,#11830,.T.);
#11830 = EDGE_CURVE('',#11823,#11831,#11833,.T.);
#11831 = VERTEX_POINT('',#11832);
#11832 = CARTESIAN_POINT('',(11.283974,-9.725463,1.585));
#11833 = CIRCLE('',#11834,0.348632713765);
#11834 = AXIS2_PLACEMENT_3D('',#11835,#11836,#11837);
#11835 = CARTESIAN_POINT('',(11.196205973942,-9.388058876272,1.585));
#11836 = DIRECTION('',(0.,0.,-1.));
#11837 = DIRECTION('',(0.963621636162,-0.267270167283,0.));
#11838 = ORIENTED_EDGE('',*,*,#11839,.T.);
#11839 = EDGE_CURVE('',#11831,#11840,#11842,.T.);
#11840 = VERTEX_POINT('',#11841);
#11841 = CARTESIAN_POINT('',(10.445187,-9.725463,1.585));
#11842 = LINE('',#11843,#11844);
#11843 = CARTESIAN_POINT('',(11.283974,-9.725463,1.585));
#11844 = VECTOR('',#11845,1.);
#11845 = DIRECTION('',(-1.,0.,0.));
#11846 = ORIENTED_EDGE('',*,*,#11847,.T.);
#11847 = EDGE_CURVE('',#11840,#11848,#11850,.T.);
#11848 = VERTEX_POINT('',#11849);
#11849 = CARTESIAN_POINT('',(10.459819,-9.576904,1.585));
#11850 = CIRCLE('',#11851,7.500006711464E-02);
#11851 = AXIS2_PLACEMENT_3D('',#11852,#11853,#11854);
#11852 = CARTESIAN_POINT('',(10.459818932885,-9.651904067115,1.585));
#11853 = DIRECTION('',(0.,0.,-1.));
#11854 = DIRECTION('',(-0.195092263891,-0.980784894138,-0.));
#11855 = ORIENTED_EDGE('',*,*,#11856,.T.);
#11856 = EDGE_CURVE('',#11848,#11857,#11859,.T.);
#11857 = VERTEX_POINT('',#11858);
#11858 = CARTESIAN_POINT('',(11.251637,-9.576904,1.585));
#11859 = LINE('',#11860,#11861);
#11860 = CARTESIAN_POINT('',(10.459819,-9.576904,1.585));
#11861 = VECTOR('',#11862,1.);
#11862 = DIRECTION('',(1.,0.,0.));
#11863 = ORIENTED_EDGE('',*,*,#11864,.T.);
#11864 = EDGE_CURVE('',#11857,#11865,#11867,.T.);
#11865 = VERTEX_POINT('',#11866);
#11866 = CARTESIAN_POINT('',(11.384819,-9.443723,1.585));
#11867 = CIRCLE('',#11868,0.186872595955);
#11868 = AXIS2_PLACEMENT_3D('',#11869,#11870,#11871);
#11869 = CARTESIAN_POINT('',(11.20409536766,-9.396180010686,1.585));
#11870 = DIRECTION('',(0.,0.,1.));
#11871 = DIRECTION('',(0.254406656561,-0.967097333828,0.));
#11872 = ORIENTED_EDGE('',*,*,#11873,.T.);
#11873 = EDGE_CURVE('',#11865,#11874,#11876,.T.);
#11874 = VERTEX_POINT('',#11875);
#11875 = CARTESIAN_POINT('',(11.384819,-9.288657,1.585));
#11876 = LINE('',#11877,#11878);
#11877 = CARTESIAN_POINT('',(11.384819,-9.443723,1.585));
#11878 = VECTOR('',#11879,1.);
#11879 = DIRECTION('',(0.,1.,0.));
#11880 = ORIENTED_EDGE('',*,*,#11881,.T.);
#11881 = EDGE_CURVE('',#11874,#11882,#11884,.T.);
#11882 = VERTEX_POINT('',#11883);
#11883 = CARTESIAN_POINT('',(11.251637,-9.155476,1.585));
#11884 = CIRCLE('',#11885,0.18686362259);
#11885 = AXIS2_PLACEMENT_3D('',#11886,#11887,#11888);
#11886 = CARTESIAN_POINT('',(11.204102713837,-9.336192643081,1.585));
#11887 = DIRECTION('',(0.,0.,1.));
#11888 = DIRECTION('',(0.967102551356,0.25438682191,-0.));
#11889 = ORIENTED_EDGE('',*,*,#11890,.T.);
#11890 = EDGE_CURVE('',#11882,#11795,#11891,.T.);
#11891 = LINE('',#11892,#11893);
#11892 = CARTESIAN_POINT('',(11.251637,-9.155476,1.585));
#11893 = VECTOR('',#11894,1.);
#11894 = DIRECTION('',(-0.999998403599,1.786840721168E-03,0.));
#11895 = PLANE('',#11896);
#11896 = AXIS2_PLACEMENT_3D('',#11897,#11898,#11899);
#11897 = CARTESIAN_POINT('',(0.,0.,1.585));
#11898 = DIRECTION('',(0.,0.,1.));
#11899 = DIRECTION('',(1.,0.,-0.));
#11900 = SHELL_BASED_SURFACE_MODEL('',(#11901));
#11901 = OPEN_SHELL('',(#11902));
#11902 = ADVANCED_FACE('',(#11903),#12037,.T.);
#11903 = FACE_BOUND('',#11904,.F.);
#11904 = EDGE_LOOP('',(#11905,#11916,#11924,#11933,#11941,#11949,#11957,
    #11965,#11974,#11982,#11990,#11998,#12007,#12015,#12023,#12031));
#11905 = ORIENTED_EDGE('',*,*,#11906,.T.);
#11906 = EDGE_CURVE('',#11907,#11909,#11911,.T.);
#11907 = VERTEX_POINT('',#11908);
#11908 = CARTESIAN_POINT('',(11.418151,-8.018116,1.585));
#11909 = VERTEX_POINT('',#11910);
#11910 = CARTESIAN_POINT('',(11.534819,-8.080476,1.585));
#11911 = CIRCLE('',#11912,7.500000000003E-02);
#11912 = AXIS2_PLACEMENT_3D('',#11913,#11914,#11915);
#11913 = CARTESIAN_POINT('',(11.459819,-8.080476065555,1.585));
#11914 = DIRECTION('',(0.,0.,-1.));
#11915 = DIRECTION('',(-0.555573333333,0.831467540731,0.));
#11916 = ORIENTED_EDGE('',*,*,#11917,.T.);
#11917 = EDGE_CURVE('',#11909,#11918,#11920,.T.);
#11918 = VERTEX_POINT('',#11919);
#11919 = CARTESIAN_POINT('',(11.533378,-8.666536,1.585));
#11920 = LINE('',#11921,#11922);
#11921 = CARTESIAN_POINT('',(11.534819,-8.080476,1.585));
#11922 = VECTOR('',#11923,1.);
#11923 = DIRECTION('',(-2.458785182611E-03,-0.999996977183,0.));
#11924 = ORIENTED_EDGE('',*,*,#11925,.T.);
#11925 = EDGE_CURVE('',#11918,#11926,#11928,.T.);
#11926 = VERTEX_POINT('',#11927);
#11927 = CARTESIAN_POINT('',(11.384819,-8.651904,1.585));
#11928 = CIRCLE('',#11929,7.500006711464E-02);
#11929 = AXIS2_PLACEMENT_3D('',#11930,#11931,#11932);
#11930 = CARTESIAN_POINT('',(11.459819067115,-8.651904067115,1.585));
#11931 = DIRECTION('',(-0.,0.,-1.));
#11932 = DIRECTION('',(0.980784894138,-0.195092263891,-0.));
#11933 = ORIENTED_EDGE('',*,*,#11934,.T.);
#11934 = EDGE_CURVE('',#11926,#11935,#11937,.T.);
#11935 = VERTEX_POINT('',#11936);
#11936 = CARTESIAN_POINT('',(11.384819,-8.44119,1.585));
#11937 = LINE('',#11938,#11939);
#11938 = CARTESIAN_POINT('',(11.384819,-8.651904,1.585));
#11939 = VECTOR('',#11940,1.);
#11940 = DIRECTION('',(0.,1.,0.));
#11941 = ORIENTED_EDGE('',*,*,#11942,.T.);
#11942 = EDGE_CURVE('',#11935,#11943,#11945,.T.);
#11943 = VERTEX_POINT('',#11944);
#11944 = CARTESIAN_POINT('',(10.688504,-8.44119,1.585));
#11945 = LINE('',#11946,#11947);
#11946 = CARTESIAN_POINT('',(11.384819,-8.44119,1.585));
#11947 = VECTOR('',#11948,1.);
#11948 = DIRECTION('',(-1.,0.,0.));
#11949 = ORIENTED_EDGE('',*,*,#11950,.T.);
#11950 = EDGE_CURVE('',#11943,#11951,#11953,.T.);
#11951 = VERTEX_POINT('',#11952);
#11952 = CARTESIAN_POINT('',(10.761033,-8.51683,1.585));
#11953 = LINE('',#11954,#11955);
#11954 = CARTESIAN_POINT('',(10.688504,-8.44119,1.585));
#11955 = VECTOR('',#11956,1.);
#11956 = DIRECTION('',(0.692107619701,-0.72179432164,0.));
#11957 = ORIENTED_EDGE('',*,*,#11958,.T.);
#11958 = EDGE_CURVE('',#11951,#11959,#11961,.T.);
#11959 = VERTEX_POINT('',#11960);
#11960 = CARTESIAN_POINT('',(10.81787,-8.632094,1.585));
#11961 = LINE('',#11962,#11963);
#11962 = CARTESIAN_POINT('',(10.761033,-8.51683,1.585));
#11963 = VECTOR('',#11964,1.);
#11964 = DIRECTION('',(0.442257930733,-0.896887909777,0.));
#11965 = ORIENTED_EDGE('',*,*,#11966,.T.);
#11966 = EDGE_CURVE('',#11959,#11967,#11969,.T.);
#11967 = VERTEX_POINT('',#11968);
#11968 = CARTESIAN_POINT('',(10.678451,-8.685445,1.585));
#11969 = CIRCLE('',#11970,7.500029440469E-02);
#11970 = AXIS2_PLACEMENT_3D('',#11971,#11972,#11973);
#11971 = CARTESIAN_POINT('',(10.74553305397,-8.651903351323,1.585));
#11972 = DIRECTION('',(0.,0.,-1.));
#11973 = DIRECTION('',(0.964488827732,0.264123647522,0.));
#11974 = ORIENTED_EDGE('',*,*,#11975,.T.);
#11975 = EDGE_CURVE('',#11967,#11976,#11978,.T.);
#11976 = VERTEX_POINT('',#11977);
#11977 = CARTESIAN_POINT('',(10.636275,-8.601093,1.585));
#11978 = LINE('',#11979,#11980);
#11979 = CARTESIAN_POINT('',(10.678451,-8.685445,1.585));
#11980 = VECTOR('',#11981,1.);
#11981 = DIRECTION('',(-0.4472135955,0.894427191,0.));
#11982 = ORIENTED_EDGE('',*,*,#11983,.T.);
#11983 = EDGE_CURVE('',#11976,#11984,#11986,.T.);
#11984 = VERTEX_POINT('',#11985);
#11985 = CARTESIAN_POINT('',(10.554894,-8.519712,1.585));
#11986 = LINE('',#11987,#11988);
#11987 = CARTESIAN_POINT('',(10.636275,-8.601093,1.585));
#11988 = VECTOR('',#11989,1.);
#11989 = DIRECTION('',(-0.707106781187,0.707106781187,0.));
#11990 = ORIENTED_EDGE('',*,*,#11991,.T.);
#11991 = EDGE_CURVE('',#11984,#11992,#11994,.T.);
#11992 = VERTEX_POINT('',#11993);
#11993 = CARTESIAN_POINT('',(10.406841,-8.419278,1.585));
#11994 = LINE('',#11995,#11996);
#11995 = CARTESIAN_POINT('',(10.554894,-8.519712,1.585));
#11996 = VECTOR('',#11997,1.);
#11997 = DIRECTION('',(-0.827555069925,0.561384544,0.));
#11998 = ORIENTED_EDGE('',*,*,#11999,.T.);
#11999 = EDGE_CURVE('',#11992,#12000,#12002,.T.);
#12000 = VERTEX_POINT('',#12001);
#12001 = CARTESIAN_POINT('',(10.459819,-8.29119,1.585));
#12002 = CIRCLE('',#12003,7.499993751709E-02);
#12003 = AXIS2_PLACEMENT_3D('',#12004,#12005,#12006);
#12004 = CARTESIAN_POINT('',(10.459818809027,-8.366189937517,1.585));
#12005 = DIRECTION('',(0.,0.,-1.));
#12006 = DIRECTION('',(-0.706371375515,-0.707841422815,-0.));
#12007 = ORIENTED_EDGE('',*,*,#12008,.T.);
#12008 = EDGE_CURVE('',#12000,#12009,#12011,.T.);
#12009 = VERTEX_POINT('',#12010);
#12010 = CARTESIAN_POINT('',(11.384819,-8.29119,1.585));
#12011 = LINE('',#12012,#12013);
#12012 = CARTESIAN_POINT('',(10.459819,-8.29119,1.585));
#12013 = VECTOR('',#12014,1.);
#12014 = DIRECTION('',(1.,0.,0.));
#12015 = ORIENTED_EDGE('',*,*,#12016,.T.);
#12016 = EDGE_CURVE('',#12009,#12017,#12019,.T.);
#12017 = VERTEX_POINT('',#12018);
#12018 = CARTESIAN_POINT('',(11.38626,-8.065844,1.585));
#12019 = LINE('',#12020,#12021);
#12020 = CARTESIAN_POINT('',(11.384819,-8.29119,1.585));
#12021 = VECTOR('',#12022,1.);
#12022 = DIRECTION('',(6.394480216655E-03,0.999979555102,0.));
#12023 = ORIENTED_EDGE('',*,*,#12024,.T.);
#12024 = EDGE_CURVE('',#12017,#12025,#12027,.T.);
#12025 = VERTEX_POINT('',#12026);
#12026 = CARTESIAN_POINT('',(11.397459,-8.038808,1.585));
#12027 = LINE('',#12028,#12029);
#12028 = CARTESIAN_POINT('',(11.38626,-8.065844,1.585));
#12029 = VECTOR('',#12030,1.);
#12030 = DIRECTION('',(0.38269282806,0.923875640631,0.));
#12031 = ORIENTED_EDGE('',*,*,#12032,.T.);
#12032 = EDGE_CURVE('',#12025,#11907,#12033,.T.);
#12033 = LINE('',#12034,#12035);
#12034 = CARTESIAN_POINT('',(11.397459,-8.038808,1.585));
#12035 = VECTOR('',#12036,1.);
#12036 = DIRECTION('',(0.707106781187,0.707106781187,0.));
#12037 = PLANE('',#12038);
#12038 = AXIS2_PLACEMENT_3D('',#12039,#12040,#12041);
#12039 = CARTESIAN_POINT('',(0.,0.,1.585));
#12040 = DIRECTION('',(0.,0.,1.));
#12041 = DIRECTION('',(1.,0.,-0.));
#12042 = SHELL_BASED_SURFACE_MODEL('',(#12043));
#12043 = OPEN_SHELL('',(#12044));
#12044 = ADVANCED_FACE('',(#12045),#12138,.T.);
#12045 = FACE_BOUND('',#12046,.F.);
#12046 = EDGE_LOOP('',(#12047,#12058,#12066,#12074,#12082,#12090,#12098,
    #12107,#12115,#12124,#12132));
#12047 = ORIENTED_EDGE('',*,*,#12048,.T.);
#12048 = EDGE_CURVE('',#12049,#12051,#12053,.T.);
#12049 = VERTEX_POINT('',#12050);
#12050 = CARTESIAN_POINT('',(24.829853,-7.55567,1.585));
#12051 = VERTEX_POINT('',#12052);
#12052 = CARTESIAN_POINT('',(24.916428,-7.572891,1.585));
#12053 = CIRCLE('',#12054,4.500016959173E-02);
#12054 = AXIS2_PLACEMENT_3D('',#12055,#12056,#12057);
#12055 = CARTESIAN_POINT('',(24.87142783041,-7.572890590572,1.585));
#12056 = DIRECTION('',(0.,0.,-1.));
#12057 = DIRECTION('',(-0.923881638388,0.38267834829,0.));
#12058 = ORIENTED_EDGE('',*,*,#12059,.T.);
#12059 = EDGE_CURVE('',#12051,#12060,#12062,.T.);
#12060 = VERTEX_POINT('',#12061);
#12061 = CARTESIAN_POINT('',(24.914119,-8.015692,1.585));
#12062 = LINE('',#12063,#12064);
#12063 = CARTESIAN_POINT('',(24.916428,-7.572891,1.585));
#12064 = VECTOR('',#12065,1.);
#12065 = DIRECTION('',(-5.214461142214E-03,-0.999986404605,0.));
#12066 = ORIENTED_EDGE('',*,*,#12067,.T.);
#12067 = EDGE_CURVE('',#12060,#12068,#12070,.T.);
#12068 = VERTEX_POINT('',#12069);
#12069 = CARTESIAN_POINT('',(24.876853,-8.116661,1.585));
#12070 = LINE('',#12071,#12072);
#12071 = CARTESIAN_POINT('',(24.914119,-8.015692,1.585));
#12072 = VECTOR('',#12073,1.);
#12073 = DIRECTION('',(-0.346252562306,-0.938141334286,0.));
#12074 = ORIENTED_EDGE('',*,*,#12075,.T.);
#12075 = EDGE_CURVE('',#12068,#12076,#12078,.T.);
#12076 = VERTEX_POINT('',#12077);
#12077 = CARTESIAN_POINT('',(24.802935,-8.185895,1.585));
#12078 = LINE('',#12079,#12080);
#12079 = CARTESIAN_POINT('',(24.876853,-8.116661,1.585));
#12080 = VECTOR('',#12081,1.);
#12081 = DIRECTION('',(-0.729853047505,-0.683604073311,0.));
#12082 = ORIENTED_EDGE('',*,*,#12083,.T.);
#12083 = EDGE_CURVE('',#12076,#12084,#12086,.T.);
#12084 = VERTEX_POINT('',#12085);
#12085 = CARTESIAN_POINT('',(24.7,-8.217891,1.585));
#12086 = LINE('',#12087,#12088);
#12087 = CARTESIAN_POINT('',(24.802935,-8.185895,1.585));
#12088 = VECTOR('',#12089,1.);
#12089 = DIRECTION('',(-0.95493101285,-0.296827830059,0.));
#12090 = ORIENTED_EDGE('',*,*,#12091,.T.);
#12091 = EDGE_CURVE('',#12084,#12092,#12094,.T.);
#12092 = VERTEX_POINT('',#12093);
#12093 = CARTESIAN_POINT('',(24.625636,-8.214466,1.585));
#12094 = LINE('',#12095,#12096);
#12095 = CARTESIAN_POINT('',(24.7,-8.217891,1.585));
#12096 = VECTOR('',#12097,1.);
#12097 = DIRECTION('',(-0.998941050131,4.600845969418E-02,0.));
#12098 = ORIENTED_EDGE('',*,*,#12099,.T.);
#12099 = EDGE_CURVE('',#12092,#12100,#12102,.T.);
#12100 = VERTEX_POINT('',#12101);
#12101 = CARTESIAN_POINT('',(24.625636,-8.131316,1.585));
#12102 = CIRCLE('',#12103,4.500048295297E-02);
#12103 = AXIS2_PLACEMENT_3D('',#12104,#12105,#12106);
#12104 = CARTESIAN_POINT('',(24.642857,-8.172891,1.585));
#12105 = DIRECTION('',(0.,0.,-1.));
#12106 = DIRECTION('',(-0.382684781806,-0.923878973554,-0.));
#12107 = ORIENTED_EDGE('',*,*,#12108,.T.);
#12108 = EDGE_CURVE('',#12100,#12109,#12111,.T.);
#12109 = VERTEX_POINT('',#12110);
#12110 = CARTESIAN_POINT('',(24.692697,-8.127891,1.585));
#12111 = LINE('',#12112,#12113);
#12112 = CARTESIAN_POINT('',(24.625636,-8.131316,1.585));
#12113 = VECTOR('',#12114,1.);
#12114 = DIRECTION('',(0.998698325204,5.100642346258E-02,0.));
#12115 = ORIENTED_EDGE('',*,*,#12116,.T.);
#12116 = EDGE_CURVE('',#12109,#12117,#12119,.T.);
#12117 = VERTEX_POINT('',#12118);
#12118 = CARTESIAN_POINT('',(24.826428,-7.994159,1.585));
#12119 = CIRCLE('',#12120,0.143662361156);
#12120 = AXIS2_PLACEMENT_3D('',#12121,#12122,#12123);
#12121 = CARTESIAN_POINT('',(24.683087326147,-7.984550398001,1.585));
#12122 = DIRECTION('',(0.,0.,1.));
#12123 = DIRECTION('',(6.689068574045E-02,-0.997760309975,0.));
#12124 = ORIENTED_EDGE('',*,*,#12125,.T.);
#12125 = EDGE_CURVE('',#12117,#12126,#12128,.T.);
#12126 = VERTEX_POINT('',#12127);
#12127 = CARTESIAN_POINT('',(24.826428,-7.572891,1.585));
#12128 = LINE('',#12129,#12130);
#12129 = CARTESIAN_POINT('',(24.826428,-7.994159,1.585));
#12130 = VECTOR('',#12131,1.);
#12131 = DIRECTION('',(0.,1.,0.));
#12132 = ORIENTED_EDGE('',*,*,#12133,.T.);
#12133 = EDGE_CURVE('',#12126,#12049,#12134,.T.);
#12134 = LINE('',#12135,#12136);
#12135 = CARTESIAN_POINT('',(24.826428,-7.572891,1.585));
#12136 = VECTOR('',#12137,1.);
#12137 = DIRECTION('',(0.195064579407,0.980790400575,0.));
#12138 = PLANE('',#12139);
#12139 = AXIS2_PLACEMENT_3D('',#12140,#12141,#12142);
#12140 = CARTESIAN_POINT('',(0.,0.,1.585));
#12141 = DIRECTION('',(0.,0.,1.));
#12142 = DIRECTION('',(1.,0.,-0.));
#12143 = SHELL_BASED_SURFACE_MODEL('',(#12144));
#12144 = OPEN_SHELL('',(#12145));
#12145 = ADVANCED_FACE('',(#12146),#12287,.T.);
#12146 = FACE_BOUND('',#12147,.F.);
#12147 = EDGE_LOOP('',(#12148,#12158,#12166,#12174,#12182,#12190,#12198,
    #12206,#12215,#12223,#12232,#12240,#12248,#12256,#12264,#12273,
    #12281));
#12148 = ORIENTED_EDGE('',*,*,#12149,.T.);
#12149 = EDGE_CURVE('',#12150,#12152,#12154,.T.);
#12150 = VERTEX_POINT('',#12151);
#12151 = CARTESIAN_POINT('',(25.207887,-7.629934,1.585));
#12152 = VERTEX_POINT('',#12153);
#12153 = CARTESIAN_POINT('',(25.27496,-7.5355,1.585));
#12154 = LINE('',#12155,#12156);
#12155 = CARTESIAN_POINT('',(25.207887,-7.629934,1.585));
#12156 = VECTOR('',#12157,1.);
#12157 = DIRECTION('',(0.579064603554,0.815281659864,0.));
#12158 = ORIENTED_EDGE('',*,*,#12159,.T.);
#12159 = EDGE_CURVE('',#12152,#12160,#12162,.T.);
#12160 = VERTEX_POINT('',#12161);
#12161 = CARTESIAN_POINT('',(25.308733,-7.528746,1.585));
#12162 = LINE('',#12163,#12164);
#12163 = CARTESIAN_POINT('',(25.27496,-7.5355,1.585));
#12164 = VECTOR('',#12165,1.);
#12165 = DIRECTION('',(0.980584025689,0.196099384405,0.));
#12166 = ORIENTED_EDGE('',*,*,#12167,.T.);
#12167 = EDGE_CURVE('',#12160,#12168,#12170,.T.);
#12168 = VERTEX_POINT('',#12169);
#12169 = CARTESIAN_POINT('',(25.312588,-7.531316,1.585));
#12170 = LINE('',#12171,#12172);
#12171 = CARTESIAN_POINT('',(25.308733,-7.528746,1.585));
#12172 = VECTOR('',#12173,1.);
#12173 = DIRECTION('',(0.832050294338,-0.554700196225,0.));
#12174 = ORIENTED_EDGE('',*,*,#12175,.T.);
#12175 = EDGE_CURVE('',#12168,#12176,#12178,.T.);
#12176 = VERTEX_POINT('',#12177);
#12177 = CARTESIAN_POINT('',(25.338299,-7.552394,1.585));
#12178 = LINE('',#12179,#12180);
#12179 = CARTESIAN_POINT('',(25.312588,-7.531316,1.585));
#12180 = VECTOR('',#12181,1.);
#12181 = DIRECTION('',(0.773341819008,-0.633989298785,0.));
#12182 = ORIENTED_EDGE('',*,*,#12183,.T.);
#12183 = EDGE_CURVE('',#12176,#12184,#12186,.T.);
#12184 = VERTEX_POINT('',#12185);
#12185 = CARTESIAN_POINT('',(25.345,-7.572891,1.585));
#12186 = LINE('',#12187,#12188);
#12187 = CARTESIAN_POINT('',(25.338299,-7.552394,1.585));
#12188 = VECTOR('',#12189,1.);
#12189 = DIRECTION('',(0.310741273309,-0.950494534998,0.));
#12190 = ORIENTED_EDGE('',*,*,#12191,.T.);
#12191 = EDGE_CURVE('',#12184,#12192,#12194,.T.);
#12192 = VERTEX_POINT('',#12193);
#12193 = CARTESIAN_POINT('',(25.345,-8.127891,1.585));
#12194 = LINE('',#12195,#12196);
#12195 = CARTESIAN_POINT('',(25.345,-7.572891,1.585));
#12196 = VECTOR('',#12197,1.);
#12197 = DIRECTION('',(0.,-1.,0.));
#12198 = ORIENTED_EDGE('',*,*,#12199,.T.);
#12199 = EDGE_CURVE('',#12192,#12200,#12202,.T.);
#12200 = VERTEX_POINT('',#12201);
#12201 = CARTESIAN_POINT('',(25.471428,-8.127891,1.585));
#12202 = LINE('',#12203,#12204);
#12203 = CARTESIAN_POINT('',(25.345,-8.127891,1.585));
#12204 = VECTOR('',#12205,1.);
#12205 = DIRECTION('',(1.,0.,0.));
#12206 = ORIENTED_EDGE('',*,*,#12207,.T.);
#12207 = EDGE_CURVE('',#12200,#12208,#12210,.T.);
#12208 = VERTEX_POINT('',#12209);
#12209 = CARTESIAN_POINT('',(25.471428,-8.217891,1.585));
#12210 = CIRCLE('',#12211,4.500000000304E-02);
#12211 = AXIS2_PLACEMENT_3D('',#12212,#12213,#12214);
#12212 = CARTESIAN_POINT('',(25.471428522742,-8.172891,1.585));
#12213 = DIRECTION('',(0.,0.,-1.));
#12214 = DIRECTION('',(-1.161648965583E-05,0.999999999933,-0.));
#12215 = ORIENTED_EDGE('',*,*,#12216,.T.);
#12216 = EDGE_CURVE('',#12208,#12217,#12219,.T.);
#12217 = VERTEX_POINT('',#12218);
#12218 = CARTESIAN_POINT('',(25.128571,-8.217891,1.585));
#12219 = LINE('',#12220,#12221);
#12220 = CARTESIAN_POINT('',(25.471428,-8.217891,1.585));
#12221 = VECTOR('',#12222,1.);
#12222 = DIRECTION('',(-1.,0.,0.));
#12223 = ORIENTED_EDGE('',*,*,#12224,.T.);
#12224 = EDGE_CURVE('',#12217,#12225,#12227,.T.);
#12225 = VERTEX_POINT('',#12226);
#12226 = CARTESIAN_POINT('',(25.128571,-8.127891,1.585));
#12227 = CIRCLE('',#12228,4.500000000304E-02);
#12228 = AXIS2_PLACEMENT_3D('',#12229,#12230,#12231);
#12229 = CARTESIAN_POINT('',(25.128570477258,-8.172891,1.585));
#12230 = DIRECTION('',(0.,0.,-1.));
#12231 = DIRECTION('',(1.161648965583E-05,-0.999999999933,0.));
#12232 = ORIENTED_EDGE('',*,*,#12233,.T.);
#12233 = EDGE_CURVE('',#12225,#12234,#12236,.T.);
#12234 = VERTEX_POINT('',#12235);
#12235 = CARTESIAN_POINT('',(25.255,-8.127891,1.585));
#12236 = LINE('',#12237,#12238);
#12237 = CARTESIAN_POINT('',(25.128571,-8.127891,1.585));
#12238 = VECTOR('',#12239,1.);
#12239 = DIRECTION('',(1.,0.,0.));
#12240 = ORIENTED_EDGE('',*,*,#12241,.T.);
#12241 = EDGE_CURVE('',#12234,#12242,#12244,.T.);
#12242 = VERTEX_POINT('',#12243);
#12243 = CARTESIAN_POINT('',(25.255,-7.710102,1.585));
#12244 = LINE('',#12245,#12246);
#12245 = CARTESIAN_POINT('',(25.255,-8.127891,1.585));
#12246 = VECTOR('',#12247,1.);
#12247 = DIRECTION('',(0.,1.,0.));
#12248 = ORIENTED_EDGE('',*,*,#12249,.T.);
#12249 = EDGE_CURVE('',#12242,#12250,#12252,.T.);
#12250 = VERTEX_POINT('',#12251);
#12251 = CARTESIAN_POINT('',(25.205839,-7.755997,1.585));
#12252 = LINE('',#12253,#12254);
#12253 = CARTESIAN_POINT('',(25.255,-7.710102,1.585));
#12254 = VECTOR('',#12255,1.);
#12255 = DIRECTION('',(-0.73097071113,-0.682408836014,0.));
#12256 = ORIENTED_EDGE('',*,*,#12257,.T.);
#12257 = EDGE_CURVE('',#12250,#12258,#12260,.T.);
#12258 = VERTEX_POINT('',#12259);
#12259 = CARTESIAN_POINT('',(25.131761,-7.789207,1.585));
#12260 = LINE('',#12261,#12262);
#12261 = CARTESIAN_POINT('',(25.205839,-7.755997,1.585));
#12262 = VECTOR('',#12263,1.);
#12263 = DIRECTION('',(-0.912497274373,-0.409082784118,0.));
#12264 = ORIENTED_EDGE('',*,*,#12265,.T.);
#12265 = EDGE_CURVE('',#12258,#12266,#12268,.T.);
#12266 = VERTEX_POINT('',#12267);
#12267 = CARTESIAN_POINT('',(25.094575,-7.714836,1.585));
#12268 = CIRCLE('',#12269,4.500020965327E-02);
#12269 = AXIS2_PLACEMENT_3D('',#12270,#12271,#12272);
#12270 = CARTESIAN_POINT('',(25.128570758573,-7.74432001716,1.585));
#12271 = DIRECTION('',(0.,0.,-1.));
#12272 = DIRECTION('',(7.089392364409E-02,-0.997483860316,0.));
#12273 = ORIENTED_EDGE('',*,*,#12274,.T.);
#12274 = EDGE_CURVE('',#12266,#12275,#12277,.T.);
#12275 = VERTEX_POINT('',#12276);
#12276 = CARTESIAN_POINT('',(25.159056,-7.678765,1.585));
#12277 = LINE('',#12278,#12279);
#12278 = CARTESIAN_POINT('',(25.094575,-7.714836,1.585));
#12279 = VECTOR('',#12280,1.);
#12280 = DIRECTION('',(0.872727261515,0.488208077575,0.));
#12281 = ORIENTED_EDGE('',*,*,#12282,.T.);
#12282 = EDGE_CURVE('',#12275,#12150,#12283,.T.);
#12283 = LINE('',#12284,#12285);
#12284 = CARTESIAN_POINT('',(25.159056,-7.678765,1.585));
#12285 = VECTOR('',#12286,1.);
#12286 = DIRECTION('',(0.707106781187,0.707106781187,0.));
#12287 = PLANE('',#12288);
#12288 = AXIS2_PLACEMENT_3D('',#12289,#12290,#12291);
#12289 = CARTESIAN_POINT('',(0.,0.,1.585));
#12290 = DIRECTION('',(0.,0.,1.));
#12291 = DIRECTION('',(1.,0.,-0.));
#12292 = SHELL_BASED_SURFACE_MODEL('',(#12293));
#12293 = OPEN_SHELL('',(#12294));
#12294 = ADVANCED_FACE('',(#12295,#12396),#12479,.T.);
#12295 = FACE_BOUND('',#12296,.F.);
#12296 = EDGE_LOOP('',(#12297,#12308,#12316,#12324,#12332,#12341,#12349,
    #12357,#12365,#12373,#12381,#12390));
#12297 = ORIENTED_EDGE('',*,*,#12298,.T.);
#12298 = EDGE_CURVE('',#12299,#12301,#12303,.T.);
#12299 = VERTEX_POINT('',#12300);
#12300 = CARTESIAN_POINT('',(31.940715,-7.572891,1.585));
#12301 = VERTEX_POINT('',#12302);
#12302 = CARTESIAN_POINT('',(31.985715,-7.527891,1.585));
#12303 = CIRCLE('',#12304,4.499842471589E-02);
#12304 = AXIS2_PLACEMENT_3D('',#12305,#12306,#12307);
#12305 = CARTESIAN_POINT('',(31.985713424688,-7.572889424688,1.585));
#12306 = DIRECTION('',(0.,0.,-1.));
#12307 = DIRECTION('',(-0.999999999387,-3.500815181224E-05,-0.));
#12308 = ORIENTED_EDGE('',*,*,#12309,.T.);
#12309 = EDGE_CURVE('',#12301,#12310,#12312,.T.);
#12310 = VERTEX_POINT('',#12311);
#12311 = CARTESIAN_POINT('',(32.135645,-7.529297,1.585));
#12312 = LINE('',#12313,#12314);
#12313 = CARTESIAN_POINT('',(31.985715,-7.527891,1.585));
#12314 = VECTOR('',#12315,1.);
#12315 = DIRECTION('',(0.999956032181,-9.377297280372E-03,0.));
#12316 = ORIENTED_EDGE('',*,*,#12317,.T.);
#12317 = EDGE_CURVE('',#12310,#12318,#12320,.T.);
#12318 = VERTEX_POINT('',#12319);
#12319 = CARTESIAN_POINT('',(32.237505,-7.563894,1.585));
#12320 = LINE('',#12321,#12322);
#12321 = CARTESIAN_POINT('',(32.135645,-7.529297,1.585));
#12322 = VECTOR('',#12323,1.);
#12323 = DIRECTION('',(0.946872989816,-0.321607744244,0.));
#12324 = ORIENTED_EDGE('',*,*,#12325,.T.);
#12325 = EDGE_CURVE('',#12318,#12326,#12328,.T.);
#12326 = VERTEX_POINT('',#12327);
#12327 = CARTESIAN_POINT('',(32.311678,-7.638481,1.585));
#12328 = LINE('',#12329,#12330);
#12329 = CARTESIAN_POINT('',(32.237505,-7.563894,1.585));
#12330 = VECTOR('',#12331,1.);
#12331 = DIRECTION('',(0.705136167963,-0.709071917812,0.));
#12332 = ORIENTED_EDGE('',*,*,#12333,.T.);
#12333 = EDGE_CURVE('',#12326,#12334,#12336,.T.);
#12334 = VERTEX_POINT('',#12335);
#12335 = CARTESIAN_POINT('',(32.372228,-7.926663,1.585));
#12336 = CIRCLE('',#12337,0.466660216084);
#12337 = AXIS2_PLACEMENT_3D('',#12338,#12339,#12340);
#12338 = CARTESIAN_POINT('',(31.908591501673,-7.873625704686,1.585));
#12339 = DIRECTION('',(0.,0.,-1.));
#12340 = DIRECTION('',(0.863768721726,0.503888475129,0.));
#12341 = ORIENTED_EDGE('',*,*,#12342,.T.);
#12342 = EDGE_CURVE('',#12334,#12343,#12345,.T.);
#12343 = VERTEX_POINT('',#12344);
#12344 = CARTESIAN_POINT('',(32.34025,-8.050158,1.585));
#12345 = LINE('',#12346,#12347);
#12346 = CARTESIAN_POINT('',(32.372228,-7.926663,1.585));
#12347 = VECTOR('',#12348,1.);
#12348 = DIRECTION('',(-0.250674051019,-0.968071547018,0.));
#12349 = ORIENTED_EDGE('',*,*,#12350,.T.);
#12350 = EDGE_CURVE('',#12343,#12351,#12353,.T.);
#12351 = VERTEX_POINT('',#12352);
#12352 = CARTESIAN_POINT('',(32.303249,-8.118997,1.585));
#12353 = LINE('',#12354,#12355);
#12354 = CARTESIAN_POINT('',(32.34025,-8.050158,1.585));
#12355 = VECTOR('',#12356,1.);
#12356 = DIRECTION('',(-0.473443485671,-0.880824196917,0.));
#12357 = ORIENTED_EDGE('',*,*,#12358,.T.);
#12358 = EDGE_CURVE('',#12351,#12359,#12361,.T.);
#12359 = VERTEX_POINT('',#12360);
#12360 = CARTESIAN_POINT('',(32.231507,-8.185895,1.585));
#12361 = LINE('',#12362,#12363);
#12362 = CARTESIAN_POINT('',(32.303249,-8.118997,1.585));
#12363 = VECTOR('',#12364,1.);
#12364 = DIRECTION('',(-0.731366399767,-0.681984742712,0.));
#12365 = ORIENTED_EDGE('',*,*,#12366,.T.);
#12366 = EDGE_CURVE('',#12359,#12367,#12369,.T.);
#12367 = VERTEX_POINT('',#12368);
#12368 = CARTESIAN_POINT('',(32.128572,-8.217891,1.585));
#12369 = LINE('',#12370,#12371);
#12370 = CARTESIAN_POINT('',(32.231507,-8.185895,1.585));
#12371 = VECTOR('',#12372,1.);
#12372 = DIRECTION('',(-0.95493101285,-0.296827830059,0.));
#12373 = ORIENTED_EDGE('',*,*,#12374,.T.);
#12374 = EDGE_CURVE('',#12367,#12375,#12377,.T.);
#12375 = VERTEX_POINT('',#12376);
#12376 = CARTESIAN_POINT('',(31.985715,-8.217891,1.585));
#12377 = LINE('',#12378,#12379);
#12378 = CARTESIAN_POINT('',(32.128572,-8.217891,1.585));
#12379 = VECTOR('',#12380,1.);
#12380 = DIRECTION('',(-1.,0.,0.));
#12381 = ORIENTED_EDGE('',*,*,#12382,.T.);
#12382 = EDGE_CURVE('',#12375,#12383,#12385,.T.);
#12383 = VERTEX_POINT('',#12384);
#12384 = CARTESIAN_POINT('',(31.940715,-8.172891,1.585));
#12385 = CIRCLE('',#12386,4.499842471589E-02);
#12386 = AXIS2_PLACEMENT_3D('',#12387,#12388,#12389);
#12387 = CARTESIAN_POINT('',(31.985713424688,-8.172892575312,1.585));
#12388 = DIRECTION('',(0.,0.,-1.));
#12389 = DIRECTION('',(3.500815185173E-05,-0.999999999387,0.));
#12390 = ORIENTED_EDGE('',*,*,#12391,.T.);
#12391 = EDGE_CURVE('',#12383,#12299,#12392,.T.);
#12392 = LINE('',#12393,#12394);
#12393 = CARTESIAN_POINT('',(31.940715,-8.172891,1.585));
#12394 = VECTOR('',#12395,1.);
#12395 = DIRECTION('',(0.,1.,0.));
#12396 = FACE_BOUND('',#12397,.F.);
#12397 = EDGE_LOOP('',(#12398,#12408,#12416,#12424,#12432,#12440,#12448,
    #12457,#12465,#12473));
#12398 = ORIENTED_EDGE('',*,*,#12399,.T.);
#12399 = EDGE_CURVE('',#12400,#12402,#12404,.T.);
#12400 = VERTEX_POINT('',#12401);
#12401 = CARTESIAN_POINT('',(32.189977,-7.640793,1.585));
#12402 = VERTEX_POINT('',#12403);
#12403 = CARTESIAN_POINT('',(32.121269,-7.617891,1.585));
#12404 = LINE('',#12405,#12406);
#12405 = CARTESIAN_POINT('',(32.189977,-7.640793,1.585));
#12406 = VECTOR('',#12407,1.);
#12407 = DIRECTION('',(-0.948686059515,0.316219481502,0.));
#12408 = ORIENTED_EDGE('',*,*,#12409,.T.);
#12409 = EDGE_CURVE('',#12402,#12410,#12412,.T.);
#12410 = VERTEX_POINT('',#12411);
#12411 = CARTESIAN_POINT('',(32.030715,-7.617891,1.585));
#12412 = LINE('',#12413,#12414);
#12413 = CARTESIAN_POINT('',(32.121269,-7.617891,1.585));
#12414 = VECTOR('',#12415,1.);
#12415 = DIRECTION('',(-1.,0.,0.));
#12416 = ORIENTED_EDGE('',*,*,#12417,.T.);
#12417 = EDGE_CURVE('',#12410,#12418,#12420,.T.);
#12418 = VERTEX_POINT('',#12419);
#12419 = CARTESIAN_POINT('',(32.030715,-8.127891,1.585));
#12420 = LINE('',#12421,#12422);
#12421 = CARTESIAN_POINT('',(32.030715,-7.617891,1.585));
#12422 = VECTOR('',#12423,1.);
#12423 = DIRECTION('',(0.,-1.,0.));
#12424 = ORIENTED_EDGE('',*,*,#12425,.T.);
#12425 = EDGE_CURVE('',#12418,#12426,#12428,.T.);
#12426 = VERTEX_POINT('',#12427);
#12427 = CARTESIAN_POINT('',(32.121269,-8.127891,1.585));
#12428 = LINE('',#12429,#12430);
#12429 = CARTESIAN_POINT('',(32.030715,-8.127891,1.585));
#12430 = VECTOR('',#12431,1.);
#12431 = DIRECTION('',(1.,0.,0.));
#12432 = ORIENTED_EDGE('',*,*,#12433,.T.);
#12433 = EDGE_CURVE('',#12426,#12434,#12436,.T.);
#12434 = VERTEX_POINT('',#12435);
#12435 = CARTESIAN_POINT('',(32.189977,-8.104988,1.585));
#12436 = LINE('',#12437,#12438);
#12437 = CARTESIAN_POINT('',(32.121269,-8.127891,1.585));
#12438 = VECTOR('',#12439,1.);
#12439 = DIRECTION('',(0.948681917297,0.316231908247,0.));
#12440 = ORIENTED_EDGE('',*,*,#12441,.T.);
#12441 = EDGE_CURVE('',#12434,#12442,#12444,.T.);
#12442 = VERTEX_POINT('',#12443);
#12443 = CARTESIAN_POINT('',(32.234446,-8.060519,1.585));
#12444 = LINE('',#12445,#12446);
#12445 = CARTESIAN_POINT('',(32.189977,-8.104988,1.585));
#12446 = VECTOR('',#12447,1.);
#12447 = DIRECTION('',(0.707106781187,0.707106781187,0.));
#12448 = ORIENTED_EDGE('',*,*,#12449,.T.);
#12449 = EDGE_CURVE('',#12442,#12450,#12452,.T.);
#12450 = VERTEX_POINT('',#12451);
#12451 = CARTESIAN_POINT('',(32.283572,-7.835572,1.585));
#12452 = CIRCLE('',#12453,0.367045552772);
#12453 = AXIS2_PLACEMENT_3D('',#12454,#12455,#12456);
#12454 = CARTESIAN_POINT('',(31.918510511535,-7.873684300498,1.585));
#12455 = DIRECTION('',(0.,0.,1.));
#12456 = DIRECTION('',(0.86075280324,-0.509023193691,0.));
#12457 = ORIENTED_EDGE('',*,*,#12458,.T.);
#12458 = EDGE_CURVE('',#12450,#12459,#12461,.T.);
#12459 = VERTEX_POINT('',#12460);
#12460 = CARTESIAN_POINT('',(32.257542,-7.731455,1.585));
#12461 = LINE('',#12462,#12463);
#12462 = CARTESIAN_POINT('',(32.283572,-7.835572,1.585));
#12463 = VECTOR('',#12464,1.);
#12464 = DIRECTION('',(-0.242542202298,0.970140855806,0.));
#12465 = ORIENTED_EDGE('',*,*,#12466,.T.);
#12466 = EDGE_CURVE('',#12459,#12467,#12469,.T.);
#12467 = VERTEX_POINT('',#12468);
#12468 = CARTESIAN_POINT('',(32.234446,-7.685262,1.585));
#12469 = LINE('',#12470,#12471);
#12470 = CARTESIAN_POINT('',(32.257542,-7.731455,1.585));
#12471 = VECTOR('',#12472,1.);
#12472 = DIRECTION('',(-0.447205850318,0.894431063549,0.));
#12473 = ORIENTED_EDGE('',*,*,#12474,.T.);
#12474 = EDGE_CURVE('',#12467,#12400,#12475,.T.);
#12475 = LINE('',#12476,#12477);
#12476 = CARTESIAN_POINT('',(32.234446,-7.685262,1.585));
#12477 = VECTOR('',#12478,1.);
#12478 = DIRECTION('',(-0.707106781187,0.707106781187,0.));
#12479 = PLANE('',#12480);
#12480 = AXIS2_PLACEMENT_3D('',#12481,#12482,#12483);
#12481 = CARTESIAN_POINT('',(0.,0.,1.585));
#12482 = DIRECTION('',(0.,0.,1.));
#12483 = DIRECTION('',(1.,0.,-0.));
#12484 = SHELL_BASED_SURFACE_MODEL('',(#12485));
#12485 = OPEN_SHELL('',(#12486));
#12486 = ADVANCED_FACE('',(#12487),#12548,.T.);
#12487 = FACE_BOUND('',#12488,.F.);
#12488 = EDGE_LOOP('',(#12489,#12500,#12508,#12517,#12525,#12534,#12542)
  );
#12489 = ORIENTED_EDGE('',*,*,#12490,.T.);
#12490 = EDGE_CURVE('',#12491,#12493,#12495,.T.);
#12491 = VERTEX_POINT('',#12492);
#12492 = CARTESIAN_POINT('',(27.314452,-7.55866,1.585));
#12493 = VERTEX_POINT('',#12494);
#12494 = CARTESIAN_POINT('',(27.399834,-7.587121,1.585));
#12495 = CIRCLE('',#12496,4.500031790316E-02);
#12496 = AXIS2_PLACEMENT_3D('',#12497,#12498,#12499);
#12497 = CARTESIAN_POINT('',(27.357143116505,-7.572890150488,1.585));
#12498 = DIRECTION('',(0.,0.,-1.));
#12499 = DIRECTION('',(-0.9486847759,0.316223332433,0.));
#12500 = ORIENTED_EDGE('',*,*,#12501,.T.);
#12501 = EDGE_CURVE('',#12493,#12502,#12504,.T.);
#12502 = VERTEX_POINT('',#12503);
#12503 = CARTESIAN_POINT('',(27.199834,-8.187121,1.585));
#12504 = LINE('',#12505,#12506);
#12505 = CARTESIAN_POINT('',(27.399834,-7.587121,1.585));
#12506 = VECTOR('',#12507,1.);
#12507 = DIRECTION('',(-0.316227766017,-0.948683298051,0.));
#12508 = ORIENTED_EDGE('',*,*,#12509,.T.);
#12509 = EDGE_CURVE('',#12502,#12510,#12512,.T.);
#12510 = VERTEX_POINT('',#12511);
#12511 = CARTESIAN_POINT('',(27.114452,-8.187122,1.585));
#12512 = CIRCLE('',#12513,4.499991063872E-02);
#12513 = AXIS2_PLACEMENT_3D('',#12514,#12515,#12516);
#12514 = CARTESIAN_POINT('',(27.157142833346,-8.172892287927,1.585));
#12515 = DIRECTION('',(-0.,0.,-1.));
#12516 = DIRECTION('',(0.948694476224,-0.31619422952,-0.));
#12517 = ORIENTED_EDGE('',*,*,#12518,.T.);
#12518 = EDGE_CURVE('',#12510,#12519,#12521,.T.);
#12519 = VERTEX_POINT('',#12520);
#12520 = CARTESIAN_POINT('',(26.914452,-7.587121,1.585));
#12521 = LINE('',#12522,#12523);
#12522 = CARTESIAN_POINT('',(27.114452,-8.187122,1.585));
#12523 = VECTOR('',#12524,1.);
#12524 = DIRECTION('',(-0.316227291676,0.948683456164,0.));
#12525 = ORIENTED_EDGE('',*,*,#12526,.T.);
#12526 = EDGE_CURVE('',#12519,#12527,#12529,.T.);
#12527 = VERTEX_POINT('',#12528);
#12528 = CARTESIAN_POINT('',(26.999834,-7.558661,1.585));
#12529 = CIRCLE('',#12530,4.500015978924E-02);
#12530 = AXIS2_PLACEMENT_3D('',#12531,#12532,#12533);
#12531 = CARTESIAN_POINT('',(26.957142924354,-7.572890773057,1.585));
#12532 = DIRECTION('',(0.,0.,-1.));
#12533 = DIRECTION('',(-0.948683839214,-0.316226142523,-0.));
#12534 = ORIENTED_EDGE('',*,*,#12535,.T.);
#12535 = EDGE_CURVE('',#12527,#12536,#12538,.T.);
#12536 = VERTEX_POINT('',#12537);
#12537 = CARTESIAN_POINT('',(27.157142,-8.030587,1.585));
#12538 = LINE('',#12539,#12540);
#12539 = CARTESIAN_POINT('',(26.999834,-7.558661,1.585));
#12540 = VECTOR('',#12541,1.);
#12541 = DIRECTION('',(0.316226559874,-0.948683700097,0.));
#12542 = ORIENTED_EDGE('',*,*,#12543,.T.);
#12543 = EDGE_CURVE('',#12536,#12491,#12544,.T.);
#12544 = LINE('',#12545,#12546);
#12545 = CARTESIAN_POINT('',(27.157142,-8.030587,1.585));
#12546 = VECTOR('',#12547,1.);
#12547 = DIRECTION('',(0.316229575225,0.948682694979,0.));
#12548 = PLANE('',#12549);
#12549 = AXIS2_PLACEMENT_3D('',#12550,#12551,#12552);
#12550 = CARTESIAN_POINT('',(0.,0.,1.585));
#12551 = DIRECTION('',(0.,0.,1.));
#12552 = DIRECTION('',(1.,0.,-0.));
#12553 = SHELL_BASED_SURFACE_MODEL('',(#12554));
#12554 = OPEN_SHELL('',(#12555));
#12555 = ADVANCED_FACE('',(#12556),#12763,.T.);
#12556 = FACE_BOUND('',#12557,.F.);
#12557 = EDGE_LOOP('',(#12558,#12569,#12577,#12585,#12593,#12601,#12609,
    #12617,#12626,#12634,#12642,#12650,#12658,#12666,#12675,#12683,
    #12692,#12700,#12709,#12717,#12725,#12733,#12741,#12749,#12757));
#12558 = ORIENTED_EDGE('',*,*,#12559,.T.);
#12559 = EDGE_CURVE('',#12560,#12562,#12564,.T.);
#12560 = VERTEX_POINT('',#12561);
#12561 = CARTESIAN_POINT('',(26.414286,-7.617891,1.585));
#12562 = VERTEX_POINT('',#12563);
#12563 = CARTESIAN_POINT('',(26.414286,-7.527891,1.585));
#12564 = CIRCLE('',#12565,4.500000000304E-02);
#12565 = AXIS2_PLACEMENT_3D('',#12566,#12567,#12568);
#12566 = CARTESIAN_POINT('',(26.414285477258,-7.572891,1.585));
#12567 = DIRECTION('',(0.,0.,-1.));
#12568 = DIRECTION('',(1.161648965583E-05,-0.999999999933,0.));
#12569 = ORIENTED_EDGE('',*,*,#12570,.T.);
#12570 = EDGE_CURVE('',#12562,#12571,#12573,.T.);
#12571 = VERTEX_POINT('',#12572);
#12572 = CARTESIAN_POINT('',(26.798265,-7.530387,1.585));
#12573 = LINE('',#12574,#12575);
#12574 = CARTESIAN_POINT('',(26.414286,-7.527891,1.585));
#12575 = VECTOR('',#12576,1.);
#12576 = DIRECTION('',(0.999978873359,-6.500218157512E-03,0.));
#12577 = ORIENTED_EDGE('',*,*,#12578,.T.);
#12578 = EDGE_CURVE('',#12571,#12579,#12581,.T.);
#12579 = VERTEX_POINT('',#12580);
#12580 = CARTESIAN_POINT('',(26.827289,-7.55567,1.585));
#12581 = LINE('',#12582,#12583);
#12582 = CARTESIAN_POINT('',(26.798265,-7.530387,1.585));
#12583 = VECTOR('',#12584,1.);
#12584 = DIRECTION('',(0.754029711348,-0.656840311191,0.));
#12585 = ORIENTED_EDGE('',*,*,#12586,.T.);
#12586 = EDGE_CURVE('',#12579,#12587,#12589,.T.);
#12587 = VERTEX_POINT('',#12588);
#12588 = CARTESIAN_POINT('',(26.825964,-7.591436,1.585));
#12589 = LINE('',#12590,#12591);
#12590 = CARTESIAN_POINT('',(26.827289,-7.55567,1.585));
#12591 = VECTOR('',#12592,1.);
#12592 = DIRECTION('',(-3.702096119952E-02,-0.999314489253,0.));
#12593 = ORIENTED_EDGE('',*,*,#12594,.T.);
#12594 = EDGE_CURVE('',#12587,#12595,#12597,.T.);
#12595 = VERTEX_POINT('',#12596);
#12596 = CARTESIAN_POINT('',(26.682889,-7.758741,1.585));
#12597 = LINE('',#12598,#12599);
#12598 = CARTESIAN_POINT('',(26.825964,-7.591436,1.585));
#12599 = VECTOR('',#12600,1.);
#12600 = DIRECTION('',(-0.649928666471,-0.759995216103,0.));
#12601 = ORIENTED_EDGE('',*,*,#12602,.T.);
#12602 = EDGE_CURVE('',#12595,#12603,#12605,.T.);
#12603 = VERTEX_POINT('',#12604);
#12604 = CARTESIAN_POINT('',(26.760392,-7.798214,1.585));
#12605 = LINE('',#12606,#12607);
#12606 = CARTESIAN_POINT('',(26.682889,-7.758741,1.585));
#12607 = VECTOR('',#12608,1.);
#12608 = DIRECTION('',(0.891084416269,-0.453837595492,0.));
#12609 = ORIENTED_EDGE('',*,*,#12610,.T.);
#12610 = EDGE_CURVE('',#12603,#12611,#12613,.T.);
#12611 = VERTEX_POINT('',#12612);
#12612 = CARTESIAN_POINT('',(26.797392,-7.838481,1.585));
#12613 = LINE('',#12614,#12615);
#12614 = CARTESIAN_POINT('',(26.760392,-7.798214,1.585));
#12615 = VECTOR('',#12616,1.);
#12616 = DIRECTION('',(0.676604388024,-0.736346726826,0.));
#12617 = ORIENTED_EDGE('',*,*,#12618,.T.);
#12618 = EDGE_CURVE('',#12611,#12619,#12621,.T.);
#12619 = VERTEX_POINT('',#12620);
#12620 = CARTESIAN_POINT('',(26.788963,-8.147567,1.585));
#12621 = CIRCLE('',#12622,0.275092706501);
#12622 = AXIS2_PLACEMENT_3D('',#12623,#12624,#12625);
#12623 = CARTESIAN_POINT('',(26.565721525209,-7.986821110152,1.585));
#12624 = DIRECTION('',(0.,0.,-1.));
#12625 = DIRECTION('',(0.842154187721,0.539236797801,0.));
#12626 = ORIENTED_EDGE('',*,*,#12627,.T.);
#12627 = EDGE_CURVE('',#12619,#12628,#12630,.T.);
#12628 = VERTEX_POINT('',#12629);
#12629 = CARTESIAN_POINT('',(26.748697,-8.184569,1.585));
#12630 = LINE('',#12631,#12632);
#12631 = CARTESIAN_POINT('',(26.788963,-8.147567,1.585));
#12632 = VECTOR('',#12633,1.);
#12633 = DIRECTION('',(-0.736320133731,-0.676633328076,0.));
#12634 = ORIENTED_EDGE('',*,*,#12635,.T.);
#12635 = EDGE_CURVE('',#12628,#12636,#12638,.T.);
#12636 = VERTEX_POINT('',#12637);
#12637 = CARTESIAN_POINT('',(26.674619,-8.217778,1.585));
#12638 = LINE('',#12639,#12640);
#12639 = CARTESIAN_POINT('',(26.748697,-8.184569,1.585));
#12640 = VECTOR('',#12641,1.);
#12641 = DIRECTION('',(-0.912501872509,-0.409072527392,0.));
#12642 = ORIENTED_EDGE('',*,*,#12643,.T.);
#12643 = EDGE_CURVE('',#12636,#12644,#12646,.T.);
#12644 = VERTEX_POINT('',#12645);
#12645 = CARTESIAN_POINT('',(26.489854,-8.215873,1.585));
#12646 = LINE('',#12647,#12648);
#12647 = CARTESIAN_POINT('',(26.674619,-8.217778,1.585));
#12648 = VECTOR('',#12649,1.);
#12649 = DIRECTION('',(-0.999946852122,1.030984630905E-02,0.));
#12650 = ORIENTED_EDGE('',*,*,#12651,.T.);
#12651 = EDGE_CURVE('',#12644,#12652,#12654,.T.);
#12652 = VERTEX_POINT('',#12653);
#12653 = CARTESIAN_POINT('',(26.411036,-8.176139,1.585));
#12654 = LINE('',#12655,#12656);
#12655 = CARTESIAN_POINT('',(26.489854,-8.215873,1.585));
#12656 = VECTOR('',#12657,1.);
#12657 = DIRECTION('',(-0.892949536947,0.450156777653,0.));
#12658 = ORIENTED_EDGE('',*,*,#12659,.T.);
#12659 = EDGE_CURVE('',#12652,#12660,#12662,.T.);
#12660 = VERTEX_POINT('',#12661);
#12661 = CARTESIAN_POINT('',(26.372711,-8.132968,1.585));
#12662 = LINE('',#12663,#12664);
#12663 = CARTESIAN_POINT('',(26.411036,-8.176139,1.585));
#12664 = VECTOR('',#12665,1.);
#12665 = DIRECTION('',(-0.663887393053,0.74783255435,0.));
#12666 = ORIENTED_EDGE('',*,*,#12667,.T.);
#12667 = EDGE_CURVE('',#12660,#12668,#12670,.T.);
#12668 = VERTEX_POINT('',#12669);
#12669 = CARTESIAN_POINT('',(26.431508,-8.074173,1.585));
#12670 = CIRCLE('',#12671,4.500010029385E-02);
#12671 = AXIS2_PLACEMENT_3D('',#12672,#12673,#12674);
#12672 = CARTESIAN_POINT('',(26.414285585812,-8.115747,1.585));
#12673 = DIRECTION('',(0.,0.,-1.));
#12674 = DIRECTION('',(-0.923877625621,-0.382688035972,-0.));
#12675 = ORIENTED_EDGE('',*,*,#12676,.T.);
#12676 = EDGE_CURVE('',#12668,#12677,#12679,.T.);
#12677 = VERTEX_POINT('',#12678);
#12678 = CARTESIAN_POINT('',(26.469513,-8.107336,1.585));
#12679 = LINE('',#12680,#12681);
#12680 = CARTESIAN_POINT('',(26.431508,-8.074173,1.585));
#12681 = VECTOR('',#12682,1.);
#12682 = DIRECTION('',(0.753473763813,-0.657477974723,0.));
#12683 = ORIENTED_EDGE('',*,*,#12684,.T.);
#12684 = EDGE_CURVE('',#12677,#12685,#12687,.T.);
#12685 = VERTEX_POINT('',#12686);
#12686 = CARTESIAN_POINT('',(26.701917,-8.107335,1.585));
#12687 = CIRCLE('',#12688,0.215102610643);
#12688 = AXIS2_PLACEMENT_3D('',#12689,#12690,#12691);
#12689 = CARTESIAN_POINT('',(26.585714221122,-7.926321057757,1.585));
#12690 = DIRECTION('',(0.,0.,1.));
#12691 = DIRECTION('',(-0.540212974516,-0.841528337113,0.));
#12692 = ORIENTED_EDGE('',*,*,#12693,.T.);
#12693 = EDGE_CURVE('',#12685,#12694,#12696,.T.);
#12694 = VERTEX_POINT('',#12695);
#12695 = CARTESIAN_POINT('',(26.72016,-8.08909,1.585));
#12696 = LINE('',#12697,#12698);
#12697 = CARTESIAN_POINT('',(26.701917,-8.107335,1.585));
#12698 = VECTOR('',#12699,1.);
#12699 = DIRECTION('',(0.707068021805,0.707145538444,0.));
#12700 = ORIENTED_EDGE('',*,*,#12701,.T.);
#12701 = EDGE_CURVE('',#12694,#12702,#12704,.T.);
#12702 = VERTEX_POINT('',#12703);
#12703 = CARTESIAN_POINT('',(26.720159,-7.885261,1.585));
#12704 = CIRCLE('',#12705,0.183371562574);
#12705 = AXIS2_PLACEMENT_3D('',#12706,#12707,#12708);
#12706 = CARTESIAN_POINT('',(26.567717495783,-7.987176247892,1.585));
#12707 = DIRECTION('',(0.,-0.,1.));
#12708 = DIRECTION('',(0.831331216669,-0.555777300897,-0.));
#12709 = ORIENTED_EDGE('',*,*,#12710,.T.);
#12710 = EDGE_CURVE('',#12702,#12711,#12713,.T.);
#12711 = VERTEX_POINT('',#12712);
#12712 = CARTESIAN_POINT('',(26.701915,-7.867017,1.585));
#12713 = LINE('',#12714,#12715);
#12714 = CARTESIAN_POINT('',(26.720159,-7.885261,1.585));
#12715 = VECTOR('',#12716,1.);
#12716 = DIRECTION('',(-0.707106781187,0.707106781187,0.));
#12717 = ORIENTED_EDGE('',*,*,#12718,.T.);
#12718 = EDGE_CURVE('',#12711,#12719,#12721,.T.);
#12719 = VERTEX_POINT('',#12720);
#12720 = CARTESIAN_POINT('',(26.660806,-7.846462,1.585));
#12721 = LINE('',#12722,#12723);
#12722 = CARTESIAN_POINT('',(26.701915,-7.867017,1.585));
#12723 = VECTOR('',#12724,1.);
#12724 = DIRECTION('',(-0.894422839488,0.447222298418,0.));
#12725 = ORIENTED_EDGE('',*,*,#12726,.T.);
#12726 = EDGE_CURVE('',#12719,#12727,#12729,.T.);
#12727 = VERTEX_POINT('',#12728);
#12728 = CARTESIAN_POINT('',(26.568493,-7.843037,1.585));
#12729 = LINE('',#12730,#12731);
#12730 = CARTESIAN_POINT('',(26.660806,-7.846462,1.585));
#12731 = VECTOR('',#12732,1.);
#12732 = DIRECTION('',(-0.999312429343,3.707652303035E-02,0.));
#12733 = ORIENTED_EDGE('',*,*,#12734,.T.);
#12734 = EDGE_CURVE('',#12727,#12735,#12737,.T.);
#12735 = VERTEX_POINT('',#12736);
#12736 = CARTESIAN_POINT('',(26.544139,-7.818683,1.585));
#12737 = LINE('',#12738,#12739);
#12738 = CARTESIAN_POINT('',(26.568493,-7.843037,1.585));
#12739 = VECTOR('',#12740,1.);
#12740 = DIRECTION('',(-0.707106781187,0.707106781187,0.));
#12741 = ORIENTED_EDGE('',*,*,#12742,.T.);
#12742 = EDGE_CURVE('',#12735,#12743,#12745,.T.);
#12743 = VERTEX_POINT('',#12744);
#12744 = CARTESIAN_POINT('',(26.545463,-7.782916,1.585));
#12745 = LINE('',#12746,#12747);
#12746 = CARTESIAN_POINT('',(26.544139,-7.818683,1.585));
#12747 = VECTOR('',#12748,1.);
#12748 = DIRECTION('',(3.699202623811E-02,0.999315560769,0.));
#12749 = ORIENTED_EDGE('',*,*,#12750,.T.);
#12750 = EDGE_CURVE('',#12743,#12751,#12753,.T.);
#12751 = VERTEX_POINT('',#12752);
#12752 = CARTESIAN_POINT('',(26.686544,-7.617891,1.585));
#12753 = LINE('',#12754,#12755);
#12754 = CARTESIAN_POINT('',(26.545463,-7.782916,1.585));
#12755 = VECTOR('',#12756,1.);
#12756 = DIRECTION('',(0.649811066216,0.760095769113,0.));
#12757 = ORIENTED_EDGE('',*,*,#12758,.T.);
#12758 = EDGE_CURVE('',#12751,#12560,#12759,.T.);
#12759 = LINE('',#12760,#12761);
#12760 = CARTESIAN_POINT('',(26.686544,-7.617891,1.585));
#12761 = VECTOR('',#12762,1.);
#12762 = DIRECTION('',(-1.,0.,0.));
#12763 = PLANE('',#12764);
#12764 = AXIS2_PLACEMENT_3D('',#12765,#12766,#12767);
#12765 = CARTESIAN_POINT('',(0.,0.,1.585));
#12766 = DIRECTION('',(0.,0.,1.));
#12767 = DIRECTION('',(1.,0.,-0.));
#12768 = SHELL_BASED_SURFACE_MODEL('',(#12769));
#12769 = OPEN_SHELL('',(#12770));
#12770 = ADVANCED_FACE('',(#12771),#12961,.T.);
#12771 = FACE_BOUND('',#12772,.F.);
#12772 = EDGE_LOOP('',(#12773,#12783,#12791,#12799,#12807,#12815,#12823,
    #12831,#12839,#12848,#12856,#12864,#12872,#12880,#12888,#12897,
    #12905,#12914,#12922,#12931,#12939,#12947,#12955));
#12773 = ORIENTED_EDGE('',*,*,#12774,.T.);
#12774 = EDGE_CURVE('',#12775,#12777,#12779,.T.);
#12775 = VERTEX_POINT('',#12776);
#12776 = CARTESIAN_POINT('',(27.629854,-7.818683,1.585));
#12777 = VERTEX_POINT('',#12778);
#12778 = CARTESIAN_POINT('',(27.631178,-7.782916,1.585));
#12779 = LINE('',#12780,#12781);
#12780 = CARTESIAN_POINT('',(27.629854,-7.818683,1.585));
#12781 = VECTOR('',#12782,1.);
#12782 = DIRECTION('',(3.699202623801E-02,0.999315560769,0.));
#12783 = ORIENTED_EDGE('',*,*,#12784,.T.);
#12784 = EDGE_CURVE('',#12777,#12785,#12787,.T.);
#12785 = VERTEX_POINT('',#12786);
#12786 = CARTESIAN_POINT('',(27.743843,-7.651129,1.585));
#12787 = LINE('',#12788,#12789);
#12788 = CARTESIAN_POINT('',(27.631178,-7.782916,1.585));
#12789 = VECTOR('',#12790,1.);
#12790 = DIRECTION('',(0.64980904453,0.760097497461,0.));
#12791 = ORIENTED_EDGE('',*,*,#12792,.T.);
#12792 = EDGE_CURVE('',#12785,#12793,#12795,.T.);
#12793 = VERTEX_POINT('',#12794);
#12794 = CARTESIAN_POINT('',(27.743843,-7.659018,1.585));
#12795 = LINE('',#12796,#12797);
#12796 = CARTESIAN_POINT('',(27.743843,-7.651129,1.585));
#12797 = VECTOR('',#12798,1.);
#12798 = DIRECTION('',(0.,-1.,0.));
#12799 = ORIENTED_EDGE('',*,*,#12800,.T.);
#12800 = EDGE_CURVE('',#12793,#12801,#12803,.T.);
#12801 = VERTEX_POINT('',#12802);
#12802 = CARTESIAN_POINT('',(27.773706,-7.731114,1.585));
#12803 = LINE('',#12804,#12805);
#12804 = CARTESIAN_POINT('',(27.743843,-7.659018,1.585));
#12805 = VECTOR('',#12806,1.);
#12806 = DIRECTION('',(0.382681890195,-0.923880171298,0.));
#12807 = ORIENTED_EDGE('',*,*,#12808,.T.);
#12808 = EDGE_CURVE('',#12801,#12809,#12811,.T.);
#12809 = VERTEX_POINT('',#12810);
#12810 = CARTESIAN_POINT('',(27.78369,-7.741098,1.585));
#12811 = LINE('',#12812,#12813);
#12812 = CARTESIAN_POINT('',(27.773706,-7.731114,1.585));
#12813 = VECTOR('',#12814,1.);
#12814 = DIRECTION('',(0.707106781187,-0.707106781187,0.));
#12815 = ORIENTED_EDGE('',*,*,#12816,.T.);
#12816 = EDGE_CURVE('',#12809,#12817,#12819,.T.);
#12817 = VERTEX_POINT('',#12818);
#12818 = CARTESIAN_POINT('',(27.768604,-7.758741,1.585));
#12819 = LINE('',#12820,#12821);
#12820 = CARTESIAN_POINT('',(27.78369,-7.741098,1.585));
#12821 = VECTOR('',#12822,1.);
#12822 = DIRECTION('',(-0.649882711091,-0.760034513575,0.));
#12823 = ORIENTED_EDGE('',*,*,#12824,.T.);
#12824 = EDGE_CURVE('',#12817,#12825,#12827,.T.);
#12825 = VERTEX_POINT('',#12826);
#12826 = CARTESIAN_POINT('',(27.846107,-7.798214,1.585));
#12827 = LINE('',#12828,#12829);
#12828 = CARTESIAN_POINT('',(27.768604,-7.758741,1.585));
#12829 = VECTOR('',#12830,1.);
#12830 = DIRECTION('',(0.891084416269,-0.453837595492,0.));
#12831 = ORIENTED_EDGE('',*,*,#12832,.T.);
#12832 = EDGE_CURVE('',#12825,#12833,#12835,.T.);
#12833 = VERTEX_POINT('',#12834);
#12834 = CARTESIAN_POINT('',(27.883107,-7.838481,1.585));
#12835 = LINE('',#12836,#12837);
#12836 = CARTESIAN_POINT('',(27.846107,-7.798214,1.585));
#12837 = VECTOR('',#12838,1.);
#12838 = DIRECTION('',(0.676604388024,-0.736346726826,0.));
#12839 = ORIENTED_EDGE('',*,*,#12840,.T.);
#12840 = EDGE_CURVE('',#12833,#12841,#12843,.T.);
#12841 = VERTEX_POINT('',#12842);
#12842 = CARTESIAN_POINT('',(27.874678,-8.147567,1.585));
#12843 = CIRCLE('',#12844,0.275092706501);
#12844 = AXIS2_PLACEMENT_3D('',#12845,#12846,#12847);
#12845 = CARTESIAN_POINT('',(27.651436525209,-7.986821110152,1.585));
#12846 = DIRECTION('',(0.,0.,-1.));
#12847 = DIRECTION('',(0.842154187722,0.539236797801,0.));
#12848 = ORIENTED_EDGE('',*,*,#12849,.T.);
#12849 = EDGE_CURVE('',#12841,#12850,#12852,.T.);
#12850 = VERTEX_POINT('',#12851);
#12851 = CARTESIAN_POINT('',(27.834412,-8.184569,1.585));
#12852 = LINE('',#12853,#12854);
#12853 = CARTESIAN_POINT('',(27.874678,-8.147567,1.585));
#12854 = VECTOR('',#12855,1.);
#12855 = DIRECTION('',(-0.736320133731,-0.676633328076,0.));
#12856 = ORIENTED_EDGE('',*,*,#12857,.T.);
#12857 = EDGE_CURVE('',#12850,#12858,#12860,.T.);
#12858 = VERTEX_POINT('',#12859);
#12859 = CARTESIAN_POINT('',(27.760334,-8.217778,1.585));
#12860 = LINE('',#12861,#12862);
#12861 = CARTESIAN_POINT('',(27.834412,-8.184569,1.585));
#12862 = VECTOR('',#12863,1.);
#12863 = DIRECTION('',(-0.912501872509,-0.409072527392,0.));
#12864 = ORIENTED_EDGE('',*,*,#12865,.T.);
#12865 = EDGE_CURVE('',#12858,#12866,#12868,.T.);
#12866 = VERTEX_POINT('',#12867);
#12867 = CARTESIAN_POINT('',(27.575569,-8.215873,1.585));
#12868 = LINE('',#12869,#12870);
#12869 = CARTESIAN_POINT('',(27.760334,-8.217778,1.585));
#12870 = VECTOR('',#12871,1.);
#12871 = DIRECTION('',(-0.999946852122,1.030984630905E-02,0.));
#12872 = ORIENTED_EDGE('',*,*,#12873,.T.);
#12873 = EDGE_CURVE('',#12866,#12874,#12876,.T.);
#12874 = VERTEX_POINT('',#12875);
#12875 = CARTESIAN_POINT('',(27.496751,-8.176139,1.585));
#12876 = LINE('',#12877,#12878);
#12877 = CARTESIAN_POINT('',(27.575569,-8.215873,1.585));
#12878 = VECTOR('',#12879,1.);
#12879 = DIRECTION('',(-0.892949536947,0.450156777653,0.));
#12880 = ORIENTED_EDGE('',*,*,#12881,.T.);
#12881 = EDGE_CURVE('',#12874,#12882,#12884,.T.);
#12882 = VERTEX_POINT('',#12883);
#12883 = CARTESIAN_POINT('',(27.458426,-8.132968,1.585));
#12884 = LINE('',#12885,#12886);
#12885 = CARTESIAN_POINT('',(27.496751,-8.176139,1.585));
#12886 = VECTOR('',#12887,1.);
#12887 = DIRECTION('',(-0.663887393053,0.74783255435,0.));
#12888 = ORIENTED_EDGE('',*,*,#12889,.T.);
#12889 = EDGE_CURVE('',#12882,#12890,#12892,.T.);
#12890 = VERTEX_POINT('',#12891);
#12891 = CARTESIAN_POINT('',(27.517223,-8.074173,1.585));
#12892 = CIRCLE('',#12893,4.500010029385E-02);
#12893 = AXIS2_PLACEMENT_3D('',#12894,#12895,#12896);
#12894 = CARTESIAN_POINT('',(27.500000585812,-8.115747,1.585));
#12895 = DIRECTION('',(0.,0.,-1.));
#12896 = DIRECTION('',(-0.923877625621,-0.382688035972,-0.));
#12897 = ORIENTED_EDGE('',*,*,#12898,.T.);
#12898 = EDGE_CURVE('',#12890,#12899,#12901,.T.);
#12899 = VERTEX_POINT('',#12900);
#12900 = CARTESIAN_POINT('',(27.555228,-8.107336,1.585));
#12901 = LINE('',#12902,#12903);
#12902 = CARTESIAN_POINT('',(27.517223,-8.074173,1.585));
#12903 = VECTOR('',#12904,1.);
#12904 = DIRECTION('',(0.753473763813,-0.657477974723,0.));
#12905 = ORIENTED_EDGE('',*,*,#12906,.T.);
#12906 = EDGE_CURVE('',#12899,#12907,#12909,.T.);
#12907 = VERTEX_POINT('',#12908);
#12908 = CARTESIAN_POINT('',(27.787632,-8.107335,1.585));
#12909 = CIRCLE('',#12910,0.215102610643);
#12910 = AXIS2_PLACEMENT_3D('',#12911,#12912,#12913);
#12911 = CARTESIAN_POINT('',(27.671429221122,-7.926321057757,1.585));
#12912 = DIRECTION('',(0.,0.,1.));
#12913 = DIRECTION('',(-0.540212974516,-0.841528337113,0.));
#12914 = ORIENTED_EDGE('',*,*,#12915,.T.);
#12915 = EDGE_CURVE('',#12907,#12916,#12918,.T.);
#12916 = VERTEX_POINT('',#12917);
#12917 = CARTESIAN_POINT('',(27.805875,-8.08909,1.585));
#12918 = LINE('',#12919,#12920);
#12919 = CARTESIAN_POINT('',(27.787632,-8.107335,1.585));
#12920 = VECTOR('',#12921,1.);
#12921 = DIRECTION('',(0.707068021805,0.707145538444,0.));
#12922 = ORIENTED_EDGE('',*,*,#12923,.T.);
#12923 = EDGE_CURVE('',#12916,#12924,#12926,.T.);
#12924 = VERTEX_POINT('',#12925);
#12925 = CARTESIAN_POINT('',(27.805874,-7.885261,1.585));
#12926 = CIRCLE('',#12927,0.183371562574);
#12927 = AXIS2_PLACEMENT_3D('',#12928,#12929,#12930);
#12928 = CARTESIAN_POINT('',(27.653432495783,-7.987176247892,1.585));
#12929 = DIRECTION('',(0.,-0.,1.));
#12930 = DIRECTION('',(0.831331216669,-0.555777300897,-0.));
#12931 = ORIENTED_EDGE('',*,*,#12932,.T.);
#12932 = EDGE_CURVE('',#12924,#12933,#12935,.T.);
#12933 = VERTEX_POINT('',#12934);
#12934 = CARTESIAN_POINT('',(27.78763,-7.867017,1.585));
#12935 = LINE('',#12936,#12937);
#12936 = CARTESIAN_POINT('',(27.805874,-7.885261,1.585));
#12937 = VECTOR('',#12938,1.);
#12938 = DIRECTION('',(-0.707106781187,0.707106781187,0.));
#12939 = ORIENTED_EDGE('',*,*,#12940,.T.);
#12940 = EDGE_CURVE('',#12933,#12941,#12943,.T.);
#12941 = VERTEX_POINT('',#12942);
#12942 = CARTESIAN_POINT('',(27.746521,-7.846462,1.585));
#12943 = LINE('',#12944,#12945);
#12944 = CARTESIAN_POINT('',(27.78763,-7.867017,1.585));
#12945 = VECTOR('',#12946,1.);
#12946 = DIRECTION('',(-0.894422839488,0.447222298418,0.));
#12947 = ORIENTED_EDGE('',*,*,#12948,.T.);
#12948 = EDGE_CURVE('',#12941,#12949,#12951,.T.);
#12949 = VERTEX_POINT('',#12950);
#12950 = CARTESIAN_POINT('',(27.654208,-7.843037,1.585));
#12951 = LINE('',#12952,#12953);
#12952 = CARTESIAN_POINT('',(27.746521,-7.846462,1.585));
#12953 = VECTOR('',#12954,1.);
#12954 = DIRECTION('',(-0.999312429343,3.707652303035E-02,0.));
#12955 = ORIENTED_EDGE('',*,*,#12956,.T.);
#12956 = EDGE_CURVE('',#12949,#12775,#12957,.T.);
#12957 = LINE('',#12958,#12959);
#12958 = CARTESIAN_POINT('',(27.654208,-7.843037,1.585));
#12959 = VECTOR('',#12960,1.);
#12960 = DIRECTION('',(-0.707106781187,0.707106781187,0.));
#12961 = PLANE('',#12962);
#12962 = AXIS2_PLACEMENT_3D('',#12963,#12964,#12965);
#12963 = CARTESIAN_POINT('',(0.,0.,1.585));
#12964 = DIRECTION('',(0.,0.,1.));
#12965 = DIRECTION('',(1.,0.,-0.));
#12966 = SHELL_BASED_SURFACE_MODEL('',(#12967));
#12967 = OPEN_SHELL('',(#12968));
#12968 = ADVANCED_FACE('',(#12969,#13107),#13177,.T.);
#12969 = FACE_BOUND('',#12970,.F.);
#12970 = EDGE_LOOP('',(#12971,#12981,#12989,#12997,#13005,#13013,#13021,
    #13029,#13037,#13045,#13053,#13061,#13069,#13077,#13085,#13093,
    #13101));
#12971 = ORIENTED_EDGE('',*,*,#12972,.T.);
#12972 = EDGE_CURVE('',#12973,#12975,#12977,.T.);
#12973 = VERTEX_POINT('',#12974);
#12974 = CARTESIAN_POINT('',(28.549559,-7.631815,1.585));
#12975 = VERTEX_POINT('',#12976);
#12976 = CARTESIAN_POINT('',(28.622734,-7.561213,1.585));
#12977 = LINE('',#12978,#12979);
#12978 = CARTESIAN_POINT('',(28.549559,-7.631815,1.585));
#12979 = VECTOR('',#12980,1.);
#12980 = DIRECTION('',(0.719645773769,0.694341385988,0.));
#12981 = ORIENTED_EDGE('',*,*,#12982,.T.);
#12982 = EDGE_CURVE('',#12975,#12983,#12985,.T.);
#12983 = VERTEX_POINT('',#12984);
#12984 = CARTESIAN_POINT('',(28.696811,-7.528004,1.585));
#12985 = LINE('',#12986,#12987);
#12986 = CARTESIAN_POINT('',(28.622734,-7.561213,1.585));
#12987 = VECTOR('',#12988,1.);
#12988 = DIRECTION('',(0.912499811156,0.409077125541,0.));
#12989 = ORIENTED_EDGE('',*,*,#12990,.T.);
#12990 = EDGE_CURVE('',#12983,#12991,#12993,.T.);
#12991 = VERTEX_POINT('',#12992);
#12992 = CARTESIAN_POINT('',(28.816497,-7.52833,1.585));
#12993 = LINE('',#12994,#12995);
#12994 = CARTESIAN_POINT('',(28.696811,-7.528004,1.585));
#12995 = VECTOR('',#12996,1.);
#12996 = DIRECTION('',(0.999996290494,-2.723783823516E-03,0.));
#12997 = ORIENTED_EDGE('',*,*,#12998,.T.);
#12998 = EDGE_CURVE('',#12991,#12999,#13001,.T.);
#12999 = VERTEX_POINT('',#13000);
#13000 = CARTESIAN_POINT('',(28.834411,-7.532642,1.585));
#13001 = LINE('',#13002,#13003);
#13002 = CARTESIAN_POINT('',(28.816497,-7.52833,1.585));
#13003 = VECTOR('',#13004,1.);
#13004 = DIRECTION('',(0.972231412405,-0.234021539036,0.));
#13005 = ORIENTED_EDGE('',*,*,#13006,.T.);
#13006 = EDGE_CURVE('',#12999,#13007,#13009,.T.);
#13007 = VERTEX_POINT('',#13008);
#13008 = CARTESIAN_POINT('',(28.90325,-7.569642,1.585));
#13009 = LINE('',#13010,#13011);
#13010 = CARTESIAN_POINT('',(28.834411,-7.532642,1.585));
#13011 = VECTOR('',#13012,1.);
#13012 = DIRECTION('',(0.880829532848,-0.473433558235,0.));
#13013 = ORIENTED_EDGE('',*,*,#13014,.T.);
#13014 = EDGE_CURVE('',#13007,#13015,#13017,.T.);
#13015 = VERTEX_POINT('',#13016);
#13016 = CARTESIAN_POINT('',(28.970148,-7.641384,1.585));
#13017 = LINE('',#13018,#13019);
#13018 = CARTESIAN_POINT('',(28.90325,-7.569642,1.585));
#13019 = VECTOR('',#13020,1.);
#13020 = DIRECTION('',(0.681984742712,-0.731366399767,0.));
#13021 = ORIENTED_EDGE('',*,*,#13022,.T.);
#13022 = EDGE_CURVE('',#13015,#13023,#13025,.T.);
#13023 = VERTEX_POINT('',#13024);
#13024 = CARTESIAN_POINT('',(29.002144,-7.772891,1.585));
#13025 = LINE('',#13026,#13027);
#13026 = CARTESIAN_POINT('',(28.970148,-7.641384,1.585));
#13027 = VECTOR('',#13028,1.);
#13028 = DIRECTION('',(0.236406065976,-0.971654347991,0.));
#13029 = ORIENTED_EDGE('',*,*,#13030,.T.);
#13030 = EDGE_CURVE('',#13023,#13031,#13033,.T.);
#13031 = VERTEX_POINT('',#13032);
#13032 = CARTESIAN_POINT('',(29.0008,-7.983805,1.585));
#13033 = LINE('',#13034,#13035);
#13034 = CARTESIAN_POINT('',(29.002144,-7.772891,1.585));
#13035 = VECTOR('',#13036,1.);
#13036 = DIRECTION('',(-6.372136101705E-03,-0.999979697735,0.));
#13037 = ORIENTED_EDGE('',*,*,#13038,.T.);
#13038 = EDGE_CURVE('',#13031,#13039,#13041,.T.);
#13039 = VERTEX_POINT('',#13040);
#13040 = CARTESIAN_POINT('',(28.96473,-8.113967,1.585));
#13041 = LINE('',#13042,#13043);
#13042 = CARTESIAN_POINT('',(29.0008,-7.983805,1.585));
#13043 = VECTOR('',#13044,1.);
#13044 = DIRECTION('',(-0.267051940503,-0.963682136949,0.));
#13045 = ORIENTED_EDGE('',*,*,#13046,.T.);
#13046 = EDGE_CURVE('',#13039,#13047,#13049,.T.);
#13047 = VERTEX_POINT('',#13048);
#13048 = CARTESIAN_POINT('',(28.891555,-8.184569,1.585));
#13049 = LINE('',#13050,#13051);
#13050 = CARTESIAN_POINT('',(28.96473,-8.113967,1.585));
#13051 = VECTOR('',#13052,1.);
#13052 = DIRECTION('',(-0.719645773769,-0.694341385988,0.));
#13053 = ORIENTED_EDGE('',*,*,#13054,.T.);
#13054 = EDGE_CURVE('',#13047,#13055,#13057,.T.);
#13055 = VERTEX_POINT('',#13056);
#13056 = CARTESIAN_POINT('',(28.817477,-8.217778,1.585));
#13057 = LINE('',#13058,#13059);
#13058 = CARTESIAN_POINT('',(28.891555,-8.184569,1.585));
#13059 = VECTOR('',#13060,1.);
#13060 = DIRECTION('',(-0.912501872509,-0.409072527392,0.));
#13061 = ORIENTED_EDGE('',*,*,#13062,.T.);
#13062 = EDGE_CURVE('',#13055,#13063,#13065,.T.);
#13063 = VERTEX_POINT('',#13064);
#13064 = CARTESIAN_POINT('',(28.68278,-8.214466,1.585));
#13065 = LINE('',#13066,#13067);
#13066 = CARTESIAN_POINT('',(28.817477,-8.217778,1.585));
#13067 = VECTOR('',#13068,1.);
#13068 = DIRECTION('',(-0.999697839327,2.458109121843E-02,0.));
#13069 = ORIENTED_EDGE('',*,*,#13070,.T.);
#13070 = EDGE_CURVE('',#13063,#13071,#13073,.T.);
#13071 = VERTEX_POINT('',#13072);
#13072 = CARTESIAN_POINT('',(28.611039,-8.17614,1.585));
#13073 = LINE('',#13074,#13075);
#13074 = CARTESIAN_POINT('',(28.68278,-8.214466,1.585));
#13075 = VECTOR('',#13076,1.);
#13076 = DIRECTION('',(-0.882025325994,0.471201999471,0.));
#13077 = ORIENTED_EDGE('',*,*,#13078,.T.);
#13078 = EDGE_CURVE('',#13071,#13079,#13081,.T.);
#13079 = VERTEX_POINT('',#13080);
#13080 = CARTESIAN_POINT('',(28.544141,-8.104398,1.585));
#13081 = LINE('',#13082,#13083);
#13082 = CARTESIAN_POINT('',(28.611039,-8.17614,1.585));
#13083 = VECTOR('',#13084,1.);
#13084 = DIRECTION('',(-0.681984742712,0.731366399767,0.));
#13085 = ORIENTED_EDGE('',*,*,#13086,.T.);
#13086 = EDGE_CURVE('',#13079,#13087,#13089,.T.);
#13087 = VERTEX_POINT('',#13088);
#13088 = CARTESIAN_POINT('',(28.512144,-7.972891,1.585));
#13089 = LINE('',#13090,#13091);
#13090 = CARTESIAN_POINT('',(28.544141,-8.104398,1.585));
#13091 = VECTOR('',#13092,1.);
#13092 = DIRECTION('',(-0.236413041637,0.971652650768,0.));
#13093 = ORIENTED_EDGE('',*,*,#13094,.T.);
#13094 = EDGE_CURVE('',#13087,#13095,#13097,.T.);
#13095 = VERTEX_POINT('',#13096);
#13096 = CARTESIAN_POINT('',(28.513488,-7.761977,1.585));
#13097 = LINE('',#13098,#13099);
#13098 = CARTESIAN_POINT('',(28.512144,-7.972891,1.585));
#13099 = VECTOR('',#13100,1.);
#13100 = DIRECTION('',(6.372136101705E-03,0.999979697735,0.));
#13101 = ORIENTED_EDGE('',*,*,#13102,.T.);
#13102 = EDGE_CURVE('',#13095,#12973,#13103,.T.);
#13103 = LINE('',#13104,#13105);
#13104 = CARTESIAN_POINT('',(28.513488,-7.761977,1.585));
#13105 = VECTOR('',#13106,1.);
#13106 = DIRECTION('',(0.267058816187,0.963680231559,0.));
#13107 = FACE_BOUND('',#13108,.F.);
#13108 = EDGE_LOOP('',(#13109,#13120,#13128,#13137,#13145,#13154,#13162,
    #13171));
#13109 = ORIENTED_EDGE('',*,*,#13110,.T.);
#13110 = EDGE_CURVE('',#13111,#13113,#13115,.T.);
#13111 = VERTEX_POINT('',#13112);
#13112 = CARTESIAN_POINT('',(28.844773,-7.638445,1.585));
#13113 = VERTEX_POINT('',#13114);
#13114 = CARTESIAN_POINT('',(28.669516,-7.638445,1.585));
#13115 = CIRCLE('',#13116,0.15173340567);
#13116 = AXIS2_PLACEMENT_3D('',#13117,#13118,#13119);
#13117 = CARTESIAN_POINT('',(28.7571445,-7.762317,1.585));
#13118 = DIRECTION('',(0.,0.,1.));
#13119 = DIRECTION('',(0.577516200951,0.816379224159,-0.));
#13120 = ORIENTED_EDGE('',*,*,#13121,.T.);
#13121 = EDGE_CURVE('',#13113,#13122,#13124,.T.);
#13122 = VERTEX_POINT('',#13123);
#13123 = CARTESIAN_POINT('',(28.626348,-7.681612,1.585));
#13124 = LINE('',#13125,#13126);
#13125 = CARTESIAN_POINT('',(28.669516,-7.638445,1.585));
#13126 = VECTOR('',#13127,1.);
#13127 = DIRECTION('',(-0.707114971407,-0.707098590871,0.));
#13128 = ORIENTED_EDGE('',*,*,#13129,.T.);
#13129 = EDGE_CURVE('',#13122,#13130,#13132,.T.);
#13130 = VERTEX_POINT('',#13131);
#13131 = CARTESIAN_POINT('',(28.626348,-8.064169,1.585));
#13132 = CIRCLE('',#13133,0.591183402347);
#13133 = AXIS2_PLACEMENT_3D('',#13134,#13135,#13136);
#13134 = CARTESIAN_POINT('',(29.185731902743,-7.8728905,1.585));
#13135 = DIRECTION('',(0.,0.,1.));
#13136 = DIRECTION('',(-0.946210432368,0.323551877879,0.));
#13137 = ORIENTED_EDGE('',*,*,#13138,.T.);
#13138 = EDGE_CURVE('',#13130,#13139,#13141,.T.);
#13139 = VERTEX_POINT('',#13140);
#13140 = CARTESIAN_POINT('',(28.669516,-8.107337,1.585));
#13141 = LINE('',#13142,#13143);
#13142 = CARTESIAN_POINT('',(28.626348,-8.064169,1.585));
#13143 = VECTOR('',#13144,1.);
#13144 = DIRECTION('',(0.707106781187,-0.707106781187,0.));
#13145 = ORIENTED_EDGE('',*,*,#13146,.T.);
#13146 = EDGE_CURVE('',#13139,#13147,#13149,.T.);
#13147 = VERTEX_POINT('',#13148);
#13148 = CARTESIAN_POINT('',(28.844773,-8.107336,1.585));
#13149 = CIRCLE('',#13150,0.151731843468);
#13150 = AXIS2_PLACEMENT_3D('',#13151,#13152,#13153);
#13151 = CARTESIAN_POINT('',(28.757143793209,-7.983466413582,1.585));
#13152 = DIRECTION('',(0.,0.,1.));
#13153 = DIRECTION('',(-0.577517488789,-0.816378313126,0.));
#13154 = ORIENTED_EDGE('',*,*,#13155,.T.);
#13155 = EDGE_CURVE('',#13147,#13156,#13158,.T.);
#13156 = VERTEX_POINT('',#13157);
#13157 = CARTESIAN_POINT('',(28.88794,-8.064169,1.585));
#13158 = LINE('',#13159,#13160);
#13159 = CARTESIAN_POINT('',(28.844773,-8.107336,1.585));
#13160 = VECTOR('',#13161,1.);
#13161 = DIRECTION('',(0.707106781187,0.707106781187,0.));
#13162 = ORIENTED_EDGE('',*,*,#13163,.T.);
#13163 = EDGE_CURVE('',#13156,#13164,#13166,.T.);
#13164 = VERTEX_POINT('',#13165);
#13165 = CARTESIAN_POINT('',(28.88794,-7.681612,1.585));
#13166 = CIRCLE('',#13167,0.591194480574);
#13167 = AXIS2_PLACEMENT_3D('',#13168,#13169,#13170);
#13168 = CARTESIAN_POINT('',(28.328544389275,-7.8728905,1.585));
#13169 = DIRECTION('',(0.,-0.,1.));
#13170 = DIRECTION('',(0.94621250554,-0.323545814931,-0.));
#13171 = ORIENTED_EDGE('',*,*,#13172,.T.);
#13172 = EDGE_CURVE('',#13164,#13111,#13173,.T.);
#13173 = LINE('',#13174,#13175);
#13174 = CARTESIAN_POINT('',(28.88794,-7.681612,1.585));
#13175 = VECTOR('',#13176,1.);
#13176 = DIRECTION('',(-0.707106781187,0.707106781187,0.));
#13177 = PLANE('',#13178);
#13178 = AXIS2_PLACEMENT_3D('',#13179,#13180,#13181);
#13179 = CARTESIAN_POINT('',(0.,0.,1.585));
#13180 = DIRECTION('',(0.,0.,1.));
#13181 = DIRECTION('',(1.,0.,-0.));
#13182 = SHELL_BASED_SURFACE_MODEL('',(#13183));
#13183 = OPEN_SHELL('',(#13184));
#13184 = ADVANCED_FACE('',(#13185),#13327,.T.);
#13185 = FACE_BOUND('',#13186,.F.);
#13186 = EDGE_LOOP('',(#13187,#13198,#13206,#13215,#13223,#13232,#13240,
    #13249,#13257,#13265,#13273,#13281,#13289,#13297,#13305,#13313,
    #13321));
#13187 = ORIENTED_EDGE('',*,*,#13188,.T.);
#13188 = EDGE_CURVE('',#13189,#13191,#13193,.T.);
#13189 = VERTEX_POINT('',#13190);
#13190 = CARTESIAN_POINT('',(29.172712,-7.55567,1.585));
#13191 = VERTEX_POINT('',#13192);
#13192 = CARTESIAN_POINT('',(29.259287,-7.572891,1.585));
#13193 = CIRCLE('',#13194,4.500016959173E-02);
#13194 = AXIS2_PLACEMENT_3D('',#13195,#13196,#13197);
#13195 = CARTESIAN_POINT('',(29.21428683041,-7.572890590572,1.585));
#13196 = DIRECTION('',(0.,0.,-1.));
#13197 = DIRECTION('',(-0.923881638388,0.38267834829,0.));
#13198 = ORIENTED_EDGE('',*,*,#13199,.T.);
#13199 = EDGE_CURVE('',#13191,#13200,#13202,.T.);
#13200 = VERTEX_POINT('',#13201);
#13201 = CARTESIAN_POINT('',(29.259287,-8.047982,1.585));
#13202 = LINE('',#13203,#13204);
#13203 = CARTESIAN_POINT('',(29.259287,-7.572891,1.585));
#13204 = VECTOR('',#13205,1.);
#13205 = DIRECTION('',(0.,-1.,0.));
#13206 = ORIENTED_EDGE('',*,*,#13207,.T.);
#13207 = EDGE_CURVE('',#13200,#13208,#13210,.T.);
#13208 = VERTEX_POINT('',#13209);
#13209 = CARTESIAN_POINT('',(29.339195,-8.127891,1.585));
#13210 = CIRCLE('',#13211,0.112118603871);
#13211 = AXIS2_PLACEMENT_3D('',#13212,#13213,#13214);
#13212 = CARTESIAN_POINT('',(29.367717326222,-8.019461030707,1.585));
#13213 = DIRECTION('',(0.,0.,1.));
#13214 = DIRECTION('',(-0.96710378544,-0.254382130246,0.));
#13215 = ORIENTED_EDGE('',*,*,#13216,.T.);
#13216 = EDGE_CURVE('',#13208,#13217,#13219,.T.);
#13217 = VERTEX_POINT('',#13218);
#13218 = CARTESIAN_POINT('',(29.432236,-8.127891,1.585));
#13219 = LINE('',#13220,#13221);
#13220 = CARTESIAN_POINT('',(29.339195,-8.127891,1.585));
#13221 = VECTOR('',#13222,1.);
#13222 = DIRECTION('',(1.,0.,0.));
#13223 = ORIENTED_EDGE('',*,*,#13224,.T.);
#13224 = EDGE_CURVE('',#13217,#13225,#13227,.T.);
#13225 = VERTEX_POINT('',#13226);
#13226 = CARTESIAN_POINT('',(29.512144,-8.047981,1.585));
#13227 = CIRCLE('',#13228,0.112120378033);
#13228 = AXIS2_PLACEMENT_3D('',#13229,#13230,#13231);
#13229 = CARTESIAN_POINT('',(29.403711938723,-8.019459652603,1.585));
#13230 = DIRECTION('',(0.,0.,1.));
#13231 = DIRECTION('',(0.254405682336,-0.967097590109,0.));
#13232 = ORIENTED_EDGE('',*,*,#13233,.T.);
#13233 = EDGE_CURVE('',#13225,#13234,#13236,.T.);
#13234 = VERTEX_POINT('',#13235);
#13235 = CARTESIAN_POINT('',(29.512144,-7.572891,1.585));
#13236 = LINE('',#13237,#13238);
#13237 = CARTESIAN_POINT('',(29.512144,-8.047981,1.585));
#13238 = VECTOR('',#13239,1.);
#13239 = DIRECTION('',(0.,1.,0.));
#13240 = ORIENTED_EDGE('',*,*,#13241,.T.);
#13241 = EDGE_CURVE('',#13234,#13242,#13244,.T.);
#13242 = VERTEX_POINT('',#13243);
#13243 = CARTESIAN_POINT('',(29.602144,-7.572891,1.585));
#13244 = CIRCLE('',#13245,4.500000000304E-02);
#13245 = AXIS2_PLACEMENT_3D('',#13246,#13247,#13248);
#13246 = CARTESIAN_POINT('',(29.557144,-7.572890477258,1.585));
#13247 = DIRECTION('',(0.,0.,-1.));
#13248 = DIRECTION('',(-0.999999999933,-1.161648959662E-05,-0.));
#13249 = ORIENTED_EDGE('',*,*,#13250,.T.);
#13250 = EDGE_CURVE('',#13242,#13251,#13253,.T.);
#13251 = VERTEX_POINT('',#13252);
#13252 = CARTESIAN_POINT('',(29.600126,-8.068748,1.585));
#13253 = LINE('',#13254,#13255);
#13254 = CARTESIAN_POINT('',(29.602144,-7.572891,1.585));
#13255 = VECTOR('',#13256,1.);
#13256 = DIRECTION('',(-4.069688011884E-03,-0.999991718785,0.));
#13257 = ORIENTED_EDGE('',*,*,#13258,.T.);
#13258 = EDGE_CURVE('',#13251,#13259,#13261,.T.);
#13259 = VERTEX_POINT('',#13260);
#13260 = CARTESIAN_POINT('',(29.560392,-8.147567,1.585));
#13261 = LINE('',#13262,#13263);
#13262 = CARTESIAN_POINT('',(29.600126,-8.068748,1.585));
#13263 = VECTOR('',#13264,1.);
#13264 = DIRECTION('',(-0.450152223702,-0.892951832686,0.));
#13265 = ORIENTED_EDGE('',*,*,#13266,.T.);
#13266 = EDGE_CURVE('',#13259,#13267,#13269,.T.);
#13267 = VERTEX_POINT('',#13268);
#13268 = CARTESIAN_POINT('',(29.520126,-8.184569,1.585));
#13269 = LINE('',#13270,#13271);
#13270 = CARTESIAN_POINT('',(29.560392,-8.147567,1.585));
#13271 = VECTOR('',#13272,1.);
#13272 = DIRECTION('',(-0.736320133731,-0.676633328076,0.));
#13273 = ORIENTED_EDGE('',*,*,#13274,.T.);
#13274 = EDGE_CURVE('',#13267,#13275,#13277,.T.);
#13275 = VERTEX_POINT('',#13276);
#13276 = CARTESIAN_POINT('',(29.446048,-8.217778,1.585));
#13277 = LINE('',#13278,#13279);
#13278 = CARTESIAN_POINT('',(29.520126,-8.184569,1.585));
#13279 = VECTOR('',#13280,1.);
#13280 = DIRECTION('',(-0.912501872509,-0.409072527392,0.));
#13281 = ORIENTED_EDGE('',*,*,#13282,.T.);
#13282 = EDGE_CURVE('',#13275,#13283,#13285,.T.);
#13283 = VERTEX_POINT('',#13284);
#13284 = CARTESIAN_POINT('',(29.311351,-8.214466,1.585));
#13285 = LINE('',#13286,#13287);
#13286 = CARTESIAN_POINT('',(29.446048,-8.217778,1.585));
#13287 = VECTOR('',#13288,1.);
#13288 = DIRECTION('',(-0.999697839327,2.458109121843E-02,0.));
#13289 = ORIENTED_EDGE('',*,*,#13290,.T.);
#13290 = EDGE_CURVE('',#13283,#13291,#13293,.T.);
#13291 = VERTEX_POINT('',#13292);
#13292 = CARTESIAN_POINT('',(29.23961,-8.17614,1.585));
#13293 = LINE('',#13294,#13295);
#13294 = CARTESIAN_POINT('',(29.311351,-8.214466,1.585));
#13295 = VECTOR('',#13296,1.);
#13296 = DIRECTION('',(-0.882025325994,0.471201999471,0.));
#13297 = ORIENTED_EDGE('',*,*,#13298,.T.);
#13298 = EDGE_CURVE('',#13291,#13299,#13301,.T.);
#13299 = VERTEX_POINT('',#13300);
#13300 = CARTESIAN_POINT('',(29.202609,-8.135873,1.585));
#13301 = LINE('',#13302,#13303);
#13302 = CARTESIAN_POINT('',(29.23961,-8.17614,1.585));
#13303 = VECTOR('',#13304,1.);
#13304 = DIRECTION('',(-0.676614302956,0.736337616203,0.));
#13305 = ORIENTED_EDGE('',*,*,#13306,.T.);
#13306 = EDGE_CURVE('',#13299,#13307,#13309,.T.);
#13307 = VERTEX_POINT('',#13308);
#13308 = CARTESIAN_POINT('',(29.1694,-8.061795,1.585));
#13309 = LINE('',#13310,#13311);
#13310 = CARTESIAN_POINT('',(29.202609,-8.135873,1.585));
#13311 = VECTOR('',#13312,1.);
#13312 = DIRECTION('',(-0.409072527392,0.912501872509,0.));
#13313 = ORIENTED_EDGE('',*,*,#13314,.T.);
#13314 = EDGE_CURVE('',#13307,#13315,#13317,.T.);
#13315 = VERTEX_POINT('',#13316);
#13316 = CARTESIAN_POINT('',(29.169287,-7.572891,1.585));
#13317 = LINE('',#13318,#13319);
#13318 = CARTESIAN_POINT('',(29.1694,-8.061795,1.585));
#13319 = VECTOR('',#13320,1.);
#13320 = DIRECTION('',(-2.311292134665E-04,0.99999997329,0.));
#13321 = ORIENTED_EDGE('',*,*,#13322,.T.);
#13322 = EDGE_CURVE('',#13315,#13189,#13323,.T.);
#13323 = LINE('',#13324,#13325);
#13324 = CARTESIAN_POINT('',(29.169287,-7.572891,1.585));
#13325 = VECTOR('',#13326,1.);
#13326 = DIRECTION('',(0.195064579407,0.980790400575,0.));
#13327 = PLANE('',#13328);
#13328 = AXIS2_PLACEMENT_3D('',#13329,#13330,#13331);
#13329 = CARTESIAN_POINT('',(0.,0.,1.585));
#13330 = DIRECTION('',(0.,0.,1.));
#13331 = DIRECTION('',(1.,0.,-0.));
#13332 = SHELL_BASED_SURFACE_MODEL('',(#13333));
#13333 = OPEN_SHELL('',(#13334));
#13334 = ADVANCED_FACE('',(#13335),#13445,.T.);
#13335 = FACE_BOUND('',#13336,.F.);
#13336 = EDGE_LOOP('',(#13337,#13348,#13356,#13364,#13372,#13380,#13388,
    #13397,#13405,#13414,#13422,#13430,#13439));
#13337 = ORIENTED_EDGE('',*,*,#13338,.T.);
#13338 = EDGE_CURVE('',#13339,#13341,#13343,.T.);
#13339 = VERTEX_POINT('',#13340);
#13340 = CARTESIAN_POINT('',(31.312144,-7.572891,1.585));
#13341 = VERTEX_POINT('',#13342);
#13342 = CARTESIAN_POINT('',(31.351469,-7.52825,1.585));
#13343 = CIRCLE('',#13344,4.499939652239E-02);
#13344 = AXIS2_PLACEMENT_3D('',#13345,#13346,#13347);
#13345 = CARTESIAN_POINT('',(31.357143396515,-7.572890193902,1.585));
#13346 = DIRECTION('',(0.,0.,-1.));
#13347 = DIRECTION('',(-0.99999999984,-1.791353910542E-05,-0.));
#13348 = ORIENTED_EDGE('',*,*,#13349,.T.);
#13349 = EDGE_CURVE('',#13341,#13350,#13352,.T.);
#13350 = VERTEX_POINT('',#13351);
#13351 = CARTESIAN_POINT('',(31.362711,-7.531316,1.585));
#13352 = LINE('',#13353,#13354);
#13353 = CARTESIAN_POINT('',(31.351469,-7.52825,1.585));
#13354 = VECTOR('',#13355,1.);
#13355 = DIRECTION('',(0.964763821238,-0.263117405792,0.));
#13356 = ORIENTED_EDGE('',*,*,#13357,.T.);
#13357 = EDGE_CURVE('',#13350,#13358,#13360,.T.);
#13358 = VERTEX_POINT('',#13359);
#13359 = CARTESIAN_POINT('',(31.374365,-7.531316,1.585));
#13360 = LINE('',#13361,#13362);
#13361 = CARTESIAN_POINT('',(31.362711,-7.531316,1.585));
#13362 = VECTOR('',#13363,1.);
#13363 = DIRECTION('',(1.,0.,0.));
#13364 = ORIENTED_EDGE('',*,*,#13365,.T.);
#13365 = EDGE_CURVE('',#13358,#13366,#13368,.T.);
#13366 = VERTEX_POINT('',#13367);
#13367 = CARTESIAN_POINT('',(31.396215,-7.550565,1.585));
#13368 = LINE('',#13369,#13370);
#13369 = CARTESIAN_POINT('',(31.374365,-7.531316,1.585));
#13370 = VECTOR('',#13371,1.);
#13371 = DIRECTION('',(0.750355750331,-0.661034226001,0.));
#13372 = ORIENTED_EDGE('',*,*,#13373,.T.);
#13373 = EDGE_CURVE('',#13366,#13374,#13376,.T.);
#13374 = VERTEX_POINT('',#13375);
#13375 = CARTESIAN_POINT('',(31.655001,-8.00344,1.585));
#13376 = LINE('',#13377,#13378);
#13377 = CARTESIAN_POINT('',(31.396215,-7.550565,1.585));
#13378 = VECTOR('',#13379,1.);
#13379 = DIRECTION('',(0.496139351288,-0.868242906164,0.));
#13380 = ORIENTED_EDGE('',*,*,#13381,.T.);
#13381 = EDGE_CURVE('',#13374,#13382,#13384,.T.);
#13382 = VERTEX_POINT('',#13383);
#13383 = CARTESIAN_POINT('',(31.655001,-7.572891,1.585));
#13384 = LINE('',#13385,#13386);
#13385 = CARTESIAN_POINT('',(31.655001,-8.00344,1.585));
#13386 = VECTOR('',#13387,1.);
#13387 = DIRECTION('',(0.,1.,0.));
#13388 = ORIENTED_EDGE('',*,*,#13389,.T.);
#13389 = EDGE_CURVE('',#13382,#13390,#13392,.T.);
#13390 = VERTEX_POINT('',#13391);
#13391 = CARTESIAN_POINT('',(31.745001,-7.572891,1.585));
#13392 = CIRCLE('',#13393,4.500000000304E-02);
#13393 = AXIS2_PLACEMENT_3D('',#13394,#13395,#13396);
#13394 = CARTESIAN_POINT('',(31.700001,-7.572890477258,1.585));
#13395 = DIRECTION('',(0.,0.,-1.));
#13396 = DIRECTION('',(-0.999999999933,-1.161648959662E-05,-0.));
#13397 = ORIENTED_EDGE('',*,*,#13398,.T.);
#13398 = EDGE_CURVE('',#13390,#13399,#13401,.T.);
#13399 = VERTEX_POINT('',#13400);
#13400 = CARTESIAN_POINT('',(31.745001,-8.172891,1.585));
#13401 = LINE('',#13402,#13403);
#13402 = CARTESIAN_POINT('',(31.745001,-7.572891,1.585));
#13403 = VECTOR('',#13404,1.);
#13404 = DIRECTION('',(0.,-1.,0.));
#13405 = ORIENTED_EDGE('',*,*,#13406,.T.);
#13406 = EDGE_CURVE('',#13399,#13407,#13409,.T.);
#13407 = VERTEX_POINT('',#13408);
#13408 = CARTESIAN_POINT('',(31.66093,-8.195218,1.585));
#13409 = CIRCLE('',#13410,4.500010576418E-02);
#13410 = AXIS2_PLACEMENT_3D('',#13411,#13412,#13413);
#13411 = CARTESIAN_POINT('',(31.700000894238,-8.172891452076,1.585));
#13412 = DIRECTION('',(0.,0.,-1.));
#13413 = DIRECTION('',(0.99999999995,1.0046099137E-05,0.));
#13414 = ORIENTED_EDGE('',*,*,#13415,.T.);
#13415 = EDGE_CURVE('',#13407,#13416,#13418,.T.);
#13416 = VERTEX_POINT('',#13417);
#13417 = CARTESIAN_POINT('',(31.402144,-7.742341,1.585));
#13418 = LINE('',#13419,#13420);
#13419 = CARTESIAN_POINT('',(31.66093,-8.195218,1.585));
#13420 = VECTOR('',#13421,1.);
#13421 = DIRECTION('',(-0.496137699567,0.868243850003,0.));
#13422 = ORIENTED_EDGE('',*,*,#13423,.T.);
#13423 = EDGE_CURVE('',#13416,#13424,#13426,.T.);
#13424 = VERTEX_POINT('',#13425);
#13425 = CARTESIAN_POINT('',(31.402144,-8.172891,1.585));
#13426 = LINE('',#13427,#13428);
#13427 = CARTESIAN_POINT('',(31.402144,-7.742341,1.585));
#13428 = VECTOR('',#13429,1.);
#13429 = DIRECTION('',(0.,-1.,0.));
#13430 = ORIENTED_EDGE('',*,*,#13431,.T.);
#13431 = EDGE_CURVE('',#13424,#13432,#13434,.T.);
#13432 = VERTEX_POINT('',#13433);
#13433 = CARTESIAN_POINT('',(31.312144,-8.172891,1.585));
#13434 = CIRCLE('',#13435,4.500000000304E-02);
#13435 = AXIS2_PLACEMENT_3D('',#13436,#13437,#13438);
#13436 = CARTESIAN_POINT('',(31.357144,-8.172891522742,1.585));
#13437 = DIRECTION('',(0.,0.,-1.));
#13438 = DIRECTION('',(0.999999999933,1.161648961636E-05,0.));
#13439 = ORIENTED_EDGE('',*,*,#13440,.T.);
#13440 = EDGE_CURVE('',#13432,#13339,#13441,.T.);
#13441 = LINE('',#13442,#13443);
#13442 = CARTESIAN_POINT('',(31.312144,-8.172891,1.585));
#13443 = VECTOR('',#13444,1.);
#13444 = DIRECTION('',(0.,1.,0.));
#13445 = PLANE('',#13446);
#13446 = AXIS2_PLACEMENT_3D('',#13447,#13448,#13449);
#13447 = CARTESIAN_POINT('',(0.,0.,1.585));
#13448 = DIRECTION('',(0.,0.,1.));
#13449 = DIRECTION('',(1.,0.,-0.));
#13450 = SHELL_BASED_SURFACE_MODEL('',(#13451));
#13451 = OPEN_SHELL('',(#13452));
#13452 = ADVANCED_FACE('',(#13453),#13694,.T.);
#13453 = FACE_BOUND('',#13454,.F.);
#13454 = EDGE_LOOP('',(#13455,#13465,#13473,#13481,#13489,#13497,#13506,
    #13514,#13522,#13530,#13538,#13547,#13555,#13563,#13571,#13580,
    #13588,#13596,#13604,#13613,#13621,#13630,#13638,#13646,#13654,
    #13663,#13671,#13680,#13688));
#13455 = ORIENTED_EDGE('',*,*,#13456,.T.);
#13456 = EDGE_CURVE('',#13457,#13459,#13461,.T.);
#13457 = VERTEX_POINT('',#13458);
#13458 = CARTESIAN_POINT('',(30.753895,-7.626785,1.585));
#13459 = VERTEX_POINT('',#13460);
#13460 = CARTESIAN_POINT('',(30.825637,-7.559887,1.585));
#13461 = LINE('',#13462,#13463);
#13462 = CARTESIAN_POINT('',(30.753895,-7.626785,1.585));
#13463 = VECTOR('',#13464,1.);
#13464 = DIRECTION('',(0.731366399767,0.681984742712,0.));
#13465 = ORIENTED_EDGE('',*,*,#13466,.T.);
#13466 = EDGE_CURVE('',#13459,#13467,#13469,.T.);
#13467 = VERTEX_POINT('',#13468);
#13468 = CARTESIAN_POINT('',(30.928572,-7.527891,1.585));
#13469 = LINE('',#13470,#13471);
#13470 = CARTESIAN_POINT('',(30.825637,-7.559887,1.585));
#13471 = VECTOR('',#13472,1.);
#13472 = DIRECTION('',(0.95493101285,0.296827830059,0.));
#13473 = ORIENTED_EDGE('',*,*,#13474,.T.);
#13474 = EDGE_CURVE('',#13467,#13475,#13477,.T.);
#13475 = VERTEX_POINT('',#13476);
#13476 = CARTESIAN_POINT('',(31.016497,-7.52833,1.585));
#13477 = LINE('',#13478,#13479);
#13478 = CARTESIAN_POINT('',(30.928572,-7.527891,1.585));
#13479 = VECTOR('',#13480,1.);
#13480 = DIRECTION('',(0.999987535749,-4.992829436384E-03,0.));
#13481 = ORIENTED_EDGE('',*,*,#13482,.T.);
#13482 = EDGE_CURVE('',#13475,#13483,#13485,.T.);
#13483 = VERTEX_POINT('',#13484);
#13484 = CARTESIAN_POINT('',(31.034412,-7.532642,1.585));
#13485 = LINE('',#13486,#13487);
#13486 = CARTESIAN_POINT('',(31.016497,-7.52833,1.585));
#13487 = VECTOR('',#13488,1.);
#13488 = DIRECTION('',(0.972234384443,-0.2340091915,0.));
#13489 = ORIENTED_EDGE('',*,*,#13490,.T.);
#13490 = EDGE_CURVE('',#13483,#13491,#13493,.T.);
#13491 = VERTEX_POINT('',#13492);
#13492 = CARTESIAN_POINT('',(31.105425,-7.571978,1.585));
#13493 = LINE('',#13494,#13495);
#13494 = CARTESIAN_POINT('',(31.034412,-7.532642,1.585));
#13495 = VECTOR('',#13496,1.);
#13496 = DIRECTION('',(0.874761474498,-0.484553776926,0.));
#13497 = ORIENTED_EDGE('',*,*,#13498,.T.);
#13498 = EDGE_CURVE('',#13491,#13499,#13501,.T.);
#13499 = VERTEX_POINT('',#13500);
#13500 = CARTESIAN_POINT('',(31.068239,-7.646349,1.585));
#13501 = CIRCLE('',#13502,4.499967549502E-02);
#13502 = AXIS2_PLACEMENT_3D('',#13503,#13504,#13505);
#13503 = CARTESIAN_POINT('',(31.071430489927,-7.601462641419,1.585));
#13504 = DIRECTION('',(0.,0.,-1.));
#13505 = DIRECTION('',(0.755439004807,0.655218978675,0.));
#13506 = ORIENTED_EDGE('',*,*,#13507,.T.);
#13507 = EDGE_CURVE('',#13499,#13508,#13510,.T.);
#13508 = VERTEX_POINT('',#13509);
#13509 = CARTESIAN_POINT('',(31.003664,-7.617891,1.585));
#13510 = LINE('',#13511,#13512);
#13511 = CARTESIAN_POINT('',(31.068239,-7.646349,1.585));
#13512 = VECTOR('',#13513,1.);
#13513 = DIRECTION('',(-0.915079804487,0.403272800249,0.));
#13514 = ORIENTED_EDGE('',*,*,#13515,.T.);
#13515 = EDGE_CURVE('',#13508,#13516,#13518,.T.);
#13516 = VERTEX_POINT('',#13517);
#13517 = CARTESIAN_POINT('',(30.935875,-7.617891,1.585));
#13518 = LINE('',#13519,#13520);
#13519 = CARTESIAN_POINT('',(31.003664,-7.617891,1.585));
#13520 = VECTOR('',#13521,1.);
#13521 = DIRECTION('',(-1.,0.,0.));
#13522 = ORIENTED_EDGE('',*,*,#13523,.T.);
#13523 = EDGE_CURVE('',#13516,#13524,#13526,.T.);
#13524 = VERTEX_POINT('',#13525);
#13525 = CARTESIAN_POINT('',(30.867166,-7.640793,1.585));
#13526 = LINE('',#13527,#13528);
#13527 = CARTESIAN_POINT('',(30.935875,-7.617891,1.585));
#13528 = VECTOR('',#13529,1.);
#13529 = DIRECTION('',(-0.948687440166,-0.316215339398,0.));
#13530 = ORIENTED_EDGE('',*,*,#13531,.T.);
#13531 = EDGE_CURVE('',#13524,#13532,#13534,.T.);
#13532 = VERTEX_POINT('',#13533);
#13533 = CARTESIAN_POINT('',(30.822698,-7.685261,1.585));
#13534 = LINE('',#13535,#13536);
#13535 = CARTESIAN_POINT('',(30.867166,-7.640793,1.585));
#13536 = VECTOR('',#13537,1.);
#13537 = DIRECTION('',(-0.707106781187,-0.707106781187,0.));
#13538 = ORIENTED_EDGE('',*,*,#13539,.T.);
#13539 = EDGE_CURVE('',#13532,#13540,#13542,.T.);
#13540 = VERTEX_POINT('',#13541);
#13541 = CARTESIAN_POINT('',(30.773572,-7.910209,1.585));
#13542 = CIRCLE('',#13543,0.367035715597);
#13543 = AXIS2_PLACEMENT_3D('',#13544,#13545,#13546);
#13544 = CARTESIAN_POINT('',(31.138623278304,-7.872093639152,1.585));
#13545 = DIRECTION('',(0.,0.,1.));
#13546 = DIRECTION('',(-0.860748054968,0.509031222882,0.));
#13547 = ORIENTED_EDGE('',*,*,#13548,.T.);
#13548 = EDGE_CURVE('',#13540,#13549,#13551,.T.);
#13549 = VERTEX_POINT('',#13550);
#13550 = CARTESIAN_POINT('',(30.799602,-8.014328,1.585));
#13551 = LINE('',#13552,#13553);
#13552 = CARTESIAN_POINT('',(30.773572,-7.910209,1.585));
#13553 = VECTOR('',#13554,1.);
#13554 = DIRECTION('',(0.242537817418,-0.970141952047,0.));
#13555 = ORIENTED_EDGE('',*,*,#13556,.T.);
#13556 = EDGE_CURVE('',#13549,#13557,#13559,.T.);
#13557 = VERTEX_POINT('',#13558);
#13558 = CARTESIAN_POINT('',(30.822698,-8.06052,1.585));
#13559 = LINE('',#13560,#13561);
#13560 = CARTESIAN_POINT('',(30.799602,-8.014328,1.585));
#13561 = VECTOR('',#13562,1.);
#13562 = DIRECTION('',(0.4472135955,-0.894427191,0.));
#13563 = ORIENTED_EDGE('',*,*,#13564,.T.);
#13564 = EDGE_CURVE('',#13557,#13565,#13567,.T.);
#13565 = VERTEX_POINT('',#13566);
#13566 = CARTESIAN_POINT('',(30.867166,-8.104988,1.585));
#13567 = LINE('',#13568,#13569);
#13568 = CARTESIAN_POINT('',(30.822698,-8.06052,1.585));
#13569 = VECTOR('',#13570,1.);
#13570 = DIRECTION('',(0.707106781187,-0.707106781187,0.));
#13571 = ORIENTED_EDGE('',*,*,#13572,.T.);
#13572 = EDGE_CURVE('',#13565,#13573,#13575,.T.);
#13573 = VERTEX_POINT('',#13574);
#13574 = CARTESIAN_POINT('',(31.04712,-8.104988,1.585));
#13575 = CIRCLE('',#13576,0.1795828321);
#13576 = AXIS2_PLACEMENT_3D('',#13577,#13578,#13579);
#13577 = CARTESIAN_POINT('',(30.957143,-7.949572,1.585));
#13578 = DIRECTION('',(0.,0.,1.));
#13579 = DIRECTION('',(-0.501033416992,-0.86542793753,0.));
#13580 = ORIENTED_EDGE('',*,*,#13581,.T.);
#13581 = EDGE_CURVE('',#13573,#13582,#13584,.T.);
#13582 = VERTEX_POINT('',#13583);
#13583 = CARTESIAN_POINT('',(31.055001,-8.097108,1.585));
#13584 = LINE('',#13585,#13586);
#13585 = CARTESIAN_POINT('',(31.04712,-8.104988,1.585));
#13586 = VECTOR('',#13587,1.);
#13587 = DIRECTION('',(0.707151644098,0.707061915428,0.));
#13588 = ORIENTED_EDGE('',*,*,#13589,.T.);
#13589 = EDGE_CURVE('',#13582,#13590,#13592,.T.);
#13590 = VERTEX_POINT('',#13591);
#13591 = CARTESIAN_POINT('',(31.055001,-7.960748,1.585));
#13592 = LINE('',#13593,#13594);
#13593 = CARTESIAN_POINT('',(31.055001,-8.097108,1.585));
#13594 = VECTOR('',#13595,1.);
#13595 = DIRECTION('',(0.,1.,0.));
#13596 = ORIENTED_EDGE('',*,*,#13597,.T.);
#13597 = EDGE_CURVE('',#13590,#13598,#13600,.T.);
#13598 = VERTEX_POINT('',#13599);
#13599 = CARTESIAN_POINT('',(30.968494,-7.957323,1.585));
#13600 = LINE('',#13601,#13602);
#13601 = CARTESIAN_POINT('',(31.055001,-7.960748,1.585));
#13602 = VECTOR('',#13603,1.);
#13603 = DIRECTION('',(-0.99921715021,3.956117700844E-02,0.));
#13604 = ORIENTED_EDGE('',*,*,#13605,.T.);
#13605 = EDGE_CURVE('',#13598,#13606,#13608,.T.);
#13606 = VERTEX_POINT('',#13607);
#13607 = CARTESIAN_POINT('',(30.968494,-7.874173,1.585));
#13608 = CIRCLE('',#13609,4.500048295296E-02);
#13609 = AXIS2_PLACEMENT_3D('',#13610,#13611,#13612);
#13610 = CARTESIAN_POINT('',(30.985715,-7.915748,1.585));
#13611 = DIRECTION('',(0.,0.,-1.));
#13612 = DIRECTION('',(-0.382684781806,-0.923878973554,-0.));
#13613 = ORIENTED_EDGE('',*,*,#13614,.T.);
#13614 = EDGE_CURVE('',#13606,#13615,#13617,.T.);
#13615 = VERTEX_POINT('',#13616);
#13616 = CARTESIAN_POINT('',(31.100001,-7.870748,1.585));
#13617 = LINE('',#13618,#13619);
#13618 = CARTESIAN_POINT('',(30.968494,-7.874173,1.585));
#13619 = VECTOR('',#13620,1.);
#13620 = DIRECTION('',(0.999661021193,2.603541254525E-02,0.));
#13621 = ORIENTED_EDGE('',*,*,#13622,.T.);
#13622 = EDGE_CURVE('',#13615,#13623,#13625,.T.);
#13623 = VERTEX_POINT('',#13624);
#13624 = CARTESIAN_POINT('',(31.145001,-7.915748,1.585));
#13625 = CIRCLE('',#13626,4.499842471589E-02);
#13626 = AXIS2_PLACEMENT_3D('',#13627,#13628,#13629);
#13627 = CARTESIAN_POINT('',(31.100002575312,-7.915746424688,1.585));
#13628 = DIRECTION('',(0.,0.,-1.));
#13629 = DIRECTION('',(-3.500815193067E-05,0.999999999387,0.));
#13630 = ORIENTED_EDGE('',*,*,#13631,.T.);
#13631 = EDGE_CURVE('',#13623,#13632,#13634,.T.);
#13632 = VERTEX_POINT('',#13633);
#13633 = CARTESIAN_POINT('',(31.145001,-8.115748,1.585));
#13634 = LINE('',#13635,#13636);
#13635 = CARTESIAN_POINT('',(31.145001,-7.915748,1.585));
#13636 = VECTOR('',#13637,1.);
#13637 = DIRECTION('',(0.,-1.,0.));
#13638 = ORIENTED_EDGE('',*,*,#13639,.T.);
#13639 = EDGE_CURVE('',#13632,#13640,#13642,.T.);
#13640 = VERTEX_POINT('',#13641);
#13641 = CARTESIAN_POINT('',(31.141576,-8.132969,1.585));
#13642 = LINE('',#13643,#13644);
#13643 = CARTESIAN_POINT('',(31.145001,-8.115748,1.585));
#13644 = VECTOR('',#13645,1.);
#13645 = DIRECTION('',(-0.195064579407,-0.980790400575,0.));
#13646 = ORIENTED_EDGE('',*,*,#13647,.T.);
#13647 = EDGE_CURVE('',#13640,#13648,#13650,.T.);
#13648 = VERTEX_POINT('',#13649);
#13649 = CARTESIAN_POINT('',(31.100913,-8.178316,1.585));
#13650 = LINE('',#13651,#13652);
#13651 = CARTESIAN_POINT('',(31.141576,-8.132969,1.585));
#13652 = VECTOR('',#13653,1.);
#13653 = DIRECTION('',(-0.667609354477,-0.744511752637,0.));
#13654 = ORIENTED_EDGE('',*,*,#13655,.T.);
#13655 = EDGE_CURVE('',#13648,#13656,#13658,.T.);
#13656 = VERTEX_POINT('',#13657);
#13657 = CARTESIAN_POINT('',(30.813374,-8.178316,1.585));
#13658 = CIRCLE('',#13659,0.274734037124);
#13659 = AXIS2_PLACEMENT_3D('',#13660,#13661,#13662);
#13660 = CARTESIAN_POINT('',(30.9571435,-7.944202518918,1.585));
#13661 = DIRECTION('',(-0.,0.,-1.));
#13662 = DIRECTION('',(0.523304289141,-0.852145891833,-0.));
#13663 = ORIENTED_EDGE('',*,*,#13664,.T.);
#13664 = EDGE_CURVE('',#13656,#13665,#13667,.T.);
#13665 = VERTEX_POINT('',#13666);
#13666 = CARTESIAN_POINT('',(30.745466,-8.107302,1.585));
#13667 = LINE('',#13668,#13669);
#13668 = CARTESIAN_POINT('',(30.813374,-8.178316,1.585));
#13669 = VECTOR('',#13670,1.);
#13670 = DIRECTION('',(-0.691124663616,0.722735566679,0.));
#13671 = ORIENTED_EDGE('',*,*,#13672,.T.);
#13672 = EDGE_CURVE('',#13665,#13673,#13675,.T.);
#13673 = VERTEX_POINT('',#13674);
#13674 = CARTESIAN_POINT('',(30.684916,-7.81912,1.585));
#13675 = CIRCLE('',#13676,0.466669290375);
#13676 = AXIS2_PLACEMENT_3D('',#13677,#13678,#13679);
#13677 = CARTESIAN_POINT('',(31.148561856721,-7.87215532902,1.585));
#13678 = DIRECTION('',(0.,0.,-1.));
#13679 = DIRECTION('',(-0.863771979505,-0.503882890583,-0.));
#13680 = ORIENTED_EDGE('',*,*,#13681,.T.);
#13681 = EDGE_CURVE('',#13673,#13682,#13684,.T.);
#13682 = VERTEX_POINT('',#13683);
#13683 = CARTESIAN_POINT('',(30.716895,-7.695624,1.585));
#13684 = LINE('',#13685,#13686);
#13685 = CARTESIAN_POINT('',(30.684916,-7.81912,1.585));
#13686 = VECTOR('',#13687,1.);
#13687 = DIRECTION('',(0.250679495054,0.968070137314,0.));
#13688 = ORIENTED_EDGE('',*,*,#13689,.T.);
#13689 = EDGE_CURVE('',#13682,#13457,#13690,.T.);
#13690 = LINE('',#13691,#13692);
#13691 = CARTESIAN_POINT('',(30.716895,-7.695624,1.585));
#13692 = VECTOR('',#13693,1.);
#13693 = DIRECTION('',(0.473433558235,0.880829532848,0.));
#13694 = PLANE('',#13695);
#13695 = AXIS2_PLACEMENT_3D('',#13696,#13697,#13698);
#13696 = CARTESIAN_POINT('',(0.,0.,1.585));
#13697 = DIRECTION('',(0.,0.,1.));
#13698 = DIRECTION('',(1.,0.,-0.));
#13699 = SHELL_BASED_SURFACE_MODEL('',(#13700));
#13700 = OPEN_SHELL('',(#13701));
#13701 = ADVANCED_FACE('',(#13702),#13785,.T.);
#13702 = FACE_BOUND('',#13703,.F.);
#13703 = EDGE_LOOP('',(#13704,#13715,#13723,#13731,#13739,#13747,#13755,
    #13763,#13771,#13779));
#13704 = ORIENTED_EDGE('',*,*,#13705,.T.);
#13705 = EDGE_CURVE('',#13706,#13708,#13710,.T.);
#13706 = VERTEX_POINT('',#13707);
#13707 = CARTESIAN_POINT('',(25.696752,-8.083928,1.585));
#13708 = VERTEX_POINT('',#13709);
#13709 = CARTESIAN_POINT('',(25.760392,-8.083929,1.585));
#13710 = CIRCLE('',#13711,4.499622022068E-02);
#13711 = AXIS2_PLACEMENT_3D('',#13712,#13713,#13714);
#13712 = CARTESIAN_POINT('',(25.72857150009,-8.115742764625,1.585));
#13713 = DIRECTION('',(0.,0.,-1.));
#13714 = DIRECTION('',(-0.707159399924,0.707054158533,0.));
#13715 = ORIENTED_EDGE('',*,*,#13716,.T.);
#13716 = EDGE_CURVE('',#13708,#13717,#13719,.T.);
#13717 = VERTEX_POINT('',#13718);
#13718 = CARTESIAN_POINT('',(25.798718,-8.127099,1.585));
#13719 = LINE('',#13720,#13721);
#13720 = CARTESIAN_POINT('',(25.760392,-8.083929,1.585));
#13721 = VECTOR('',#13722,1.);
#13722 = DIRECTION('',(0.663905680837,-0.747816318993,0.));
#13723 = ORIENTED_EDGE('',*,*,#13724,.T.);
#13724 = EDGE_CURVE('',#13717,#13725,#13727,.T.);
#13725 = VERTEX_POINT('',#13726);
#13726 = CARTESIAN_POINT('',(25.798718,-8.161541,1.585));
#13727 = LINE('',#13728,#13729);
#13728 = CARTESIAN_POINT('',(25.798718,-8.127099,1.585));
#13729 = VECTOR('',#13730,1.);
#13730 = DIRECTION('',(0.,-1.,0.));
#13731 = ORIENTED_EDGE('',*,*,#13732,.T.);
#13732 = EDGE_CURVE('',#13725,#13733,#13735,.T.);
#13733 = VERTEX_POINT('',#13734);
#13734 = CARTESIAN_POINT('',(25.760392,-8.204711,1.585));
#13735 = LINE('',#13736,#13737);
#13736 = CARTESIAN_POINT('',(25.798718,-8.161541,1.585));
#13737 = VECTOR('',#13738,1.);
#13738 = DIRECTION('',(-0.663905680837,-0.747816318993,0.));
#13739 = ORIENTED_EDGE('',*,*,#13740,.T.);
#13740 = EDGE_CURVE('',#13733,#13741,#13743,.T.);
#13741 = VERTEX_POINT('',#13742);
#13742 = CARTESIAN_POINT('',(25.745793,-8.214466,1.585));
#13743 = LINE('',#13744,#13745);
#13744 = CARTESIAN_POINT('',(25.760392,-8.204711,1.585));
#13745 = VECTOR('',#13746,1.);
#13746 = DIRECTION('',(-0.831462770178,-0.555580472846,0.));
#13747 = ORIENTED_EDGE('',*,*,#13748,.T.);
#13748 = EDGE_CURVE('',#13741,#13749,#13751,.T.);
#13749 = VERTEX_POINT('',#13750);
#13750 = CARTESIAN_POINT('',(25.711348,-8.214463,1.585));
#13751 = LINE('',#13752,#13753);
#13752 = CARTESIAN_POINT('',(25.745793,-8.214466,1.585));
#13753 = VECTOR('',#13754,1.);
#13754 = DIRECTION('',(-0.999999996207,8.709536908558E-05,0.));
#13755 = ORIENTED_EDGE('',*,*,#13756,.T.);
#13756 = EDGE_CURVE('',#13749,#13757,#13759,.T.);
#13757 = VERTEX_POINT('',#13758);
#13758 = CARTESIAN_POINT('',(25.668181,-8.17614,1.585));
#13759 = LINE('',#13760,#13761);
#13760 = CARTESIAN_POINT('',(25.711348,-8.214463,1.585));
#13761 = VECTOR('',#13762,1.);
#13762 = DIRECTION('',(-0.747819214258,0.663902419627,0.));
#13763 = ORIENTED_EDGE('',*,*,#13764,.T.);
#13764 = EDGE_CURVE('',#13757,#13765,#13767,.T.);
#13765 = VERTEX_POINT('',#13766);
#13766 = CARTESIAN_POINT('',(25.658425,-8.161542,1.585));
#13767 = LINE('',#13768,#13769);
#13768 = CARTESIAN_POINT('',(25.668181,-8.17614,1.585));
#13769 = VECTOR('',#13770,1.);
#13770 = DIRECTION('',(-0.555646155073,0.831418877794,0.));
#13771 = ORIENTED_EDGE('',*,*,#13772,.T.);
#13772 = EDGE_CURVE('',#13765,#13773,#13775,.T.);
#13773 = VERTEX_POINT('',#13774);
#13774 = CARTESIAN_POINT('',(25.658425,-8.127099,1.585));
#13775 = LINE('',#13776,#13777);
#13776 = CARTESIAN_POINT('',(25.658425,-8.161542,1.585));
#13777 = VECTOR('',#13778,1.);
#13778 = DIRECTION('',(0.,1.,0.));
#13779 = ORIENTED_EDGE('',*,*,#13780,.T.);
#13780 = EDGE_CURVE('',#13773,#13706,#13781,.T.);
#13781 = LINE('',#13782,#13783);
#13782 = CARTESIAN_POINT('',(25.658425,-8.127099,1.585));
#13783 = VECTOR('',#13784,1.);
#13784 = DIRECTION('',(0.663906767798,0.747815353996,0.));
#13785 = PLANE('',#13786);
#13786 = AXIS2_PLACEMENT_3D('',#13787,#13788,#13789);
#13787 = CARTESIAN_POINT('',(0.,0.,1.585));
#13788 = DIRECTION('',(0.,0.,1.));
#13789 = DIRECTION('',(1.,0.,-0.));
#13790 = SHELL_BASED_SURFACE_MODEL('',(#13791));
#13791 = OPEN_SHELL('',(#13792));
#13792 = ADVANCED_FACE('',(#13793),#13862,.T.);
#13793 = FACE_BOUND('',#13794,.F.);
#13794 = EDGE_LOOP('',(#13795,#13806,#13814,#13823,#13831,#13839,#13848,
    #13856));
#13795 = ORIENTED_EDGE('',*,*,#13796,.T.);
#13796 = EDGE_CURVE('',#13797,#13799,#13801,.T.);
#13797 = VERTEX_POINT('',#13798);
#13798 = CARTESIAN_POINT('',(29.757143,-7.617891,1.585));
#13799 = VERTEX_POINT('',#13800);
#13800 = CARTESIAN_POINT('',(29.757143,-7.527891,1.585));
#13801 = CIRCLE('',#13802,4.500000000304E-02);
#13802 = AXIS2_PLACEMENT_3D('',#13803,#13804,#13805);
#13803 = CARTESIAN_POINT('',(29.757142477258,-7.572891,1.585));
#13804 = DIRECTION('',(0.,0.,-1.));
#13805 = DIRECTION('',(1.161648949793E-05,-0.999999999933,0.));
#13806 = ORIENTED_EDGE('',*,*,#13807,.T.);
#13807 = EDGE_CURVE('',#13799,#13808,#13810,.T.);
#13808 = VERTEX_POINT('',#13809);
#13809 = CARTESIAN_POINT('',(30.100001,-7.527891,1.585));
#13810 = LINE('',#13811,#13812);
#13811 = CARTESIAN_POINT('',(29.757143,-7.527891,1.585));
#13812 = VECTOR('',#13813,1.);
#13813 = DIRECTION('',(1.,0.,0.));
#13814 = ORIENTED_EDGE('',*,*,#13815,.T.);
#13815 = EDGE_CURVE('',#13808,#13816,#13818,.T.);
#13816 = VERTEX_POINT('',#13817);
#13817 = CARTESIAN_POINT('',(30.100001,-7.617891,1.585));
#13818 = CIRCLE('',#13819,4.500000000304E-02);
#13819 = AXIS2_PLACEMENT_3D('',#13820,#13821,#13822);
#13820 = CARTESIAN_POINT('',(30.100001522742,-7.572891,1.585));
#13821 = DIRECTION('',(0.,0.,-1.));
#13822 = DIRECTION('',(-1.161648965583E-05,0.999999999933,-0.));
#13823 = ORIENTED_EDGE('',*,*,#13824,.T.);
#13824 = EDGE_CURVE('',#13816,#13825,#13827,.T.);
#13825 = VERTEX_POINT('',#13826);
#13826 = CARTESIAN_POINT('',(29.973572,-7.617891,1.585));
#13827 = LINE('',#13828,#13829);
#13828 = CARTESIAN_POINT('',(30.100001,-7.617891,1.585));
#13829 = VECTOR('',#13830,1.);
#13830 = DIRECTION('',(-1.,0.,0.));
#13831 = ORIENTED_EDGE('',*,*,#13832,.T.);
#13832 = EDGE_CURVE('',#13825,#13833,#13835,.T.);
#13833 = VERTEX_POINT('',#13834);
#13834 = CARTESIAN_POINT('',(29.973572,-8.172891,1.585));
#13835 = LINE('',#13836,#13837);
#13836 = CARTESIAN_POINT('',(29.973572,-7.617891,1.585));
#13837 = VECTOR('',#13838,1.);
#13838 = DIRECTION('',(0.,-1.,0.));
#13839 = ORIENTED_EDGE('',*,*,#13840,.T.);
#13840 = EDGE_CURVE('',#13833,#13841,#13843,.T.);
#13841 = VERTEX_POINT('',#13842);
#13842 = CARTESIAN_POINT('',(29.883572,-8.172891,1.585));
#13843 = CIRCLE('',#13844,4.500000000304E-02);
#13844 = AXIS2_PLACEMENT_3D('',#13845,#13846,#13847);
#13845 = CARTESIAN_POINT('',(29.928572,-8.172891522742,1.585));
#13846 = DIRECTION('',(0.,0.,-1.));
#13847 = DIRECTION('',(0.999999999933,1.161648957688E-05,0.));
#13848 = ORIENTED_EDGE('',*,*,#13849,.T.);
#13849 = EDGE_CURVE('',#13841,#13850,#13852,.T.);
#13850 = VERTEX_POINT('',#13851);
#13851 = CARTESIAN_POINT('',(29.883572,-7.617891,1.585));
#13852 = LINE('',#13853,#13854);
#13853 = CARTESIAN_POINT('',(29.883572,-8.172891,1.585));
#13854 = VECTOR('',#13855,1.);
#13855 = DIRECTION('',(0.,1.,0.));
#13856 = ORIENTED_EDGE('',*,*,#13857,.T.);
#13857 = EDGE_CURVE('',#13850,#13797,#13858,.T.);
#13858 = LINE('',#13859,#13860);
#13859 = CARTESIAN_POINT('',(29.883572,-7.617891,1.585));
#13860 = VECTOR('',#13861,1.);
#13861 = DIRECTION('',(-1.,0.,0.));
#13862 = PLANE('',#13863);
#13863 = AXIS2_PLACEMENT_3D('',#13864,#13865,#13866);
#13864 = CARTESIAN_POINT('',(0.,0.,1.585));
#13865 = DIRECTION('',(0.,0.,1.));
#13866 = DIRECTION('',(1.,0.,-0.));
#13867 = SHELL_BASED_SURFACE_MODEL('',(#13868));
#13868 = OPEN_SHELL('',(#13869));
#13869 = ADVANCED_FACE('',(#13870),#14004,.T.);
#13870 = FACE_BOUND('',#13871,.F.);
#13871 = EDGE_LOOP('',(#13872,#13882,#13890,#13899,#13907,#13915,#13924,
    #13932,#13941,#13949,#13957,#13965,#13973,#13982,#13990,#13998));
#13872 = ORIENTED_EDGE('',*,*,#13873,.T.);
#13873 = EDGE_CURVE('',#13874,#13876,#13878,.T.);
#13874 = VERTEX_POINT('',#13875);
#13875 = CARTESIAN_POINT('',(4.891912,-6.801841,1.585));
#13876 = VERTEX_POINT('',#13877);
#13877 = CARTESIAN_POINT('',(4.930368,-6.78126,1.585));
#13878 = LINE('',#13879,#13880);
#13879 = CARTESIAN_POINT('',(4.891912,-6.801841,1.585));
#13880 = VECTOR('',#13881,1.);
#13881 = DIRECTION('',(0.881674852639,0.471857451169,0.));
#13882 = ORIENTED_EDGE('',*,*,#13883,.T.);
#13883 = EDGE_CURVE('',#13876,#13884,#13886,.T.);
#13884 = VERTEX_POINT('',#13885);
#13885 = CARTESIAN_POINT('',(4.952205,-6.78126,1.585));
#13886 = LINE('',#13887,#13888);
#13887 = CARTESIAN_POINT('',(4.930368,-6.78126,1.585));
#13888 = VECTOR('',#13889,1.);
#13889 = DIRECTION('',(1.,0.,0.));
#13890 = ORIENTED_EDGE('',*,*,#13891,.T.);
#13891 = EDGE_CURVE('',#13884,#13892,#13894,.T.);
#13892 = VERTEX_POINT('',#13893);
#13893 = CARTESIAN_POINT('',(5.02,-6.854819,1.585));
#13894 = CIRCLE('',#13895,7.216898094227E-02);
#13895 = AXIS2_PLACEMENT_3D('',#13896,#13897,#13898);
#13896 = CARTESIAN_POINT('',(4.947847063893,-6.853297283424,1.585));
#13897 = DIRECTION('',(0.,0.,-1.));
#13898 = DIRECTION('',(6.038516895255E-02,0.998175150648,0.));
#13899 = ORIENTED_EDGE('',*,*,#13900,.T.);
#13900 = EDGE_CURVE('',#13892,#13901,#13903,.T.);
#13901 = VERTEX_POINT('',#13902);
#13902 = CARTESIAN_POINT('',(5.02,-7.779819,1.585));
#13903 = LINE('',#13904,#13905);
#13904 = CARTESIAN_POINT('',(5.02,-6.854819,1.585));
#13905 = VECTOR('',#13906,1.);
#13906 = DIRECTION('',(0.,-1.,0.));
#13907 = ORIENTED_EDGE('',*,*,#13908,.T.);
#13908 = EDGE_CURVE('',#13901,#13909,#13911,.T.);
#13909 = VERTEX_POINT('',#13910);
#13910 = CARTESIAN_POINT('',(5.245346,-7.78126,1.585));
#13911 = LINE('',#13912,#13913);
#13912 = CARTESIAN_POINT('',(5.02,-7.779819,1.585));
#13913 = VECTOR('',#13914,1.);
#13914 = DIRECTION('',(0.999979555102,-6.394480216655E-03,0.));
#13915 = ORIENTED_EDGE('',*,*,#13916,.T.);
#13916 = EDGE_CURVE('',#13909,#13917,#13919,.T.);
#13917 = VERTEX_POINT('',#13918);
#13918 = CARTESIAN_POINT('',(5.230714,-7.929819,1.585));
#13919 = CIRCLE('',#13920,7.500006711464E-02);
#13920 = AXIS2_PLACEMENT_3D('',#13921,#13922,#13923);
#13921 = CARTESIAN_POINT('',(5.230714067115,-7.854818932885,1.585));
#13922 = DIRECTION('',(0.,0.,-1.));
#13923 = DIRECTION('',(0.195092263891,0.980784894138,0.));
#13924 = ORIENTED_EDGE('',*,*,#13925,.T.);
#13925 = EDGE_CURVE('',#13917,#13926,#13928,.T.);
#13926 = VERTEX_POINT('',#13927);
#13927 = CARTESIAN_POINT('',(4.644654,-7.928378,1.585));
#13928 = LINE('',#13929,#13930);
#13929 = CARTESIAN_POINT('',(5.230714,-7.929819,1.585));
#13930 = VECTOR('',#13931,1.);
#13931 = DIRECTION('',(-0.999996977183,2.458785182611E-03,0.));
#13932 = ORIENTED_EDGE('',*,*,#13933,.T.);
#13933 = EDGE_CURVE('',#13926,#13934,#13936,.T.);
#13934 = VERTEX_POINT('',#13935);
#13935 = CARTESIAN_POINT('',(4.659286,-7.779819,1.585));
#13936 = CIRCLE('',#13937,7.500006711464E-02);
#13937 = AXIS2_PLACEMENT_3D('',#13938,#13939,#13940);
#13938 = CARTESIAN_POINT('',(4.659285932885,-7.854819067115,1.585));
#13939 = DIRECTION('',(0.,0.,-1.));
#13940 = DIRECTION('',(-0.195092263891,-0.980784894138,-0.));
#13941 = ORIENTED_EDGE('',*,*,#13942,.T.);
#13942 = EDGE_CURVE('',#13934,#13943,#13945,.T.);
#13943 = VERTEX_POINT('',#13944);
#13944 = CARTESIAN_POINT('',(4.87,-7.779819,1.585));
#13945 = LINE('',#13946,#13947);
#13946 = CARTESIAN_POINT('',(4.659286,-7.779819,1.585));
#13947 = VECTOR('',#13948,1.);
#13948 = DIRECTION('',(1.,0.,0.));
#13949 = ORIENTED_EDGE('',*,*,#13950,.T.);
#13950 = EDGE_CURVE('',#13943,#13951,#13953,.T.);
#13951 = VERTEX_POINT('',#13952);
#13952 = CARTESIAN_POINT('',(4.87,-7.083504,1.585));
#13953 = LINE('',#13954,#13955);
#13954 = CARTESIAN_POINT('',(4.87,-7.779819,1.585));
#13955 = VECTOR('',#13956,1.);
#13956 = DIRECTION('',(0.,1.,0.));
#13957 = ORIENTED_EDGE('',*,*,#13958,.T.);
#13958 = EDGE_CURVE('',#13951,#13959,#13961,.T.);
#13959 = VERTEX_POINT('',#13960);
#13960 = CARTESIAN_POINT('',(4.794364,-7.156031,1.585));
#13961 = LINE('',#13962,#13963);
#13962 = CARTESIAN_POINT('',(4.87,-7.083504,1.585));
#13963 = VECTOR('',#13964,1.);
#13964 = DIRECTION('',(-0.721785571396,-0.692116745156,0.));
#13965 = ORIENTED_EDGE('',*,*,#13966,.T.);
#13966 = EDGE_CURVE('',#13959,#13967,#13969,.T.);
#13967 = VERTEX_POINT('',#13968);
#13968 = CARTESIAN_POINT('',(4.679095,-7.21287,1.585));
#13969 = LINE('',#13970,#13971);
#13970 = CARTESIAN_POINT('',(4.794364,-7.156031,1.585));
#13971 = VECTOR('',#13972,1.);
#13972 = DIRECTION('',(-0.896889346494,-0.442255017094,0.));
#13973 = ORIENTED_EDGE('',*,*,#13974,.T.);
#13974 = EDGE_CURVE('',#13967,#13975,#13977,.T.);
#13975 = VERTEX_POINT('',#13976);
#13976 = CARTESIAN_POINT('',(4.625745,-7.073451,1.585));
#13977 = CIRCLE('',#13978,7.500005272362E-02);
#13978 = AXIS2_PLACEMENT_3D('',#13979,#13980,#13981);
#13979 = CARTESIAN_POINT('',(4.65928555676,-7.140533329721,1.585));
#13980 = DIRECTION('',(0.,0.,-1.));
#13981 = DIRECTION('',(0.264125724196,-0.964488259036,0.));
#13982 = ORIENTED_EDGE('',*,*,#13983,.T.);
#13983 = EDGE_CURVE('',#13975,#13984,#13986,.T.);
#13984 = VERTEX_POINT('',#13985);
#13985 = CARTESIAN_POINT('',(4.710097,-7.031275,1.585));
#13986 = LINE('',#13987,#13988);
#13987 = CARTESIAN_POINT('',(4.625745,-7.073451,1.585));
#13988 = VECTOR('',#13989,1.);
#13989 = DIRECTION('',(0.894427191,0.4472135955,0.));
#13990 = ORIENTED_EDGE('',*,*,#13991,.T.);
#13991 = EDGE_CURVE('',#13984,#13992,#13994,.T.);
#13992 = VERTEX_POINT('',#13993);
#13993 = CARTESIAN_POINT('',(4.791476,-6.949896,1.585));
#13994 = LINE('',#13995,#13996);
#13995 = CARTESIAN_POINT('',(4.710097,-7.031275,1.585));
#13996 = VECTOR('',#13997,1.);
#13997 = DIRECTION('',(0.707106781187,0.707106781187,0.));
#13998 = ORIENTED_EDGE('',*,*,#13999,.T.);
#13999 = EDGE_CURVE('',#13992,#13874,#14000,.T.);
#14000 = LINE('',#14001,#14002);
#14001 = CARTESIAN_POINT('',(4.791476,-6.949896,1.585));
#14002 = VECTOR('',#14003,1.);
#14003 = DIRECTION('',(0.561387006404,0.82755339951,0.));
#14004 = PLANE('',#14005);
#14005 = AXIS2_PLACEMENT_3D('',#14006,#14007,#14008);
#14006 = CARTESIAN_POINT('',(0.,0.,1.585));
#14007 = DIRECTION('',(0.,0.,1.));
#14008 = DIRECTION('',(1.,0.,-0.));
#14009 = SHELL_BASED_SURFACE_MODEL('',(#14010));
#14010 = OPEN_SHELL('',(#14011));
#14011 = ADVANCED_FACE('',(#14012),#14197,.T.);
#14012 = FACE_BOUND('',#14013,.F.);
#14013 = EDGE_LOOP('',(#14014,#14025,#14033,#14042,#14050,#14059,#14067,
    #14076,#14084,#14092,#14100,#14109,#14117,#14126,#14134,#14143,
    #14151,#14159,#14167,#14175,#14183,#14191));
#14014 = ORIENTED_EDGE('',*,*,#14015,.T.);
#14015 = EDGE_CURVE('',#14016,#14018,#14020,.T.);
#14016 = VERTEX_POINT('',#14017);
#14017 = CARTESIAN_POINT('',(3.812619,-6.837281,1.585));
#14018 = VERTEX_POINT('',#14019);
#14019 = CARTESIAN_POINT('',(4.272382,-6.840078,1.585));
#14020 = CIRCLE('',#14021,0.460785175821);
#14021 = AXIS2_PLACEMENT_3D('',#14022,#14023,#14024);
#14022 = CARTESIAN_POINT('',(4.040071108972,-7.238015970249,1.585));
#14023 = DIRECTION('',(0.,0.,-1.));
#14024 = DIRECTION('',(-0.493618547009,0.869678521092,0.));
#14025 = ORIENTED_EDGE('',*,*,#14026,.T.);
#14026 = EDGE_CURVE('',#14018,#14027,#14029,.T.);
#14027 = VERTEX_POINT('',#14028);
#14028 = CARTESIAN_POINT('',(4.340693,-6.908389,1.585));
#14029 = LINE('',#14030,#14031);
#14030 = CARTESIAN_POINT('',(4.272382,-6.840078,1.585));
#14031 = VECTOR('',#14032,1.);
#14032 = DIRECTION('',(0.707106781187,-0.707106781187,0.));
#14033 = ORIENTED_EDGE('',*,*,#14034,.T.);
#14034 = EDGE_CURVE('',#14027,#14035,#14037,.T.);
#14035 = VERTEX_POINT('',#14036);
#14036 = CARTESIAN_POINT('',(4.2253,-7.00309,1.585));
#14037 = CIRCLE('',#14038,7.500003178656E-02);
#14038 = AXIS2_PLACEMENT_3D('',#14039,#14040,#14041);
#14039 = CARTESIAN_POINT('',(4.278332562127,-6.9500565,1.585));
#14040 = DIRECTION('',(0.,0.,-1.));
#14041 = DIRECTION('',(0.831472152581,0.555566431206,0.));
#14042 = ORIENTED_EDGE('',*,*,#14043,.T.);
#14043 = EDGE_CURVE('',#14035,#14044,#14046,.T.);
#14044 = VERTEX_POINT('',#14045);
#14045 = CARTESIAN_POINT('',(4.1902,-6.96799,1.585));
#14046 = LINE('',#14047,#14048);
#14047 = CARTESIAN_POINT('',(4.2253,-7.00309,1.585));
#14048 = VECTOR('',#14049,1.);
#14049 = DIRECTION('',(-0.707106781187,0.707106781187,0.));
#14050 = ORIENTED_EDGE('',*,*,#14051,.T.);
#14051 = EDGE_CURVE('',#14044,#14052,#14054,.T.);
#14052 = VERTEX_POINT('',#14053);
#14053 = CARTESIAN_POINT('',(3.890276,-6.96799,1.585));
#14054 = CIRCLE('',#14055,0.299308637371);
#14055 = AXIS2_PLACEMENT_3D('',#14056,#14057,#14058);
#14056 = CARTESIAN_POINT('',(4.040238,-7.227021,1.585));
#14057 = DIRECTION('',(0.,0.,1.));
#14058 = DIRECTION('',(0.501027973389,0.865431089043,-0.));
#14059 = ORIENTED_EDGE('',*,*,#14060,.T.);
#14060 = EDGE_CURVE('',#14052,#14061,#14063,.T.);
#14061 = VERTEX_POINT('',#14062);
#14062 = CARTESIAN_POINT('',(3.816163,-7.042103,1.585));
#14063 = LINE('',#14064,#14065);
#14064 = CARTESIAN_POINT('',(3.890276,-6.96799,1.585));
#14065 = VECTOR('',#14066,1.);
#14066 = DIRECTION('',(-0.707106781187,-0.707106781187,0.));
#14067 = ORIENTED_EDGE('',*,*,#14068,.T.);
#14068 = EDGE_CURVE('',#14061,#14069,#14071,.T.);
#14069 = VERTEX_POINT('',#14070);
#14070 = CARTESIAN_POINT('',(3.734286,-7.417013,1.585));
#14071 = CIRCLE('',#14072,0.611712714363);
#14072 = AXIS2_PLACEMENT_3D('',#14073,#14074,#14075);
#14073 = CARTESIAN_POINT('',(4.342691275217,-7.353487682202,1.585));
#14074 = DIRECTION('',(0.,0.,1.));
#14075 = DIRECTION('',(-0.860744370444,0.509037453188,0.));
#14076 = ORIENTED_EDGE('',*,*,#14077,.T.);
#14077 = EDGE_CURVE('',#14069,#14078,#14080,.T.);
#14078 = VERTEX_POINT('',#14079);
#14079 = CARTESIAN_POINT('',(3.777669,-7.590547,1.585));
#14080 = LINE('',#14081,#14082);
#14081 = CARTESIAN_POINT('',(3.734286,-7.417013,1.585));
#14082 = VECTOR('',#14083,1.);
#14083 = DIRECTION('',(0.242532994208,-0.970143157849,0.));
#14084 = ORIENTED_EDGE('',*,*,#14085,.T.);
#14085 = EDGE_CURVE('',#14078,#14086,#14088,.T.);
#14086 = VERTEX_POINT('',#14087);
#14087 = CARTESIAN_POINT('',(3.816163,-7.667534,1.585));
#14088 = LINE('',#14089,#14090);
#14089 = CARTESIAN_POINT('',(3.777669,-7.590547,1.585));
#14090 = VECTOR('',#14091,1.);
#14091 = DIRECTION('',(0.447218242641,-0.894424867414,0.));
#14092 = ORIENTED_EDGE('',*,*,#14093,.T.);
#14093 = EDGE_CURVE('',#14086,#14094,#14096,.T.);
#14094 = VERTEX_POINT('',#14095);
#14095 = CARTESIAN_POINT('',(3.890276,-7.741648,1.585));
#14096 = LINE('',#14097,#14098);
#14097 = CARTESIAN_POINT('',(3.816163,-7.667534,1.585));
#14098 = VECTOR('',#14099,1.);
#14099 = DIRECTION('',(0.707102010739,-0.707111551602,0.));
#14100 = ORIENTED_EDGE('',*,*,#14101,.T.);
#14101 = EDGE_CURVE('',#14094,#14102,#14104,.T.);
#14102 = VERTEX_POINT('',#14103);
#14103 = CARTESIAN_POINT('',(4.1902,-7.741647,1.585));
#14104 = CIRCLE('',#14105,0.299305962385);
#14105 = AXIS2_PLACEMENT_3D('',#14106,#14107,#14108);
#14106 = CARTESIAN_POINT('',(4.040237136355,-7.482619590935,1.585));
#14107 = DIRECTION('',(0.,0.,1.));
#14108 = DIRECTION('',(-0.501029565732,-0.865430167178,0.));
#14109 = ORIENTED_EDGE('',*,*,#14110,.T.);
#14110 = EDGE_CURVE('',#14102,#14111,#14113,.T.);
#14111 = VERTEX_POINT('',#14112);
#14112 = CARTESIAN_POINT('',(4.236665,-7.69722,1.585));
#14113 = LINE('',#14114,#14115);
#14114 = CARTESIAN_POINT('',(4.1902,-7.741647,1.585));
#14115 = VECTOR('',#14116,1.);
#14116 = DIRECTION('',(0.722780013658,0.691078180712,0.));
#14117 = ORIENTED_EDGE('',*,*,#14118,.T.);
#14118 = EDGE_CURVE('',#14111,#14119,#14121,.T.);
#14119 = VERTEX_POINT('',#14120);
#14120 = CARTESIAN_POINT('',(4.331366,-7.812613,1.585));
#14121 = CIRCLE('',#14122,7.499993690111E-02);
#14122 = AXIS2_PLACEMENT_3D('',#14123,#14124,#14125);
#14123 = CARTESIAN_POINT('',(4.278333248309,-7.759579823749,1.585));
#14124 = DIRECTION('',(0.,0.,-1.));
#14125 = DIRECTION('',(-0.555577111536,0.831465016184,0.));
#14126 = ORIENTED_EDGE('',*,*,#14127,.T.);
#14127 = EDGE_CURVE('',#14119,#14128,#14130,.T.);
#14128 = VERTEX_POINT('',#14129);
#14129 = CARTESIAN_POINT('',(4.267856,-7.872357,1.585));
#14130 = LINE('',#14131,#14132);
#14131 = CARTESIAN_POINT('',(4.331366,-7.812613,1.585));
#14132 = VECTOR('',#14133,1.);
#14133 = DIRECTION('',(-0.728372356766,-0.685181516023,0.));
#14134 = ORIENTED_EDGE('',*,*,#14135,.T.);
#14135 = EDGE_CURVE('',#14128,#14136,#14138,.T.);
#14136 = VERTEX_POINT('',#14137);
#14137 = CARTESIAN_POINT('',(3.808094,-7.869561,1.585));
#14138 = CIRCLE('',#14139,0.461067828848);
#14139 = AXIS2_PLACEMENT_3D('',#14140,#14141,#14142);
#14140 = CARTESIAN_POINT('',(4.040405512688,-7.471296133522,1.585));
#14141 = DIRECTION('',(-0.,0.,-1.));
#14142 = DIRECTION('',(0.493312421905,-0.869852202615,-0.));
#14143 = ORIENTED_EDGE('',*,*,#14144,.T.);
#14144 = EDGE_CURVE('',#14136,#14145,#14147,.T.);
#14145 = VERTEX_POINT('',#14146);
#14146 = CARTESIAN_POINT('',(3.691405,-7.751798,1.585));
#14147 = LINE('',#14148,#14149);
#14148 = CARTESIAN_POINT('',(3.808094,-7.869561,1.585));
#14149 = VECTOR('',#14150,1.);
#14150 = DIRECTION('',(-0.703860214178,0.710338510076,0.));
#14151 = ORIENTED_EDGE('',*,*,#14152,.T.);
#14152 = EDGE_CURVE('',#14145,#14153,#14155,.T.);
#14153 = VERTEX_POINT('',#14154);
#14154 = CARTESIAN_POINT('',(3.634144,-7.634913,1.585));
#14155 = LINE('',#14156,#14157);
#14156 = CARTESIAN_POINT('',(3.691405,-7.751798,1.585));
#14157 = VECTOR('',#14158,1.);
#14158 = DIRECTION('',(-0.439936873317,0.89802870082,0.));
#14159 = ORIENTED_EDGE('',*,*,#14160,.T.);
#14160 = EDGE_CURVE('',#14153,#14161,#14163,.T.);
#14161 = VERTEX_POINT('',#14162);
#14162 = CARTESIAN_POINT('',(3.584286,-7.426247,1.585));
#14163 = LINE('',#14164,#14165);
#14164 = CARTESIAN_POINT('',(3.634144,-7.634913,1.585));
#14165 = VECTOR('',#14166,1.);
#14166 = DIRECTION('',(-0.232395123349,0.972621461126,0.));
#14167 = ORIENTED_EDGE('',*,*,#14168,.T.);
#14168 = EDGE_CURVE('',#14161,#14169,#14171,.T.);
#14169 = VERTEX_POINT('',#14170);
#14170 = CARTESIAN_POINT('',(3.586525,-7.2652,1.585));
#14171 = LINE('',#14172,#14173);
#14172 = CARTESIAN_POINT('',(3.584286,-7.426247,1.585));
#14173 = VECTOR('',#14174,1.);
#14174 = DIRECTION('',(1.390143030566E-02,0.999903370449,0.));
#14175 = ORIENTED_EDGE('',*,*,#14176,.T.);
#14176 = EDGE_CURVE('',#14169,#14177,#14179,.T.);
#14177 = VERTEX_POINT('',#14178);
#14178 = CARTESIAN_POINT('',(3.639823,-7.059373,1.585));
#14179 = LINE('',#14180,#14181);
#14180 = CARTESIAN_POINT('',(3.586525,-7.2652,1.585));
#14181 = VECTOR('',#14182,1.);
#14182 = DIRECTION('',(0.250677645339,0.968070616292,0.));
#14183 = ORIENTED_EDGE('',*,*,#14184,.T.);
#14184 = EDGE_CURVE('',#14177,#14185,#14187,.T.);
#14185 = VERTEX_POINT('',#14186);
#14186 = CARTESIAN_POINT('',(3.696772,-6.950392,1.585));
#14187 = LINE('',#14188,#14189);
#14188 = CARTESIAN_POINT('',(3.639823,-7.059373,1.585));
#14189 = VECTOR('',#14190,1.);
#14190 = DIRECTION('',(0.463137057879,0.886286672369,0.));
#14191 = ORIENTED_EDGE('',*,*,#14192,.T.);
#14192 = EDGE_CURVE('',#14185,#14016,#14193,.T.);
#14193 = LINE('',#14194,#14195);
#14194 = CARTESIAN_POINT('',(3.696772,-6.950392,1.585));
#14195 = VECTOR('',#14196,1.);
#14196 = DIRECTION('',(0.715505474306,0.698607125814,0.));
#14197 = PLANE('',#14198);
#14198 = AXIS2_PLACEMENT_3D('',#14199,#14200,#14201);
#14199 = CARTESIAN_POINT('',(0.,0.,1.585));
#14200 = DIRECTION('',(0.,0.,1.));
#14201 = DIRECTION('',(1.,0.,-0.));
#14202 = SHELL_BASED_SURFACE_MODEL('',(#14203));
#14203 = OPEN_SHELL('',(#14204));
#14204 = ADVANCED_FACE('',(#14205),#14288,.T.);
#14205 = FACE_BOUND('',#14206,.F.);
#14206 = EDGE_LOOP('',(#14207,#14218,#14226,#14234,#14242,#14250,#14258,
    #14266,#14274,#14282));
#14207 = ORIENTED_EDGE('',*,*,#14208,.T.);
#14208 = EDGE_CURVE('',#14209,#14211,#14213,.T.);
#14209 = VERTEX_POINT('',#14210);
#14210 = CARTESIAN_POINT('',(25.696752,-7.769642,1.585));
#14211 = VERTEX_POINT('',#14212);
#14212 = CARTESIAN_POINT('',(25.760392,-7.769643,1.585));
#14213 = CIRCLE('',#14214,4.499622022068E-02);
#14214 = AXIS2_PLACEMENT_3D('',#14215,#14216,#14217);
#14215 = CARTESIAN_POINT('',(25.72857150009,-7.801456764625,1.585));
#14216 = DIRECTION('',(0.,0.,-1.));
#14217 = DIRECTION('',(-0.707159399924,0.707054158533,0.));
#14218 = ORIENTED_EDGE('',*,*,#14219,.T.);
#14219 = EDGE_CURVE('',#14211,#14220,#14222,.T.);
#14220 = VERTEX_POINT('',#14221);
#14221 = CARTESIAN_POINT('',(25.798718,-7.812813,1.585));
#14222 = LINE('',#14223,#14224);
#14223 = CARTESIAN_POINT('',(25.760392,-7.769643,1.585));
#14224 = VECTOR('',#14225,1.);
#14225 = DIRECTION('',(0.663905680837,-0.747816318993,0.));
#14226 = ORIENTED_EDGE('',*,*,#14227,.T.);
#14227 = EDGE_CURVE('',#14220,#14228,#14230,.T.);
#14228 = VERTEX_POINT('',#14229);
#14229 = CARTESIAN_POINT('',(25.798718,-7.847255,1.585));
#14230 = LINE('',#14231,#14232);
#14231 = CARTESIAN_POINT('',(25.798718,-7.812813,1.585));
#14232 = VECTOR('',#14233,1.);
#14233 = DIRECTION('',(0.,-1.,0.));
#14234 = ORIENTED_EDGE('',*,*,#14235,.T.);
#14235 = EDGE_CURVE('',#14228,#14236,#14238,.T.);
#14236 = VERTEX_POINT('',#14237);
#14237 = CARTESIAN_POINT('',(25.760392,-7.890425,1.585));
#14238 = LINE('',#14239,#14240);
#14239 = CARTESIAN_POINT('',(25.798718,-7.847255,1.585));
#14240 = VECTOR('',#14241,1.);
#14241 = DIRECTION('',(-0.663905680837,-0.747816318993,0.));
#14242 = ORIENTED_EDGE('',*,*,#14243,.T.);
#14243 = EDGE_CURVE('',#14236,#14244,#14246,.T.);
#14244 = VERTEX_POINT('',#14245);
#14245 = CARTESIAN_POINT('',(25.745793,-7.90018,1.585));
#14246 = LINE('',#14247,#14248);
#14247 = CARTESIAN_POINT('',(25.760392,-7.890425,1.585));
#14248 = VECTOR('',#14249,1.);
#14249 = DIRECTION('',(-0.831462770178,-0.555580472846,0.));
#14250 = ORIENTED_EDGE('',*,*,#14251,.T.);
#14251 = EDGE_CURVE('',#14244,#14252,#14254,.T.);
#14252 = VERTEX_POINT('',#14253);
#14253 = CARTESIAN_POINT('',(25.711348,-7.900177,1.585));
#14254 = LINE('',#14255,#14256);
#14255 = CARTESIAN_POINT('',(25.745793,-7.90018,1.585));
#14256 = VECTOR('',#14257,1.);
#14257 = DIRECTION('',(-0.999999996207,8.709536908558E-05,0.));
#14258 = ORIENTED_EDGE('',*,*,#14259,.T.);
#14259 = EDGE_CURVE('',#14252,#14260,#14262,.T.);
#14260 = VERTEX_POINT('',#14261);
#14261 = CARTESIAN_POINT('',(25.668181,-7.861854,1.585));
#14262 = LINE('',#14263,#14264);
#14263 = CARTESIAN_POINT('',(25.711348,-7.900177,1.585));
#14264 = VECTOR('',#14265,1.);
#14265 = DIRECTION('',(-0.747819214258,0.663902419627,0.));
#14266 = ORIENTED_EDGE('',*,*,#14267,.T.);
#14267 = EDGE_CURVE('',#14260,#14268,#14270,.T.);
#14268 = VERTEX_POINT('',#14269);
#14269 = CARTESIAN_POINT('',(25.658425,-7.847256,1.585));
#14270 = LINE('',#14271,#14272);
#14271 = CARTESIAN_POINT('',(25.668181,-7.861854,1.585));
#14272 = VECTOR('',#14273,1.);
#14273 = DIRECTION('',(-0.555646155073,0.831418877794,0.));
#14274 = ORIENTED_EDGE('',*,*,#14275,.T.);
#14275 = EDGE_CURVE('',#14268,#14276,#14278,.T.);
#14276 = VERTEX_POINT('',#14277);
#14277 = CARTESIAN_POINT('',(25.658425,-7.812813,1.585));
#14278 = LINE('',#14279,#14280);
#14279 = CARTESIAN_POINT('',(25.658425,-7.847256,1.585));
#14280 = VECTOR('',#14281,1.);
#14281 = DIRECTION('',(0.,1.,0.));
#14282 = ORIENTED_EDGE('',*,*,#14283,.T.);
#14283 = EDGE_CURVE('',#14276,#14209,#14284,.T.);
#14284 = LINE('',#14285,#14286);
#14285 = CARTESIAN_POINT('',(25.658425,-7.812813,1.585));
#14286 = VECTOR('',#14287,1.);
#14287 = DIRECTION('',(0.663906767798,0.747815353996,0.));
#14288 = PLANE('',#14289);
#14289 = AXIS2_PLACEMENT_3D('',#14290,#14291,#14292);
#14290 = CARTESIAN_POINT('',(0.,0.,1.585));
#14291 = DIRECTION('',(0.,0.,1.));
#14292 = DIRECTION('',(1.,0.,-0.));
#14293 = SHELL_BASED_SURFACE_MODEL('',(#14294));
#14294 = OPEN_SHELL('',(#14295));
#14295 = ADVANCED_FACE('',(#14296),#14339,.T.);
#14296 = FACE_BOUND('',#14297,.F.);
#14297 = EDGE_LOOP('',(#14298,#14309,#14317,#14325,#14333));
#14298 = ORIENTED_EDGE('',*,*,#14299,.T.);
#14299 = EDGE_CURVE('',#14300,#14302,#14304,.T.);
#14300 = VERTEX_POINT('',#14301);
#14301 = CARTESIAN_POINT('',(27.500001,-7.617891,1.585));
#14302 = VERTEX_POINT('',#14303);
#14303 = CARTESIAN_POINT('',(27.500001,-7.527891,1.585));
#14304 = CIRCLE('',#14305,4.500000000304E-02);
#14305 = AXIS2_PLACEMENT_3D('',#14306,#14307,#14308);
#14306 = CARTESIAN_POINT('',(27.500000477258,-7.572891,1.585));
#14307 = DIRECTION('',(0.,0.,-1.));
#14308 = DIRECTION('',(1.161648965583E-05,-0.999999999933,0.));
#14309 = ORIENTED_EDGE('',*,*,#14310,.T.);
#14310 = EDGE_CURVE('',#14302,#14311,#14313,.T.);
#14311 = VERTEX_POINT('',#14312);
#14312 = CARTESIAN_POINT('',(27.76512,-7.529614,1.585));
#14313 = LINE('',#14314,#14315);
#14314 = CARTESIAN_POINT('',(27.500001,-7.527891,1.585));
#14315 = VECTOR('',#14316,1.);
#14316 = DIRECTION('',(0.999978882374,-6.498831144993E-03,0.));
#14317 = ORIENTED_EDGE('',*,*,#14318,.T.);
#14318 = EDGE_CURVE('',#14311,#14319,#14321,.T.);
#14319 = VERTEX_POINT('',#14320);
#14320 = CARTESIAN_POINT('',(27.743843,-7.580982,1.585));
#14321 = LINE('',#14322,#14323);
#14322 = CARTESIAN_POINT('',(27.76512,-7.529614,1.585));
#14323 = VECTOR('',#14324,1.);
#14324 = DIRECTION('',(-0.382678484961,-0.923881581778,0.));
#14325 = ORIENTED_EDGE('',*,*,#14326,.T.);
#14326 = EDGE_CURVE('',#14319,#14327,#14329,.T.);
#14327 = VERTEX_POINT('',#14328);
#14328 = CARTESIAN_POINT('',(27.743843,-7.617891,1.585));
#14329 = LINE('',#14330,#14331);
#14330 = CARTESIAN_POINT('',(27.743843,-7.580982,1.585));
#14331 = VECTOR('',#14332,1.);
#14332 = DIRECTION('',(0.,-1.,0.));
#14333 = ORIENTED_EDGE('',*,*,#14334,.T.);
#14334 = EDGE_CURVE('',#14327,#14300,#14335,.T.);
#14335 = LINE('',#14336,#14337);
#14336 = CARTESIAN_POINT('',(27.743843,-7.617891,1.585));
#14337 = VECTOR('',#14338,1.);
#14338 = DIRECTION('',(-1.,0.,0.));
#14339 = PLANE('',#14340);
#14340 = AXIS2_PLACEMENT_3D('',#14341,#14342,#14343);
#14341 = CARTESIAN_POINT('',(0.,0.,1.585));
#14342 = DIRECTION('',(0.,0.,1.));
#14343 = DIRECTION('',(1.,0.,-0.));
#14344 = SHELL_BASED_SURFACE_MODEL('',(#14345));
#14345 = OPEN_SHELL('',(#14346));
#14346 = ADVANCED_FACE('',(#14347,#14417,#14501,#14685,#14719,#14753),
  #14787,.T.);
#14347 = FACE_BOUND('',#14348,.F.);
#14348 = EDGE_LOOP('',(#14349,#14360,#14368,#14377,#14385,#14394,#14402,
    #14411));
#14349 = ORIENTED_EDGE('',*,*,#14350,.T.);
#14350 = EDGE_CURVE('',#14351,#14353,#14355,.T.);
#14351 = VERTEX_POINT('',#14352);
#14352 = CARTESIAN_POINT('',(23.415,-1.35,1.585));
#14353 = VERTEX_POINT('',#14354);
#14354 = CARTESIAN_POINT('',(23.475,-1.29,1.585));
#14355 = CIRCLE('',#14356,5.99993201626E-02);
#14356 = AXIS2_PLACEMENT_3D('',#14357,#14358,#14359);
#14357 = CARTESIAN_POINT('',(23.474999320159,-1.349999320159,1.585));
#14358 = DIRECTION('',(0.,0.,-1.));
#14359 = DIRECTION('',(-0.999999999936,-1.133081585127E-05,-0.));
#14360 = ORIENTED_EDGE('',*,*,#14361,.T.);
#14361 = EDGE_CURVE('',#14353,#14362,#14364,.T.);
#14362 = VERTEX_POINT('',#14363);
#14363 = CARTESIAN_POINT('',(33.595,-1.29,1.585));
#14364 = LINE('',#14365,#14366);
#14365 = CARTESIAN_POINT('',(23.475,-1.29,1.585));
#14366 = VECTOR('',#14367,1.);
#14367 = DIRECTION('',(1.,0.,0.));
#14368 = ORIENTED_EDGE('',*,*,#14369,.T.);
#14369 = EDGE_CURVE('',#14362,#14370,#14372,.T.);
#14370 = VERTEX_POINT('',#14371);
#14371 = CARTESIAN_POINT('',(33.655,-1.35,1.585));
#14372 = CIRCLE('',#14373,5.99993201626E-02);
#14373 = AXIS2_PLACEMENT_3D('',#14374,#14375,#14376);
#14374 = CARTESIAN_POINT('',(33.595000679841,-1.349999320159,1.585));
#14375 = DIRECTION('',(0.,0.,-1.));
#14376 = DIRECTION('',(-1.1330816003E-05,0.999999999936,0.));
#14377 = ORIENTED_EDGE('',*,*,#14378,.T.);
#14378 = EDGE_CURVE('',#14370,#14379,#14381,.T.);
#14379 = VERTEX_POINT('',#14380);
#14380 = CARTESIAN_POINT('',(33.655,-7.32,1.585));
#14381 = LINE('',#14382,#14383);
#14382 = CARTESIAN_POINT('',(33.655,-1.35,1.585));
#14383 = VECTOR('',#14384,1.);
#14384 = DIRECTION('',(0.,-1.,0.));
#14385 = ORIENTED_EDGE('',*,*,#14386,.T.);
#14386 = EDGE_CURVE('',#14379,#14387,#14389,.T.);
#14387 = VERTEX_POINT('',#14388);
#14388 = CARTESIAN_POINT('',(33.595,-7.38,1.585));
#14389 = CIRCLE('',#14390,5.999932016261E-02);
#14390 = AXIS2_PLACEMENT_3D('',#14391,#14392,#14393);
#14391 = CARTESIAN_POINT('',(33.595000679841,-7.320000679841,1.585));
#14392 = DIRECTION('',(0.,0.,-1.));
#14393 = DIRECTION('',(0.999999999936,1.133081584016E-05,0.));
#14394 = ORIENTED_EDGE('',*,*,#14395,.T.);
#14395 = EDGE_CURVE('',#14387,#14396,#14398,.T.);
#14396 = VERTEX_POINT('',#14397);
#14397 = CARTESIAN_POINT('',(23.475,-7.38,1.585));
#14398 = LINE('',#14399,#14400);
#14399 = CARTESIAN_POINT('',(33.595,-7.38,1.585));
#14400 = VECTOR('',#14401,1.);
#14401 = DIRECTION('',(-1.,0.,0.));
#14402 = ORIENTED_EDGE('',*,*,#14403,.T.);
#14403 = EDGE_CURVE('',#14396,#14404,#14406,.T.);
#14404 = VERTEX_POINT('',#14405);
#14405 = CARTESIAN_POINT('',(23.415,-7.32,1.585));
#14406 = CIRCLE('',#14407,5.99993201626E-02);
#14407 = AXIS2_PLACEMENT_3D('',#14408,#14409,#14410);
#14408 = CARTESIAN_POINT('',(23.474999320159,-7.320000679841,1.585));
#14409 = DIRECTION('',(0.,0.,-1.));
#14410 = DIRECTION('',(1.1330816003E-05,-0.999999999936,0.));
#14411 = ORIENTED_EDGE('',*,*,#14412,.T.);
#14412 = EDGE_CURVE('',#14404,#14351,#14413,.T.);
#14413 = LINE('',#14414,#14415);
#14414 = CARTESIAN_POINT('',(23.415,-7.32,1.585));
#14415 = VECTOR('',#14416,1.);
#14416 = DIRECTION('',(0.,1.,0.));
#14417 = FACE_BOUND('',#14418,.F.);
#14418 = EDGE_LOOP('',(#14419,#14430,#14438,#14446,#14454,#14462,#14470,
    #14478,#14486,#14495));
#14419 = ORIENTED_EDGE('',*,*,#14420,.T.);
#14420 = EDGE_CURVE('',#14421,#14423,#14425,.T.);
#14421 = VERTEX_POINT('',#14422);
#14422 = CARTESIAN_POINT('',(24.235,-6.62,1.585));
#14423 = VERTEX_POINT('',#14424);
#14424 = CARTESIAN_POINT('',(24.175,-6.56,1.585));
#14425 = CIRCLE('',#14426,5.99993201626E-02);
#14426 = AXIS2_PLACEMENT_3D('',#14427,#14428,#14429);
#14427 = CARTESIAN_POINT('',(24.234999320159,-6.560000679841,1.585));
#14428 = DIRECTION('',(0.,0.,-1.));
#14429 = DIRECTION('',(1.133081588457E-05,-0.999999999936,0.));
#14430 = ORIENTED_EDGE('',*,*,#14431,.T.);
#14431 = EDGE_CURVE('',#14423,#14432,#14434,.T.);
#14432 = VERTEX_POINT('',#14433);
#14433 = CARTESIAN_POINT('',(24.175,-3.67,1.585));
#14434 = LINE('',#14435,#14436);
#14435 = CARTESIAN_POINT('',(24.175,-6.56,1.585));
#14436 = VECTOR('',#14437,1.);
#14437 = DIRECTION('',(0.,1.,0.));
#14438 = ORIENTED_EDGE('',*,*,#14439,.T.);
#14439 = EDGE_CURVE('',#14432,#14440,#14442,.T.);
#14440 = VERTEX_POINT('',#14441);
#14441 = CARTESIAN_POINT('',(23.535,-3.67,1.585));
#14442 = LINE('',#14443,#14444);
#14443 = CARTESIAN_POINT('',(24.175,-3.67,1.585));
#14444 = VECTOR('',#14445,1.);
#14445 = DIRECTION('',(-1.,0.,0.));
#14446 = ORIENTED_EDGE('',*,*,#14447,.T.);
#14447 = EDGE_CURVE('',#14440,#14448,#14450,.T.);
#14448 = VERTEX_POINT('',#14449);
#14449 = CARTESIAN_POINT('',(23.535,-7.26,1.585));
#14450 = LINE('',#14451,#14452);
#14451 = CARTESIAN_POINT('',(23.535,-3.67,1.585));
#14452 = VECTOR('',#14453,1.);
#14453 = DIRECTION('',(0.,-1.,0.));
#14454 = ORIENTED_EDGE('',*,*,#14455,.T.);
#14455 = EDGE_CURVE('',#14448,#14456,#14458,.T.);
#14456 = VERTEX_POINT('',#14457);
#14457 = CARTESIAN_POINT('',(33.535,-7.26,1.585));
#14458 = LINE('',#14459,#14460);
#14459 = CARTESIAN_POINT('',(23.535,-7.26,1.585));
#14460 = VECTOR('',#14461,1.);
#14461 = DIRECTION('',(1.,0.,0.));
#14462 = ORIENTED_EDGE('',*,*,#14463,.T.);
#14463 = EDGE_CURVE('',#14456,#14464,#14466,.T.);
#14464 = VERTEX_POINT('',#14465);
#14465 = CARTESIAN_POINT('',(33.535,-3.67,1.585));
#14466 = LINE('',#14467,#14468);
#14467 = CARTESIAN_POINT('',(33.535,-7.26,1.585));
#14468 = VECTOR('',#14469,1.);
#14469 = DIRECTION('',(0.,1.,0.));
#14470 = ORIENTED_EDGE('',*,*,#14471,.T.);
#14471 = EDGE_CURVE('',#14464,#14472,#14474,.T.);
#14472 = VERTEX_POINT('',#14473);
#14473 = CARTESIAN_POINT('',(32.895,-3.67,1.585));
#14474 = LINE('',#14475,#14476);
#14475 = CARTESIAN_POINT('',(33.535,-3.67,1.585));
#14476 = VECTOR('',#14477,1.);
#14477 = DIRECTION('',(-1.,0.,0.));
#14478 = ORIENTED_EDGE('',*,*,#14479,.T.);
#14479 = EDGE_CURVE('',#14472,#14480,#14482,.T.);
#14480 = VERTEX_POINT('',#14481);
#14481 = CARTESIAN_POINT('',(32.895,-6.56,1.585));
#14482 = LINE('',#14483,#14484);
#14483 = CARTESIAN_POINT('',(32.895,-3.67,1.585));
#14484 = VECTOR('',#14485,1.);
#14485 = DIRECTION('',(0.,-1.,0.));
#14486 = ORIENTED_EDGE('',*,*,#14487,.T.);
#14487 = EDGE_CURVE('',#14480,#14488,#14490,.T.);
#14488 = VERTEX_POINT('',#14489);
#14489 = CARTESIAN_POINT('',(32.835,-6.62,1.585));
#14490 = CIRCLE('',#14491,5.99993201626E-02);
#14491 = AXIS2_PLACEMENT_3D('',#14492,#14493,#14494);
#14492 = CARTESIAN_POINT('',(32.835000679841,-6.560000679841,1.585));
#14493 = DIRECTION('',(0.,0.,-1.));
#14494 = DIRECTION('',(0.999999999936,1.133081585497E-05,0.));
#14495 = ORIENTED_EDGE('',*,*,#14496,.T.);
#14496 = EDGE_CURVE('',#14488,#14421,#14497,.T.);
#14497 = LINE('',#14498,#14499);
#14498 = CARTESIAN_POINT('',(32.835,-6.62,1.585));
#14499 = VECTOR('',#14500,1.);
#14500 = DIRECTION('',(-1.,0.,0.));
#14501 = FACE_BOUND('',#14502,.F.);
#14502 = EDGE_LOOP('',(#14503,#14514,#14522,#14530,#14538,#14547,#14555,
    #14563,#14571,#14580,#14588,#14596,#14604,#14613,#14621,#14629,
    #14637,#14646,#14654,#14662,#14670,#14679));
#14503 = ORIENTED_EDGE('',*,*,#14504,.T.);
#14504 = EDGE_CURVE('',#14505,#14507,#14509,.T.);
#14505 = VERTEX_POINT('',#14506);
#14506 = CARTESIAN_POINT('',(26.785,-2.17,1.585));
#14507 = VERTEX_POINT('',#14508);
#14508 = CARTESIAN_POINT('',(26.725,-2.11,1.585));
#14509 = CIRCLE('',#14510,5.99993201626E-02);
#14510 = AXIS2_PLACEMENT_3D('',#14511,#14512,#14513);
#14511 = CARTESIAN_POINT('',(26.784999320159,-2.110000679841,1.585));
#14512 = DIRECTION('',(0.,0.,-1.));
#14513 = DIRECTION('',(1.133081594379E-05,-0.999999999936,0.));
#14514 = ORIENTED_EDGE('',*,*,#14515,.T.);
#14515 = EDGE_CURVE('',#14507,#14516,#14518,.T.);
#14516 = VERTEX_POINT('',#14517);
#14517 = CARTESIAN_POINT('',(26.725,-1.41,1.585));
#14518 = LINE('',#14519,#14520);
#14519 = CARTESIAN_POINT('',(26.725,-2.11,1.585));
#14520 = VECTOR('',#14521,1.);
#14521 = DIRECTION('',(0.,1.,0.));
#14522 = ORIENTED_EDGE('',*,*,#14523,.T.);
#14523 = EDGE_CURVE('',#14516,#14524,#14526,.T.);
#14524 = VERTEX_POINT('',#14525);
#14525 = CARTESIAN_POINT('',(25.345,-1.41,1.585));
#14526 = LINE('',#14527,#14528);
#14527 = CARTESIAN_POINT('',(26.725,-1.41,1.585));
#14528 = VECTOR('',#14529,1.);
#14529 = DIRECTION('',(-1.,0.,0.));
#14530 = ORIENTED_EDGE('',*,*,#14531,.T.);
#14531 = EDGE_CURVE('',#14524,#14532,#14534,.T.);
#14532 = VERTEX_POINT('',#14533);
#14533 = CARTESIAN_POINT('',(25.345,-2.11,1.585));
#14534 = LINE('',#14535,#14536);
#14535 = CARTESIAN_POINT('',(25.345,-1.41,1.585));
#14536 = VECTOR('',#14537,1.);
#14537 = DIRECTION('',(0.,-1.,0.));
#14538 = ORIENTED_EDGE('',*,*,#14539,.T.);
#14539 = EDGE_CURVE('',#14532,#14540,#14542,.T.);
#14540 = VERTEX_POINT('',#14541);
#14541 = CARTESIAN_POINT('',(25.285,-2.17,1.585));
#14542 = CIRCLE('',#14543,5.999932016259E-02);
#14543 = AXIS2_PLACEMENT_3D('',#14544,#14545,#14546);
#14544 = CARTESIAN_POINT('',(25.285000679841,-2.110000679841,1.585));
#14545 = DIRECTION('',(0.,0.,-1.));
#14546 = DIRECTION('',(0.999999999936,1.13308160178E-05,0.));
#14547 = ORIENTED_EDGE('',*,*,#14548,.T.);
#14548 = EDGE_CURVE('',#14540,#14549,#14551,.T.);
#14549 = VERTEX_POINT('',#14550);
#14550 = CARTESIAN_POINT('',(23.535,-2.17,1.585));
#14551 = LINE('',#14552,#14553);
#14552 = CARTESIAN_POINT('',(25.285,-2.17,1.585));
#14553 = VECTOR('',#14554,1.);
#14554 = DIRECTION('',(-1.,0.,0.));
#14555 = ORIENTED_EDGE('',*,*,#14556,.T.);
#14556 = EDGE_CURVE('',#14549,#14557,#14559,.T.);
#14557 = VERTEX_POINT('',#14558);
#14558 = CARTESIAN_POINT('',(23.535,-3.55,1.585));
#14559 = LINE('',#14560,#14561);
#14560 = CARTESIAN_POINT('',(23.535,-2.17,1.585));
#14561 = VECTOR('',#14562,1.);
#14562 = DIRECTION('',(0.,-1.,0.));
#14563 = ORIENTED_EDGE('',*,*,#14564,.T.);
#14564 = EDGE_CURVE('',#14557,#14565,#14567,.T.);
#14565 = VERTEX_POINT('',#14566);
#14566 = CARTESIAN_POINT('',(24.235,-3.55,1.585));
#14567 = LINE('',#14568,#14569);
#14568 = CARTESIAN_POINT('',(23.535,-3.55,1.585));
#14569 = VECTOR('',#14570,1.);
#14570 = DIRECTION('',(1.,0.,0.));
#14571 = ORIENTED_EDGE('',*,*,#14572,.T.);
#14572 = EDGE_CURVE('',#14565,#14573,#14575,.T.);
#14573 = VERTEX_POINT('',#14574);
#14574 = CARTESIAN_POINT('',(24.295,-3.61,1.585));
#14575 = CIRCLE('',#14576,5.99993201626E-02);
#14576 = AXIS2_PLACEMENT_3D('',#14577,#14578,#14579);
#14577 = CARTESIAN_POINT('',(24.235000679841,-3.609999320159,1.585));
#14578 = DIRECTION('',(0.,0.,-1.));
#14579 = DIRECTION('',(-1.133081594379E-05,0.999999999936,0.));
#14580 = ORIENTED_EDGE('',*,*,#14581,.T.);
#14581 = EDGE_CURVE('',#14573,#14582,#14584,.T.);
#14582 = VERTEX_POINT('',#14583);
#14583 = CARTESIAN_POINT('',(24.295,-6.5,1.585));
#14584 = LINE('',#14585,#14586);
#14585 = CARTESIAN_POINT('',(24.295,-3.61,1.585));
#14586 = VECTOR('',#14587,1.);
#14587 = DIRECTION('',(0.,-1.,0.));
#14588 = ORIENTED_EDGE('',*,*,#14589,.T.);
#14589 = EDGE_CURVE('',#14582,#14590,#14592,.T.);
#14590 = VERTEX_POINT('',#14591);
#14591 = CARTESIAN_POINT('',(32.775,-6.5,1.585));
#14592 = LINE('',#14593,#14594);
#14593 = CARTESIAN_POINT('',(24.295,-6.5,1.585));
#14594 = VECTOR('',#14595,1.);
#14595 = DIRECTION('',(1.,0.,0.));
#14596 = ORIENTED_EDGE('',*,*,#14597,.T.);
#14597 = EDGE_CURVE('',#14590,#14598,#14600,.T.);
#14598 = VERTEX_POINT('',#14599);
#14599 = CARTESIAN_POINT('',(32.775,-3.61,1.585));
#14600 = LINE('',#14601,#14602);
#14601 = CARTESIAN_POINT('',(32.775,-6.5,1.585));
#14602 = VECTOR('',#14603,1.);
#14603 = DIRECTION('',(0.,1.,0.));
#14604 = ORIENTED_EDGE('',*,*,#14605,.T.);
#14605 = EDGE_CURVE('',#14598,#14606,#14608,.T.);
#14606 = VERTEX_POINT('',#14607);
#14607 = CARTESIAN_POINT('',(32.835,-3.55,1.585));
#14608 = CIRCLE('',#14609,5.99993201626E-02);
#14609 = AXIS2_PLACEMENT_3D('',#14610,#14611,#14612);
#14610 = CARTESIAN_POINT('',(32.834999320159,-3.609999320159,1.585));
#14611 = DIRECTION('',(0.,0.,-1.));
#14612 = DIRECTION('',(-0.999999999936,-1.133081584757E-05,-0.));
#14613 = ORIENTED_EDGE('',*,*,#14614,.T.);
#14614 = EDGE_CURVE('',#14606,#14615,#14617,.T.);
#14615 = VERTEX_POINT('',#14616);
#14616 = CARTESIAN_POINT('',(33.535,-3.55,1.585));
#14617 = LINE('',#14618,#14619);
#14618 = CARTESIAN_POINT('',(32.835,-3.55,1.585));
#14619 = VECTOR('',#14620,1.);
#14620 = DIRECTION('',(1.,0.,0.));
#14621 = ORIENTED_EDGE('',*,*,#14622,.T.);
#14622 = EDGE_CURVE('',#14615,#14623,#14625,.T.);
#14623 = VERTEX_POINT('',#14624);
#14624 = CARTESIAN_POINT('',(33.535,-2.17,1.585));
#14625 = LINE('',#14626,#14627);
#14626 = CARTESIAN_POINT('',(33.535,-3.55,1.585));
#14627 = VECTOR('',#14628,1.);
#14628 = DIRECTION('',(0.,1.,0.));
#14629 = ORIENTED_EDGE('',*,*,#14630,.T.);
#14630 = EDGE_CURVE('',#14623,#14631,#14633,.T.);
#14631 = VERTEX_POINT('',#14632);
#14632 = CARTESIAN_POINT('',(31.785,-2.17,1.585));
#14633 = LINE('',#14634,#14635);
#14634 = CARTESIAN_POINT('',(33.535,-2.17,1.585));
#14635 = VECTOR('',#14636,1.);
#14636 = DIRECTION('',(-1.,0.,0.));
#14637 = ORIENTED_EDGE('',*,*,#14638,.T.);
#14638 = EDGE_CURVE('',#14631,#14639,#14641,.T.);
#14639 = VERTEX_POINT('',#14640);
#14640 = CARTESIAN_POINT('',(31.725,-2.11,1.585));
#14641 = CIRCLE('',#14642,5.99993201626E-02);
#14642 = AXIS2_PLACEMENT_3D('',#14643,#14644,#14645);
#14643 = CARTESIAN_POINT('',(31.784999320159,-2.110000679841,1.585));
#14644 = DIRECTION('',(0.,0.,-1.));
#14645 = DIRECTION('',(1.133081594379E-05,-0.999999999936,0.));
#14646 = ORIENTED_EDGE('',*,*,#14647,.T.);
#14647 = EDGE_CURVE('',#14639,#14648,#14650,.T.);
#14648 = VERTEX_POINT('',#14649);
#14649 = CARTESIAN_POINT('',(31.725,-1.41,1.585));
#14650 = LINE('',#14651,#14652);
#14651 = CARTESIAN_POINT('',(31.725,-2.11,1.585));
#14652 = VECTOR('',#14653,1.);
#14653 = DIRECTION('',(0.,1.,0.));
#14654 = ORIENTED_EDGE('',*,*,#14655,.T.);
#14655 = EDGE_CURVE('',#14648,#14656,#14658,.T.);
#14656 = VERTEX_POINT('',#14657);
#14657 = CARTESIAN_POINT('',(30.345,-1.41,1.585));
#14658 = LINE('',#14659,#14660);
#14659 = CARTESIAN_POINT('',(31.725,-1.41,1.585));
#14660 = VECTOR('',#14661,1.);
#14661 = DIRECTION('',(-1.,0.,0.));
#14662 = ORIENTED_EDGE('',*,*,#14663,.T.);
#14663 = EDGE_CURVE('',#14656,#14664,#14666,.T.);
#14664 = VERTEX_POINT('',#14665);
#14665 = CARTESIAN_POINT('',(30.345,-2.11,1.585));
#14666 = LINE('',#14667,#14668);
#14667 = CARTESIAN_POINT('',(30.345,-1.41,1.585));
#14668 = VECTOR('',#14669,1.);
#14669 = DIRECTION('',(0.,-1.,0.));
#14670 = ORIENTED_EDGE('',*,*,#14671,.T.);
#14671 = EDGE_CURVE('',#14664,#14672,#14674,.T.);
#14672 = VERTEX_POINT('',#14673);
#14673 = CARTESIAN_POINT('',(30.285,-2.17,1.585));
#14674 = CIRCLE('',#14675,5.999932016259E-02);
#14675 = AXIS2_PLACEMENT_3D('',#14676,#14677,#14678);
#14676 = CARTESIAN_POINT('',(30.285000679841,-2.110000679841,1.585));
#14677 = DIRECTION('',(0.,0.,-1.));
#14678 = DIRECTION('',(0.999999999936,1.13308160178E-05,0.));
#14679 = ORIENTED_EDGE('',*,*,#14680,.T.);
#14680 = EDGE_CURVE('',#14672,#14505,#14681,.T.);
#14681 = LINE('',#14682,#14683);
#14682 = CARTESIAN_POINT('',(30.285,-2.17,1.585));
#14683 = VECTOR('',#14684,1.);
#14684 = DIRECTION('',(-1.,0.,0.));
#14685 = FACE_BOUND('',#14686,.F.);
#14686 = EDGE_LOOP('',(#14687,#14697,#14705,#14713));
#14687 = ORIENTED_EDGE('',*,*,#14688,.T.);
#14688 = EDGE_CURVE('',#14689,#14691,#14693,.T.);
#14689 = VERTEX_POINT('',#14690);
#14690 = CARTESIAN_POINT('',(25.225,-2.05,1.585));
#14691 = VERTEX_POINT('',#14692);
#14692 = CARTESIAN_POINT('',(25.225,-1.42,1.585));
#14693 = LINE('',#14694,#14695);
#14694 = CARTESIAN_POINT('',(25.225,-2.05,1.585));
#14695 = VECTOR('',#14696,1.);
#14696 = DIRECTION('',(0.,1.,0.));
#14697 = ORIENTED_EDGE('',*,*,#14698,.T.);
#14698 = EDGE_CURVE('',#14691,#14699,#14701,.T.);
#14699 = VERTEX_POINT('',#14700);
#14700 = CARTESIAN_POINT('',(23.545,-1.42,1.585));
#14701 = LINE('',#14702,#14703);
#14702 = CARTESIAN_POINT('',(25.225,-1.42,1.585));
#14703 = VECTOR('',#14704,1.);
#14704 = DIRECTION('',(-1.,0.,0.));
#14705 = ORIENTED_EDGE('',*,*,#14706,.T.);
#14706 = EDGE_CURVE('',#14699,#14707,#14709,.T.);
#14707 = VERTEX_POINT('',#14708);
#14708 = CARTESIAN_POINT('',(23.545,-2.05,1.585));
#14709 = LINE('',#14710,#14711);
#14710 = CARTESIAN_POINT('',(23.545,-1.42,1.585));
#14711 = VECTOR('',#14712,1.);
#14712 = DIRECTION('',(0.,-1.,0.));
#14713 = ORIENTED_EDGE('',*,*,#14714,.T.);
#14714 = EDGE_CURVE('',#14707,#14689,#14715,.T.);
#14715 = LINE('',#14716,#14717);
#14716 = CARTESIAN_POINT('',(23.545,-2.05,1.585));
#14717 = VECTOR('',#14718,1.);
#14718 = DIRECTION('',(1.,0.,0.));
#14719 = FACE_BOUND('',#14720,.F.);
#14720 = EDGE_LOOP('',(#14721,#14731,#14739,#14747));
#14721 = ORIENTED_EDGE('',*,*,#14722,.T.);
#14722 = EDGE_CURVE('',#14723,#14725,#14727,.T.);
#14723 = VERTEX_POINT('',#14724);
#14724 = CARTESIAN_POINT('',(30.225,-2.05,1.585));
#14725 = VERTEX_POINT('',#14726);
#14726 = CARTESIAN_POINT('',(30.225,-1.42,1.585));
#14727 = LINE('',#14728,#14729);
#14728 = CARTESIAN_POINT('',(30.225,-2.05,1.585));
#14729 = VECTOR('',#14730,1.);
#14730 = DIRECTION('',(0.,1.,0.));
#14731 = ORIENTED_EDGE('',*,*,#14732,.T.);
#14732 = EDGE_CURVE('',#14725,#14733,#14735,.T.);
#14733 = VERTEX_POINT('',#14734);
#14734 = CARTESIAN_POINT('',(26.845,-1.42,1.585));
#14735 = LINE('',#14736,#14737);
#14736 = CARTESIAN_POINT('',(30.225,-1.42,1.585));
#14737 = VECTOR('',#14738,1.);
#14738 = DIRECTION('',(-1.,0.,0.));
#14739 = ORIENTED_EDGE('',*,*,#14740,.T.);
#14740 = EDGE_CURVE('',#14733,#14741,#14743,.T.);
#14741 = VERTEX_POINT('',#14742);
#14742 = CARTESIAN_POINT('',(26.845,-2.05,1.585));
#14743 = LINE('',#14744,#14745);
#14744 = CARTESIAN_POINT('',(26.845,-1.42,1.585));
#14745 = VECTOR('',#14746,1.);
#14746 = DIRECTION('',(0.,-1.,0.));
#14747 = ORIENTED_EDGE('',*,*,#14748,.T.);
#14748 = EDGE_CURVE('',#14741,#14723,#14749,.T.);
#14749 = LINE('',#14750,#14751);
#14750 = CARTESIAN_POINT('',(26.845,-2.05,1.585));
#14751 = VECTOR('',#14752,1.);
#14752 = DIRECTION('',(1.,0.,0.));
#14753 = FACE_BOUND('',#14754,.F.);
#14754 = EDGE_LOOP('',(#14755,#14765,#14773,#14781));
#14755 = ORIENTED_EDGE('',*,*,#14756,.T.);
#14756 = EDGE_CURVE('',#14757,#14759,#14761,.T.);
#14757 = VERTEX_POINT('',#14758);
#14758 = CARTESIAN_POINT('',(33.525,-2.05,1.585));
#14759 = VERTEX_POINT('',#14760);
#14760 = CARTESIAN_POINT('',(33.525,-1.42,1.585));
#14761 = LINE('',#14762,#14763);
#14762 = CARTESIAN_POINT('',(33.525,-2.05,1.585));
#14763 = VECTOR('',#14764,1.);
#14764 = DIRECTION('',(0.,1.,0.));
#14765 = ORIENTED_EDGE('',*,*,#14766,.T.);
#14766 = EDGE_CURVE('',#14759,#14767,#14769,.T.);
#14767 = VERTEX_POINT('',#14768);
#14768 = CARTESIAN_POINT('',(31.845,-1.42,1.585));
#14769 = LINE('',#14770,#14771);
#14770 = CARTESIAN_POINT('',(33.525,-1.42,1.585));
#14771 = VECTOR('',#14772,1.);
#14772 = DIRECTION('',(-1.,0.,0.));
#14773 = ORIENTED_EDGE('',*,*,#14774,.T.);
#14774 = EDGE_CURVE('',#14767,#14775,#14777,.T.);
#14775 = VERTEX_POINT('',#14776);
#14776 = CARTESIAN_POINT('',(31.845,-2.05,1.585));
#14777 = LINE('',#14778,#14779);
#14778 = CARTESIAN_POINT('',(31.845,-1.42,1.585));
#14779 = VECTOR('',#14780,1.);
#14780 = DIRECTION('',(0.,-1.,0.));
#14781 = ORIENTED_EDGE('',*,*,#14782,.T.);
#14782 = EDGE_CURVE('',#14775,#14757,#14783,.T.);
#14783 = LINE('',#14784,#14785);
#14784 = CARTESIAN_POINT('',(31.845,-2.05,1.585));
#14785 = VECTOR('',#14786,1.);
#14786 = DIRECTION('',(1.,0.,0.));
#14787 = PLANE('',#14788);
#14788 = AXIS2_PLACEMENT_3D('',#14789,#14790,#14791);
#14789 = CARTESIAN_POINT('',(0.,0.,1.585));
#14790 = DIRECTION('',(0.,0.,1.));
#14791 = DIRECTION('',(1.,0.,-0.));
#14792 = SHELL_BASED_SURFACE_MODEL('',(#14793));
#14793 = OPEN_SHELL('',(#14794));
#14794 = ADVANCED_FACE('',(#14795),#14889,.T.);
#14795 = FACE_BOUND('',#14796,.F.);
#14796 = EDGE_LOOP('',(#14797,#14808,#14816,#14824,#14832,#14841,#14849,
    #14858,#14866,#14875,#14883));
#14797 = ORIENTED_EDGE('',*,*,#14798,.T.);
#14798 = EDGE_CURVE('',#14799,#14801,#14803,.T.);
#14799 = VERTEX_POINT('',#14800);
#14800 = CARTESIAN_POINT('',(5.539567,-4.820039,1.585));
#14801 = VERTEX_POINT('',#14802);
#14802 = CARTESIAN_POINT('',(5.655,-4.843,1.585));
#14803 = CIRCLE('',#14804,6.000007318647E-02);
#14804 = AXIS2_PLACEMENT_3D('',#14805,#14806,#14807);
#14805 = CARTESIAN_POINT('',(5.594999926814,-4.842999823314,1.585));
#14806 = DIRECTION('',(0.,0.,-1.));
#14807 = DIRECTION('',(-0.923880986637,0.382679921777,0.));
#14808 = ORIENTED_EDGE('',*,*,#14809,.T.);
#14809 = EDGE_CURVE('',#14801,#14810,#14812,.T.);
#14810 = VERTEX_POINT('',#14811);
#14811 = CARTESIAN_POINT('',(5.655,-5.12,1.585));
#14812 = LINE('',#14813,#14814);
#14813 = CARTESIAN_POINT('',(5.655,-4.843,1.585));
#14814 = VECTOR('',#14815,1.);
#14815 = DIRECTION('',(0.,-1.,0.));
#14816 = ORIENTED_EDGE('',*,*,#14817,.T.);
#14817 = EDGE_CURVE('',#14810,#14818,#14820,.T.);
#14818 = VERTEX_POINT('',#14819);
#14819 = CARTESIAN_POINT('',(10.775,-5.12,1.585));
#14820 = LINE('',#14821,#14822);
#14821 = CARTESIAN_POINT('',(5.655,-5.12,1.585));
#14822 = VECTOR('',#14823,1.);
#14823 = DIRECTION('',(1.,0.,0.));
#14824 = ORIENTED_EDGE('',*,*,#14825,.T.);
#14825 = EDGE_CURVE('',#14818,#14826,#14828,.T.);
#14826 = VERTEX_POINT('',#14827);
#14827 = CARTESIAN_POINT('',(10.775,-4.843,1.585));
#14828 = LINE('',#14829,#14830);
#14829 = CARTESIAN_POINT('',(10.775,-5.12,1.585));
#14830 = VECTOR('',#14831,1.);
#14831 = DIRECTION('',(0.,1.,0.));
#14832 = ORIENTED_EDGE('',*,*,#14833,.T.);
#14833 = EDGE_CURVE('',#14826,#14834,#14836,.T.);
#14834 = VERTEX_POINT('',#14835);
#14835 = CARTESIAN_POINT('',(10.895,-4.843,1.585));
#14836 = CIRCLE('',#14837,6.000000000042E-02);
#14837 = AXIS2_PLACEMENT_3D('',#14838,#14839,#14840);
#14838 = CARTESIAN_POINT('',(10.835,-4.842999774412,1.585));
#14839 = DIRECTION('',(0.,0.,-1.));
#14840 = DIRECTION('',(-0.999999999993,-3.759794105654E-06,-0.));
#14841 = ORIENTED_EDGE('',*,*,#14842,.T.);
#14842 = EDGE_CURVE('',#14834,#14843,#14845,.T.);
#14843 = VERTEX_POINT('',#14844);
#14844 = CARTESIAN_POINT('',(10.895,-5.18,1.585));
#14845 = LINE('',#14846,#14847);
#14846 = CARTESIAN_POINT('',(10.895,-4.843,1.585));
#14847 = VECTOR('',#14848,1.);
#14848 = DIRECTION('',(0.,-1.,0.));
#14849 = ORIENTED_EDGE('',*,*,#14850,.T.);
#14850 = EDGE_CURVE('',#14843,#14851,#14853,.T.);
#14851 = VERTEX_POINT('',#14852);
#14852 = CARTESIAN_POINT('',(10.835,-5.24,1.585));
#14853 = CIRCLE('',#14854,5.99993201626E-02);
#14854 = AXIS2_PLACEMENT_3D('',#14855,#14856,#14857);
#14855 = CARTESIAN_POINT('',(10.835000679841,-5.180000679841,1.585));
#14856 = DIRECTION('',(0.,0.,-1.));
#14857 = DIRECTION('',(0.999999999936,1.133081595859E-05,0.));
#14858 = ORIENTED_EDGE('',*,*,#14859,.T.);
#14859 = EDGE_CURVE('',#14851,#14860,#14862,.T.);
#14860 = VERTEX_POINT('',#14861);
#14861 = CARTESIAN_POINT('',(5.595,-5.24,1.585));
#14862 = LINE('',#14863,#14864);
#14863 = CARTESIAN_POINT('',(10.835,-5.24,1.585));
#14864 = VECTOR('',#14865,1.);
#14865 = DIRECTION('',(-1.,0.,0.));
#14866 = ORIENTED_EDGE('',*,*,#14867,.T.);
#14867 = EDGE_CURVE('',#14860,#14868,#14870,.T.);
#14868 = VERTEX_POINT('',#14869);
#14869 = CARTESIAN_POINT('',(5.535,-5.18,1.585));
#14870 = CIRCLE('',#14871,5.99993201626E-02);
#14871 = AXIS2_PLACEMENT_3D('',#14872,#14873,#14874);
#14872 = CARTESIAN_POINT('',(5.594999320159,-5.180000679841,1.585));
#14873 = DIRECTION('',(0.,0.,-1.));
#14874 = DIRECTION('',(1.133081589938E-05,-0.999999999936,0.));
#14875 = ORIENTED_EDGE('',*,*,#14876,.T.);
#14876 = EDGE_CURVE('',#14868,#14877,#14879,.T.);
#14877 = VERTEX_POINT('',#14878);
#14878 = CARTESIAN_POINT('',(5.535,-4.843,1.585));
#14879 = LINE('',#14880,#14881);
#14880 = CARTESIAN_POINT('',(5.535,-5.18,1.585));
#14881 = VECTOR('',#14882,1.);
#14882 = DIRECTION('',(0.,1.,0.));
#14883 = ORIENTED_EDGE('',*,*,#14884,.T.);
#14884 = EDGE_CURVE('',#14877,#14799,#14885,.T.);
#14885 = LINE('',#14886,#14887);
#14886 = CARTESIAN_POINT('',(5.535,-4.843,1.585));
#14887 = VECTOR('',#14888,1.);
#14888 = DIRECTION('',(0.195081000118,0.980787134598,0.));
#14889 = PLANE('',#14890);
#14890 = AXIS2_PLACEMENT_3D('',#14891,#14892,#14893);
#14891 = CARTESIAN_POINT('',(0.,0.,1.585));
#14892 = DIRECTION('',(0.,0.,1.));
#14893 = DIRECTION('',(1.,0.,-0.));
#14894 = SHELL_BASED_SURFACE_MODEL('',(#14895));
#14895 = OPEN_SHELL('',(#14896));
#14896 = ADVANCED_FACE('',(#14897),#14965,.T.);
#14897 = FACE_BOUND('',#14898,.F.);
#14898 = EDGE_LOOP('',(#14899,#14910,#14918,#14926,#14934,#14942,#14950,
    #14959));
#14899 = ORIENTED_EDGE('',*,*,#14900,.T.);
#14900 = EDGE_CURVE('',#14901,#14903,#14905,.T.);
#14901 = VERTEX_POINT('',#14902);
#14902 = CARTESIAN_POINT('',(5.535,-2.44,1.585));
#14903 = VERTEX_POINT('',#14904);
#14904 = CARTESIAN_POINT('',(5.595,-2.38,1.585));
#14905 = CIRCLE('',#14906,5.99993201626E-02);
#14906 = AXIS2_PLACEMENT_3D('',#14907,#14908,#14909);
#14907 = CARTESIAN_POINT('',(5.594999320159,-2.439999320159,1.585));
#14908 = DIRECTION('',(0.,0.,-1.));
#14909 = DIRECTION('',(-0.999999999936,-1.133081593638E-05,-0.));
#14910 = ORIENTED_EDGE('',*,*,#14911,.T.);
#14911 = EDGE_CURVE('',#14903,#14912,#14914,.T.);
#14912 = VERTEX_POINT('',#14913);
#14913 = CARTESIAN_POINT('',(7.502592,-2.38,1.585));
#14914 = LINE('',#14915,#14916);
#14915 = CARTESIAN_POINT('',(5.595,-2.38,1.585));
#14916 = VECTOR('',#14917,1.);
#14917 = DIRECTION('',(1.,0.,0.));
#14918 = ORIENTED_EDGE('',*,*,#14919,.T.);
#14919 = EDGE_CURVE('',#14912,#14920,#14922,.T.);
#14920 = VERTEX_POINT('',#14921);
#14921 = CARTESIAN_POINT('',(7.453706,-2.428886,1.585));
#14922 = LINE('',#14923,#14924);
#14923 = CARTESIAN_POINT('',(7.502592,-2.38,1.585));
#14924 = VECTOR('',#14925,1.);
#14925 = DIRECTION('',(-0.707106781187,-0.707106781187,0.));
#14926 = ORIENTED_EDGE('',*,*,#14927,.T.);
#14927 = EDGE_CURVE('',#14920,#14928,#14930,.T.);
#14928 = VERTEX_POINT('',#14929);
#14929 = CARTESIAN_POINT('',(7.42425,-2.5,1.585));
#14930 = LINE('',#14931,#14932);
#14931 = CARTESIAN_POINT('',(7.453706,-2.428886,1.585));
#14932 = VECTOR('',#14933,1.);
#14933 = DIRECTION('',(-0.382679182235,-0.923881292961,0.));
#14934 = ORIENTED_EDGE('',*,*,#14935,.T.);
#14935 = EDGE_CURVE('',#14928,#14936,#14938,.T.);
#14936 = VERTEX_POINT('',#14937);
#14937 = CARTESIAN_POINT('',(5.655,-2.5,1.585));
#14938 = LINE('',#14939,#14940);
#14939 = CARTESIAN_POINT('',(7.42425,-2.5,1.585));
#14940 = VECTOR('',#14941,1.);
#14941 = DIRECTION('',(-1.,0.,0.));
#14942 = ORIENTED_EDGE('',*,*,#14943,.T.);
#14943 = EDGE_CURVE('',#14936,#14944,#14946,.T.);
#14944 = VERTEX_POINT('',#14945);
#14945 = CARTESIAN_POINT('',(5.655,-2.777,1.585));
#14946 = LINE('',#14947,#14948);
#14947 = CARTESIAN_POINT('',(5.655,-2.5,1.585));
#14948 = VECTOR('',#14949,1.);
#14949 = DIRECTION('',(0.,-1.,0.));
#14950 = ORIENTED_EDGE('',*,*,#14951,.T.);
#14951 = EDGE_CURVE('',#14944,#14952,#14954,.T.);
#14952 = VERTEX_POINT('',#14953);
#14953 = CARTESIAN_POINT('',(5.535,-2.777,1.585));
#14954 = CIRCLE('',#14955,6.000000000042E-02);
#14955 = AXIS2_PLACEMENT_3D('',#14956,#14957,#14958);
#14956 = CARTESIAN_POINT('',(5.595,-2.777000225588,1.585));
#14957 = DIRECTION('',(0.,0.,-1.));
#14958 = DIRECTION('',(0.999999999993,3.759794105654E-06,0.));
#14959 = ORIENTED_EDGE('',*,*,#14960,.T.);
#14960 = EDGE_CURVE('',#14952,#14901,#14961,.T.);
#14961 = LINE('',#14962,#14963);
#14962 = CARTESIAN_POINT('',(5.535,-2.777,1.585));
#14963 = VECTOR('',#14964,1.);
#14964 = DIRECTION('',(0.,1.,0.));
#14965 = PLANE('',#14966);
#14966 = AXIS2_PLACEMENT_3D('',#14967,#14968,#14969);
#14967 = CARTESIAN_POINT('',(0.,0.,1.585));
#14968 = DIRECTION('',(0.,0.,1.));
#14969 = DIRECTION('',(1.,0.,-0.));
#14970 = SHELL_BASED_SURFACE_MODEL('',(#14971));
#14971 = OPEN_SHELL('',(#14972));
#14972 = ADVANCED_FACE('',(#14973),#15041,.T.);
#14973 = FACE_BOUND('',#14974,.F.);
#14974 = EDGE_LOOP('',(#14975,#14985,#14993,#15002,#15010,#15019,#15027,
    #15035));
#14975 = ORIENTED_EDGE('',*,*,#14976,.T.);
#14976 = EDGE_CURVE('',#14977,#14979,#14981,.T.);
#14977 = VERTEX_POINT('',#14978);
#14978 = CARTESIAN_POINT('',(7.786294,-2.428886,1.585));
#14979 = VERTEX_POINT('',#14980);
#14980 = CARTESIAN_POINT('',(7.737408,-2.38,1.585));
#14981 = LINE('',#14982,#14983);
#14982 = CARTESIAN_POINT('',(7.786294,-2.428886,1.585));
#14983 = VECTOR('',#14984,1.);
#14984 = DIRECTION('',(-0.707106781187,0.707106781187,0.));
#14985 = ORIENTED_EDGE('',*,*,#14986,.T.);
#14986 = EDGE_CURVE('',#14979,#14987,#14989,.T.);
#14987 = VERTEX_POINT('',#14988);
#14988 = CARTESIAN_POINT('',(10.835,-2.38,1.585));
#14989 = LINE('',#14990,#14991);
#14990 = CARTESIAN_POINT('',(7.737408,-2.38,1.585));
#14991 = VECTOR('',#14992,1.);
#14992 = DIRECTION('',(1.,0.,0.));
#14993 = ORIENTED_EDGE('',*,*,#14994,.T.);
#14994 = EDGE_CURVE('',#14987,#14995,#14997,.T.);
#14995 = VERTEX_POINT('',#14996);
#14996 = CARTESIAN_POINT('',(10.895,-2.44,1.585));
#14997 = CIRCLE('',#14998,5.99993201626E-02);
#14998 = AXIS2_PLACEMENT_3D('',#14999,#15000,#15001);
#14999 = CARTESIAN_POINT('',(10.835000679841,-2.439999320159,1.585));
#15000 = DIRECTION('',(0.,0.,-1.));
#15001 = DIRECTION('',(-1.133081588457E-05,0.999999999936,0.));
#15002 = ORIENTED_EDGE('',*,*,#15003,.T.);
#15003 = EDGE_CURVE('',#14995,#15004,#15006,.T.);
#15004 = VERTEX_POINT('',#15005);
#15005 = CARTESIAN_POINT('',(10.895,-2.777,1.585));
#15006 = LINE('',#15007,#15008);
#15007 = CARTESIAN_POINT('',(10.895,-2.44,1.585));
#15008 = VECTOR('',#15009,1.);
#15009 = DIRECTION('',(0.,-1.,0.));
#15010 = ORIENTED_EDGE('',*,*,#15011,.T.);
#15011 = EDGE_CURVE('',#15004,#15012,#15014,.T.);
#15012 = VERTEX_POINT('',#15013);
#15013 = CARTESIAN_POINT('',(10.775,-2.777,1.585));
#15014 = CIRCLE('',#15015,6.000000000042E-02);
#15015 = AXIS2_PLACEMENT_3D('',#15016,#15017,#15018);
#15016 = CARTESIAN_POINT('',(10.835,-2.777000225588,1.585));
#15017 = DIRECTION('',(0.,0.,-1.));
#15018 = DIRECTION('',(0.999999999993,3.759794113056E-06,0.));
#15019 = ORIENTED_EDGE('',*,*,#15020,.T.);
#15020 = EDGE_CURVE('',#15012,#15021,#15023,.T.);
#15021 = VERTEX_POINT('',#15022);
#15022 = CARTESIAN_POINT('',(10.775,-2.5,1.585));
#15023 = LINE('',#15024,#15025);
#15024 = CARTESIAN_POINT('',(10.775,-2.777,1.585));
#15025 = VECTOR('',#15026,1.);
#15026 = DIRECTION('',(0.,1.,0.));
#15027 = ORIENTED_EDGE('',*,*,#15028,.T.);
#15028 = EDGE_CURVE('',#15021,#15029,#15031,.T.);
#15029 = VERTEX_POINT('',#15030);
#15030 = CARTESIAN_POINT('',(7.81575,-2.5,1.585));
#15031 = LINE('',#15032,#15033);
#15032 = CARTESIAN_POINT('',(10.775,-2.5,1.585));
#15033 = VECTOR('',#15034,1.);
#15034 = DIRECTION('',(-1.,0.,0.));
#15035 = ORIENTED_EDGE('',*,*,#15036,.T.);
#15036 = EDGE_CURVE('',#15029,#14977,#15037,.T.);
#15037 = LINE('',#15038,#15039);
#15038 = CARTESIAN_POINT('',(7.81575,-2.5,1.585));
#15039 = VECTOR('',#15040,1.);
#15040 = DIRECTION('',(-0.382679182235,0.923881292961,0.));
#15041 = PLANE('',#15042);
#15042 = AXIS2_PLACEMENT_3D('',#15043,#15044,#15045);
#15043 = CARTESIAN_POINT('',(0.,0.,1.585));
#15044 = DIRECTION('',(0.,0.,1.));
#15045 = DIRECTION('',(1.,0.,-0.));
#15046 = SHELL_BASED_SURFACE_MODEL('',(#15047));
#15047 = OPEN_SHELL('',(#15048));
#15048 = ADVANCED_FACE('',(#15049),#15110,.T.);
#15049 = FACE_BOUND('',#15050,.F.);
#15050 = EDGE_LOOP('',(#15051,#15062,#15070,#15079,#15087,#15095,#15104)
  );
#15051 = ORIENTED_EDGE('',*,*,#15052,.T.);
#15052 = EDGE_CURVE('',#15053,#15055,#15057,.T.);
#15053 = VERTEX_POINT('',#15054);
#15054 = CARTESIAN_POINT('',(23.125,-1.06,1.585));
#15055 = VERTEX_POINT('',#15056);
#15056 = CARTESIAN_POINT('',(23.185,-1.,1.585));
#15057 = CIRCLE('',#15058,5.99993201626E-02);
#15058 = AXIS2_PLACEMENT_3D('',#15059,#15060,#15061);
#15059 = CARTESIAN_POINT('',(23.184999320159,-1.059999320159,1.585));
#15060 = DIRECTION('',(0.,0.,-1.));
#15061 = DIRECTION('',(-0.999999999936,-1.133081585867E-05,-0.));
#15062 = ORIENTED_EDGE('',*,*,#15063,.T.);
#15063 = EDGE_CURVE('',#15055,#15064,#15066,.T.);
#15064 = VERTEX_POINT('',#15065);
#15065 = CARTESIAN_POINT('',(24.435,-1.,1.585));
#15066 = LINE('',#15067,#15068);
#15067 = CARTESIAN_POINT('',(23.185,-1.,1.585));
#15068 = VECTOR('',#15069,1.);
#15069 = DIRECTION('',(1.,0.,0.));
#15070 = ORIENTED_EDGE('',*,*,#15071,.T.);
#15071 = EDGE_CURVE('',#15064,#15072,#15074,.T.);
#15072 = VERTEX_POINT('',#15073);
#15073 = CARTESIAN_POINT('',(24.435,-1.12,1.585));
#15074 = CIRCLE('',#15075,6.000000000042E-02);
#15075 = AXIS2_PLACEMENT_3D('',#15076,#15077,#15078);
#15076 = CARTESIAN_POINT('',(24.435000225588,-1.06,1.585));
#15077 = DIRECTION('',(0.,0.,-1.));
#15078 = DIRECTION('',(-3.75979413526E-06,0.999999999993,-0.));
#15079 = ORIENTED_EDGE('',*,*,#15080,.T.);
#15080 = EDGE_CURVE('',#15072,#15081,#15083,.T.);
#15081 = VERTEX_POINT('',#15082);
#15082 = CARTESIAN_POINT('',(23.245,-1.12,1.585));
#15083 = LINE('',#15084,#15085);
#15084 = CARTESIAN_POINT('',(24.435,-1.12,1.585));
#15085 = VECTOR('',#15086,1.);
#15086 = DIRECTION('',(-1.,0.,0.));
#15087 = ORIENTED_EDGE('',*,*,#15088,.T.);
#15088 = EDGE_CURVE('',#15081,#15089,#15091,.T.);
#15089 = VERTEX_POINT('',#15090);
#15090 = CARTESIAN_POINT('',(23.245,-2.31,1.585));
#15091 = LINE('',#15092,#15093);
#15092 = CARTESIAN_POINT('',(23.245,-1.12,1.585));
#15093 = VECTOR('',#15094,1.);
#15094 = DIRECTION('',(0.,-1.,0.));
#15095 = ORIENTED_EDGE('',*,*,#15096,.T.);
#15096 = EDGE_CURVE('',#15089,#15097,#15099,.T.);
#15097 = VERTEX_POINT('',#15098);
#15098 = CARTESIAN_POINT('',(23.125,-2.31,1.585));
#15099 = CIRCLE('',#15100,6.000000000043E-02);
#15100 = AXIS2_PLACEMENT_3D('',#15101,#15102,#15103);
#15101 = CARTESIAN_POINT('',(23.185,-2.310000225588,1.585));
#15102 = DIRECTION('',(0.,0.,-1.));
#15103 = DIRECTION('',(0.999999999993,3.75979408345E-06,0.));
#15104 = ORIENTED_EDGE('',*,*,#15105,.T.);
#15105 = EDGE_CURVE('',#15097,#15053,#15106,.T.);
#15106 = LINE('',#15107,#15108);
#15107 = CARTESIAN_POINT('',(23.125,-2.31,1.585));
#15108 = VECTOR('',#15109,1.);
#15109 = DIRECTION('',(0.,1.,0.));
#15110 = PLANE('',#15111);
#15111 = AXIS2_PLACEMENT_3D('',#15112,#15113,#15114);
#15112 = CARTESIAN_POINT('',(0.,0.,1.585));
#15113 = DIRECTION('',(0.,0.,1.));
#15114 = DIRECTION('',(1.,0.,-0.));
#15115 = SHELL_BASED_SURFACE_MODEL('',(#15116));
#15116 = OPEN_SHELL('',(#15117));
#15117 = ADVANCED_FACE('',(#15118,#15219),#15302,.T.);
#15118 = FACE_BOUND('',#15119,.F.);
#15119 = EDGE_LOOP('',(#15120,#15131,#15139,#15147,#15155,#15164,#15172,
    #15180,#15188,#15196,#15204,#15213));
#15120 = ORIENTED_EDGE('',*,*,#15121,.T.);
#15121 = EDGE_CURVE('',#15122,#15124,#15126,.T.);
#15122 = VERTEX_POINT('',#15123);
#15123 = CARTESIAN_POINT('',(13.878095,-1.163855,1.585));
#15124 = VERTEX_POINT('',#15125);
#15125 = CARTESIAN_POINT('',(13.938095,-1.103855,1.585));
#15126 = CIRCLE('',#15127,5.99993201626E-02);
#15127 = AXIS2_PLACEMENT_3D('',#15128,#15129,#15130);
#15128 = CARTESIAN_POINT('',(13.938094320159,-1.163854320159,1.585));
#15129 = DIRECTION('',(0.,0.,-1.));
#15130 = DIRECTION('',(-0.999999999936,-1.133081593638E-05,-0.));
#15131 = ORIENTED_EDGE('',*,*,#15132,.T.);
#15132 = EDGE_CURVE('',#15124,#15133,#15135,.T.);
#15133 = VERTEX_POINT('',#15134);
#15134 = CARTESIAN_POINT('',(14.138004,-1.105731,1.585));
#15135 = LINE('',#15136,#15137);
#15136 = CARTESIAN_POINT('',(13.938095,-1.103855,1.585));
#15137 = VECTOR('',#15138,1.);
#15138 = DIRECTION('',(0.999955970648,-9.383856659456E-03,0.));
#15139 = ORIENTED_EDGE('',*,*,#15140,.T.);
#15140 = EDGE_CURVE('',#15133,#15141,#15143,.T.);
#15141 = VERTEX_POINT('',#15142);
#15142 = CARTESIAN_POINT('',(14.273807,-1.151855,1.585));
#15143 = LINE('',#15144,#15145);
#15144 = CARTESIAN_POINT('',(14.138004,-1.105731,1.585));
#15145 = VECTOR('',#15146,1.);
#15146 = DIRECTION('',(0.946876861698,-0.321596344477,0.));
#15147 = ORIENTED_EDGE('',*,*,#15148,.T.);
#15148 = EDGE_CURVE('',#15141,#15149,#15151,.T.);
#15149 = VERTEX_POINT('',#15150);
#15150 = CARTESIAN_POINT('',(14.36681,-1.243701,1.585));
#15151 = LINE('',#15152,#15153);
#15152 = CARTESIAN_POINT('',(14.273807,-1.151855,1.585));
#15153 = VECTOR('',#15154,1.);
#15154 = DIRECTION('',(0.711518740216,-0.702667120564,0.));
#15155 = ORIENTED_EDGE('',*,*,#15156,.T.);
#15156 = EDGE_CURVE('',#15149,#15157,#15159,.T.);
#15157 = VERTEX_POINT('',#15158);
#15158 = CARTESIAN_POINT('',(14.453447,-1.63555,1.585));
#15159 = CIRCLE('',#15160,0.602184514247);
#15160 = AXIS2_PLACEMENT_3D('',#15161,#15162,#15163);
#15161 = CARTESIAN_POINT('',(13.855746658033,-1.562198173766,1.585));
#15162 = DIRECTION('',(0.,0.,-1.));
#15163 = DIRECTION('',(0.848682305631,0.528902962847,0.));
#15164 = ORIENTED_EDGE('',*,*,#15165,.T.);
#15165 = EDGE_CURVE('',#15157,#15166,#15168,.T.);
#15166 = VERTEX_POINT('',#15167);
#15167 = CARTESIAN_POINT('',(14.410808,-1.800212,1.585));
#15168 = LINE('',#15169,#15170);
#15169 = CARTESIAN_POINT('',(14.453447,-1.63555,1.585));
#15170 = VECTOR('',#15171,1.);
#15171 = DIRECTION('',(-0.250680380469,-0.968069908038,0.));
#15172 = ORIENTED_EDGE('',*,*,#15173,.T.);
#15173 = EDGE_CURVE('',#15166,#15174,#15176,.T.);
#15174 = VERTEX_POINT('',#15175);
#15175 = CARTESIAN_POINT('',(14.361474,-1.891995,1.585));
#15176 = LINE('',#15177,#15178);
#15177 = CARTESIAN_POINT('',(14.410808,-1.800212,1.585));
#15178 = VECTOR('',#15179,1.);
#15179 = DIRECTION('',(-0.473447860011,-0.880821845693,0.));
#15180 = ORIENTED_EDGE('',*,*,#15181,.T.);
#15181 = EDGE_CURVE('',#15174,#15182,#15184,.T.);
#15182 = VERTEX_POINT('',#15183);
#15183 = CARTESIAN_POINT('',(14.273814,-1.97585,1.585));
#15184 = LINE('',#15185,#15186);
#15185 = CARTESIAN_POINT('',(14.361474,-1.891995,1.585));
#15186 = VECTOR('',#15187,1.);
#15187 = DIRECTION('',(-0.722615897678,-0.691249784392,0.));
#15188 = ORIENTED_EDGE('',*,*,#15189,.T.);
#15189 = EDGE_CURVE('',#15182,#15190,#15192,.T.);
#15190 = VERTEX_POINT('',#15191);
#15191 = CARTESIAN_POINT('',(14.138004,-2.021978,1.585));
#15192 = LINE('',#15193,#15194);
#15193 = CARTESIAN_POINT('',(14.273814,-1.97585,1.585));
#15194 = VECTOR('',#15195,1.);
#15195 = DIRECTION('',(-0.946873416902,-0.321606486819,0.));
#15196 = ORIENTED_EDGE('',*,*,#15197,.T.);
#15197 = EDGE_CURVE('',#15190,#15198,#15200,.T.);
#15198 = VERTEX_POINT('',#15199);
#15199 = CARTESIAN_POINT('',(13.938095,-2.023855,1.585));
#15200 = LINE('',#15201,#15202);
#15201 = CARTESIAN_POINT('',(14.138004,-2.021978,1.585));
#15202 = VECTOR('',#15203,1.);
#15203 = DIRECTION('',(-0.999955923699,-9.38885827443E-03,0.));
#15204 = ORIENTED_EDGE('',*,*,#15205,.T.);
#15205 = EDGE_CURVE('',#15198,#15206,#15208,.T.);
#15206 = VERTEX_POINT('',#15207);
#15207 = CARTESIAN_POINT('',(13.878095,-1.963855,1.585));
#15208 = CIRCLE('',#15209,5.99993201626E-02);
#15209 = AXIS2_PLACEMENT_3D('',#15210,#15211,#15212);
#15210 = CARTESIAN_POINT('',(13.938094320159,-1.963855679841,1.585));
#15211 = DIRECTION('',(0.,0.,-1.));
#15212 = DIRECTION('',(1.133081594379E-05,-0.999999999936,0.));
#15213 = ORIENTED_EDGE('',*,*,#15214,.T.);
#15214 = EDGE_CURVE('',#15206,#15122,#15215,.T.);
#15215 = LINE('',#15216,#15217);
#15216 = CARTESIAN_POINT('',(13.878095,-1.963855,1.585));
#15217 = VECTOR('',#15218,1.);
#15218 = DIRECTION('',(0.,1.,0.));
#15219 = FACE_BOUND('',#15220,.F.);
#15220 = EDGE_LOOP('',(#15221,#15231,#15239,#15247,#15255,#15263,#15271,
    #15280,#15288,#15296));
#15221 = ORIENTED_EDGE('',*,*,#15222,.T.);
#15222 = EDGE_CURVE('',#15223,#15225,#15227,.T.);
#15223 = VERTEX_POINT('',#15224);
#15224 = CARTESIAN_POINT('',(14.210447,-1.254392,1.585));
#15225 = VERTEX_POINT('',#15226);
#15226 = CARTESIAN_POINT('',(14.118834,-1.223855,1.585));
#15227 = LINE('',#15228,#15229);
#15228 = CARTESIAN_POINT('',(14.210447,-1.254392,1.585));
#15229 = VECTOR('',#15230,1.);
#15230 = DIRECTION('',(-0.948685369102,0.316221552796,0.));
#15231 = ORIENTED_EDGE('',*,*,#15232,.T.);
#15232 = EDGE_CURVE('',#15225,#15233,#15235,.T.);
#15233 = VERTEX_POINT('',#15234);
#15234 = CARTESIAN_POINT('',(13.998095,-1.223855,1.585));
#15235 = LINE('',#15236,#15237);
#15236 = CARTESIAN_POINT('',(14.118834,-1.223855,1.585));
#15237 = VECTOR('',#15238,1.);
#15238 = DIRECTION('',(-1.,0.,0.));
#15239 = ORIENTED_EDGE('',*,*,#15240,.T.);
#15240 = EDGE_CURVE('',#15233,#15241,#15243,.T.);
#15241 = VERTEX_POINT('',#15242);
#15242 = CARTESIAN_POINT('',(13.998095,-1.903855,1.585));
#15243 = LINE('',#15244,#15245);
#15244 = CARTESIAN_POINT('',(13.998095,-1.223855,1.585));
#15245 = VECTOR('',#15246,1.);
#15246 = DIRECTION('',(0.,-1.,0.));
#15247 = ORIENTED_EDGE('',*,*,#15248,.T.);
#15248 = EDGE_CURVE('',#15241,#15249,#15251,.T.);
#15249 = VERTEX_POINT('',#15250);
#15250 = CARTESIAN_POINT('',(14.118834,-1.903855,1.585));
#15251 = LINE('',#15252,#15253);
#15252 = CARTESIAN_POINT('',(13.998095,-1.903855,1.585));
#15253 = VECTOR('',#15254,1.);
#15254 = DIRECTION('',(1.,0.,0.));
#15255 = ORIENTED_EDGE('',*,*,#15256,.T.);
#15256 = EDGE_CURVE('',#15249,#15257,#15259,.T.);
#15257 = VERTEX_POINT('',#15258);
#15258 = CARTESIAN_POINT('',(14.210445,-1.873318,1.585));
#15259 = LINE('',#15260,#15261);
#15260 = CARTESIAN_POINT('',(14.118834,-1.903855,1.585));
#15261 = VECTOR('',#15262,1.);
#15262 = DIRECTION('',(0.948683298051,0.316227766017,0.));
#15263 = ORIENTED_EDGE('',*,*,#15264,.T.);
#15264 = EDGE_CURVE('',#15257,#15265,#15267,.T.);
#15265 = VERTEX_POINT('',#15266);
#15266 = CARTESIAN_POINT('',(14.269734,-1.81403,1.585));
#15267 = LINE('',#15268,#15269);
#15268 = CARTESIAN_POINT('',(14.210445,-1.873318,1.585));
#15269 = VECTOR('',#15270,1.);
#15270 = DIRECTION('',(0.707112744432,0.70710081789,0.));
#15271 = ORIENTED_EDGE('',*,*,#15272,.T.);
#15272 = EDGE_CURVE('',#15265,#15273,#15275,.T.);
#15273 = VERTEX_POINT('',#15274);
#15274 = CARTESIAN_POINT('',(14.335238,-1.514096,1.585));
#15275 = CIRCLE('',#15276,0.48940696356);
#15276 = AXIS2_PLACEMENT_3D('',#15277,#15278,#15279);
#15277 = CARTESIAN_POINT('',(13.848476096965,-1.564909637299,1.585));
#15278 = DIRECTION('',(0.,0.,1.));
#15279 = DIRECTION('',(0.860751755492,-0.509024965417,0.));
#15280 = ORIENTED_EDGE('',*,*,#15281,.T.);
#15281 = EDGE_CURVE('',#15273,#15282,#15284,.T.);
#15282 = VERTEX_POINT('',#15283);
#15283 = CARTESIAN_POINT('',(14.300532,-1.375276,1.585));
#15284 = LINE('',#15285,#15286);
#15285 = CARTESIAN_POINT('',(14.335238,-1.514096,1.585));
#15286 = VECTOR('',#15287,1.);
#15287 = DIRECTION('',(-0.242542202424,0.970140855775,0.));
#15288 = ORIENTED_EDGE('',*,*,#15289,.T.);
#15289 = EDGE_CURVE('',#15282,#15290,#15292,.T.);
#15290 = VERTEX_POINT('',#15291);
#15291 = CARTESIAN_POINT('',(14.269733,-1.313678,1.585));
#15292 = LINE('',#15293,#15294);
#15293 = CARTESIAN_POINT('',(14.300532,-1.375276,1.585));
#15294 = VECTOR('',#15295,1.);
#15295 = DIRECTION('',(-0.4472135955,0.894427191,0.));
#15296 = ORIENTED_EDGE('',*,*,#15297,.T.);
#15297 = EDGE_CURVE('',#15290,#15223,#15298,.T.);
#15298 = LINE('',#15299,#15300);
#15299 = CARTESIAN_POINT('',(14.269733,-1.313678,1.585));
#15300 = VECTOR('',#15301,1.);
#15301 = DIRECTION('',(-0.707106781187,0.707106781187,0.));
#15302 = PLANE('',#15303);
#15303 = AXIS2_PLACEMENT_3D('',#15304,#15305,#15306);
#15304 = CARTESIAN_POINT('',(0.,0.,1.585));
#15305 = DIRECTION('',(0.,0.,1.));
#15306 = DIRECTION('',(1.,0.,-0.));
#15307 = SHELL_BASED_SURFACE_MODEL('',(#15308));
#15308 = OPEN_SHELL('',(#15309));
#15309 = ADVANCED_FACE('',(#15310),#15371,.T.);
#15310 = FACE_BOUND('',#15311,.F.);
#15311 = EDGE_LOOP('',(#15312,#15323,#15331,#15340,#15348,#15357,#15365)
  );
#15312 = ORIENTED_EDGE('',*,*,#15313,.T.);
#15313 = EDGE_CURVE('',#15314,#15316,#15318,.T.);
#15314 = VERTEX_POINT('',#15315);
#15315 = CARTESIAN_POINT('',(19.786352,-1.410341,1.585));
#15316 = VERTEX_POINT('',#15317);
#15317 = CARTESIAN_POINT('',(19.899361,-1.450702,1.585));
#15318 = CIRCLE('',#15319,6.00000925069E-02);
#15319 = AXIS2_PLACEMENT_3D('',#15320,#15321,#15322);
#15320 = CARTESIAN_POINT('',(19.842856695063,-1.430520953833,1.585));
#15321 = DIRECTION('',(0.,0.,-1.));
#15322 = DIRECTION('',(-0.941743465748,0.336332045337,0.));
#15323 = ORIENTED_EDGE('',*,*,#15324,.T.);
#15324 = EDGE_CURVE('',#15316,#15325,#15327,.T.);
#15325 = VERTEX_POINT('',#15326);
#15326 = CARTESIAN_POINT('',(19.708884,-1.984035,1.585));
#15327 = LINE('',#15328,#15329);
#15328 = CARTESIAN_POINT('',(19.899361,-1.450702,1.585));
#15329 = VECTOR('',#15330,1.);
#15330 = DIRECTION('',(-0.336337851158,-0.941741392251,0.));
#15331 = ORIENTED_EDGE('',*,*,#15332,.T.);
#15332 = EDGE_CURVE('',#15325,#15333,#15335,.T.);
#15333 = VERTEX_POINT('',#15334);
#15334 = CARTESIAN_POINT('',(19.595875,-1.984035,1.585));
#15335 = CIRCLE('',#15336,5.999989887302E-02);
#15336 = AXIS2_PLACEMENT_3D('',#15337,#15338,#15339);
#15337 = CARTESIAN_POINT('',(19.6523795,-1.963855075706,1.585));
#15338 = DIRECTION('',(-0.,0.,-1.));
#15339 = DIRECTION('',(0.941743253928,-0.336332638443,-0.));
#15340 = ORIENTED_EDGE('',*,*,#15341,.T.);
#15341 = EDGE_CURVE('',#15333,#15342,#15344,.T.);
#15342 = VERTEX_POINT('',#15343);
#15343 = CARTESIAN_POINT('',(19.405399,-1.450701,1.585));
#15344 = LINE('',#15345,#15346);
#15345 = CARTESIAN_POINT('',(19.595875,-1.984035,1.585));
#15346 = VECTOR('',#15347,1.);
#15347 = DIRECTION('',(-0.336335725848,0.941742151291,0.));
#15348 = ORIENTED_EDGE('',*,*,#15349,.T.);
#15349 = EDGE_CURVE('',#15342,#15350,#15352,.T.);
#15350 = VERTEX_POINT('',#15351);
#15351 = CARTESIAN_POINT('',(19.518409,-1.410341,1.585));
#15352 = CIRCLE('',#15353,6.000039520922E-02);
#15353 = AXIS2_PLACEMENT_3D('',#15354,#15355,#15356);
#15354 = CARTESIAN_POINT('',(19.461904172238,-1.430521482274,1.585));
#15355 = DIRECTION('',(0.,0.,-1.));
#15356 = DIRECTION('',(-0.941746667509,-0.33632308014,-0.));
#15357 = ORIENTED_EDGE('',*,*,#15358,.T.);
#15358 = EDGE_CURVE('',#15350,#15359,#15361,.T.);
#15359 = VERTEX_POINT('',#15360);
#15360 = CARTESIAN_POINT('',(19.65238,-1.785462,1.585));
#15361 = LINE('',#15362,#15363);
#15362 = CARTESIAN_POINT('',(19.518409,-1.410341,1.585));
#15363 = VECTOR('',#15364,1.);
#15364 = DIRECTION('',(0.336334647597,-0.941742536379,0.));
#15365 = ORIENTED_EDGE('',*,*,#15366,.T.);
#15366 = EDGE_CURVE('',#15359,#15314,#15367,.T.);
#15367 = LINE('',#15368,#15369);
#15368 = CARTESIAN_POINT('',(19.65238,-1.785462,1.585));
#15369 = VECTOR('',#15370,1.);
#15370 = DIRECTION('',(0.336336874107,0.941741741199,0.));
#15371 = PLANE('',#15372);
#15372 = AXIS2_PLACEMENT_3D('',#15373,#15374,#15375);
#15373 = CARTESIAN_POINT('',(0.,0.,1.585));
#15374 = DIRECTION('',(0.,0.,1.));
#15375 = DIRECTION('',(1.,0.,-0.));
#15376 = SHELL_BASED_SURFACE_MODEL('',(#15377));
#15377 = OPEN_SHELL('',(#15378));
#15378 = ADVANCED_FACE('',(#15379,#15479),#15505,.T.);
#15379 = FACE_BOUND('',#15380,.F.);
#15380 = EDGE_LOOP('',(#15381,#15391,#15399,#15407,#15415,#15423,#15431,
    #15440,#15448,#15456,#15464,#15473));
#15381 = ORIENTED_EDGE('',*,*,#15382,.T.);
#15382 = EDGE_CURVE('',#15383,#15385,#15387,.T.);
#15383 = VERTEX_POINT('',#15384);
#15384 = CARTESIAN_POINT('',(15.443079,-1.144881,1.585));
#15385 = VERTEX_POINT('',#15386);
#15386 = CARTESIAN_POINT('',(15.460688,-1.118528,1.585));
#15387 = LINE('',#15388,#15389);
#15388 = CARTESIAN_POINT('',(15.443079,-1.144881,1.585));
#15389 = VECTOR('',#15390,1.);
#15390 = DIRECTION('',(0.555580885214,0.831462494635,0.));
#15391 = ORIENTED_EDGE('',*,*,#15392,.T.);
#15392 = EDGE_CURVE('',#15385,#15393,#15395,.T.);
#15393 = VERTEX_POINT('',#15394);
#15394 = CARTESIAN_POINT('',(15.504253,-1.104006,1.585));
#15395 = LINE('',#15396,#15397);
#15396 = CARTESIAN_POINT('',(15.460688,-1.118528,1.585));
#15397 = VECTOR('',#15398,1.);
#15398 = DIRECTION('',(0.948681120406,0.316234298876,0.));
#15399 = ORIENTED_EDGE('',*,*,#15400,.T.);
#15400 = EDGE_CURVE('',#15393,#15401,#15403,.T.);
#15401 = VERTEX_POINT('',#15402);
#15402 = CARTESIAN_POINT('',(15.521266,-1.112512,1.585));
#15403 = LINE('',#15404,#15405);
#15404 = CARTESIAN_POINT('',(15.504253,-1.104006,1.585));
#15405 = VECTOR('',#15406,1.);
#15406 = DIRECTION('',(0.894437705509,-0.447192565865,0.));
#15407 = ORIENTED_EDGE('',*,*,#15408,.T.);
#15408 = EDGE_CURVE('',#15401,#15409,#15411,.T.);
#15409 = VERTEX_POINT('',#15410);
#15410 = CARTESIAN_POINT('',(15.545327,-1.124543,1.585));
#15411 = LINE('',#15412,#15413);
#15412 = CARTESIAN_POINT('',(15.521266,-1.112512,1.585));
#15413 = VECTOR('',#15414,1.);
#15414 = DIRECTION('',(0.894419756275,-0.447228464642,0.));
#15415 = ORIENTED_EDGE('',*,*,#15416,.T.);
#15416 = EDGE_CURVE('',#15409,#15417,#15419,.T.);
#15417 = VERTEX_POINT('',#15418);
#15418 = CARTESIAN_POINT('',(15.556921,-1.144881,1.585));
#15419 = LINE('',#15420,#15421);
#15420 = CARTESIAN_POINT('',(15.545327,-1.124543,1.585));
#15421 = VECTOR('',#15422,1.);
#15422 = DIRECTION('',(0.495246245969,-0.868752643653,0.));
#15423 = ORIENTED_EDGE('',*,*,#15424,.T.);
#15424 = EDGE_CURVE('',#15417,#15425,#15427,.T.);
#15425 = VERTEX_POINT('',#15426);
#15426 = CARTESIAN_POINT('',(15.823587,-1.944882,1.585));
#15427 = LINE('',#15428,#15429);
#15428 = CARTESIAN_POINT('',(15.556921,-1.144881,1.585));
#15429 = VECTOR('',#15430,1.);
#15430 = DIRECTION('',(0.316226698749,-0.948683653806,0.));
#15431 = ORIENTED_EDGE('',*,*,#15432,.T.);
#15432 = EDGE_CURVE('',#15425,#15433,#15435,.T.);
#15433 = VERTEX_POINT('',#15434);
#15434 = CARTESIAN_POINT('',(15.709745,-1.982829,1.585));
#15435 = CIRCLE('',#15436,5.999994952738E-02);
#15436 = AXIS2_PLACEMENT_3D('',#15437,#15438,#15439);
#15437 = CARTESIAN_POINT('',(15.766666061773,-1.96385568532,1.585));
#15438 = DIRECTION('',(0.,0.,-1.));
#15439 = DIRECTION('',(0.948683101829,0.31622835468,0.));
#15440 = ORIENTED_EDGE('',*,*,#15441,.T.);
#15441 = EDGE_CURVE('',#15433,#15442,#15444,.T.);
#15442 = VERTEX_POINT('',#15443);
#15443 = CARTESIAN_POINT('',(15.64723,-1.795283,1.585));
#15444 = LINE('',#15445,#15446);
#15445 = CARTESIAN_POINT('',(15.709745,-1.982829,1.585));
#15446 = VECTOR('',#15447,1.);
#15447 = DIRECTION('',(-0.316226248495,0.94868380389,0.));
#15448 = ORIENTED_EDGE('',*,*,#15449,.T.);
#15449 = EDGE_CURVE('',#15442,#15450,#15452,.T.);
#15450 = VERTEX_POINT('',#15451);
#15451 = CARTESIAN_POINT('',(15.352769,-1.795283,1.585));
#15452 = LINE('',#15453,#15454);
#15453 = CARTESIAN_POINT('',(15.64723,-1.795283,1.585));
#15454 = VECTOR('',#15455,1.);
#15455 = DIRECTION('',(-1.,0.,0.));
#15456 = ORIENTED_EDGE('',*,*,#15457,.T.);
#15457 = EDGE_CURVE('',#15450,#15458,#15460,.T.);
#15458 = VERTEX_POINT('',#15459);
#15459 = CARTESIAN_POINT('',(15.290254,-1.982829,1.585));
#15460 = LINE('',#15461,#15462);
#15461 = CARTESIAN_POINT('',(15.352769,-1.795283,1.585));
#15462 = VECTOR('',#15463,1.);
#15463 = DIRECTION('',(-0.316226248495,-0.94868380389,0.));
#15464 = ORIENTED_EDGE('',*,*,#15465,.T.);
#15465 = EDGE_CURVE('',#15458,#15466,#15468,.T.);
#15466 = VERTEX_POINT('',#15467);
#15467 = CARTESIAN_POINT('',(15.176412,-1.944881,1.585));
#15468 = CIRCLE('',#15469,6.00001076419E-02);
#15469 = AXIS2_PLACEMENT_3D('',#15470,#15471,#15472);
#15470 = CARTESIAN_POINT('',(15.233333063058,-1.963854810829,1.585));
#15471 = DIRECTION('',(-0.,0.,-1.));
#15472 = DIRECTION('',(0.948680580403,-0.316235918843,-0.));
#15473 = ORIENTED_EDGE('',*,*,#15474,.T.);
#15474 = EDGE_CURVE('',#15466,#15383,#15475,.T.);
#15475 = LINE('',#15476,#15477);
#15476 = CARTESIAN_POINT('',(15.176412,-1.944881,1.585));
#15477 = VECTOR('',#15478,1.);
#15478 = DIRECTION('',(0.316228121773,0.948683179465,0.));
#15479 = FACE_BOUND('',#15480,.F.);
#15480 = EDGE_LOOP('',(#15481,#15491,#15499));
#15481 = ORIENTED_EDGE('',*,*,#15482,.T.);
#15482 = EDGE_CURVE('',#15483,#15485,#15487,.T.);
#15483 = VERTEX_POINT('',#15484);
#15484 = CARTESIAN_POINT('',(15.392769,-1.675283,1.585));
#15485 = VERTEX_POINT('',#15486);
#15486 = CARTESIAN_POINT('',(15.60723,-1.675283,1.585));
#15487 = LINE('',#15488,#15489);
#15488 = CARTESIAN_POINT('',(15.392769,-1.675283,1.585));
#15489 = VECTOR('',#15490,1.);
#15490 = DIRECTION('',(1.,0.,0.));
#15491 = ORIENTED_EDGE('',*,*,#15492,.T.);
#15492 = EDGE_CURVE('',#15485,#15493,#15495,.T.);
#15493 = VERTEX_POINT('',#15494);
#15494 = CARTESIAN_POINT('',(15.499999,-1.353592,1.585));
#15495 = LINE('',#15496,#15497);
#15496 = CARTESIAN_POINT('',(15.60723,-1.675283,1.585));
#15497 = VECTOR('',#15498,1.);
#15498 = DIRECTION('',(-0.316229535446,0.948682708239,0.));
#15499 = ORIENTED_EDGE('',*,*,#15500,.T.);
#15500 = EDGE_CURVE('',#15493,#15483,#15501,.T.);
#15501 = LINE('',#15502,#15503);
#15502 = CARTESIAN_POINT('',(15.499999,-1.353592,1.585));
#15503 = VECTOR('',#15504,1.);
#15504 = DIRECTION('',(-0.316226881301,-0.948683592955,0.));
#15505 = PLANE('',#15506);
#15506 = AXIS2_PLACEMENT_3D('',#15507,#15508,#15509);
#15507 = CARTESIAN_POINT('',(0.,0.,1.585));
#15508 = DIRECTION('',(0.,0.,1.));
#15509 = DIRECTION('',(1.,0.,-0.));
#15510 = SHELL_BASED_SURFACE_MODEL('',(#15511));
#15511 = OPEN_SHELL('',(#15512));
#15512 = ADVANCED_FACE('',(#15513,#15613),#15639,.T.);
#15513 = FACE_BOUND('',#15514,.F.);
#15514 = EDGE_LOOP('',(#15515,#15525,#15533,#15541,#15549,#15557,#15565,
    #15574,#15582,#15590,#15598,#15607));
#15515 = ORIENTED_EDGE('',*,*,#15516,.T.);
#15516 = EDGE_CURVE('',#15517,#15519,#15521,.T.);
#15517 = VERTEX_POINT('',#15518);
#15518 = CARTESIAN_POINT('',(20.852603,-1.144881,1.585));
#15519 = VERTEX_POINT('',#15520);
#15520 = CARTESIAN_POINT('',(20.870212,-1.118528,1.585));
#15521 = LINE('',#15522,#15523);
#15522 = CARTESIAN_POINT('',(20.852603,-1.144881,1.585));
#15523 = VECTOR('',#15524,1.);
#15524 = DIRECTION('',(0.555580885214,0.831462494635,0.));
#15525 = ORIENTED_EDGE('',*,*,#15526,.T.);
#15526 = EDGE_CURVE('',#15519,#15527,#15529,.T.);
#15527 = VERTEX_POINT('',#15528);
#15528 = CARTESIAN_POINT('',(20.913777,-1.104006,1.585));
#15529 = LINE('',#15530,#15531);
#15530 = CARTESIAN_POINT('',(20.870212,-1.118528,1.585));
#15531 = VECTOR('',#15532,1.);
#15532 = DIRECTION('',(0.948681120406,0.316234298876,0.));
#15533 = ORIENTED_EDGE('',*,*,#15534,.T.);
#15534 = EDGE_CURVE('',#15527,#15535,#15537,.T.);
#15535 = VERTEX_POINT('',#15536);
#15536 = CARTESIAN_POINT('',(20.93079,-1.112512,1.585));
#15537 = LINE('',#15538,#15539);
#15538 = CARTESIAN_POINT('',(20.913777,-1.104006,1.585));
#15539 = VECTOR('',#15540,1.);
#15540 = DIRECTION('',(0.894437705509,-0.447192565865,0.));
#15541 = ORIENTED_EDGE('',*,*,#15542,.T.);
#15542 = EDGE_CURVE('',#15535,#15543,#15545,.T.);
#15543 = VERTEX_POINT('',#15544);
#15544 = CARTESIAN_POINT('',(20.954851,-1.124543,1.585));
#15545 = LINE('',#15546,#15547);
#15546 = CARTESIAN_POINT('',(20.93079,-1.112512,1.585));
#15547 = VECTOR('',#15548,1.);
#15548 = DIRECTION('',(0.894419756275,-0.447228464641,0.));
#15549 = ORIENTED_EDGE('',*,*,#15550,.T.);
#15550 = EDGE_CURVE('',#15543,#15551,#15553,.T.);
#15551 = VERTEX_POINT('',#15552);
#15552 = CARTESIAN_POINT('',(20.966445,-1.144881,1.585));
#15553 = LINE('',#15554,#15555);
#15554 = CARTESIAN_POINT('',(20.954851,-1.124543,1.585));
#15555 = VECTOR('',#15556,1.);
#15556 = DIRECTION('',(0.495246245969,-0.868752643653,0.));
#15557 = ORIENTED_EDGE('',*,*,#15558,.T.);
#15558 = EDGE_CURVE('',#15551,#15559,#15561,.T.);
#15559 = VERTEX_POINT('',#15560);
#15560 = CARTESIAN_POINT('',(21.233111,-1.944882,1.585));
#15561 = LINE('',#15562,#15563);
#15562 = CARTESIAN_POINT('',(20.966445,-1.144881,1.585));
#15563 = VECTOR('',#15564,1.);
#15564 = DIRECTION('',(0.316226698749,-0.948683653806,0.));
#15565 = ORIENTED_EDGE('',*,*,#15566,.T.);
#15566 = EDGE_CURVE('',#15559,#15567,#15569,.T.);
#15567 = VERTEX_POINT('',#15568);
#15568 = CARTESIAN_POINT('',(21.119269,-1.982829,1.585));
#15569 = CIRCLE('',#15570,5.999994952738E-02);
#15570 = AXIS2_PLACEMENT_3D('',#15571,#15572,#15573);
#15571 = CARTESIAN_POINT('',(21.176190061773,-1.96385568532,1.585));
#15572 = DIRECTION('',(0.,0.,-1.));
#15573 = DIRECTION('',(0.948683101829,0.31622835468,0.));
#15574 = ORIENTED_EDGE('',*,*,#15575,.T.);
#15575 = EDGE_CURVE('',#15567,#15576,#15578,.T.);
#15576 = VERTEX_POINT('',#15577);
#15577 = CARTESIAN_POINT('',(21.056754,-1.795283,1.585));
#15578 = LINE('',#15579,#15580);
#15579 = CARTESIAN_POINT('',(21.119269,-1.982829,1.585));
#15580 = VECTOR('',#15581,1.);
#15581 = DIRECTION('',(-0.316226248495,0.94868380389,0.));
#15582 = ORIENTED_EDGE('',*,*,#15583,.T.);
#15583 = EDGE_CURVE('',#15576,#15584,#15586,.T.);
#15584 = VERTEX_POINT('',#15585);
#15585 = CARTESIAN_POINT('',(20.762293,-1.795283,1.585));
#15586 = LINE('',#15587,#15588);
#15587 = CARTESIAN_POINT('',(21.056754,-1.795283,1.585));
#15588 = VECTOR('',#15589,1.);
#15589 = DIRECTION('',(-1.,0.,0.));
#15590 = ORIENTED_EDGE('',*,*,#15591,.T.);
#15591 = EDGE_CURVE('',#15584,#15592,#15594,.T.);
#15592 = VERTEX_POINT('',#15593);
#15593 = CARTESIAN_POINT('',(20.699778,-1.982829,1.585));
#15594 = LINE('',#15595,#15596);
#15595 = CARTESIAN_POINT('',(20.762293,-1.795283,1.585));
#15596 = VECTOR('',#15597,1.);
#15597 = DIRECTION('',(-0.316226248495,-0.94868380389,0.));
#15598 = ORIENTED_EDGE('',*,*,#15599,.T.);
#15599 = EDGE_CURVE('',#15592,#15600,#15602,.T.);
#15600 = VERTEX_POINT('',#15601);
#15601 = CARTESIAN_POINT('',(20.585936,-1.944881,1.585));
#15602 = CIRCLE('',#15603,6.00001076419E-02);
#15603 = AXIS2_PLACEMENT_3D('',#15604,#15605,#15606);
#15604 = CARTESIAN_POINT('',(20.642857063058,-1.963854810829,1.585));
#15605 = DIRECTION('',(-0.,0.,-1.));
#15606 = DIRECTION('',(0.948680580403,-0.316235918843,-0.));
#15607 = ORIENTED_EDGE('',*,*,#15608,.T.);
#15608 = EDGE_CURVE('',#15600,#15517,#15609,.T.);
#15609 = LINE('',#15610,#15611);
#15610 = CARTESIAN_POINT('',(20.585936,-1.944881,1.585));
#15611 = VECTOR('',#15612,1.);
#15612 = DIRECTION('',(0.316228121773,0.948683179465,0.));
#15613 = FACE_BOUND('',#15614,.F.);
#15614 = EDGE_LOOP('',(#15615,#15625,#15633));
#15615 = ORIENTED_EDGE('',*,*,#15616,.T.);
#15616 = EDGE_CURVE('',#15617,#15619,#15621,.T.);
#15617 = VERTEX_POINT('',#15618);
#15618 = CARTESIAN_POINT('',(20.802293,-1.675283,1.585));
#15619 = VERTEX_POINT('',#15620);
#15620 = CARTESIAN_POINT('',(21.016754,-1.675283,1.585));
#15621 = LINE('',#15622,#15623);
#15622 = CARTESIAN_POINT('',(20.802293,-1.675283,1.585));
#15623 = VECTOR('',#15624,1.);
#15624 = DIRECTION('',(1.,0.,0.));
#15625 = ORIENTED_EDGE('',*,*,#15626,.T.);
#15626 = EDGE_CURVE('',#15619,#15627,#15629,.T.);
#15627 = VERTEX_POINT('',#15628);
#15628 = CARTESIAN_POINT('',(20.909523,-1.353592,1.585));
#15629 = LINE('',#15630,#15631);
#15630 = CARTESIAN_POINT('',(21.016754,-1.675283,1.585));
#15631 = VECTOR('',#15632,1.);
#15632 = DIRECTION('',(-0.316229535446,0.948682708239,0.));
#15633 = ORIENTED_EDGE('',*,*,#15634,.T.);
#15634 = EDGE_CURVE('',#15627,#15617,#15635,.T.);
#15635 = LINE('',#15636,#15637);
#15636 = CARTESIAN_POINT('',(20.909523,-1.353592,1.585));
#15637 = VECTOR('',#15638,1.);
#15638 = DIRECTION('',(-0.316226881301,-0.948683592955,0.));
#15639 = PLANE('',#15640);
#15640 = AXIS2_PLACEMENT_3D('',#15641,#15642,#15643);
#15641 = CARTESIAN_POINT('',(0.,0.,1.585));
#15642 = DIRECTION('',(0.,0.,1.));
#15643 = DIRECTION('',(1.,0.,-0.));
#15644 = SHELL_BASED_SURFACE_MODEL('',(#15645));
#15645 = OPEN_SHELL('',(#15646));
#15646 = ADVANCED_FACE('',(#15647,#15835),#15886,.T.);
#15647 = FACE_BOUND('',#15648,.F.);
#15648 = EDGE_LOOP('',(#15649,#15659,#15667,#15675,#15683,#15691,#15699,
    #15707,#15715,#15723,#15731,#15739,#15747,#15755,#15763,#15771,
    #15779,#15788,#15796,#15804,#15812,#15820,#15829));
#15649 = ORIENTED_EDGE('',*,*,#15650,.T.);
#15650 = EDGE_CURVE('',#15651,#15653,#15655,.T.);
#15651 = VERTEX_POINT('',#15652);
#15652 = CARTESIAN_POINT('',(18.825548,-1.414952,1.585));
#15653 = VERTEX_POINT('',#15654);
#15654 = CARTESIAN_POINT('',(18.915044,-1.373211,1.585));
#15655 = LINE('',#15656,#15657);
#15656 = CARTESIAN_POINT('',(18.825548,-1.414952,1.585));
#15657 = VECTOR('',#15658,1.);
#15658 = DIRECTION('',(0.906275475911,0.422687546259,0.));
#15659 = ORIENTED_EDGE('',*,*,#15660,.T.);
#15660 = EDGE_CURVE('',#15653,#15661,#15663,.T.);
#15661 = VERTEX_POINT('',#15662);
#15662 = CARTESIAN_POINT('',(19.083899,-1.371107,1.585));
#15663 = LINE('',#15664,#15665);
#15664 = CARTESIAN_POINT('',(18.915044,-1.373211,1.585));
#15665 = VECTOR('',#15666,1.);
#15666 = DIRECTION('',(0.999922378317,1.245942781664E-02,0.));
#15667 = ORIENTED_EDGE('',*,*,#15668,.T.);
#15668 = EDGE_CURVE('',#15661,#15669,#15671,.T.);
#15669 = VERTEX_POINT('',#15670);
#15670 = CARTESIAN_POINT('',(19.107785,-1.376856,1.585));
#15671 = LINE('',#15672,#15673);
#15672 = CARTESIAN_POINT('',(19.083899,-1.371107,1.585));
#15673 = VECTOR('',#15674,1.);
#15674 = DIRECTION('',(0.972235985292,-0.234002540377,0.));
#15675 = ORIENTED_EDGE('',*,*,#15676,.T.);
#15676 = EDGE_CURVE('',#15669,#15677,#15679,.T.);
#15677 = VERTEX_POINT('',#15678);
#15678 = CARTESIAN_POINT('',(19.196455,-1.42329,1.585));
#15679 = LINE('',#15680,#15681);
#15680 = CARTESIAN_POINT('',(19.107785,-1.376856,1.585));
#15681 = VECTOR('',#15682,1.);
#15682 = DIRECTION('',(0.885881590639,-0.463911421898,0.));
#15683 = ORIENTED_EDGE('',*,*,#15684,.T.);
#15684 = EDGE_CURVE('',#15677,#15685,#15687,.T.);
#15685 = VERTEX_POINT('',#15686);
#15686 = CARTESIAN_POINT('',(19.210809,-1.441784,1.585));
#15687 = LINE('',#15688,#15689);
#15688 = CARTESIAN_POINT('',(19.196455,-1.42329,1.585));
#15689 = VECTOR('',#15690,1.);
#15690 = DIRECTION('',(0.613135932125,-0.789977422929,0.));
#15691 = ORIENTED_EDGE('',*,*,#15692,.T.);
#15692 = EDGE_CURVE('',#15685,#15693,#15695,.T.);
#15693 = VERTEX_POINT('',#15694);
#15694 = CARTESIAN_POINT('',(19.252547,-1.531278,1.585));
#15695 = LINE('',#15696,#15697);
#15696 = CARTESIAN_POINT('',(19.210809,-1.441784,1.585));
#15697 = VECTOR('',#15698,1.);
#15698 = DIRECTION('',(0.422670352346,-0.906283494966,0.));
#15699 = ORIENTED_EDGE('',*,*,#15700,.T.);
#15700 = EDGE_CURVE('',#15693,#15701,#15703,.T.);
#15701 = VERTEX_POINT('',#15702);
#15702 = CARTESIAN_POINT('',(19.252422,-1.635154,1.585));
#15703 = LINE('',#15704,#15705);
#15704 = CARTESIAN_POINT('',(19.252547,-1.531278,1.585));
#15705 = VECTOR('',#15706,1.);
#15706 = DIRECTION('',(-1.203356978477E-03,-0.999999275966,0.));
#15707 = ORIENTED_EDGE('',*,*,#15708,.T.);
#15708 = EDGE_CURVE('',#15701,#15709,#15711,.T.);
#15709 = VERTEX_POINT('',#15710);
#15710 = CARTESIAN_POINT('',(19.250671,-1.643959,1.585));
#15711 = LINE('',#15712,#15713);
#15712 = CARTESIAN_POINT('',(19.252422,-1.635154,1.585));
#15713 = VECTOR('',#15714,1.);
#15714 = DIRECTION('',(-0.19504495461,-0.980794303451,0.));
#15715 = ORIENTED_EDGE('',*,*,#15716,.T.);
#15716 = EDGE_CURVE('',#15709,#15717,#15719,.T.);
#15717 = VERTEX_POINT('',#15718);
#15718 = CARTESIAN_POINT('',(19.228624,-1.670852,1.585));
#15719 = LINE('',#15720,#15721);
#15720 = CARTESIAN_POINT('',(19.250671,-1.643959,1.585));
#15721 = VECTOR('',#15722,1.);
#15722 = DIRECTION('',(-0.633989140257,-0.77334194897,0.));
#15723 = ORIENTED_EDGE('',*,*,#15724,.T.);
#15724 = EDGE_CURVE('',#15717,#15725,#15727,.T.);
#15725 = VERTEX_POINT('',#15726);
#15726 = CARTESIAN_POINT('',(19.207005,-1.679833,1.585));
#15727 = LINE('',#15728,#15729);
#15728 = CARTESIAN_POINT('',(19.228624,-1.670852,1.585));
#15729 = VECTOR('',#15730,1.);
#15730 = DIRECTION('',(-0.923484609652,-0.383635472468,0.));
#15731 = ORIENTED_EDGE('',*,*,#15732,.T.);
#15732 = EDGE_CURVE('',#15725,#15733,#15735,.T.);
#15733 = VERTEX_POINT('',#15734);
#15734 = CARTESIAN_POINT('',(18.874285,-1.746376,1.585));
#15735 = LINE('',#15736,#15737);
#15736 = CARTESIAN_POINT('',(19.207005,-1.679833,1.585));
#15737 = VECTOR('',#15738,1.);
#15738 = DIRECTION('',(-0.98058124245,-0.196113301323,0.));
#15739 = ORIENTED_EDGE('',*,*,#15740,.T.);
#15740 = EDGE_CURVE('',#15733,#15741,#15743,.T.);
#15741 = VERTEX_POINT('',#15742);
#15742 = CARTESIAN_POINT('',(18.874285,-1.835405,1.585));
#15743 = LINE('',#15744,#15745);
#15744 = CARTESIAN_POINT('',(18.874285,-1.746376,1.585));
#15745 = VECTOR('',#15746,1.);
#15746 = DIRECTION('',(0.,-1.,0.));
#15747 = ORIENTED_EDGE('',*,*,#15748,.T.);
#15748 = EDGE_CURVE('',#15741,#15749,#15751,.T.);
#15749 = VERTEX_POINT('',#15750);
#15750 = CARTESIAN_POINT('',(18.897101,-1.881037,1.585));
#15751 = LINE('',#15752,#15753);
#15752 = CARTESIAN_POINT('',(18.874285,-1.835405,1.585));
#15753 = VECTOR('',#15754,1.);
#15754 = DIRECTION('',(0.4472135955,-0.894427191,0.));
#15755 = ORIENTED_EDGE('',*,*,#15756,.T.);
#15756 = EDGE_CURVE('',#15749,#15757,#15759,.T.);
#15757 = VERTEX_POINT('',#15758);
#15758 = CARTESIAN_POINT('',(18.942736,-1.903855,1.585));
#15759 = LINE('',#15760,#15761);
#15760 = CARTESIAN_POINT('',(18.897101,-1.881037,1.585));
#15761 = VECTOR('',#15762,1.);
#15762 = DIRECTION('',(0.894423271065,-0.447221435284,0.));
#15763 = ORIENTED_EDGE('',*,*,#15764,.T.);
#15764 = EDGE_CURVE('',#15757,#15765,#15767,.T.);
#15765 = VERTEX_POINT('',#15766);
#15766 = CARTESIAN_POINT('',(19.066787,-1.903855,1.585));
#15767 = LINE('',#15768,#15769);
#15768 = CARTESIAN_POINT('',(18.942736,-1.903855,1.585));
#15769 = VECTOR('',#15770,1.);
#15770 = DIRECTION('',(1.,0.,0.));
#15771 = ORIENTED_EDGE('',*,*,#15772,.T.);
#15772 = EDGE_CURVE('',#15765,#15773,#15775,.T.);
#15773 = VERTEX_POINT('',#15774);
#15774 = CARTESIAN_POINT('',(19.130311,-1.872094,1.585));
#15775 = LINE('',#15776,#15777);
#15776 = CARTESIAN_POINT('',(19.066787,-1.903855,1.585));
#15777 = VECTOR('',#15778,1.);
#15778 = DIRECTION('',(0.894432823023,0.447202331277,0.));
#15779 = ORIENTED_EDGE('',*,*,#15780,.T.);
#15780 = EDGE_CURVE('',#15773,#15781,#15783,.T.);
#15781 = VERTEX_POINT('',#15782);
#15782 = CARTESIAN_POINT('',(19.183976,-1.979426,1.585));
#15783 = CIRCLE('',#15784,6.000018843524E-02);
#15784 = AXIS2_PLACEMENT_3D('',#15785,#15786,#15787);
#15785 = CARTESIAN_POINT('',(19.157143394902,-1.925760052548,1.585));
#15786 = DIRECTION('',(0.,0.,-1.));
#15787 = DIRECTION('',(-0.447205177216,0.894431400093,-0.));
#15788 = ORIENTED_EDGE('',*,*,#15789,.T.);
#15789 = EDGE_CURVE('',#15781,#15790,#15792,.T.);
#15790 = VERTEX_POINT('',#15791);
#15791 = CARTESIAN_POINT('',(19.09448,-2.021164,1.585));
#15792 = LINE('',#15793,#15794);
#15793 = CARTESIAN_POINT('',(19.183976,-1.979426,1.585));
#15794 = VECTOR('',#15795,1.);
#15795 = DIRECTION('',(-0.906287113159,-0.422662594183,0.));
#15796 = ORIENTED_EDGE('',*,*,#15797,.T.);
#15797 = EDGE_CURVE('',#15790,#15798,#15800,.T.);
#15798 = VERTEX_POINT('',#15799);
#15799 = CARTESIAN_POINT('',(18.915042,-2.021164,1.585));
#15800 = LINE('',#15801,#15802);
#15801 = CARTESIAN_POINT('',(19.09448,-2.021164,1.585));
#15802 = VECTOR('',#15803,1.);
#15803 = DIRECTION('',(-1.,0.,0.));
#15804 = ORIENTED_EDGE('',*,*,#15805,.T.);
#15805 = EDGE_CURVE('',#15798,#15806,#15808,.T.);
#15806 = VERTEX_POINT('',#15807);
#15807 = CARTESIAN_POINT('',(18.813069,-1.971087,1.585));
#15808 = LINE('',#15809,#15810);
#15809 = CARTESIAN_POINT('',(18.915042,-2.021164,1.585));
#15810 = VECTOR('',#15811,1.);
#15811 = DIRECTION('',(-0.897606571393,0.440797507925,0.));
#15812 = ORIENTED_EDGE('',*,*,#15813,.T.);
#15813 = EDGE_CURVE('',#15806,#15814,#15816,.T.);
#15814 = VERTEX_POINT('',#15815);
#15815 = CARTESIAN_POINT('',(18.798715,-1.952593,1.585));
#15816 = LINE('',#15817,#15818);
#15817 = CARTESIAN_POINT('',(18.813069,-1.971087,1.585));
#15818 = VECTOR('',#15819,1.);
#15819 = DIRECTION('',(-0.613135932125,0.789977422929,0.));
#15820 = ORIENTED_EDGE('',*,*,#15821,.T.);
#15821 = EDGE_CURVE('',#15814,#15822,#15824,.T.);
#15822 = VERTEX_POINT('',#15823);
#15823 = CARTESIAN_POINT('',(18.807053,-1.429305,1.585));
#15824 = CIRCLE('',#15825,0.499565424834);
#15825 = AXIS2_PLACEMENT_3D('',#15826,#15827,#15828);
#15826 = CARTESIAN_POINT('',(19.228377460952,-1.697728755082,1.585));
#15827 = DIRECTION('',(0.,0.,-1.));
#15828 = DIRECTION('',(-0.860072454164,-0.510171905918,-0.));
#15829 = ORIENTED_EDGE('',*,*,#15830,.T.);
#15830 = EDGE_CURVE('',#15822,#15651,#15831,.T.);
#15831 = LINE('',#15832,#15833);
#15832 = CARTESIAN_POINT('',(18.807053,-1.429305,1.585));
#15833 = VECTOR('',#15834,1.);
#15834 = DIRECTION('',(0.790014169202,0.613088584513,0.));
#15835 = FACE_BOUND('',#15836,.F.);
#15836 = EDGE_LOOP('',(#15837,#15848,#15856,#15864,#15872,#15880));
#15837 = ORIENTED_EDGE('',*,*,#15838,.T.);
#15838 = EDGE_CURVE('',#15839,#15841,#15843,.T.);
#15839 = VERTEX_POINT('',#15840);
#15840 = CARTESIAN_POINT('',(19.11242,-1.513337,1.585));
#15841 = VERTEX_POINT('',#15842);
#15842 = CARTESIAN_POINT('',(18.897102,-1.513337,1.585));
#15843 = CIRCLE('',#15844,0.191426504772);
#15844 = AXIS2_PLACEMENT_3D('',#15845,#15846,#15847);
#15845 = CARTESIAN_POINT('',(19.004761,-1.671620437062,1.585));
#15846 = DIRECTION('',(0.,0.,1.));
#15847 = DIRECTION('',(0.562403832889,0.82686270248,-0.));
#15848 = ORIENTED_EDGE('',*,*,#15849,.T.);
#15849 = EDGE_CURVE('',#15841,#15850,#15852,.T.);
#15850 = VERTEX_POINT('',#15851);
#15851 = CARTESIAN_POINT('',(18.874285,-1.55897,1.585));
#15852 = LINE('',#15853,#15854);
#15853 = CARTESIAN_POINT('',(18.897102,-1.513337,1.585));
#15854 = VECTOR('',#15855,1.);
#15855 = DIRECTION('',(-0.447221435627,-0.894423270893,0.));
#15856 = ORIENTED_EDGE('',*,*,#15857,.T.);
#15857 = EDGE_CURVE('',#15850,#15858,#15860,.T.);
#15858 = VERTEX_POINT('',#15859);
#15859 = CARTESIAN_POINT('',(18.874285,-1.623999,1.585));
#15860 = LINE('',#15861,#15862);
#15861 = CARTESIAN_POINT('',(18.874285,-1.55897,1.585));
#15862 = VECTOR('',#15863,1.);
#15863 = DIRECTION('',(0.,-1.,0.));
#15864 = ORIENTED_EDGE('',*,*,#15865,.T.);
#15865 = EDGE_CURVE('',#15858,#15866,#15868,.T.);
#15866 = VERTEX_POINT('',#15867);
#15867 = CARTESIAN_POINT('',(19.135238,-1.571809,1.585));
#15868 = LINE('',#15869,#15870);
#15869 = CARTESIAN_POINT('',(18.874285,-1.623999,1.585));
#15870 = VECTOR('',#15871,1.);
#15871 = DIRECTION('',(0.980581109268,0.196113967238,0.));
#15872 = ORIENTED_EDGE('',*,*,#15873,.T.);
#15873 = EDGE_CURVE('',#15866,#15874,#15876,.T.);
#15874 = VERTEX_POINT('',#15875);
#15875 = CARTESIAN_POINT('',(19.135238,-1.558972,1.585));
#15876 = LINE('',#15877,#15878);
#15877 = CARTESIAN_POINT('',(19.135238,-1.571809,1.585));
#15878 = VECTOR('',#15879,1.);
#15879 = DIRECTION('',(0.,1.,0.));
#15880 = ORIENTED_EDGE('',*,*,#15881,.T.);
#15881 = EDGE_CURVE('',#15874,#15839,#15882,.T.);
#15882 = LINE('',#15883,#15884);
#15883 = CARTESIAN_POINT('',(19.135238,-1.558972,1.585));
#15884 = VECTOR('',#15885,1.);
#15885 = DIRECTION('',(-0.447221435284,0.894423271065,0.));
#15886 = PLANE('',#15887);
#15887 = AXIS2_PLACEMENT_3D('',#15888,#15889,#15890);
#15888 = CARTESIAN_POINT('',(0.,0.,1.585));
#15889 = DIRECTION('',(0.,0.,1.));
#15890 = DIRECTION('',(1.,0.,-0.));
#15891 = SHELL_BASED_SURFACE_MODEL('',(#15892));
#15892 = OPEN_SHELL('',(#15893));
#15893 = ADVANCED_FACE('',(#15894,#15995),#16047,.T.);
#15894 = FACE_BOUND('',#15895,.F.);
#15895 = EDGE_LOOP('',(#15896,#15907,#15915,#15923,#15931,#15940,#15948,
    #15956,#15964,#15972,#15980,#15989));
#15896 = ORIENTED_EDGE('',*,*,#15897,.T.);
#15897 = EDGE_CURVE('',#15898,#15900,#15902,.T.);
#15898 = VERTEX_POINT('',#15899);
#15899 = CARTESIAN_POINT('',(13.078095,-1.163855,1.585));
#15900 = VERTEX_POINT('',#15901);
#15901 = CARTESIAN_POINT('',(13.138095,-1.103855,1.585));
#15902 = CIRCLE('',#15903,5.99993201626E-02);
#15903 = AXIS2_PLACEMENT_3D('',#15904,#15905,#15906);
#15904 = CARTESIAN_POINT('',(13.138094320159,-1.163854320159,1.585));
#15905 = DIRECTION('',(0.,0.,-1.));
#15906 = DIRECTION('',(-0.999999999936,-1.133081593638E-05,-0.));
#15907 = ORIENTED_EDGE('',*,*,#15908,.T.);
#15908 = EDGE_CURVE('',#15900,#15909,#15911,.T.);
#15909 = VERTEX_POINT('',#15910);
#15910 = CARTESIAN_POINT('',(13.445804,-1.104441,1.585));
#15911 = LINE('',#15912,#15913);
#15912 = CARTESIAN_POINT('',(13.138095,-1.103855,1.585));
#15913 = VECTOR('',#15914,1.);
#15914 = DIRECTION('',(0.999998186642,-1.904393233126E-03,0.));
#15915 = ORIENTED_EDGE('',*,*,#15916,.T.);
#15916 = EDGE_CURVE('',#15909,#15917,#15919,.T.);
#15917 = VERTEX_POINT('',#15918);
#15918 = CARTESIAN_POINT('',(13.46969,-1.110189,1.585));
#15919 = LINE('',#15920,#15921);
#15920 = CARTESIAN_POINT('',(13.445804,-1.104441,1.585));
#15921 = VECTOR('',#15922,1.);
#15922 = DIRECTION('',(0.972245244823,-0.233964065446,0.));
#15923 = ORIENTED_EDGE('',*,*,#15924,.T.);
#15924 = EDGE_CURVE('',#15917,#15925,#15927,.T.);
#15925 = VERTEX_POINT('',#15926);
#15926 = CARTESIAN_POINT('',(13.561473,-1.159524,1.585));
#15927 = LINE('',#15928,#15929);
#15928 = CARTESIAN_POINT('',(13.46969,-1.110189,1.585));
#15929 = VECTOR('',#15930,1.);
#15930 = DIRECTION('',(0.880817843597,-0.4734553056,0.));
#15931 = ORIENTED_EDGE('',*,*,#15932,.T.);
#15932 = EDGE_CURVE('',#15925,#15933,#15935,.T.);
#15933 = VERTEX_POINT('',#15934);
#15934 = CARTESIAN_POINT('',(13.652547,-1.444045,1.585));
#15935 = CIRCLE('',#15936,0.279302770922);
#15936 = AXIS2_PLACEMENT_3D('',#15937,#15938,#15939);
#15937 = CARTESIAN_POINT('',(13.382239376403,-1.373732650659,1.585));
#15938 = DIRECTION('',(0.,0.,-1.));
#15939 = DIRECTION('',(0.64171802881,0.766940657091,0.));
#15940 = ORIENTED_EDGE('',*,*,#15941,.T.);
#15941 = EDGE_CURVE('',#15933,#15942,#15944,.T.);
#15942 = VERTEX_POINT('',#15943);
#15943 = CARTESIAN_POINT('',(13.604914,-1.541138,1.585));
#15944 = LINE('',#15945,#15946);
#15945 = CARTESIAN_POINT('',(13.652547,-1.444045,1.585));
#15946 = VECTOR('',#15947,1.);
#15947 = DIRECTION('',(-0.440443415129,-0.897780372958,0.));
#15948 = ORIENTED_EDGE('',*,*,#15949,.T.);
#15949 = EDGE_CURVE('',#15942,#15950,#15952,.T.);
#15950 = VERTEX_POINT('',#15951);
#15951 = CARTESIAN_POINT('',(13.54588,-1.598473,1.585));
#15952 = LINE('',#15953,#15954);
#15953 = CARTESIAN_POINT('',(13.604914,-1.541138,1.585));
#15954 = VECTOR('',#15955,1.);
#15955 = DIRECTION('',(-0.717354164088,-0.696708693261,0.));
#15956 = ORIENTED_EDGE('',*,*,#15957,.T.);
#15957 = EDGE_CURVE('',#15950,#15958,#15960,.T.);
#15958 = VERTEX_POINT('',#15959);
#15959 = CARTESIAN_POINT('',(13.456385,-1.640211,1.585));
#15960 = LINE('',#15961,#15962);
#15961 = CARTESIAN_POINT('',(13.54588,-1.598473,1.585));
#15962 = VECTOR('',#15963,1.);
#15963 = DIRECTION('',(-0.906285304087,-0.422666473233,0.));
#15964 = ORIENTED_EDGE('',*,*,#15965,.T.);
#15965 = EDGE_CURVE('',#15958,#15966,#15968,.T.);
#15966 = VERTEX_POINT('',#15967);
#15967 = CARTESIAN_POINT('',(13.198095,-1.642902,1.585));
#15968 = LINE('',#15969,#15970);
#15969 = CARTESIAN_POINT('',(13.456385,-1.640211,1.585));
#15970 = VECTOR('',#15971,1.);
#15971 = DIRECTION('',(-0.999945731619,-1.041795642026E-02,0.));
#15972 = ORIENTED_EDGE('',*,*,#15973,.T.);
#15973 = EDGE_CURVE('',#15966,#15974,#15976,.T.);
#15974 = VERTEX_POINT('',#15975);
#15975 = CARTESIAN_POINT('',(13.198095,-1.963855,1.585));
#15976 = LINE('',#15977,#15978);
#15977 = CARTESIAN_POINT('',(13.198095,-1.642902,1.585));
#15978 = VECTOR('',#15979,1.);
#15979 = DIRECTION('',(0.,-1.,0.));
#15980 = ORIENTED_EDGE('',*,*,#15981,.T.);
#15981 = EDGE_CURVE('',#15974,#15982,#15984,.T.);
#15982 = VERTEX_POINT('',#15983);
#15983 = CARTESIAN_POINT('',(13.078095,-1.963855,1.585));
#15984 = CIRCLE('',#15985,6.000000000042E-02);
#15985 = AXIS2_PLACEMENT_3D('',#15986,#15987,#15988);
#15986 = CARTESIAN_POINT('',(13.138095,-1.963855225588,1.585));
#15987 = DIRECTION('',(0.,0.,-1.));
#15988 = DIRECTION('',(0.999999999993,3.759794101953E-06,0.));
#15989 = ORIENTED_EDGE('',*,*,#15990,.T.);
#15990 = EDGE_CURVE('',#15982,#15898,#15991,.T.);
#15991 = LINE('',#15992,#15993);
#15992 = CARTESIAN_POINT('',(13.078095,-1.963855,1.585));
#15993 = VECTOR('',#15994,1.);
#15994 = DIRECTION('',(0.,1.,0.));
#15995 = FACE_BOUND('',#15996,.F.);
#15996 = EDGE_LOOP('',(#15997,#16008,#16016,#16024,#16032,#16041));
#15997 = ORIENTED_EDGE('',*,*,#15998,.T.);
#15998 = EDGE_CURVE('',#15999,#16001,#16003,.T.);
#15999 = VERTEX_POINT('',#16000);
#16000 = CARTESIAN_POINT('',(13.535238,-1.3304,1.585));
#16001 = VERTEX_POINT('',#16002);
#16002 = CARTESIAN_POINT('',(13.428692,-1.223855,1.585));
#16003 = CIRCLE('',#16004,0.149493485218);
#16004 = AXIS2_PLACEMENT_3D('',#16005,#16006,#16007);
#16005 = CARTESIAN_POINT('',(13.390662826268,-1.368430530668,1.585));
#16006 = DIRECTION('',(0.,0.,1.));
#16007 = DIRECTION('',(0.967100161734,0.254395906364,-0.));
#16008 = ORIENTED_EDGE('',*,*,#16009,.T.);
#16009 = EDGE_CURVE('',#16001,#16010,#16012,.T.);
#16010 = VERTEX_POINT('',#16011);
#16011 = CARTESIAN_POINT('',(13.198095,-1.223855,1.585));
#16012 = LINE('',#16013,#16014);
#16013 = CARTESIAN_POINT('',(13.428692,-1.223855,1.585));
#16014 = VECTOR('',#16015,1.);
#16015 = DIRECTION('',(-1.,0.,0.));
#16016 = ORIENTED_EDGE('',*,*,#16017,.T.);
#16017 = EDGE_CURVE('',#16010,#16018,#16020,.T.);
#16018 = VERTEX_POINT('',#16019);
#16019 = CARTESIAN_POINT('',(13.198095,-1.522902,1.585));
#16020 = LINE('',#16021,#16022);
#16021 = CARTESIAN_POINT('',(13.198095,-1.223855,1.585));
#16022 = VECTOR('',#16023,1.);
#16023 = DIRECTION('',(0.,-1.,0.));
#16024 = ORIENTED_EDGE('',*,*,#16025,.T.);
#16025 = EDGE_CURVE('',#16018,#16026,#16028,.T.);
#16026 = VERTEX_POINT('',#16027);
#16027 = CARTESIAN_POINT('',(13.428692,-1.522902,1.585));
#16028 = LINE('',#16029,#16030);
#16029 = CARTESIAN_POINT('',(13.198095,-1.522902,1.585));
#16030 = VECTOR('',#16031,1.);
#16031 = DIRECTION('',(1.,0.,0.));
#16032 = ORIENTED_EDGE('',*,*,#16033,.T.);
#16033 = EDGE_CURVE('',#16026,#16034,#16036,.T.);
#16034 = VERTEX_POINT('',#16035);
#16035 = CARTESIAN_POINT('',(13.535238,-1.416356,1.585));
#16036 = CIRCLE('',#16037,0.149493401153);
#16037 = AXIS2_PLACEMENT_3D('',#16038,#16039,#16040);
#16038 = CARTESIAN_POINT('',(13.39066261249,-1.37832661249,1.585));
#16039 = DIRECTION('',(0.,0.,1.));
#16040 = DIRECTION('',(0.254388402546,-0.967102135583,0.));
#16041 = ORIENTED_EDGE('',*,*,#16042,.T.);
#16042 = EDGE_CURVE('',#16034,#15999,#16043,.T.);
#16043 = LINE('',#16044,#16045);
#16044 = CARTESIAN_POINT('',(13.535238,-1.416356,1.585));
#16045 = VECTOR('',#16046,1.);
#16046 = DIRECTION('',(0.,1.,0.));
#16047 = PLANE('',#16048);
#16048 = AXIS2_PLACEMENT_3D('',#16049,#16050,#16051);
#16049 = CARTESIAN_POINT('',(0.,0.,1.585));
#16050 = DIRECTION('',(0.,0.,1.));
#16051 = DIRECTION('',(1.,0.,-0.));
#16052 = SHELL_BASED_SURFACE_MODEL('',(#16053));
#16053 = OPEN_SHELL('',(#16054));
#16054 = ADVANCED_FACE('',(#16055),#16198,.T.);
#16055 = FACE_BOUND('',#16056,.F.);
#16056 = EDGE_LOOP('',(#16057,#16068,#16076,#16084,#16093,#16101,#16110,
    #16118,#16126,#16134,#16142,#16150,#16158,#16167,#16175,#16184,
    #16192));
#16057 = ORIENTED_EDGE('',*,*,#16058,.T.);
#16058 = EDGE_CURVE('',#16059,#16061,#16063,.T.);
#16059 = VERTEX_POINT('',#16060);
#16060 = CARTESIAN_POINT('',(16.512295,-1.138482,1.585));
#16061 = VERTEX_POINT('',#16062);
#16062 = CARTESIAN_POINT('',(16.569301,-1.103913,1.585));
#16063 = CIRCLE('',#16064,5.99954951701E-02);
#16064 = AXIS2_PLACEMENT_3D('',#16065,#16066,#16067);
#16065 = CARTESIAN_POINT('',(16.566663186627,-1.163850478937,1.585));
#16066 = DIRECTION('',(0.,0.,-1.));
#16067 = DIRECTION('',(-0.906204482071,0.4228397293,0.));
#16068 = ORIENTED_EDGE('',*,*,#16069,.T.);
#16069 = EDGE_CURVE('',#16061,#16070,#16072,.T.);
#16070 = VERTEX_POINT('',#16071);
#16071 = CARTESIAN_POINT('',(16.578964,-1.108422,1.585));
#16072 = LINE('',#16073,#16074);
#16073 = CARTESIAN_POINT('',(16.569301,-1.103913,1.585));
#16074 = VECTOR('',#16075,1.);
#16075 = DIRECTION('',(0.90619751453,-0.42285466139,0.));
#16076 = ORIENTED_EDGE('',*,*,#16077,.T.);
#16077 = EDGE_CURVE('',#16070,#16078,#16080,.T.);
#16078 = VERTEX_POINT('',#16079);
#16079 = CARTESIAN_POINT('',(16.589627,-1.108422,1.585));
#16080 = LINE('',#16081,#16082);
#16081 = CARTESIAN_POINT('',(16.578964,-1.108422,1.585));
#16082 = VECTOR('',#16083,1.);
#16083 = DIRECTION('',(1.,0.,0.));
#16084 = ORIENTED_EDGE('',*,*,#16085,.T.);
#16085 = EDGE_CURVE('',#16078,#16086,#16088,.T.);
#16086 = VERTEX_POINT('',#16087);
#16087 = CARTESIAN_POINT('',(16.626666,-1.163855,1.585));
#16088 = CIRCLE('',#16089,5.999694291301E-02);
#16089 = AXIS2_PLACEMENT_3D('',#16090,#16091,#16092);
#16090 = CARTESIAN_POINT('',(16.56666905713,-1.163852731712,1.585));
#16091 = DIRECTION('',(0.,0.,-1.));
#16092 = DIRECTION('',(0.382651877837,0.923892602194,0.));
#16093 = ORIENTED_EDGE('',*,*,#16094,.T.);
#16094 = EDGE_CURVE('',#16086,#16095,#16097,.T.);
#16095 = VERTEX_POINT('',#16096);
#16096 = CARTESIAN_POINT('',(16.626666,-1.963855,1.585));
#16097 = LINE('',#16098,#16099);
#16098 = CARTESIAN_POINT('',(16.626666,-1.163855,1.585));
#16099 = VECTOR('',#16100,1.);
#16100 = DIRECTION('',(0.,-1.,0.));
#16101 = ORIENTED_EDGE('',*,*,#16102,.T.);
#16102 = EDGE_CURVE('',#16095,#16103,#16105,.T.);
#16103 = VERTEX_POINT('',#16104);
#16104 = CARTESIAN_POINT('',(16.506666,-1.963855,1.585));
#16105 = CIRCLE('',#16106,6.000000000042E-02);
#16106 = AXIS2_PLACEMENT_3D('',#16107,#16108,#16109);
#16107 = CARTESIAN_POINT('',(16.566666,-1.963855225588,1.585));
#16108 = DIRECTION('',(0.,0.,-1.));
#16109 = DIRECTION('',(0.999999999993,3.759794116756E-06,0.));
#16110 = ORIENTED_EDGE('',*,*,#16111,.T.);
#16111 = EDGE_CURVE('',#16103,#16112,#16114,.T.);
#16112 = VERTEX_POINT('',#16113);
#16113 = CARTESIAN_POINT('',(16.506666,-1.434308,1.585));
#16114 = LINE('',#16115,#16116);
#16115 = CARTESIAN_POINT('',(16.506666,-1.963855,1.585));
#16116 = VECTOR('',#16117,1.);
#16117 = DIRECTION('',(0.,1.,0.));
#16118 = ORIENTED_EDGE('',*,*,#16119,.T.);
#16119 = EDGE_CURVE('',#16112,#16120,#16122,.T.);
#16120 = VERTEX_POINT('',#16121);
#16121 = CARTESIAN_POINT('',(16.344248,-1.775806,1.585));
#16122 = LINE('',#16123,#16124);
#16123 = CARTESIAN_POINT('',(16.506666,-1.434308,1.585));
#16124 = VECTOR('',#16125,1.);
#16125 = DIRECTION('',(-0.429502201679,-0.903065810865,0.));
#16126 = ORIENTED_EDGE('',*,*,#16127,.T.);
#16127 = EDGE_CURVE('',#16120,#16128,#16130,.T.);
#16128 = VERTEX_POINT('',#16129);
#16129 = CARTESIAN_POINT('',(16.297364,-1.795225,1.585));
#16130 = LINE('',#16131,#16132);
#16131 = CARTESIAN_POINT('',(16.344248,-1.775806,1.585));
#16132 = VECTOR('',#16133,1.);
#16133 = DIRECTION('',(-0.923886420394,-0.382666803123,0.));
#16134 = ORIENTED_EDGE('',*,*,#16135,.T.);
#16135 = EDGE_CURVE('',#16128,#16136,#16138,.T.);
#16136 = VERTEX_POINT('',#16137);
#16137 = CARTESIAN_POINT('',(16.25575,-1.775806,1.585));
#16138 = LINE('',#16139,#16140);
#16139 = CARTESIAN_POINT('',(16.297364,-1.795225,1.585));
#16140 = VECTOR('',#16141,1.);
#16141 = DIRECTION('',(-0.906190372069,0.422869967684,0.));
#16142 = ORIENTED_EDGE('',*,*,#16143,.T.);
#16143 = EDGE_CURVE('',#16136,#16144,#16146,.T.);
#16144 = VERTEX_POINT('',#16145);
#16145 = CARTESIAN_POINT('',(16.093333,-1.434309,1.585));
#16146 = LINE('',#16147,#16148);
#16147 = CARTESIAN_POINT('',(16.25575,-1.775806,1.585));
#16148 = VECTOR('',#16149,1.);
#16149 = DIRECTION('',(-0.429501070762,0.903066348733,0.));
#16150 = ORIENTED_EDGE('',*,*,#16151,.T.);
#16151 = EDGE_CURVE('',#16144,#16152,#16154,.T.);
#16152 = VERTEX_POINT('',#16153);
#16153 = CARTESIAN_POINT('',(16.093333,-1.963855,1.585));
#16154 = LINE('',#16155,#16156);
#16155 = CARTESIAN_POINT('',(16.093333,-1.434309,1.585));
#16156 = VECTOR('',#16157,1.);
#16157 = DIRECTION('',(0.,-1.,0.));
#16158 = ORIENTED_EDGE('',*,*,#16159,.T.);
#16159 = EDGE_CURVE('',#16152,#16160,#16162,.T.);
#16160 = VERTEX_POINT('',#16161);
#16161 = CARTESIAN_POINT('',(15.973333,-1.963855,1.585));
#16162 = CIRCLE('',#16163,6.000000000042E-02);
#16163 = AXIS2_PLACEMENT_3D('',#16164,#16165,#16166);
#16164 = CARTESIAN_POINT('',(16.033333,-1.963855225588,1.585));
#16165 = DIRECTION('',(0.,0.,-1.));
#16166 = DIRECTION('',(0.999999999993,3.759794116756E-06,0.));
#16167 = ORIENTED_EDGE('',*,*,#16168,.T.);
#16168 = EDGE_CURVE('',#16160,#16169,#16171,.T.);
#16169 = VERTEX_POINT('',#16170);
#16170 = CARTESIAN_POINT('',(15.973333,-1.163855,1.585));
#16171 = LINE('',#16172,#16173);
#16172 = CARTESIAN_POINT('',(15.973333,-1.963855,1.585));
#16173 = VECTOR('',#16174,1.);
#16174 = DIRECTION('',(0.,1.,0.));
#16175 = ORIENTED_EDGE('',*,*,#16176,.T.);
#16176 = EDGE_CURVE('',#16169,#16177,#16179,.T.);
#16177 = VERTEX_POINT('',#16178);
#16178 = CARTESIAN_POINT('',(16.087704,-1.138482,1.585));
#16179 = CIRCLE('',#16180,5.999991440161E-02);
#16180 = AXIS2_PLACEMENT_3D('',#16181,#16182,#16183);
#16181 = CARTESIAN_POINT('',(16.033332914401,-1.163854717217,1.585));
#16182 = DIRECTION('',(0.,0.,-1.));
#16183 = DIRECTION('',(-0.999999999989,-4.713054797866E-06,-0.));
#16184 = ORIENTED_EDGE('',*,*,#16185,.T.);
#16185 = EDGE_CURVE('',#16177,#16186,#16188,.T.);
#16186 = VERTEX_POINT('',#16187);
#16187 = CARTESIAN_POINT('',(16.299999,-1.5934,1.585));
#16188 = LINE('',#16189,#16190);
#16189 = CARTESIAN_POINT('',(16.087704,-1.138482,1.585));
#16190 = VECTOR('',#16191,1.);
#16191 = DIRECTION('',(0.422885356282,-0.906183190885,0.));
#16192 = ORIENTED_EDGE('',*,*,#16193,.T.);
#16193 = EDGE_CURVE('',#16186,#16059,#16194,.T.);
#16194 = LINE('',#16195,#16196);
#16195 = CARTESIAN_POINT('',(16.299999,-1.5934,1.585));
#16196 = VECTOR('',#16197,1.);
#16197 = DIRECTION('',(0.422886992022,0.906182427538,0.));
#16198 = PLANE('',#16199);
#16199 = AXIS2_PLACEMENT_3D('',#16200,#16201,#16202);
#16200 = CARTESIAN_POINT('',(0.,0.,1.585));
#16201 = DIRECTION('',(0.,0.,1.));
#16202 = DIRECTION('',(1.,0.,-0.));
#16203 = SHELL_BASED_SURFACE_MODEL('',(#16204));
#16204 = OPEN_SHELL('',(#16205));
#16205 = ADVANCED_FACE('',(#16206,#16307),#16359,.T.);
#16206 = FACE_BOUND('',#16207,.F.);
#16207 = EDGE_LOOP('',(#16208,#16219,#16227,#16235,#16243,#16252,#16260,
    #16268,#16276,#16284,#16292,#16301));
#16208 = ORIENTED_EDGE('',*,*,#16209,.T.);
#16209 = EDGE_CURVE('',#16210,#16212,#16214,.T.);
#16210 = VERTEX_POINT('',#16211);
#16211 = CARTESIAN_POINT('',(16.887619,-1.163855,1.585));
#16212 = VERTEX_POINT('',#16213);
#16213 = CARTESIAN_POINT('',(16.947619,-1.103855,1.585));
#16214 = CIRCLE('',#16215,5.999932016259E-02);
#16215 = AXIS2_PLACEMENT_3D('',#16216,#16217,#16218);
#16216 = CARTESIAN_POINT('',(16.947618320159,-1.163854320159,1.585));
#16217 = DIRECTION('',(0.,0.,-1.));
#16218 = DIRECTION('',(-0.999999999936,-1.13308160215E-05,-0.));
#16219 = ORIENTED_EDGE('',*,*,#16220,.T.);
#16220 = EDGE_CURVE('',#16212,#16221,#16223,.T.);
#16221 = VERTEX_POINT('',#16222);
#16222 = CARTESIAN_POINT('',(17.255328,-1.104441,1.585));
#16223 = LINE('',#16224,#16225);
#16224 = CARTESIAN_POINT('',(16.947619,-1.103855,1.585));
#16225 = VECTOR('',#16226,1.);
#16226 = DIRECTION('',(0.999998186642,-1.904393233126E-03,0.));
#16227 = ORIENTED_EDGE('',*,*,#16228,.T.);
#16228 = EDGE_CURVE('',#16221,#16229,#16231,.T.);
#16229 = VERTEX_POINT('',#16230);
#16230 = CARTESIAN_POINT('',(17.279214,-1.110189,1.585));
#16231 = LINE('',#16232,#16233);
#16232 = CARTESIAN_POINT('',(17.255328,-1.104441,1.585));
#16233 = VECTOR('',#16234,1.);
#16234 = DIRECTION('',(0.972245244823,-0.233964065446,0.));
#16235 = ORIENTED_EDGE('',*,*,#16236,.T.);
#16236 = EDGE_CURVE('',#16229,#16237,#16239,.T.);
#16237 = VERTEX_POINT('',#16238);
#16238 = CARTESIAN_POINT('',(17.370997,-1.159524,1.585));
#16239 = LINE('',#16240,#16241);
#16240 = CARTESIAN_POINT('',(17.279214,-1.110189,1.585));
#16241 = VECTOR('',#16242,1.);
#16242 = DIRECTION('',(0.880817843597,-0.4734553056,0.));
#16243 = ORIENTED_EDGE('',*,*,#16244,.T.);
#16244 = EDGE_CURVE('',#16237,#16245,#16247,.T.);
#16245 = VERTEX_POINT('',#16246);
#16246 = CARTESIAN_POINT('',(17.462071,-1.444045,1.585));
#16247 = CIRCLE('',#16248,0.279302770922);
#16248 = AXIS2_PLACEMENT_3D('',#16249,#16250,#16251);
#16249 = CARTESIAN_POINT('',(17.191763376403,-1.373732650659,1.585));
#16250 = DIRECTION('',(0.,0.,-1.));
#16251 = DIRECTION('',(0.64171802881,0.766940657092,0.));
#16252 = ORIENTED_EDGE('',*,*,#16253,.T.);
#16253 = EDGE_CURVE('',#16245,#16254,#16256,.T.);
#16254 = VERTEX_POINT('',#16255);
#16255 = CARTESIAN_POINT('',(17.414438,-1.541138,1.585));
#16256 = LINE('',#16257,#16258);
#16257 = CARTESIAN_POINT('',(17.462071,-1.444045,1.585));
#16258 = VECTOR('',#16259,1.);
#16259 = DIRECTION('',(-0.440443415129,-0.897780372958,0.));
#16260 = ORIENTED_EDGE('',*,*,#16261,.T.);
#16261 = EDGE_CURVE('',#16254,#16262,#16264,.T.);
#16262 = VERTEX_POINT('',#16263);
#16263 = CARTESIAN_POINT('',(17.355404,-1.598473,1.585));
#16264 = LINE('',#16265,#16266);
#16265 = CARTESIAN_POINT('',(17.414438,-1.541138,1.585));
#16266 = VECTOR('',#16267,1.);
#16267 = DIRECTION('',(-0.717354164088,-0.696708693261,0.));
#16268 = ORIENTED_EDGE('',*,*,#16269,.T.);
#16269 = EDGE_CURVE('',#16262,#16270,#16272,.T.);
#16270 = VERTEX_POINT('',#16271);
#16271 = CARTESIAN_POINT('',(17.265909,-1.640211,1.585));
#16272 = LINE('',#16273,#16274);
#16273 = CARTESIAN_POINT('',(17.355404,-1.598473,1.585));
#16274 = VECTOR('',#16275,1.);
#16275 = DIRECTION('',(-0.906285304087,-0.422666473233,0.));
#16276 = ORIENTED_EDGE('',*,*,#16277,.T.);
#16277 = EDGE_CURVE('',#16270,#16278,#16280,.T.);
#16278 = VERTEX_POINT('',#16279);
#16279 = CARTESIAN_POINT('',(17.007619,-1.642902,1.585));
#16280 = LINE('',#16281,#16282);
#16281 = CARTESIAN_POINT('',(17.265909,-1.640211,1.585));
#16282 = VECTOR('',#16283,1.);
#16283 = DIRECTION('',(-0.999945731619,-1.041795642026E-02,0.));
#16284 = ORIENTED_EDGE('',*,*,#16285,.T.);
#16285 = EDGE_CURVE('',#16278,#16286,#16288,.T.);
#16286 = VERTEX_POINT('',#16287);
#16287 = CARTESIAN_POINT('',(17.007619,-1.963855,1.585));
#16288 = LINE('',#16289,#16290);
#16289 = CARTESIAN_POINT('',(17.007619,-1.642902,1.585));
#16290 = VECTOR('',#16291,1.);
#16291 = DIRECTION('',(0.,-1.,0.));
#16292 = ORIENTED_EDGE('',*,*,#16293,.T.);
#16293 = EDGE_CURVE('',#16286,#16294,#16296,.T.);
#16294 = VERTEX_POINT('',#16295);
#16295 = CARTESIAN_POINT('',(16.887619,-1.963855,1.585));
#16296 = CIRCLE('',#16297,6.000000000042E-02);
#16297 = AXIS2_PLACEMENT_3D('',#16298,#16299,#16300);
#16298 = CARTESIAN_POINT('',(16.947619,-1.963855225588,1.585));
#16299 = DIRECTION('',(0.,0.,-1.));
#16300 = DIRECTION('',(0.999999999993,3.759794120457E-06,0.));
#16301 = ORIENTED_EDGE('',*,*,#16302,.T.);
#16302 = EDGE_CURVE('',#16294,#16210,#16303,.T.);
#16303 = LINE('',#16304,#16305);
#16304 = CARTESIAN_POINT('',(16.887619,-1.963855,1.585));
#16305 = VECTOR('',#16306,1.);
#16306 = DIRECTION('',(0.,1.,0.));
#16307 = FACE_BOUND('',#16308,.F.);
#16308 = EDGE_LOOP('',(#16309,#16320,#16328,#16336,#16344,#16353));
#16309 = ORIENTED_EDGE('',*,*,#16310,.T.);
#16310 = EDGE_CURVE('',#16311,#16313,#16315,.T.);
#16311 = VERTEX_POINT('',#16312);
#16312 = CARTESIAN_POINT('',(17.344762,-1.3304,1.585));
#16313 = VERTEX_POINT('',#16314);
#16314 = CARTESIAN_POINT('',(17.238216,-1.223855,1.585));
#16315 = CIRCLE('',#16316,0.149493485218);
#16316 = AXIS2_PLACEMENT_3D('',#16317,#16318,#16319);
#16317 = CARTESIAN_POINT('',(17.200186826268,-1.368430530668,1.585));
#16318 = DIRECTION('',(0.,0.,1.));
#16319 = DIRECTION('',(0.967100161734,0.254395906364,-0.));
#16320 = ORIENTED_EDGE('',*,*,#16321,.T.);
#16321 = EDGE_CURVE('',#16313,#16322,#16324,.T.);
#16322 = VERTEX_POINT('',#16323);
#16323 = CARTESIAN_POINT('',(17.007619,-1.223855,1.585));
#16324 = LINE('',#16325,#16326);
#16325 = CARTESIAN_POINT('',(17.238216,-1.223855,1.585));
#16326 = VECTOR('',#16327,1.);
#16327 = DIRECTION('',(-1.,0.,0.));
#16328 = ORIENTED_EDGE('',*,*,#16329,.T.);
#16329 = EDGE_CURVE('',#16322,#16330,#16332,.T.);
#16330 = VERTEX_POINT('',#16331);
#16331 = CARTESIAN_POINT('',(17.007619,-1.522902,1.585));
#16332 = LINE('',#16333,#16334);
#16333 = CARTESIAN_POINT('',(17.007619,-1.223855,1.585));
#16334 = VECTOR('',#16335,1.);
#16335 = DIRECTION('',(0.,-1.,0.));
#16336 = ORIENTED_EDGE('',*,*,#16337,.T.);
#16337 = EDGE_CURVE('',#16330,#16338,#16340,.T.);
#16338 = VERTEX_POINT('',#16339);
#16339 = CARTESIAN_POINT('',(17.238216,-1.522902,1.585));
#16340 = LINE('',#16341,#16342);
#16341 = CARTESIAN_POINT('',(17.007619,-1.522902,1.585));
#16342 = VECTOR('',#16343,1.);
#16343 = DIRECTION('',(1.,0.,0.));
#16344 = ORIENTED_EDGE('',*,*,#16345,.T.);
#16345 = EDGE_CURVE('',#16338,#16346,#16348,.T.);
#16346 = VERTEX_POINT('',#16347);
#16347 = CARTESIAN_POINT('',(17.344762,-1.416356,1.585));
#16348 = CIRCLE('',#16349,0.149493401153);
#16349 = AXIS2_PLACEMENT_3D('',#16350,#16351,#16352);
#16350 = CARTESIAN_POINT('',(17.20018661249,-1.37832661249,1.585));
#16351 = DIRECTION('',(0.,0.,1.));
#16352 = DIRECTION('',(0.254388402546,-0.967102135583,0.));
#16353 = ORIENTED_EDGE('',*,*,#16354,.T.);
#16354 = EDGE_CURVE('',#16346,#16311,#16355,.T.);
#16355 = LINE('',#16356,#16357);
#16356 = CARTESIAN_POINT('',(17.344762,-1.416356,1.585));
#16357 = VECTOR('',#16358,1.);
#16358 = DIRECTION('',(0.,1.,0.));
#16359 = PLANE('',#16360);
#16360 = AXIS2_PLACEMENT_3D('',#16361,#16362,#16363);
#16361 = CARTESIAN_POINT('',(0.,0.,1.585));
#16362 = DIRECTION('',(0.,0.,1.));
#16363 = DIRECTION('',(1.,0.,-0.));
#16364 = SHELL_BASED_SURFACE_MODEL('',(#16365));
#16365 = OPEN_SHELL('',(#16366));
#16366 = ADVANCED_FACE('',(#16367),#16453,.T.);
#16367 = FACE_BOUND('',#16368,.F.);
#16368 = EDGE_LOOP('',(#16369,#16379,#16387,#16396,#16404,#16413,#16421,
    #16430,#16438,#16447));
#16369 = ORIENTED_EDGE('',*,*,#16370,.T.);
#16370 = EDGE_CURVE('',#16371,#16373,#16375,.T.);
#16371 = VERTEX_POINT('',#16372);
#16372 = CARTESIAN_POINT('',(18.413363,-1.41152,1.585));
#16373 = VERTEX_POINT('',#16374);
#16374 = CARTESIAN_POINT('',(18.495999,-1.373211,1.585));
#16375 = LINE('',#16376,#16377);
#16376 = CARTESIAN_POINT('',(18.413363,-1.41152,1.585));
#16377 = VECTOR('',#16378,1.);
#16378 = DIRECTION('',(0.9072508372,0.420589964692,0.));
#16379 = ORIENTED_EDGE('',*,*,#16380,.T.);
#16380 = EDGE_CURVE('',#16373,#16381,#16383,.T.);
#16381 = VERTEX_POINT('',#16382);
#16382 = CARTESIAN_POINT('',(18.585714,-1.370521,1.585));
#16383 = LINE('',#16384,#16385);
#16384 = CARTESIAN_POINT('',(18.495999,-1.373211,1.585));
#16385 = VECTOR('',#16386,1.);
#16386 = DIRECTION('',(0.999550787607,2.997036859682E-02,0.));
#16387 = ORIENTED_EDGE('',*,*,#16388,.T.);
#16388 = EDGE_CURVE('',#16381,#16389,#16391,.T.);
#16389 = VERTEX_POINT('',#16390);
#16390 = CARTESIAN_POINT('',(18.585714,-1.490521,1.585));
#16391 = CIRCLE('',#16392,6.000000000042E-02);
#16392 = AXIS2_PLACEMENT_3D('',#16393,#16394,#16395);
#16393 = CARTESIAN_POINT('',(18.585714225588,-1.430521,1.585));
#16394 = DIRECTION('',(0.,0.,-1.));
#16395 = DIRECTION('',(-3.75979413526E-06,0.999999999993,-0.));
#16396 = ORIENTED_EDGE('',*,*,#16397,.T.);
#16397 = EDGE_CURVE('',#16389,#16398,#16400,.T.);
#16398 = VERTEX_POINT('',#16399);
#16399 = CARTESIAN_POINT('',(18.523689,-1.490521,1.585));
#16400 = LINE('',#16401,#16402);
#16401 = CARTESIAN_POINT('',(18.585714,-1.490521,1.585));
#16402 = VECTOR('',#16403,1.);
#16403 = DIRECTION('',(-1.,0.,0.));
#16404 = ORIENTED_EDGE('',*,*,#16405,.T.);
#16405 = EDGE_CURVE('',#16398,#16406,#16408,.T.);
#16406 = VERTEX_POINT('',#16407);
#16407 = CARTESIAN_POINT('',(18.417143,-1.597067,1.585));
#16408 = CIRCLE('',#16409,0.149487095294);
#16409 = AXIS2_PLACEMENT_3D('',#16410,#16411,#16412);
#16410 = CARTESIAN_POINT('',(18.561713225044,-1.635091225044,1.585));
#16411 = DIRECTION('',(0.,0.,1.));
#16412 = DIRECTION('',(-0.254364598958,0.967108396612,0.));
#16413 = ORIENTED_EDGE('',*,*,#16414,.T.);
#16414 = EDGE_CURVE('',#16406,#16415,#16417,.T.);
#16415 = VERTEX_POINT('',#16416);
#16416 = CARTESIAN_POINT('',(18.417143,-1.963855,1.585));
#16417 = LINE('',#16418,#16419);
#16418 = CARTESIAN_POINT('',(18.417143,-1.597067,1.585));
#16419 = VECTOR('',#16420,1.);
#16420 = DIRECTION('',(0.,-1.,0.));
#16421 = ORIENTED_EDGE('',*,*,#16422,.T.);
#16422 = EDGE_CURVE('',#16415,#16423,#16425,.T.);
#16423 = VERTEX_POINT('',#16424);
#16424 = CARTESIAN_POINT('',(18.297143,-1.963855,1.585));
#16425 = CIRCLE('',#16426,6.000000000042E-02);
#16426 = AXIS2_PLACEMENT_3D('',#16427,#16428,#16429);
#16427 = CARTESIAN_POINT('',(18.357143,-1.963855225588,1.585));
#16428 = DIRECTION('',(0.,0.,-1.));
#16429 = DIRECTION('',(0.999999999993,3.759794090851E-06,0.));
#16430 = ORIENTED_EDGE('',*,*,#16431,.T.);
#16431 = EDGE_CURVE('',#16423,#16432,#16434,.T.);
#16432 = VERTEX_POINT('',#16433);
#16433 = CARTESIAN_POINT('',(18.297143,-1.430521,1.585));
#16434 = LINE('',#16435,#16436);
#16435 = CARTESIAN_POINT('',(18.297143,-1.963855,1.585));
#16436 = VECTOR('',#16437,1.);
#16437 = DIRECTION('',(0.,1.,0.));
#16438 = ORIENTED_EDGE('',*,*,#16439,.T.);
#16439 = EDGE_CURVE('',#16432,#16440,#16442,.T.);
#16440 = VERTEX_POINT('',#16441);
#16441 = CARTESIAN_POINT('',(18.380104,-1.375088,1.585));
#16442 = CIRCLE('',#16443,5.999975415858E-02);
#16443 = AXIS2_PLACEMENT_3D('',#16444,#16445,#16446);
#16444 = CARTESIAN_POINT('',(18.357142754156,-1.430520406482,1.585));
#16445 = DIRECTION('',(0.,0.,-1.));
#16446 = DIRECTION('',(-0.999999999951,-9.89201030773E-06,-0.));
#16447 = ORIENTED_EDGE('',*,*,#16448,.T.);
#16448 = EDGE_CURVE('',#16440,#16371,#16449,.T.);
#16449 = LINE('',#16450,#16451);
#16450 = CARTESIAN_POINT('',(18.380104,-1.375088,1.585));
#16451 = VECTOR('',#16452,1.);
#16452 = DIRECTION('',(0.674214085373,-0.738535961944,0.));
#16453 = PLANE('',#16454);
#16454 = AXIS2_PLACEMENT_3D('',#16455,#16456,#16457);
#16455 = CARTESIAN_POINT('',(0.,0.,1.585));
#16456 = DIRECTION('',(0.,0.,1.));
#16457 = DIRECTION('',(1.,0.,-0.));
#16458 = SHELL_BASED_SURFACE_MODEL('',(#16459));
#16459 = OPEN_SHELL('',(#16460));
#16460 = ADVANCED_FACE('',(#16461),#16620,.T.);
#16461 = FACE_BOUND('',#16462,.F.);
#16462 = EDGE_LOOP('',(#16463,#16474,#16482,#16490,#16498,#16506,#16514,
    #16522,#16531,#16539,#16548,#16556,#16564,#16572,#16581,#16589,
    #16597,#16605,#16614));
#16463 = ORIENTED_EDGE('',*,*,#16464,.T.);
#16464 = EDGE_CURVE('',#16465,#16467,#16469,.T.);
#16465 = VERTEX_POINT('',#16466);
#16466 = CARTESIAN_POINT('',(8.443364,-0.745356,1.585));
#16467 = VERTEX_POINT('',#16468);
#16468 = CARTESIAN_POINT('',(8.952759,-0.754686,1.585));
#16469 = CIRCLE('',#16470,0.450326844012);
#16470 = AXIS2_PLACEMENT_3D('',#16471,#16472,#16473);
#16471 = CARTESIAN_POINT('',(8.691261030105,-1.121309891991,1.585));
#16472 = DIRECTION('',(0.,0.,-1.));
#16473 = DIRECTION('',(-0.550482462684,0.834846727416,0.));
#16474 = ORIENTED_EDGE('',*,*,#16475,.T.);
#16475 = EDGE_CURVE('',#16467,#16476,#16478,.T.);
#16476 = VERTEX_POINT('',#16477);
#16477 = CARTESIAN_POINT('',(9.016212,-0.820216,1.585));
#16478 = LINE('',#16479,#16480);
#16479 = CARTESIAN_POINT('',(8.952759,-0.754686,1.585));
#16480 = VECTOR('',#16481,1.);
#16481 = DIRECTION('',(0.695630129574,-0.718400113328,0.));
#16482 = ORIENTED_EDGE('',*,*,#16483,.T.);
#16483 = EDGE_CURVE('',#16476,#16484,#16486,.T.);
#16484 = VERTEX_POINT('',#16485);
#16485 = CARTESIAN_POINT('',(9.074273,-0.940663,1.585));
#16486 = LINE('',#16487,#16488);
#16487 = CARTESIAN_POINT('',(9.016212,-0.820216,1.585));
#16488 = VECTOR('',#16489,1.);
#16489 = DIRECTION('',(0.434228424707,-0.900802794832,0.));
#16490 = ORIENTED_EDGE('',*,*,#16491,.T.);
#16491 = EDGE_CURVE('',#16484,#16492,#16494,.T.);
#16492 = VERTEX_POINT('',#16493);
#16493 = CARTESIAN_POINT('',(9.073514,-1.066995,1.585));
#16494 = LINE('',#16495,#16496);
#16495 = CARTESIAN_POINT('',(9.074273,-0.940663,1.585));
#16496 = VECTOR('',#16497,1.);
#16497 = DIRECTION('',(-6.007870547532E-03,-0.999981952583,0.));
#16498 = ORIENTED_EDGE('',*,*,#16499,.T.);
#16499 = EDGE_CURVE('',#16492,#16500,#16502,.T.);
#16500 = VERTEX_POINT('',#16501);
#16501 = CARTESIAN_POINT('',(9.015456,-1.235058,1.585));
#16502 = LINE('',#16503,#16504);
#16503 = CARTESIAN_POINT('',(9.073514,-1.066995,1.585));
#16504 = VECTOR('',#16505,1.);
#16505 = DIRECTION('',(-0.326519613327,-0.945190426376,0.));
#16506 = ORIENTED_EDGE('',*,*,#16507,.T.);
#16507 = EDGE_CURVE('',#16500,#16508,#16510,.T.);
#16508 = VERTEX_POINT('',#16509);
#16509 = CARTESIAN_POINT('',(8.562733,-1.689819,1.585));
#16510 = LINE('',#16511,#16512);
#16511 = CARTESIAN_POINT('',(9.015456,-1.235058,1.585));
#16512 = VECTOR('',#16513,1.);
#16513 = DIRECTION('',(-0.705517003129,-0.708692992978,0.));
#16514 = ORIENTED_EDGE('',*,*,#16515,.T.);
#16515 = EDGE_CURVE('',#16508,#16516,#16518,.T.);
#16516 = VERTEX_POINT('',#16517);
#16517 = CARTESIAN_POINT('',(9.015346,-1.69126,1.585));
#16518 = LINE('',#16519,#16520);
#16519 = CARTESIAN_POINT('',(8.562733,-1.689819,1.585));
#16520 = VECTOR('',#16521,1.);
#16521 = DIRECTION('',(0.999994931953,-3.183719197073E-03,0.));
#16522 = ORIENTED_EDGE('',*,*,#16523,.T.);
#16523 = EDGE_CURVE('',#16516,#16524,#16526,.T.);
#16524 = VERTEX_POINT('',#16525);
#16525 = CARTESIAN_POINT('',(9.000714,-1.839819,1.585));
#16526 = CIRCLE('',#16527,7.500006711464E-02);
#16527 = AXIS2_PLACEMENT_3D('',#16528,#16529,#16530);
#16528 = CARTESIAN_POINT('',(9.000714067115,-1.764818932885,1.585));
#16529 = DIRECTION('',(0.,0.,-1.));
#16530 = DIRECTION('',(0.195092263891,0.980784894138,0.));
#16531 = ORIENTED_EDGE('',*,*,#16532,.T.);
#16532 = EDGE_CURVE('',#16524,#16533,#16535,.T.);
#16533 = VERTEX_POINT('',#16534);
#16534 = CARTESIAN_POINT('',(8.367035,-1.838378,1.585));
#16535 = LINE('',#16536,#16537);
#16536 = CARTESIAN_POINT('',(9.000714,-1.839819,1.585));
#16537 = VECTOR('',#16538,1.);
#16538 = DIRECTION('',(-0.999997414422,2.274016140952E-03,0.));
#16539 = ORIENTED_EDGE('',*,*,#16540,.T.);
#16540 = EDGE_CURVE('',#16533,#16541,#16543,.T.);
#16541 = VERTEX_POINT('',#16542);
#16542 = CARTESIAN_POINT('',(8.328634,-1.711786,1.585));
#16543 = CIRCLE('',#16544,7.50002101311E-02);
#16544 = AXIS2_PLACEMENT_3D('',#16545,#16546,#16547);
#16545 = CARTESIAN_POINT('',(8.381667316704,-1.764818997644,1.585));
#16546 = DIRECTION('',(0.,0.,-1.));
#16547 = DIRECTION('',(-0.195097009436,-0.980783950169,-0.));
#16548 = ORIENTED_EDGE('',*,*,#16549,.T.);
#16549 = EDGE_CURVE('',#16541,#16550,#16552,.T.);
#16550 = VERTEX_POINT('',#16551);
#16551 = CARTESIAN_POINT('',(8.887542,-1.152876,1.585));
#16552 = LINE('',#16553,#16554);
#16553 = CARTESIAN_POINT('',(8.328634,-1.711786,1.585));
#16554 = VECTOR('',#16555,1.);
#16555 = DIRECTION('',(0.70710551603,0.707108046341,0.));
#16556 = ORIENTED_EDGE('',*,*,#16557,.T.);
#16557 = EDGE_CURVE('',#16550,#16558,#16560,.T.);
#16558 = VERTEX_POINT('',#16559);
#16559 = CARTESIAN_POINT('',(8.925714,-1.038363,1.585));
#16560 = LINE('',#16561,#16562);
#16561 = CARTESIAN_POINT('',(8.887542,-1.152876,1.585));
#16562 = VECTOR('',#16563,1.);
#16563 = DIRECTION('',(0.31623522204,0.948680812677,0.));
#16564 = ORIENTED_EDGE('',*,*,#16565,.T.);
#16565 = EDGE_CURVE('',#16558,#16566,#16568,.T.);
#16566 = VERTEX_POINT('',#16567);
#16567 = CARTESIAN_POINT('',(8.925714,-0.973,1.585));
#16568 = LINE('',#16569,#16570);
#16569 = CARTESIAN_POINT('',(8.925714,-1.038363,1.585));
#16570 = VECTOR('',#16571,1.);
#16571 = DIRECTION('',(0.,1.,0.));
#16572 = ORIENTED_EDGE('',*,*,#16573,.T.);
#16573 = EDGE_CURVE('',#16566,#16574,#16576,.T.);
#16574 = VERTEX_POINT('',#16575);
#16575 = CARTESIAN_POINT('',(8.792533,-0.839819,1.585));
#16576 = CIRCLE('',#16577,0.18686440374);
#16577 = AXIS2_PLACEMENT_3D('',#16578,#16579,#16580);
#16578 = CARTESIAN_POINT('',(8.744997,-1.020536,1.585));
#16579 = DIRECTION('',(0.,0.,1.));
#16580 = DIRECTION('',(0.967102328658,0.254387668538,-0.));
#16581 = ORIENTED_EDGE('',*,*,#16582,.T.);
#16582 = EDGE_CURVE('',#16574,#16583,#16585,.T.);
#16583 = VERTEX_POINT('',#16584);
#16584 = CARTESIAN_POINT('',(8.589848,-0.839819,1.585));
#16585 = LINE('',#16586,#16587);
#16586 = CARTESIAN_POINT('',(8.792533,-0.839819,1.585));
#16587 = VECTOR('',#16588,1.);
#16588 = DIRECTION('',(-1.,0.,0.));
#16589 = ORIENTED_EDGE('',*,*,#16590,.T.);
#16590 = EDGE_CURVE('',#16583,#16591,#16593,.T.);
#16591 = VERTEX_POINT('',#16592);
#16592 = CARTESIAN_POINT('',(8.521332,-0.874077,1.585));
#16593 = LINE('',#16594,#16595);
#16594 = CARTESIAN_POINT('',(8.589848,-0.839819,1.585));
#16595 = VECTOR('',#16596,1.);
#16596 = DIRECTION('',(-0.894427191,-0.4472135955,0.));
#16597 = ORIENTED_EDGE('',*,*,#16598,.T.);
#16598 = EDGE_CURVE('',#16591,#16599,#16601,.T.);
#16599 = VERTEX_POINT('',#16600);
#16600 = CARTESIAN_POINT('',(8.470954,-0.922417,1.585));
#16601 = LINE('',#16602,#16603);
#16602 = CARTESIAN_POINT('',(8.521332,-0.874077,1.585));
#16603 = VECTOR('',#16604,1.);
#16604 = DIRECTION('',(-0.721551016594,-0.692361271629,0.));
#16605 = ORIENTED_EDGE('',*,*,#16606,.T.);
#16606 = EDGE_CURVE('',#16599,#16607,#16609,.T.);
#16607 = VERTEX_POINT('',#16608);
#16608 = CARTESIAN_POINT('',(8.376253,-0.807024,1.585));
#16609 = CIRCLE('',#16610,7.499996838527E-02);
#16610 = AXIS2_PLACEMENT_3D('',#16611,#16612,#16613);
#16611 = CARTESIAN_POINT('',(8.429286,-0.860056972468,1.585));
#16612 = DIRECTION('',(0.,0.,-1.));
#16613 = DIRECTION('',(0.555573567524,-0.831467384248,0.));
#16614 = ORIENTED_EDGE('',*,*,#16615,.T.);
#16615 = EDGE_CURVE('',#16607,#16465,#16616,.T.);
#16616 = LINE('',#16617,#16618);
#16617 = CARTESIAN_POINT('',(8.376253,-0.807024,1.585));
#16618 = VECTOR('',#16619,1.);
#16619 = DIRECTION('',(0.736336089652,0.676615964248,0.));
#16620 = PLANE('',#16621);
#16621 = AXIS2_PLACEMENT_3D('',#16622,#16623,#16624);
#16622 = CARTESIAN_POINT('',(0.,0.,1.585));
#16623 = DIRECTION('',(0.,0.,1.));
#16624 = DIRECTION('',(1.,0.,-0.));
#16625 = SHELL_BASED_SURFACE_MODEL('',(#16626));
#16626 = OPEN_SHELL('',(#16627));
#16627 = ADVANCED_FACE('',(#16628),#16813,.T.);
#16628 = FACE_BOUND('',#16629,.F.);
#16629 = EDGE_LOOP('',(#16630,#16641,#16649,#16658,#16666,#16675,#16683,
    #16692,#16700,#16708,#16716,#16725,#16733,#16742,#16750,#16759,
    #16767,#16775,#16783,#16791,#16799,#16807));
#16630 = ORIENTED_EDGE('',*,*,#16631,.T.);
#16631 = EDGE_CURVE('',#16632,#16634,#16636,.T.);
#16632 = VERTEX_POINT('',#16633);
#16633 = CARTESIAN_POINT('',(7.582619,-0.747281,1.585));
#16634 = VERTEX_POINT('',#16635);
#16635 = CARTESIAN_POINT('',(8.042382,-0.750078,1.585));
#16636 = CIRCLE('',#16637,0.460785175821);
#16637 = AXIS2_PLACEMENT_3D('',#16638,#16639,#16640);
#16638 = CARTESIAN_POINT('',(7.810071108972,-1.148015970249,1.585));
#16639 = DIRECTION('',(0.,0.,-1.));
#16640 = DIRECTION('',(-0.493618547009,0.869678521092,0.));
#16641 = ORIENTED_EDGE('',*,*,#16642,.T.);
#16642 = EDGE_CURVE('',#16634,#16643,#16645,.T.);
#16643 = VERTEX_POINT('',#16644);
#16644 = CARTESIAN_POINT('',(8.110693,-0.818389,1.585));
#16645 = LINE('',#16646,#16647);
#16646 = CARTESIAN_POINT('',(8.042382,-0.750078,1.585));
#16647 = VECTOR('',#16648,1.);
#16648 = DIRECTION('',(0.707106781187,-0.707106781187,0.));
#16649 = ORIENTED_EDGE('',*,*,#16650,.T.);
#16650 = EDGE_CURVE('',#16643,#16651,#16653,.T.);
#16651 = VERTEX_POINT('',#16652);
#16652 = CARTESIAN_POINT('',(7.9953,-0.91309,1.585));
#16653 = CIRCLE('',#16654,7.500003178656E-02);
#16654 = AXIS2_PLACEMENT_3D('',#16655,#16656,#16657);
#16655 = CARTESIAN_POINT('',(8.048332562127,-0.8600565,1.585));
#16656 = DIRECTION('',(0.,0.,-1.));
#16657 = DIRECTION('',(0.831472152581,0.555566431206,0.));
#16658 = ORIENTED_EDGE('',*,*,#16659,.T.);
#16659 = EDGE_CURVE('',#16651,#16660,#16662,.T.);
#16660 = VERTEX_POINT('',#16661);
#16661 = CARTESIAN_POINT('',(7.9602,-0.87799,1.585));
#16662 = LINE('',#16663,#16664);
#16663 = CARTESIAN_POINT('',(7.9953,-0.91309,1.585));
#16664 = VECTOR('',#16665,1.);
#16665 = DIRECTION('',(-0.707106781187,0.707106781187,0.));
#16666 = ORIENTED_EDGE('',*,*,#16667,.T.);
#16667 = EDGE_CURVE('',#16660,#16668,#16670,.T.);
#16668 = VERTEX_POINT('',#16669);
#16669 = CARTESIAN_POINT('',(7.660276,-0.87799,1.585));
#16670 = CIRCLE('',#16671,0.299308637371);
#16671 = AXIS2_PLACEMENT_3D('',#16672,#16673,#16674);
#16672 = CARTESIAN_POINT('',(7.810238,-1.137021,1.585));
#16673 = DIRECTION('',(0.,0.,1.));
#16674 = DIRECTION('',(0.501027973389,0.865431089043,-0.));
#16675 = ORIENTED_EDGE('',*,*,#16676,.T.);
#16676 = EDGE_CURVE('',#16668,#16677,#16679,.T.);
#16677 = VERTEX_POINT('',#16678);
#16678 = CARTESIAN_POINT('',(7.586163,-0.952103,1.585));
#16679 = LINE('',#16680,#16681);
#16680 = CARTESIAN_POINT('',(7.660276,-0.87799,1.585));
#16681 = VECTOR('',#16682,1.);
#16682 = DIRECTION('',(-0.707106781187,-0.707106781187,0.));
#16683 = ORIENTED_EDGE('',*,*,#16684,.T.);
#16684 = EDGE_CURVE('',#16677,#16685,#16687,.T.);
#16685 = VERTEX_POINT('',#16686);
#16686 = CARTESIAN_POINT('',(7.504286,-1.327013,1.585));
#16687 = CIRCLE('',#16688,0.611712714363);
#16688 = AXIS2_PLACEMENT_3D('',#16689,#16690,#16691);
#16689 = CARTESIAN_POINT('',(8.112691275217,-1.263487682202,1.585));
#16690 = DIRECTION('',(0.,0.,1.));
#16691 = DIRECTION('',(-0.860744370444,0.509037453188,0.));
#16692 = ORIENTED_EDGE('',*,*,#16693,.T.);
#16693 = EDGE_CURVE('',#16685,#16694,#16696,.T.);
#16694 = VERTEX_POINT('',#16695);
#16695 = CARTESIAN_POINT('',(7.547669,-1.500547,1.585));
#16696 = LINE('',#16697,#16698);
#16697 = CARTESIAN_POINT('',(7.504286,-1.327013,1.585));
#16698 = VECTOR('',#16699,1.);
#16699 = DIRECTION('',(0.242532994208,-0.970143157849,0.));
#16700 = ORIENTED_EDGE('',*,*,#16701,.T.);
#16701 = EDGE_CURVE('',#16694,#16702,#16704,.T.);
#16702 = VERTEX_POINT('',#16703);
#16703 = CARTESIAN_POINT('',(7.586163,-1.577534,1.585));
#16704 = LINE('',#16705,#16706);
#16705 = CARTESIAN_POINT('',(7.547669,-1.500547,1.585));
#16706 = VECTOR('',#16707,1.);
#16707 = DIRECTION('',(0.447218242641,-0.894424867414,0.));
#16708 = ORIENTED_EDGE('',*,*,#16709,.T.);
#16709 = EDGE_CURVE('',#16702,#16710,#16712,.T.);
#16710 = VERTEX_POINT('',#16711);
#16711 = CARTESIAN_POINT('',(7.660276,-1.651648,1.585));
#16712 = LINE('',#16713,#16714);
#16713 = CARTESIAN_POINT('',(7.586163,-1.577534,1.585));
#16714 = VECTOR('',#16715,1.);
#16715 = DIRECTION('',(0.707102010739,-0.707111551602,0.));
#16716 = ORIENTED_EDGE('',*,*,#16717,.T.);
#16717 = EDGE_CURVE('',#16710,#16718,#16720,.T.);
#16718 = VERTEX_POINT('',#16719);
#16719 = CARTESIAN_POINT('',(7.9602,-1.651647,1.585));
#16720 = CIRCLE('',#16721,0.299305962385);
#16721 = AXIS2_PLACEMENT_3D('',#16722,#16723,#16724);
#16722 = CARTESIAN_POINT('',(7.810237136355,-1.392619590935,1.585));
#16723 = DIRECTION('',(0.,0.,1.));
#16724 = DIRECTION('',(-0.501029565732,-0.865430167178,0.));
#16725 = ORIENTED_EDGE('',*,*,#16726,.T.);
#16726 = EDGE_CURVE('',#16718,#16727,#16729,.T.);
#16727 = VERTEX_POINT('',#16728);
#16728 = CARTESIAN_POINT('',(8.006665,-1.60722,1.585));
#16729 = LINE('',#16730,#16731);
#16730 = CARTESIAN_POINT('',(7.9602,-1.651647,1.585));
#16731 = VECTOR('',#16732,1.);
#16732 = DIRECTION('',(0.722780013658,0.691078180712,0.));
#16733 = ORIENTED_EDGE('',*,*,#16734,.T.);
#16734 = EDGE_CURVE('',#16727,#16735,#16737,.T.);
#16735 = VERTEX_POINT('',#16736);
#16736 = CARTESIAN_POINT('',(8.101366,-1.722613,1.585));
#16737 = CIRCLE('',#16738,7.499993690111E-02);
#16738 = AXIS2_PLACEMENT_3D('',#16739,#16740,#16741);
#16739 = CARTESIAN_POINT('',(8.048333248309,-1.669579823749,1.585));
#16740 = DIRECTION('',(0.,0.,-1.));
#16741 = DIRECTION('',(-0.555577111536,0.831465016184,0.));
#16742 = ORIENTED_EDGE('',*,*,#16743,.T.);
#16743 = EDGE_CURVE('',#16735,#16744,#16746,.T.);
#16744 = VERTEX_POINT('',#16745);
#16745 = CARTESIAN_POINT('',(8.037856,-1.782357,1.585));
#16746 = LINE('',#16747,#16748);
#16747 = CARTESIAN_POINT('',(8.101366,-1.722613,1.585));
#16748 = VECTOR('',#16749,1.);
#16749 = DIRECTION('',(-0.728372356766,-0.685181516023,0.));
#16750 = ORIENTED_EDGE('',*,*,#16751,.T.);
#16751 = EDGE_CURVE('',#16744,#16752,#16754,.T.);
#16752 = VERTEX_POINT('',#16753);
#16753 = CARTESIAN_POINT('',(7.578094,-1.779561,1.585));
#16754 = CIRCLE('',#16755,0.461067828848);
#16755 = AXIS2_PLACEMENT_3D('',#16756,#16757,#16758);
#16756 = CARTESIAN_POINT('',(7.810405512688,-1.381296133522,1.585));
#16757 = DIRECTION('',(-0.,0.,-1.));
#16758 = DIRECTION('',(0.493312421905,-0.869852202615,-0.));
#16759 = ORIENTED_EDGE('',*,*,#16760,.T.);
#16760 = EDGE_CURVE('',#16752,#16761,#16763,.T.);
#16761 = VERTEX_POINT('',#16762);
#16762 = CARTESIAN_POINT('',(7.461405,-1.661798,1.585));
#16763 = LINE('',#16764,#16765);
#16764 = CARTESIAN_POINT('',(7.578094,-1.779561,1.585));
#16765 = VECTOR('',#16766,1.);
#16766 = DIRECTION('',(-0.703860214178,0.710338510076,0.));
#16767 = ORIENTED_EDGE('',*,*,#16768,.T.);
#16768 = EDGE_CURVE('',#16761,#16769,#16771,.T.);
#16769 = VERTEX_POINT('',#16770);
#16770 = CARTESIAN_POINT('',(7.404144,-1.544913,1.585));
#16771 = LINE('',#16772,#16773);
#16772 = CARTESIAN_POINT('',(7.461405,-1.661798,1.585));
#16773 = VECTOR('',#16774,1.);
#16774 = DIRECTION('',(-0.439936873317,0.89802870082,0.));
#16775 = ORIENTED_EDGE('',*,*,#16776,.T.);
#16776 = EDGE_CURVE('',#16769,#16777,#16779,.T.);
#16777 = VERTEX_POINT('',#16778);
#16778 = CARTESIAN_POINT('',(7.354286,-1.336247,1.585));
#16779 = LINE('',#16780,#16781);
#16780 = CARTESIAN_POINT('',(7.404144,-1.544913,1.585));
#16781 = VECTOR('',#16782,1.);
#16782 = DIRECTION('',(-0.232395123349,0.972621461126,0.));
#16783 = ORIENTED_EDGE('',*,*,#16784,.T.);
#16784 = EDGE_CURVE('',#16777,#16785,#16787,.T.);
#16785 = VERTEX_POINT('',#16786);
#16786 = CARTESIAN_POINT('',(7.356525,-1.1752,1.585));
#16787 = LINE('',#16788,#16789);
#16788 = CARTESIAN_POINT('',(7.354286,-1.336247,1.585));
#16789 = VECTOR('',#16790,1.);
#16790 = DIRECTION('',(1.390143030566E-02,0.999903370449,0.));
#16791 = ORIENTED_EDGE('',*,*,#16792,.T.);
#16792 = EDGE_CURVE('',#16785,#16793,#16795,.T.);
#16793 = VERTEX_POINT('',#16794);
#16794 = CARTESIAN_POINT('',(7.409823,-0.969373,1.585));
#16795 = LINE('',#16796,#16797);
#16796 = CARTESIAN_POINT('',(7.356525,-1.1752,1.585));
#16797 = VECTOR('',#16798,1.);
#16798 = DIRECTION('',(0.250677645339,0.968070616292,0.));
#16799 = ORIENTED_EDGE('',*,*,#16800,.T.);
#16800 = EDGE_CURVE('',#16793,#16801,#16803,.T.);
#16801 = VERTEX_POINT('',#16802);
#16802 = CARTESIAN_POINT('',(7.466772,-0.860392,1.585));
#16803 = LINE('',#16804,#16805);
#16804 = CARTESIAN_POINT('',(7.409823,-0.969373,1.585));
#16805 = VECTOR('',#16806,1.);
#16806 = DIRECTION('',(0.463137057879,0.886286672369,0.));
#16807 = ORIENTED_EDGE('',*,*,#16808,.T.);
#16808 = EDGE_CURVE('',#16801,#16632,#16809,.T.);
#16809 = LINE('',#16810,#16811);
#16810 = CARTESIAN_POINT('',(7.466772,-0.860392,1.585));
#16811 = VECTOR('',#16812,1.);
#16812 = DIRECTION('',(0.715505474306,0.698607125814,0.));
#16813 = PLANE('',#16814);
#16814 = AXIS2_PLACEMENT_3D('',#16815,#16816,#16817);
#16815 = CARTESIAN_POINT('',(0.,0.,1.585));
#16816 = DIRECTION('',(0.,0.,1.));
#16817 = DIRECTION('',(1.,0.,-0.));
#16818 = ( GEOMETRIC_REPRESENTATION_CONTEXT(3) 
GLOBAL_UNCERTAINTY_ASSIGNED_CONTEXT((#16822)) 
GLOBAL_UNIT_ASSIGNED_CONTEXT((#16819,#16820,#16821)) 
REPRESENTATION_CONTEXT('Context #1',
  '3D Context with UNIT and UNCERTAINTY') );
#16819 = ( LENGTH_UNIT() NAMED_UNIT(*) SI_UNIT(.MILLI.,.METRE.) );
#16820 = ( NAMED_UNIT(*) PLANE_ANGLE_UNIT() SI_UNIT($,.RADIAN.) );
#16821 = ( NAMED_UNIT(*) SI_UNIT($,.STERADIAN.) SOLID_ANGLE_UNIT() );
#16822 = UNCERTAINTY_MEASURE_WITH_UNIT(LENGTH_MEASURE(1.E-07),#16819,
  'distance_accuracy_value','confusion accuracy');
#16823 = CONTEXT_DEPENDENT_SHAPE_REPRESENTATION(#16824,#16826);
#16824 = ( REPRESENTATION_RELATIONSHIP('','',#9676,#10) 
REPRESENTATION_RELATIONSHIP_WITH_TRANSFORMATION(#16825) 
SHAPE_REPRESENTATION_RELATIONSHIP() );
#16825 = ITEM_DEFINED_TRANSFORMATION('','',#11,#39);
#16826 = PRODUCT_DEFINITION_SHAPE('Placement','Placement of an item',
  #16827);
#16827 = NEXT_ASSEMBLY_USAGE_OCCURRENCE('11','=>[0:1:1:10]','',#5,#9671,
  $);
#16828 = PRODUCT_RELATED_PRODUCT_CATEGORY('part',$,(#9673));
#16829 = SHAPE_DEFINITION_REPRESENTATION(#16830,#16836);
#16830 = PRODUCT_DEFINITION_SHAPE('','',#16831);
#16831 = PRODUCT_DEFINITION('design','',#16832,#16835);
#16832 = PRODUCT_DEFINITION_FORMATION('','',#16833);
#16833 = PRODUCT('pd_amp_PCB','pd_amp_PCB','',(#16834));
#16834 = PRODUCT_CONTEXT('',#2,'mechanical');
#16835 = PRODUCT_DEFINITION_CONTEXT('part definition',#2,'design');
#16836 = ADVANCED_BREP_SHAPE_REPRESENTATION('',(#11,#16837),#18024);
#16837 = MANIFOLD_SOLID_BREP('',#16838);
#16838 = CLOSED_SHELL('',(#16839,#16881,#16912,#16943,#17248,#17553,
    #17570,#17587,#17604,#17621,#17633,#17650,#17667,#17684,#17701,
    #17718,#17735,#17752,#17769,#17786,#17803,#17820,#17837,#17854,
    #17871,#17888,#17905,#17922,#17939,#17956,#17973,#17990,#18007));
#16839 = ADVANCED_FACE('',(#16840),#16876,.T.);
#16840 = FACE_BOUND('',#16841,.T.);
#16841 = EDGE_LOOP('',(#16842,#16852,#16861,#16869));
#16842 = ORIENTED_EDGE('',*,*,#16843,.T.);
#16843 = EDGE_CURVE('',#16844,#16846,#16848,.T.);
#16844 = VERTEX_POINT('',#16845);
#16845 = CARTESIAN_POINT('',(32.79,1.221245327088E-15,0.));
#16846 = VERTEX_POINT('',#16847);
#16847 = CARTESIAN_POINT('',(32.79,1.221245327088E-15,1.51));
#16848 = LINE('',#16849,#16850);
#16849 = CARTESIAN_POINT('',(32.79,1.221245327088E-15,0.));
#16850 = VECTOR('',#16851,1.);
#16851 = DIRECTION('',(0.,0.,1.));
#16852 = ORIENTED_EDGE('',*,*,#16853,.T.);
#16853 = EDGE_CURVE('',#16846,#16854,#16856,.T.);
#16854 = VERTEX_POINT('',#16855);
#16855 = CARTESIAN_POINT('',(34.29,-1.5,1.51));
#16856 = CIRCLE('',#16857,1.500000586493);
#16857 = AXIS2_PLACEMENT_3D('',#16858,#16859,#16860);
#16858 = CARTESIAN_POINT('',(32.789999413507,-1.500000586493,1.51));
#16859 = DIRECTION('',(0.,0.,-1.));
#16860 = DIRECTION('',(3.909953663434E-07,1.,0.));
#16861 = ORIENTED_EDGE('',*,*,#16862,.F.);
#16862 = EDGE_CURVE('',#16863,#16854,#16865,.T.);
#16863 = VERTEX_POINT('',#16864);
#16864 = CARTESIAN_POINT('',(34.29,-1.5,0.));
#16865 = LINE('',#16866,#16867);
#16866 = CARTESIAN_POINT('',(34.29,-1.5,0.));
#16867 = VECTOR('',#16868,1.);
#16868 = DIRECTION('',(0.,0.,1.));
#16869 = ORIENTED_EDGE('',*,*,#16870,.F.);
#16870 = EDGE_CURVE('',#16844,#16863,#16871,.T.);
#16871 = CIRCLE('',#16872,1.500000586493);
#16872 = AXIS2_PLACEMENT_3D('',#16873,#16874,#16875);
#16873 = CARTESIAN_POINT('',(32.789999413507,-1.500000586493,0.));
#16874 = DIRECTION('',(0.,0.,-1.));
#16875 = DIRECTION('',(3.909953663434E-07,1.,0.));
#16876 = CYLINDRICAL_SURFACE('',#16877,1.500000586493);
#16877 = AXIS2_PLACEMENT_3D('',#16878,#16879,#16880);
#16878 = CARTESIAN_POINT('',(32.789999413507,-1.500000586493,0.));
#16879 = DIRECTION('',(0.,0.,-1.));
#16880 = DIRECTION('',(3.909953663434E-07,1.,0.));
#16881 = ADVANCED_FACE('',(#16882),#16907,.T.);
#16882 = FACE_BOUND('',#16883,.T.);
#16883 = EDGE_LOOP('',(#16884,#16894,#16900,#16901));
#16884 = ORIENTED_EDGE('',*,*,#16885,.T.);
#16885 = EDGE_CURVE('',#16886,#16888,#16890,.T.);
#16886 = VERTEX_POINT('',#16887);
#16887 = CARTESIAN_POINT('',(1.5,0.,0.));
#16888 = VERTEX_POINT('',#16889);
#16889 = CARTESIAN_POINT('',(1.5,0.,1.51));
#16890 = LINE('',#16891,#16892);
#16891 = CARTESIAN_POINT('',(1.5,0.,0.));
#16892 = VECTOR('',#16893,1.);
#16893 = DIRECTION('',(0.,0.,1.));
#16894 = ORIENTED_EDGE('',*,*,#16895,.T.);
#16895 = EDGE_CURVE('',#16888,#16846,#16896,.T.);
#16896 = LINE('',#16897,#16898);
#16897 = CARTESIAN_POINT('',(1.5,0.,1.51));
#16898 = VECTOR('',#16899,1.);
#16899 = DIRECTION('',(1.,0.,0.));
#16900 = ORIENTED_EDGE('',*,*,#16843,.F.);
#16901 = ORIENTED_EDGE('',*,*,#16902,.F.);
#16902 = EDGE_CURVE('',#16886,#16844,#16903,.T.);
#16903 = LINE('',#16904,#16905);
#16904 = CARTESIAN_POINT('',(1.5,-0.,0.));
#16905 = VECTOR('',#16906,1.);
#16906 = DIRECTION('',(1.,0.,0.));
#16907 = PLANE('',#16908);
#16908 = AXIS2_PLACEMENT_3D('',#16909,#16910,#16911);
#16909 = CARTESIAN_POINT('',(1.5,0.,0.));
#16910 = DIRECTION('',(0.,1.,0.));
#16911 = DIRECTION('',(1.,0.,0.));
#16912 = ADVANCED_FACE('',(#16913),#16938,.T.);
#16913 = FACE_BOUND('',#16914,.T.);
#16914 = EDGE_LOOP('',(#16915,#16916,#16924,#16932));
#16915 = ORIENTED_EDGE('',*,*,#16862,.T.);
#16916 = ORIENTED_EDGE('',*,*,#16917,.T.);
#16917 = EDGE_CURVE('',#16854,#16918,#16920,.T.);
#16918 = VERTEX_POINT('',#16919);
#16919 = CARTESIAN_POINT('',(34.29,-23.9,1.51));
#16920 = LINE('',#16921,#16922);
#16921 = CARTESIAN_POINT('',(34.29,-1.5,1.51));
#16922 = VECTOR('',#16923,1.);
#16923 = DIRECTION('',(0.,-1.,0.));
#16924 = ORIENTED_EDGE('',*,*,#16925,.F.);
#16925 = EDGE_CURVE('',#16926,#16918,#16928,.T.);
#16926 = VERTEX_POINT('',#16927);
#16927 = CARTESIAN_POINT('',(34.29,-23.9,0.));
#16928 = LINE('',#16929,#16930);
#16929 = CARTESIAN_POINT('',(34.29,-23.9,0.));
#16930 = VECTOR('',#16931,1.);
#16931 = DIRECTION('',(0.,0.,1.));
#16932 = ORIENTED_EDGE('',*,*,#16933,.F.);
#16933 = EDGE_CURVE('',#16863,#16926,#16934,.T.);
#16934 = LINE('',#16935,#16936);
#16935 = CARTESIAN_POINT('',(34.29,-1.5,0.));
#16936 = VECTOR('',#16937,1.);
#16937 = DIRECTION('',(0.,-1.,0.));
#16938 = PLANE('',#16939);
#16939 = AXIS2_PLACEMENT_3D('',#16940,#16941,#16942);
#16940 = CARTESIAN_POINT('',(34.29,-1.5,0.));
#16941 = DIRECTION('',(1.,0.,-0.));
#16942 = DIRECTION('',(0.,-1.,0.));
#16943 = ADVANCED_FACE('',(#16944,#16990,#17001,#17012,#17023,#17034,
    #17045,#17056,#17067,#17078,#17089,#17100,#17111,#17122,#17133,
    #17144,#17155,#17166,#17177,#17188,#17199,#17210,#17221,#17232),
  #17243,.F.);
#16944 = FACE_BOUND('',#16945,.F.);
#16945 = EDGE_LOOP('',(#16946,#16947,#16948,#16957,#16965,#16974,#16982,
    #16989));
#16946 = ORIENTED_EDGE('',*,*,#16870,.F.);
#16947 = ORIENTED_EDGE('',*,*,#16902,.F.);
#16948 = ORIENTED_EDGE('',*,*,#16949,.F.);
#16949 = EDGE_CURVE('',#16950,#16886,#16952,.T.);
#16950 = VERTEX_POINT('',#16951);
#16951 = CARTESIAN_POINT('',(-1.110223024625E-16,-1.5,0.));
#16952 = CIRCLE('',#16953,1.500000586493);
#16953 = AXIS2_PLACEMENT_3D('',#16954,#16955,#16956);
#16954 = CARTESIAN_POINT('',(1.500000586493,-1.500000586493,0.));
#16955 = DIRECTION('',(0.,0.,-1.));
#16956 = DIRECTION('',(-1.,3.909953624946E-07,0.));
#16957 = ORIENTED_EDGE('',*,*,#16958,.F.);
#16958 = EDGE_CURVE('',#16959,#16950,#16961,.T.);
#16959 = VERTEX_POINT('',#16960);
#16960 = CARTESIAN_POINT('',(-7.771561172376E-16,-23.9,0.));
#16961 = LINE('',#16962,#16963);
#16962 = CARTESIAN_POINT('',(0.,-23.9,0.));
#16963 = VECTOR('',#16964,1.);
#16964 = DIRECTION('',(0.,1.,0.));
#16965 = ORIENTED_EDGE('',*,*,#16966,.F.);
#16966 = EDGE_CURVE('',#16967,#16959,#16969,.T.);
#16967 = VERTEX_POINT('',#16968);
#16968 = CARTESIAN_POINT('',(1.5,-25.4,0.));
#16969 = CIRCLE('',#16970,1.500000586493);
#16970 = AXIS2_PLACEMENT_3D('',#16971,#16972,#16973);
#16971 = CARTESIAN_POINT('',(1.500000586493,-23.8999994135,0.));
#16972 = DIRECTION('',(0.,0.,-1.));
#16973 = DIRECTION('',(-3.909953598301E-07,-1.,-0.));
#16974 = ORIENTED_EDGE('',*,*,#16975,.F.);
#16975 = EDGE_CURVE('',#16976,#16967,#16978,.T.);
#16976 = VERTEX_POINT('',#16977);
#16977 = CARTESIAN_POINT('',(32.79,-25.4,0.));
#16978 = LINE('',#16979,#16980);
#16979 = CARTESIAN_POINT('',(32.79,-25.4,0.));
#16980 = VECTOR('',#16981,1.);
#16981 = DIRECTION('',(-1.,0.,0.));
#16982 = ORIENTED_EDGE('',*,*,#16983,.F.);
#16983 = EDGE_CURVE('',#16926,#16976,#16984,.T.);
#16984 = CIRCLE('',#16985,1.500000586493);
#16985 = AXIS2_PLACEMENT_3D('',#16986,#16987,#16988);
#16986 = CARTESIAN_POINT('',(32.789999413507,-23.8999994135,0.));
#16987 = DIRECTION('',(0.,0.,-1.));
#16988 = DIRECTION('',(1.,-3.909953616065E-07,0.));
#16989 = ORIENTED_EDGE('',*,*,#16933,.F.);
#16990 = FACE_BOUND('',#16991,.F.);
#16991 = EDGE_LOOP('',(#16992));
#16992 = ORIENTED_EDGE('',*,*,#16993,.T.);
#16993 = EDGE_CURVE('',#16994,#16994,#16996,.T.);
#16994 = VERTEX_POINT('',#16995);
#16995 = CARTESIAN_POINT('',(4.645,-21.92,0.));
#16996 = CIRCLE('',#16997,1.6);
#16997 = AXIS2_PLACEMENT_3D('',#16998,#16999,#17000);
#16998 = CARTESIAN_POINT('',(4.645,-20.32,0.));
#16999 = DIRECTION('',(-0.,0.,-1.));
#17000 = DIRECTION('',(-0.,-1.,0.));
#17001 = FACE_BOUND('',#17002,.F.);
#17002 = EDGE_LOOP('',(#17003));
#17003 = ORIENTED_EDGE('',*,*,#17004,.T.);
#17004 = EDGE_CURVE('',#17005,#17005,#17007,.T.);
#17005 = VERTEX_POINT('',#17006);
#17006 = CARTESIAN_POINT('',(14.605,-20.67,0.));
#17007 = CIRCLE('',#17008,0.35);
#17008 = AXIS2_PLACEMENT_3D('',#17009,#17010,#17011);
#17009 = CARTESIAN_POINT('',(14.605,-20.32,0.));
#17010 = DIRECTION('',(-0.,0.,-1.));
#17011 = DIRECTION('',(-0.,-1.,0.));
#17012 = FACE_BOUND('',#17013,.F.);
#17013 = EDGE_LOOP('',(#17014));
#17014 = ORIENTED_EDGE('',*,*,#17015,.T.);
#17015 = EDGE_CURVE('',#17016,#17016,#17018,.T.);
#17016 = VERTEX_POINT('',#17017);
#17017 = CARTESIAN_POINT('',(8.89,-15.64,0.));
#17018 = CIRCLE('',#17019,0.4);
#17019 = AXIS2_PLACEMENT_3D('',#17020,#17021,#17022);
#17020 = CARTESIAN_POINT('',(8.89,-15.24,0.));
#17021 = DIRECTION('',(-0.,0.,-1.));
#17022 = DIRECTION('',(-0.,-1.,0.));
#17023 = FACE_BOUND('',#17024,.F.);
#17024 = EDGE_LOOP('',(#17025));
#17025 = ORIENTED_EDGE('',*,*,#17026,.T.);
#17026 = EDGE_CURVE('',#17027,#17027,#17029,.T.);
#17027 = VERTEX_POINT('',#17028);
#17028 = CARTESIAN_POINT('',(4.445,-15.005,0.));
#17029 = CIRCLE('',#17030,0.4);
#17030 = AXIS2_PLACEMENT_3D('',#17031,#17032,#17033);
#17031 = CARTESIAN_POINT('',(4.445,-14.605,0.));
#17032 = DIRECTION('',(-0.,0.,-1.));
#17033 = DIRECTION('',(-0.,-1.,0.));
#17034 = FACE_BOUND('',#17035,.F.);
#17035 = EDGE_LOOP('',(#17036));
#17036 = ORIENTED_EDGE('',*,*,#17037,.T.);
#17037 = EDGE_CURVE('',#17038,#17038,#17040,.T.);
#17038 = VERTEX_POINT('',#17039);
#17039 = CARTESIAN_POINT('',(13.335,-13.1,0.));
#17040 = CIRCLE('',#17041,0.4);
#17041 = AXIS2_PLACEMENT_3D('',#17042,#17043,#17044);
#17042 = CARTESIAN_POINT('',(13.335,-12.7,0.));
#17043 = DIRECTION('',(-0.,0.,-1.));
#17044 = DIRECTION('',(-0.,-1.,0.));
#17045 = FACE_BOUND('',#17046,.F.);
#17046 = EDGE_LOOP('',(#17047));
#17047 = ORIENTED_EDGE('',*,*,#17048,.T.);
#17048 = EDGE_CURVE('',#17049,#17049,#17051,.T.);
#17049 = VERTEX_POINT('',#17050);
#17050 = CARTESIAN_POINT('',(15.875,-13.1,0.));
#17051 = CIRCLE('',#17052,0.4);
#17052 = AXIS2_PLACEMENT_3D('',#17053,#17054,#17055);
#17053 = CARTESIAN_POINT('',(15.875,-12.7,0.));
#17054 = DIRECTION('',(-0.,0.,-1.));
#17055 = DIRECTION('',(-0.,-1.,0.));
#17056 = FACE_BOUND('',#17057,.F.);
#17057 = EDGE_LOOP('',(#17058));
#17058 = ORIENTED_EDGE('',*,*,#17059,.T.);
#17059 = EDGE_CURVE('',#17060,#17060,#17062,.T.);
#17060 = VERTEX_POINT('',#17061);
#17061 = CARTESIAN_POINT('',(19.685,-20.67,0.));
#17062 = CIRCLE('',#17063,0.35);
#17063 = AXIS2_PLACEMENT_3D('',#17064,#17065,#17066);
#17064 = CARTESIAN_POINT('',(19.685,-20.32,0.));
#17065 = DIRECTION('',(-0.,0.,-1.));
#17066 = DIRECTION('',(-1.015061051086E-14,-1.,0.));
#17067 = FACE_BOUND('',#17068,.F.);
#17068 = EDGE_LOOP('',(#17069));
#17069 = ORIENTED_EDGE('',*,*,#17070,.T.);
#17070 = EDGE_CURVE('',#17071,#17071,#17073,.T.);
#17071 = VERTEX_POINT('',#17072);
#17072 = CARTESIAN_POINT('',(29.645,-21.92,0.));
#17073 = CIRCLE('',#17074,1.6);
#17074 = AXIS2_PLACEMENT_3D('',#17075,#17076,#17077);
#17075 = CARTESIAN_POINT('',(29.645,-20.32,0.));
#17076 = DIRECTION('',(-0.,0.,-1.));
#17077 = DIRECTION('',(-2.22044604925E-15,-1.,0.));
#17078 = FACE_BOUND('',#17079,.F.);
#17079 = EDGE_LOOP('',(#17080));
#17080 = ORIENTED_EDGE('',*,*,#17081,.T.);
#17081 = EDGE_CURVE('',#17082,#17082,#17084,.T.);
#17082 = VERTEX_POINT('',#17083);
#17083 = CARTESIAN_POINT('',(18.415,-13.1,0.));
#17084 = CIRCLE('',#17085,0.4);
#17085 = AXIS2_PLACEMENT_3D('',#17086,#17087,#17088);
#17086 = CARTESIAN_POINT('',(18.415,-12.7,0.));
#17087 = DIRECTION('',(-0.,0.,-1.));
#17088 = DIRECTION('',(-0.,-1.,0.));
#17089 = FACE_BOUND('',#17090,.F.);
#17090 = EDGE_LOOP('',(#17091));
#17091 = ORIENTED_EDGE('',*,*,#17092,.T.);
#17092 = EDGE_CURVE('',#17093,#17093,#17095,.T.);
#17093 = VERTEX_POINT('',#17094);
#17094 = CARTESIAN_POINT('',(20.955,-13.1,0.));
#17095 = CIRCLE('',#17096,0.4);
#17096 = AXIS2_PLACEMENT_3D('',#17097,#17098,#17099);
#17097 = CARTESIAN_POINT('',(20.955,-12.7,0.));
#17098 = DIRECTION('',(-0.,0.,-1.));
#17099 = DIRECTION('',(-0.,-1.,0.));
#17100 = FACE_BOUND('',#17101,.F.);
#17101 = EDGE_LOOP('',(#17102));
#17102 = ORIENTED_EDGE('',*,*,#17103,.T.);
#17103 = EDGE_CURVE('',#17104,#17104,#17106,.T.);
#17104 = VERTEX_POINT('',#17105);
#17105 = CARTESIAN_POINT('',(4.445,-10.005,0.));
#17106 = CIRCLE('',#17107,0.4);
#17107 = AXIS2_PLACEMENT_3D('',#17108,#17109,#17110);
#17108 = CARTESIAN_POINT('',(4.445,-9.605,0.));
#17109 = DIRECTION('',(-0.,0.,-1.));
#17110 = DIRECTION('',(-0.,-1.,0.));
#17111 = FACE_BOUND('',#17112,.F.);
#17112 = EDGE_LOOP('',(#17113));
#17113 = ORIENTED_EDGE('',*,*,#17114,.T.);
#17114 = EDGE_CURVE('',#17115,#17115,#17117,.T.);
#17115 = VERTEX_POINT('',#17116);
#17116 = CARTESIAN_POINT('',(8.89,-8.02,0.));
#17117 = CIRCLE('',#17118,0.4);
#17118 = AXIS2_PLACEMENT_3D('',#17119,#17120,#17121);
#17119 = CARTESIAN_POINT('',(8.89,-7.62,0.));
#17120 = DIRECTION('',(-0.,0.,-1.));
#17121 = DIRECTION('',(-0.,-1.,0.));
#17122 = FACE_BOUND('',#17123,.F.);
#17123 = EDGE_LOOP('',(#17124));
#17124 = ORIENTED_EDGE('',*,*,#17125,.T.);
#17125 = EDGE_CURVE('',#17126,#17126,#17128,.T.);
#17126 = VERTEX_POINT('',#17127);
#17127 = CARTESIAN_POINT('',(5.715,-4.21,0.));
#17128 = CIRCLE('',#17129,0.4);
#17129 = AXIS2_PLACEMENT_3D('',#17130,#17131,#17132);
#17130 = CARTESIAN_POINT('',(5.715,-3.81,0.));
#17131 = DIRECTION('',(-0.,0.,-1.));
#17132 = DIRECTION('',(-0.,-1.,0.));
#17133 = FACE_BOUND('',#17134,.F.);
#17134 = EDGE_LOOP('',(#17135));
#17135 = ORIENTED_EDGE('',*,*,#17136,.T.);
#17136 = EDGE_CURVE('',#17137,#17137,#17139,.T.);
#17137 = VERTEX_POINT('',#17138);
#17138 = CARTESIAN_POINT('',(13.335,-5.48,0.));
#17139 = CIRCLE('',#17140,0.4);
#17140 = AXIS2_PLACEMENT_3D('',#17141,#17142,#17143);
#17141 = CARTESIAN_POINT('',(13.335,-5.08,0.));
#17142 = DIRECTION('',(-0.,0.,-1.));
#17143 = DIRECTION('',(-0.,-1.,0.));
#17144 = FACE_BOUND('',#17145,.F.);
#17145 = EDGE_LOOP('',(#17146));
#17146 = ORIENTED_EDGE('',*,*,#17147,.T.);
#17147 = EDGE_CURVE('',#17148,#17148,#17150,.T.);
#17148 = VERTEX_POINT('',#17149);
#17149 = CARTESIAN_POINT('',(10.715,-4.21,0.));
#17150 = CIRCLE('',#17151,0.4);
#17151 = AXIS2_PLACEMENT_3D('',#17152,#17153,#17154);
#17152 = CARTESIAN_POINT('',(10.715,-3.81,0.));
#17153 = DIRECTION('',(-0.,0.,-1.));
#17154 = DIRECTION('',(-0.,-1.,0.));
#17155 = FACE_BOUND('',#17156,.F.);
#17156 = EDGE_LOOP('',(#17157));
#17157 = ORIENTED_EDGE('',*,*,#17158,.T.);
#17158 = EDGE_CURVE('',#17159,#17159,#17161,.T.);
#17159 = VERTEX_POINT('',#17160);
#17160 = CARTESIAN_POINT('',(15.875,-5.48,0.));
#17161 = CIRCLE('',#17162,0.4);
#17162 = AXIS2_PLACEMENT_3D('',#17163,#17164,#17165);
#17163 = CARTESIAN_POINT('',(15.875,-5.08,0.));
#17164 = DIRECTION('',(-0.,0.,-1.));
#17165 = DIRECTION('',(-0.,-1.,0.));
#17166 = FACE_BOUND('',#17167,.F.);
#17167 = EDGE_LOOP('',(#17168));
#17168 = ORIENTED_EDGE('',*,*,#17169,.T.);
#17169 = EDGE_CURVE('',#17170,#17170,#17172,.T.);
#17170 = VERTEX_POINT('',#17171);
#17171 = CARTESIAN_POINT('',(24.13,-12.465,0.));
#17172 = CIRCLE('',#17173,0.4);
#17173 = AXIS2_PLACEMENT_3D('',#17174,#17175,#17176);
#17174 = CARTESIAN_POINT('',(24.13,-12.065,0.));
#17175 = DIRECTION('',(-0.,0.,-1.));
#17176 = DIRECTION('',(-8.881784197001E-15,-1.,0.));
#17177 = FACE_BOUND('',#17178,.F.);
#17178 = EDGE_LOOP('',(#17179));
#17179 = ORIENTED_EDGE('',*,*,#17180,.T.);
#17180 = EDGE_CURVE('',#17181,#17181,#17183,.T.);
#17181 = VERTEX_POINT('',#17182);
#17182 = CARTESIAN_POINT('',(31.75,-12.465,0.));
#17183 = CIRCLE('',#17184,0.4);
#17184 = AXIS2_PLACEMENT_3D('',#17185,#17186,#17187);
#17185 = CARTESIAN_POINT('',(31.75,-12.065,0.));
#17186 = DIRECTION('',(-0.,0.,-1.));
#17187 = DIRECTION('',(-0.,-1.,0.));
#17188 = FACE_BOUND('',#17189,.F.);
#17189 = EDGE_LOOP('',(#17190));
#17190 = ORIENTED_EDGE('',*,*,#17191,.T.);
#17191 = EDGE_CURVE('',#17192,#17192,#17194,.T.);
#17192 = VERTEX_POINT('',#17193);
#17193 = CARTESIAN_POINT('',(18.415,-5.48,0.));
#17194 = CIRCLE('',#17195,0.4);
#17195 = AXIS2_PLACEMENT_3D('',#17196,#17197,#17198);
#17196 = CARTESIAN_POINT('',(18.415,-5.08,0.));
#17197 = DIRECTION('',(-0.,0.,-1.));
#17198 = DIRECTION('',(-0.,-1.,0.));
#17199 = FACE_BOUND('',#17200,.F.);
#17200 = EDGE_LOOP('',(#17201));
#17201 = ORIENTED_EDGE('',*,*,#17202,.T.);
#17202 = EDGE_CURVE('',#17203,#17203,#17205,.T.);
#17203 = VERTEX_POINT('',#17204);
#17204 = CARTESIAN_POINT('',(20.955,-5.48,0.));
#17205 = CIRCLE('',#17206,0.4);
#17206 = AXIS2_PLACEMENT_3D('',#17207,#17208,#17209);
#17207 = CARTESIAN_POINT('',(20.955,-5.08,0.));
#17208 = DIRECTION('',(-0.,0.,-1.));
#17209 = DIRECTION('',(-0.,-1.,0.));
#17210 = FACE_BOUND('',#17211,.F.);
#17211 = EDGE_LOOP('',(#17212));
#17212 = ORIENTED_EDGE('',*,*,#17213,.T.);
#17213 = EDGE_CURVE('',#17214,#17214,#17216,.T.);
#17214 = VERTEX_POINT('',#17215);
#17215 = CARTESIAN_POINT('',(26.035,-4.285,0.));
#17216 = CIRCLE('',#17217,0.475);
#17217 = AXIS2_PLACEMENT_3D('',#17218,#17219,#17220);
#17218 = CARTESIAN_POINT('',(26.035,-3.81,0.));
#17219 = DIRECTION('',(-0.,0.,-1.));
#17220 = DIRECTION('',(-0.,-1.,0.));
#17221 = FACE_BOUND('',#17222,.F.);
#17222 = EDGE_LOOP('',(#17223));
#17223 = ORIENTED_EDGE('',*,*,#17224,.T.);
#17224 = EDGE_CURVE('',#17225,#17225,#17227,.T.);
#17225 = VERTEX_POINT('',#17226);
#17226 = CARTESIAN_POINT('',(28.535,-4.285,0.));
#17227 = CIRCLE('',#17228,0.475);
#17228 = AXIS2_PLACEMENT_3D('',#17229,#17230,#17231);
#17229 = CARTESIAN_POINT('',(28.535,-3.81,0.));
#17230 = DIRECTION('',(-0.,0.,-1.));
#17231 = DIRECTION('',(-0.,-1.,0.));
#17232 = FACE_BOUND('',#17233,.F.);
#17233 = EDGE_LOOP('',(#17234));
#17234 = ORIENTED_EDGE('',*,*,#17235,.T.);
#17235 = EDGE_CURVE('',#17236,#17236,#17238,.T.);
#17236 = VERTEX_POINT('',#17237);
#17237 = CARTESIAN_POINT('',(31.035,-4.285,0.));
#17238 = CIRCLE('',#17239,0.475);
#17239 = AXIS2_PLACEMENT_3D('',#17240,#17241,#17242);
#17240 = CARTESIAN_POINT('',(31.035,-3.81,0.));
#17241 = DIRECTION('',(-0.,0.,-1.));
#17242 = DIRECTION('',(-0.,-1.,0.));
#17243 = PLANE('',#17244);
#17244 = AXIS2_PLACEMENT_3D('',#17245,#17246,#17247);
#17245 = CARTESIAN_POINT('',(0.,0.,0.));
#17246 = DIRECTION('',(0.,0.,1.));
#17247 = DIRECTION('',(1.,0.,-0.));
#17248 = ADVANCED_FACE('',(#17249,#17295,#17306,#17317,#17328,#17339,
    #17350,#17361,#17372,#17383,#17394,#17405,#17416,#17427,#17438,
    #17449,#17460,#17471,#17482,#17493,#17504,#17515,#17526,#17537),
  #17548,.T.);
#17249 = FACE_BOUND('',#17250,.T.);
#17250 = EDGE_LOOP('',(#17251,#17252,#17253,#17262,#17270,#17279,#17287,
    #17294));
#17251 = ORIENTED_EDGE('',*,*,#16853,.F.);
#17252 = ORIENTED_EDGE('',*,*,#16895,.F.);
#17253 = ORIENTED_EDGE('',*,*,#17254,.F.);
#17254 = EDGE_CURVE('',#17255,#16888,#17257,.T.);
#17255 = VERTEX_POINT('',#17256);
#17256 = CARTESIAN_POINT('',(-1.110223024625E-16,-1.5,1.51));
#17257 = CIRCLE('',#17258,1.500000586493);
#17258 = AXIS2_PLACEMENT_3D('',#17259,#17260,#17261);
#17259 = CARTESIAN_POINT('',(1.500000586493,-1.500000586493,1.51));
#17260 = DIRECTION('',(0.,0.,-1.));
#17261 = DIRECTION('',(-1.,3.909953624946E-07,0.));
#17262 = ORIENTED_EDGE('',*,*,#17263,.F.);
#17263 = EDGE_CURVE('',#17264,#17255,#17266,.T.);
#17264 = VERTEX_POINT('',#17265);
#17265 = CARTESIAN_POINT('',(-7.771561172376E-16,-23.9,1.51));
#17266 = LINE('',#17267,#17268);
#17267 = CARTESIAN_POINT('',(0.,-23.9,1.51));
#17268 = VECTOR('',#17269,1.);
#17269 = DIRECTION('',(0.,1.,0.));
#17270 = ORIENTED_EDGE('',*,*,#17271,.F.);
#17271 = EDGE_CURVE('',#17272,#17264,#17274,.T.);
#17272 = VERTEX_POINT('',#17273);
#17273 = CARTESIAN_POINT('',(1.5,-25.4,1.51));
#17274 = CIRCLE('',#17275,1.500000586493);
#17275 = AXIS2_PLACEMENT_3D('',#17276,#17277,#17278);
#17276 = CARTESIAN_POINT('',(1.500000586493,-23.8999994135,1.51));
#17277 = DIRECTION('',(0.,0.,-1.));
#17278 = DIRECTION('',(-3.909953598301E-07,-1.,-0.));
#17279 = ORIENTED_EDGE('',*,*,#17280,.F.);
#17280 = EDGE_CURVE('',#17281,#17272,#17283,.T.);
#17281 = VERTEX_POINT('',#17282);
#17282 = CARTESIAN_POINT('',(32.79,-25.4,1.51));
#17283 = LINE('',#17284,#17285);
#17284 = CARTESIAN_POINT('',(32.79,-25.4,1.51));
#17285 = VECTOR('',#17286,1.);
#17286 = DIRECTION('',(-1.,0.,0.));
#17287 = ORIENTED_EDGE('',*,*,#17288,.F.);
#17288 = EDGE_CURVE('',#16918,#17281,#17289,.T.);
#17289 = CIRCLE('',#17290,1.500000586493);
#17290 = AXIS2_PLACEMENT_3D('',#17291,#17292,#17293);
#17291 = CARTESIAN_POINT('',(32.789999413507,-23.8999994135,1.51));
#17292 = DIRECTION('',(0.,0.,-1.));
#17293 = DIRECTION('',(1.,-3.909953616065E-07,0.));
#17294 = ORIENTED_EDGE('',*,*,#16917,.F.);
#17295 = FACE_BOUND('',#17296,.T.);
#17296 = EDGE_LOOP('',(#17297));
#17297 = ORIENTED_EDGE('',*,*,#17298,.T.);
#17298 = EDGE_CURVE('',#17299,#17299,#17301,.T.);
#17299 = VERTEX_POINT('',#17300);
#17300 = CARTESIAN_POINT('',(4.645,-21.92,1.51));
#17301 = CIRCLE('',#17302,1.6);
#17302 = AXIS2_PLACEMENT_3D('',#17303,#17304,#17305);
#17303 = CARTESIAN_POINT('',(4.645,-20.32,1.51));
#17304 = DIRECTION('',(-0.,0.,-1.));
#17305 = DIRECTION('',(-0.,-1.,0.));
#17306 = FACE_BOUND('',#17307,.T.);
#17307 = EDGE_LOOP('',(#17308));
#17308 = ORIENTED_EDGE('',*,*,#17309,.T.);
#17309 = EDGE_CURVE('',#17310,#17310,#17312,.T.);
#17310 = VERTEX_POINT('',#17311);
#17311 = CARTESIAN_POINT('',(14.605,-20.67,1.51));
#17312 = CIRCLE('',#17313,0.35);
#17313 = AXIS2_PLACEMENT_3D('',#17314,#17315,#17316);
#17314 = CARTESIAN_POINT('',(14.605,-20.32,1.51));
#17315 = DIRECTION('',(-0.,0.,-1.));
#17316 = DIRECTION('',(-0.,-1.,0.));
#17317 = FACE_BOUND('',#17318,.T.);
#17318 = EDGE_LOOP('',(#17319));
#17319 = ORIENTED_EDGE('',*,*,#17320,.T.);
#17320 = EDGE_CURVE('',#17321,#17321,#17323,.T.);
#17321 = VERTEX_POINT('',#17322);
#17322 = CARTESIAN_POINT('',(8.89,-15.64,1.51));
#17323 = CIRCLE('',#17324,0.4);
#17324 = AXIS2_PLACEMENT_3D('',#17325,#17326,#17327);
#17325 = CARTESIAN_POINT('',(8.89,-15.24,1.51));
#17326 = DIRECTION('',(-0.,0.,-1.));
#17327 = DIRECTION('',(-0.,-1.,0.));
#17328 = FACE_BOUND('',#17329,.T.);
#17329 = EDGE_LOOP('',(#17330));
#17330 = ORIENTED_EDGE('',*,*,#17331,.T.);
#17331 = EDGE_CURVE('',#17332,#17332,#17334,.T.);
#17332 = VERTEX_POINT('',#17333);
#17333 = CARTESIAN_POINT('',(4.445,-15.005,1.51));
#17334 = CIRCLE('',#17335,0.4);
#17335 = AXIS2_PLACEMENT_3D('',#17336,#17337,#17338);
#17336 = CARTESIAN_POINT('',(4.445,-14.605,1.51));
#17337 = DIRECTION('',(-0.,0.,-1.));
#17338 = DIRECTION('',(-0.,-1.,0.));
#17339 = FACE_BOUND('',#17340,.T.);
#17340 = EDGE_LOOP('',(#17341));
#17341 = ORIENTED_EDGE('',*,*,#17342,.T.);
#17342 = EDGE_CURVE('',#17343,#17343,#17345,.T.);
#17343 = VERTEX_POINT('',#17344);
#17344 = CARTESIAN_POINT('',(13.335,-13.1,1.51));
#17345 = CIRCLE('',#17346,0.4);
#17346 = AXIS2_PLACEMENT_3D('',#17347,#17348,#17349);
#17347 = CARTESIAN_POINT('',(13.335,-12.7,1.51));
#17348 = DIRECTION('',(-0.,0.,-1.));
#17349 = DIRECTION('',(-0.,-1.,0.));
#17350 = FACE_BOUND('',#17351,.T.);
#17351 = EDGE_LOOP('',(#17352));
#17352 = ORIENTED_EDGE('',*,*,#17353,.T.);
#17353 = EDGE_CURVE('',#17354,#17354,#17356,.T.);
#17354 = VERTEX_POINT('',#17355);
#17355 = CARTESIAN_POINT('',(15.875,-13.1,1.51));
#17356 = CIRCLE('',#17357,0.4);
#17357 = AXIS2_PLACEMENT_3D('',#17358,#17359,#17360);
#17358 = CARTESIAN_POINT('',(15.875,-12.7,1.51));
#17359 = DIRECTION('',(-0.,0.,-1.));
#17360 = DIRECTION('',(-0.,-1.,0.));
#17361 = FACE_BOUND('',#17362,.T.);
#17362 = EDGE_LOOP('',(#17363));
#17363 = ORIENTED_EDGE('',*,*,#17364,.T.);
#17364 = EDGE_CURVE('',#17365,#17365,#17367,.T.);
#17365 = VERTEX_POINT('',#17366);
#17366 = CARTESIAN_POINT('',(19.685,-20.67,1.51));
#17367 = CIRCLE('',#17368,0.35);
#17368 = AXIS2_PLACEMENT_3D('',#17369,#17370,#17371);
#17369 = CARTESIAN_POINT('',(19.685,-20.32,1.51));
#17370 = DIRECTION('',(-0.,0.,-1.));
#17371 = DIRECTION('',(-1.015061051086E-14,-1.,0.));
#17372 = FACE_BOUND('',#17373,.T.);
#17373 = EDGE_LOOP('',(#17374));
#17374 = ORIENTED_EDGE('',*,*,#17375,.T.);
#17375 = EDGE_CURVE('',#17376,#17376,#17378,.T.);
#17376 = VERTEX_POINT('',#17377);
#17377 = CARTESIAN_POINT('',(29.645,-21.92,1.51));
#17378 = CIRCLE('',#17379,1.6);
#17379 = AXIS2_PLACEMENT_3D('',#17380,#17381,#17382);
#17380 = CARTESIAN_POINT('',(29.645,-20.32,1.51));
#17381 = DIRECTION('',(-0.,0.,-1.));
#17382 = DIRECTION('',(-2.22044604925E-15,-1.,0.));
#17383 = FACE_BOUND('',#17384,.T.);
#17384 = EDGE_LOOP('',(#17385));
#17385 = ORIENTED_EDGE('',*,*,#17386,.T.);
#17386 = EDGE_CURVE('',#17387,#17387,#17389,.T.);
#17387 = VERTEX_POINT('',#17388);
#17388 = CARTESIAN_POINT('',(18.415,-13.1,1.51));
#17389 = CIRCLE('',#17390,0.4);
#17390 = AXIS2_PLACEMENT_3D('',#17391,#17392,#17393);
#17391 = CARTESIAN_POINT('',(18.415,-12.7,1.51));
#17392 = DIRECTION('',(-0.,0.,-1.));
#17393 = DIRECTION('',(-0.,-1.,0.));
#17394 = FACE_BOUND('',#17395,.T.);
#17395 = EDGE_LOOP('',(#17396));
#17396 = ORIENTED_EDGE('',*,*,#17397,.T.);
#17397 = EDGE_CURVE('',#17398,#17398,#17400,.T.);
#17398 = VERTEX_POINT('',#17399);
#17399 = CARTESIAN_POINT('',(20.955,-13.1,1.51));
#17400 = CIRCLE('',#17401,0.4);
#17401 = AXIS2_PLACEMENT_3D('',#17402,#17403,#17404);
#17402 = CARTESIAN_POINT('',(20.955,-12.7,1.51));
#17403 = DIRECTION('',(-0.,0.,-1.));
#17404 = DIRECTION('',(-0.,-1.,0.));
#17405 = FACE_BOUND('',#17406,.T.);
#17406 = EDGE_LOOP('',(#17407));
#17407 = ORIENTED_EDGE('',*,*,#17408,.T.);
#17408 = EDGE_CURVE('',#17409,#17409,#17411,.T.);
#17409 = VERTEX_POINT('',#17410);
#17410 = CARTESIAN_POINT('',(4.445,-10.005,1.51));
#17411 = CIRCLE('',#17412,0.4);
#17412 = AXIS2_PLACEMENT_3D('',#17413,#17414,#17415);
#17413 = CARTESIAN_POINT('',(4.445,-9.605,1.51));
#17414 = DIRECTION('',(-0.,0.,-1.));
#17415 = DIRECTION('',(-0.,-1.,0.));
#17416 = FACE_BOUND('',#17417,.T.);
#17417 = EDGE_LOOP('',(#17418));
#17418 = ORIENTED_EDGE('',*,*,#17419,.T.);
#17419 = EDGE_CURVE('',#17420,#17420,#17422,.T.);
#17420 = VERTEX_POINT('',#17421);
#17421 = CARTESIAN_POINT('',(8.89,-8.02,1.51));
#17422 = CIRCLE('',#17423,0.4);
#17423 = AXIS2_PLACEMENT_3D('',#17424,#17425,#17426);
#17424 = CARTESIAN_POINT('',(8.89,-7.62,1.51));
#17425 = DIRECTION('',(-0.,0.,-1.));
#17426 = DIRECTION('',(-0.,-1.,0.));
#17427 = FACE_BOUND('',#17428,.T.);
#17428 = EDGE_LOOP('',(#17429));
#17429 = ORIENTED_EDGE('',*,*,#17430,.T.);
#17430 = EDGE_CURVE('',#17431,#17431,#17433,.T.);
#17431 = VERTEX_POINT('',#17432);
#17432 = CARTESIAN_POINT('',(5.715,-4.21,1.51));
#17433 = CIRCLE('',#17434,0.4);
#17434 = AXIS2_PLACEMENT_3D('',#17435,#17436,#17437);
#17435 = CARTESIAN_POINT('',(5.715,-3.81,1.51));
#17436 = DIRECTION('',(-0.,0.,-1.));
#17437 = DIRECTION('',(-0.,-1.,0.));
#17438 = FACE_BOUND('',#17439,.T.);
#17439 = EDGE_LOOP('',(#17440));
#17440 = ORIENTED_EDGE('',*,*,#17441,.T.);
#17441 = EDGE_CURVE('',#17442,#17442,#17444,.T.);
#17442 = VERTEX_POINT('',#17443);
#17443 = CARTESIAN_POINT('',(13.335,-5.48,1.51));
#17444 = CIRCLE('',#17445,0.4);
#17445 = AXIS2_PLACEMENT_3D('',#17446,#17447,#17448);
#17446 = CARTESIAN_POINT('',(13.335,-5.08,1.51));
#17447 = DIRECTION('',(-0.,0.,-1.));
#17448 = DIRECTION('',(-0.,-1.,0.));
#17449 = FACE_BOUND('',#17450,.T.);
#17450 = EDGE_LOOP('',(#17451));
#17451 = ORIENTED_EDGE('',*,*,#17452,.T.);
#17452 = EDGE_CURVE('',#17453,#17453,#17455,.T.);
#17453 = VERTEX_POINT('',#17454);
#17454 = CARTESIAN_POINT('',(10.715,-4.21,1.51));
#17455 = CIRCLE('',#17456,0.4);
#17456 = AXIS2_PLACEMENT_3D('',#17457,#17458,#17459);
#17457 = CARTESIAN_POINT('',(10.715,-3.81,1.51));
#17458 = DIRECTION('',(-0.,0.,-1.));
#17459 = DIRECTION('',(-0.,-1.,0.));
#17460 = FACE_BOUND('',#17461,.T.);
#17461 = EDGE_LOOP('',(#17462));
#17462 = ORIENTED_EDGE('',*,*,#17463,.T.);
#17463 = EDGE_CURVE('',#17464,#17464,#17466,.T.);
#17464 = VERTEX_POINT('',#17465);
#17465 = CARTESIAN_POINT('',(15.875,-5.48,1.51));
#17466 = CIRCLE('',#17467,0.4);
#17467 = AXIS2_PLACEMENT_3D('',#17468,#17469,#17470);
#17468 = CARTESIAN_POINT('',(15.875,-5.08,1.51));
#17469 = DIRECTION('',(-0.,0.,-1.));
#17470 = DIRECTION('',(-0.,-1.,0.));
#17471 = FACE_BOUND('',#17472,.T.);
#17472 = EDGE_LOOP('',(#17473));
#17473 = ORIENTED_EDGE('',*,*,#17474,.T.);
#17474 = EDGE_CURVE('',#17475,#17475,#17477,.T.);
#17475 = VERTEX_POINT('',#17476);
#17476 = CARTESIAN_POINT('',(24.13,-12.465,1.51));
#17477 = CIRCLE('',#17478,0.4);
#17478 = AXIS2_PLACEMENT_3D('',#17479,#17480,#17481);
#17479 = CARTESIAN_POINT('',(24.13,-12.065,1.51));
#17480 = DIRECTION('',(-0.,0.,-1.));
#17481 = DIRECTION('',(-8.881784197001E-15,-1.,0.));
#17482 = FACE_BOUND('',#17483,.T.);
#17483 = EDGE_LOOP('',(#17484));
#17484 = ORIENTED_EDGE('',*,*,#17485,.T.);
#17485 = EDGE_CURVE('',#17486,#17486,#17488,.T.);
#17486 = VERTEX_POINT('',#17487);
#17487 = CARTESIAN_POINT('',(31.75,-12.465,1.51));
#17488 = CIRCLE('',#17489,0.4);
#17489 = AXIS2_PLACEMENT_3D('',#17490,#17491,#17492);
#17490 = CARTESIAN_POINT('',(31.75,-12.065,1.51));
#17491 = DIRECTION('',(-0.,0.,-1.));
#17492 = DIRECTION('',(-0.,-1.,0.));
#17493 = FACE_BOUND('',#17494,.T.);
#17494 = EDGE_LOOP('',(#17495));
#17495 = ORIENTED_EDGE('',*,*,#17496,.T.);
#17496 = EDGE_CURVE('',#17497,#17497,#17499,.T.);
#17497 = VERTEX_POINT('',#17498);
#17498 = CARTESIAN_POINT('',(18.415,-5.48,1.51));
#17499 = CIRCLE('',#17500,0.4);
#17500 = AXIS2_PLACEMENT_3D('',#17501,#17502,#17503);
#17501 = CARTESIAN_POINT('',(18.415,-5.08,1.51));
#17502 = DIRECTION('',(-0.,0.,-1.));
#17503 = DIRECTION('',(-0.,-1.,0.));
#17504 = FACE_BOUND('',#17505,.T.);
#17505 = EDGE_LOOP('',(#17506));
#17506 = ORIENTED_EDGE('',*,*,#17507,.T.);
#17507 = EDGE_CURVE('',#17508,#17508,#17510,.T.);
#17508 = VERTEX_POINT('',#17509);
#17509 = CARTESIAN_POINT('',(20.955,-5.48,1.51));
#17510 = CIRCLE('',#17511,0.4);
#17511 = AXIS2_PLACEMENT_3D('',#17512,#17513,#17514);
#17512 = CARTESIAN_POINT('',(20.955,-5.08,1.51));
#17513 = DIRECTION('',(-0.,0.,-1.));
#17514 = DIRECTION('',(-0.,-1.,0.));
#17515 = FACE_BOUND('',#17516,.T.);
#17516 = EDGE_LOOP('',(#17517));
#17517 = ORIENTED_EDGE('',*,*,#17518,.T.);
#17518 = EDGE_CURVE('',#17519,#17519,#17521,.T.);
#17519 = VERTEX_POINT('',#17520);
#17520 = CARTESIAN_POINT('',(26.035,-4.285,1.51));
#17521 = CIRCLE('',#17522,0.475);
#17522 = AXIS2_PLACEMENT_3D('',#17523,#17524,#17525);
#17523 = CARTESIAN_POINT('',(26.035,-3.81,1.51));
#17524 = DIRECTION('',(-0.,0.,-1.));
#17525 = DIRECTION('',(-0.,-1.,0.));
#17526 = FACE_BOUND('',#17527,.T.);
#17527 = EDGE_LOOP('',(#17528));
#17528 = ORIENTED_EDGE('',*,*,#17529,.T.);
#17529 = EDGE_CURVE('',#17530,#17530,#17532,.T.);
#17530 = VERTEX_POINT('',#17531);
#17531 = CARTESIAN_POINT('',(28.535,-4.285,1.51));
#17532 = CIRCLE('',#17533,0.475);
#17533 = AXIS2_PLACEMENT_3D('',#17534,#17535,#17536);
#17534 = CARTESIAN_POINT('',(28.535,-3.81,1.51));
#17535 = DIRECTION('',(-0.,0.,-1.));
#17536 = DIRECTION('',(-0.,-1.,0.));
#17537 = FACE_BOUND('',#17538,.T.);
#17538 = EDGE_LOOP('',(#17539));
#17539 = ORIENTED_EDGE('',*,*,#17540,.T.);
#17540 = EDGE_CURVE('',#17541,#17541,#17543,.T.);
#17541 = VERTEX_POINT('',#17542);
#17542 = CARTESIAN_POINT('',(31.035,-4.285,1.51));
#17543 = CIRCLE('',#17544,0.475);
#17544 = AXIS2_PLACEMENT_3D('',#17545,#17546,#17547);
#17545 = CARTESIAN_POINT('',(31.035,-3.81,1.51));
#17546 = DIRECTION('',(-0.,0.,-1.));
#17547 = DIRECTION('',(-0.,-1.,0.));
#17548 = PLANE('',#17549);
#17549 = AXIS2_PLACEMENT_3D('',#17550,#17551,#17552);
#17550 = CARTESIAN_POINT('',(0.,0.,1.51));
#17551 = DIRECTION('',(0.,0.,1.));
#17552 = DIRECTION('',(1.,0.,-0.));
#17553 = ADVANCED_FACE('',(#17554),#17565,.T.);
#17554 = FACE_BOUND('',#17555,.T.);
#17555 = EDGE_LOOP('',(#17556,#17562,#17563,#17564));
#17556 = ORIENTED_EDGE('',*,*,#17557,.T.);
#17557 = EDGE_CURVE('',#16950,#17255,#17558,.T.);
#17558 = LINE('',#17559,#17560);
#17559 = CARTESIAN_POINT('',(-1.110223024625E-16,-1.5,0.));
#17560 = VECTOR('',#17561,1.);
#17561 = DIRECTION('',(0.,0.,1.));
#17562 = ORIENTED_EDGE('',*,*,#17254,.T.);
#17563 = ORIENTED_EDGE('',*,*,#16885,.F.);
#17564 = ORIENTED_EDGE('',*,*,#16949,.F.);
#17565 = CYLINDRICAL_SURFACE('',#17566,1.500000586493);
#17566 = AXIS2_PLACEMENT_3D('',#17567,#17568,#17569);
#17567 = CARTESIAN_POINT('',(1.500000586493,-1.500000586493,0.));
#17568 = DIRECTION('',(0.,0.,-1.));
#17569 = DIRECTION('',(-1.,3.909953624946E-07,0.));
#17570 = ADVANCED_FACE('',(#17571),#17582,.T.);
#17571 = FACE_BOUND('',#17572,.T.);
#17572 = EDGE_LOOP('',(#17573,#17574,#17575,#17581));
#17573 = ORIENTED_EDGE('',*,*,#16925,.T.);
#17574 = ORIENTED_EDGE('',*,*,#17288,.T.);
#17575 = ORIENTED_EDGE('',*,*,#17576,.F.);
#17576 = EDGE_CURVE('',#16976,#17281,#17577,.T.);
#17577 = LINE('',#17578,#17579);
#17578 = CARTESIAN_POINT('',(32.79,-25.4,0.));
#17579 = VECTOR('',#17580,1.);
#17580 = DIRECTION('',(0.,0.,1.));
#17581 = ORIENTED_EDGE('',*,*,#16983,.F.);
#17582 = CYLINDRICAL_SURFACE('',#17583,1.500000586493);
#17583 = AXIS2_PLACEMENT_3D('',#17584,#17585,#17586);
#17584 = CARTESIAN_POINT('',(32.789999413507,-23.8999994135,0.));
#17585 = DIRECTION('',(0.,0.,-1.));
#17586 = DIRECTION('',(1.,-3.909953616065E-07,0.));
#17587 = ADVANCED_FACE('',(#17588),#17599,.T.);
#17588 = FACE_BOUND('',#17589,.T.);
#17589 = EDGE_LOOP('',(#17590,#17596,#17597,#17598));
#17590 = ORIENTED_EDGE('',*,*,#17591,.T.);
#17591 = EDGE_CURVE('',#16959,#17264,#17592,.T.);
#17592 = LINE('',#17593,#17594);
#17593 = CARTESIAN_POINT('',(-7.771561172376E-16,-23.9,0.));
#17594 = VECTOR('',#17595,1.);
#17595 = DIRECTION('',(0.,0.,1.));
#17596 = ORIENTED_EDGE('',*,*,#17263,.T.);
#17597 = ORIENTED_EDGE('',*,*,#17557,.F.);
#17598 = ORIENTED_EDGE('',*,*,#16958,.F.);
#17599 = PLANE('',#17600);
#17600 = AXIS2_PLACEMENT_3D('',#17601,#17602,#17603);
#17601 = CARTESIAN_POINT('',(0.,-23.9,0.));
#17602 = DIRECTION('',(-1.,0.,0.));
#17603 = DIRECTION('',(0.,1.,0.));
#17604 = ADVANCED_FACE('',(#17605),#17616,.T.);
#17605 = FACE_BOUND('',#17606,.T.);
#17606 = EDGE_LOOP('',(#17607,#17608,#17609,#17615));
#17607 = ORIENTED_EDGE('',*,*,#17576,.T.);
#17608 = ORIENTED_EDGE('',*,*,#17280,.T.);
#17609 = ORIENTED_EDGE('',*,*,#17610,.F.);
#17610 = EDGE_CURVE('',#16967,#17272,#17611,.T.);
#17611 = LINE('',#17612,#17613);
#17612 = CARTESIAN_POINT('',(1.5,-25.4,0.));
#17613 = VECTOR('',#17614,1.);
#17614 = DIRECTION('',(0.,0.,1.));
#17615 = ORIENTED_EDGE('',*,*,#16975,.F.);
#17616 = PLANE('',#17617);
#17617 = AXIS2_PLACEMENT_3D('',#17618,#17619,#17620);
#17618 = CARTESIAN_POINT('',(32.79,-25.4,0.));
#17619 = DIRECTION('',(0.,-1.,0.));
#17620 = DIRECTION('',(-1.,0.,0.));
#17621 = ADVANCED_FACE('',(#17622),#17628,.T.);
#17622 = FACE_BOUND('',#17623,.T.);
#17623 = EDGE_LOOP('',(#17624,#17625,#17626,#17627));
#17624 = ORIENTED_EDGE('',*,*,#17610,.T.);
#17625 = ORIENTED_EDGE('',*,*,#17271,.T.);
#17626 = ORIENTED_EDGE('',*,*,#17591,.F.);
#17627 = ORIENTED_EDGE('',*,*,#16966,.F.);
#17628 = CYLINDRICAL_SURFACE('',#17629,1.500000586493);
#17629 = AXIS2_PLACEMENT_3D('',#17630,#17631,#17632);
#17630 = CARTESIAN_POINT('',(1.500000586493,-23.8999994135,0.));
#17631 = DIRECTION('',(0.,0.,-1.));
#17632 = DIRECTION('',(-3.909953598301E-07,-1.,-0.));
#17633 = ADVANCED_FACE('',(#17634),#17645,.F.);
#17634 = FACE_BOUND('',#17635,.T.);
#17635 = EDGE_LOOP('',(#17636,#17637,#17643,#17644));
#17636 = ORIENTED_EDGE('',*,*,#16993,.T.);
#17637 = ORIENTED_EDGE('',*,*,#17638,.T.);
#17638 = EDGE_CURVE('',#16994,#17299,#17639,.T.);
#17639 = LINE('',#17640,#17641);
#17640 = CARTESIAN_POINT('',(4.645,-21.92,-4.6E-02));
#17641 = VECTOR('',#17642,1.);
#17642 = DIRECTION('',(0.,0.,1.));
#17643 = ORIENTED_EDGE('',*,*,#17298,.F.);
#17644 = ORIENTED_EDGE('',*,*,#17638,.F.);
#17645 = CYLINDRICAL_SURFACE('',#17646,1.6);
#17646 = AXIS2_PLACEMENT_3D('',#17647,#17648,#17649);
#17647 = CARTESIAN_POINT('',(4.645,-20.32,-4.6E-02));
#17648 = DIRECTION('',(-0.,-0.,-1.));
#17649 = DIRECTION('',(-0.,-1.,0.));
#17650 = ADVANCED_FACE('',(#17651),#17662,.F.);
#17651 = FACE_BOUND('',#17652,.T.);
#17652 = EDGE_LOOP('',(#17653,#17654,#17660,#17661));
#17653 = ORIENTED_EDGE('',*,*,#17004,.T.);
#17654 = ORIENTED_EDGE('',*,*,#17655,.T.);
#17655 = EDGE_CURVE('',#17005,#17310,#17656,.T.);
#17656 = LINE('',#17657,#17658);
#17657 = CARTESIAN_POINT('',(14.605,-20.67,-4.6E-02));
#17658 = VECTOR('',#17659,1.);
#17659 = DIRECTION('',(0.,0.,1.));
#17660 = ORIENTED_EDGE('',*,*,#17309,.F.);
#17661 = ORIENTED_EDGE('',*,*,#17655,.F.);
#17662 = CYLINDRICAL_SURFACE('',#17663,0.35);
#17663 = AXIS2_PLACEMENT_3D('',#17664,#17665,#17666);
#17664 = CARTESIAN_POINT('',(14.605,-20.32,-4.6E-02));
#17665 = DIRECTION('',(-0.,-0.,-1.));
#17666 = DIRECTION('',(-0.,-1.,0.));
#17667 = ADVANCED_FACE('',(#17668),#17679,.F.);
#17668 = FACE_BOUND('',#17669,.T.);
#17669 = EDGE_LOOP('',(#17670,#17671,#17677,#17678));
#17670 = ORIENTED_EDGE('',*,*,#17015,.T.);
#17671 = ORIENTED_EDGE('',*,*,#17672,.T.);
#17672 = EDGE_CURVE('',#17016,#17321,#17673,.T.);
#17673 = LINE('',#17674,#17675);
#17674 = CARTESIAN_POINT('',(8.89,-15.64,-4.6E-02));
#17675 = VECTOR('',#17676,1.);
#17676 = DIRECTION('',(0.,0.,1.));
#17677 = ORIENTED_EDGE('',*,*,#17320,.F.);
#17678 = ORIENTED_EDGE('',*,*,#17672,.F.);
#17679 = CYLINDRICAL_SURFACE('',#17680,0.4);
#17680 = AXIS2_PLACEMENT_3D('',#17681,#17682,#17683);
#17681 = CARTESIAN_POINT('',(8.89,-15.24,-4.6E-02));
#17682 = DIRECTION('',(-0.,-0.,-1.));
#17683 = DIRECTION('',(-0.,-1.,0.));
#17684 = ADVANCED_FACE('',(#17685),#17696,.F.);
#17685 = FACE_BOUND('',#17686,.T.);
#17686 = EDGE_LOOP('',(#17687,#17688,#17694,#17695));
#17687 = ORIENTED_EDGE('',*,*,#17026,.T.);
#17688 = ORIENTED_EDGE('',*,*,#17689,.T.);
#17689 = EDGE_CURVE('',#17027,#17332,#17690,.T.);
#17690 = LINE('',#17691,#17692);
#17691 = CARTESIAN_POINT('',(4.445,-15.005,-4.6E-02));
#17692 = VECTOR('',#17693,1.);
#17693 = DIRECTION('',(0.,0.,1.));
#17694 = ORIENTED_EDGE('',*,*,#17331,.F.);
#17695 = ORIENTED_EDGE('',*,*,#17689,.F.);
#17696 = CYLINDRICAL_SURFACE('',#17697,0.4);
#17697 = AXIS2_PLACEMENT_3D('',#17698,#17699,#17700);
#17698 = CARTESIAN_POINT('',(4.445,-14.605,-4.6E-02));
#17699 = DIRECTION('',(-0.,-0.,-1.));
#17700 = DIRECTION('',(-0.,-1.,0.));
#17701 = ADVANCED_FACE('',(#17702),#17713,.F.);
#17702 = FACE_BOUND('',#17703,.T.);
#17703 = EDGE_LOOP('',(#17704,#17705,#17711,#17712));
#17704 = ORIENTED_EDGE('',*,*,#17037,.T.);
#17705 = ORIENTED_EDGE('',*,*,#17706,.T.);
#17706 = EDGE_CURVE('',#17038,#17343,#17707,.T.);
#17707 = LINE('',#17708,#17709);
#17708 = CARTESIAN_POINT('',(13.335,-13.1,-4.6E-02));
#17709 = VECTOR('',#17710,1.);
#17710 = DIRECTION('',(0.,0.,1.));
#17711 = ORIENTED_EDGE('',*,*,#17342,.F.);
#17712 = ORIENTED_EDGE('',*,*,#17706,.F.);
#17713 = CYLINDRICAL_SURFACE('',#17714,0.4);
#17714 = AXIS2_PLACEMENT_3D('',#17715,#17716,#17717);
#17715 = CARTESIAN_POINT('',(13.335,-12.7,-4.6E-02));
#17716 = DIRECTION('',(-0.,-0.,-1.));
#17717 = DIRECTION('',(-0.,-1.,0.));
#17718 = ADVANCED_FACE('',(#17719),#17730,.F.);
#17719 = FACE_BOUND('',#17720,.T.);
#17720 = EDGE_LOOP('',(#17721,#17722,#17728,#17729));
#17721 = ORIENTED_EDGE('',*,*,#17048,.T.);
#17722 = ORIENTED_EDGE('',*,*,#17723,.T.);
#17723 = EDGE_CURVE('',#17049,#17354,#17724,.T.);
#17724 = LINE('',#17725,#17726);
#17725 = CARTESIAN_POINT('',(15.875,-13.1,-4.6E-02));
#17726 = VECTOR('',#17727,1.);
#17727 = DIRECTION('',(0.,0.,1.));
#17728 = ORIENTED_EDGE('',*,*,#17353,.F.);
#17729 = ORIENTED_EDGE('',*,*,#17723,.F.);
#17730 = CYLINDRICAL_SURFACE('',#17731,0.4);
#17731 = AXIS2_PLACEMENT_3D('',#17732,#17733,#17734);
#17732 = CARTESIAN_POINT('',(15.875,-12.7,-4.6E-02));
#17733 = DIRECTION('',(-0.,-0.,-1.));
#17734 = DIRECTION('',(-0.,-1.,0.));
#17735 = ADVANCED_FACE('',(#17736),#17747,.F.);
#17736 = FACE_BOUND('',#17737,.T.);
#17737 = EDGE_LOOP('',(#17738,#17739,#17745,#17746));
#17738 = ORIENTED_EDGE('',*,*,#17059,.T.);
#17739 = ORIENTED_EDGE('',*,*,#17740,.T.);
#17740 = EDGE_CURVE('',#17060,#17365,#17741,.T.);
#17741 = LINE('',#17742,#17743);
#17742 = CARTESIAN_POINT('',(19.685,-20.67,-4.6E-02));
#17743 = VECTOR('',#17744,1.);
#17744 = DIRECTION('',(0.,0.,1.));
#17745 = ORIENTED_EDGE('',*,*,#17364,.F.);
#17746 = ORIENTED_EDGE('',*,*,#17740,.F.);
#17747 = CYLINDRICAL_SURFACE('',#17748,0.35);
#17748 = AXIS2_PLACEMENT_3D('',#17749,#17750,#17751);
#17749 = CARTESIAN_POINT('',(19.685,-20.32,-4.6E-02));
#17750 = DIRECTION('',(-0.,-0.,-1.));
#17751 = DIRECTION('',(-1.015061051086E-14,-1.,0.));
#17752 = ADVANCED_FACE('',(#17753),#17764,.F.);
#17753 = FACE_BOUND('',#17754,.T.);
#17754 = EDGE_LOOP('',(#17755,#17756,#17762,#17763));
#17755 = ORIENTED_EDGE('',*,*,#17070,.T.);
#17756 = ORIENTED_EDGE('',*,*,#17757,.T.);
#17757 = EDGE_CURVE('',#17071,#17376,#17758,.T.);
#17758 = LINE('',#17759,#17760);
#17759 = CARTESIAN_POINT('',(29.645,-21.92,-4.6E-02));
#17760 = VECTOR('',#17761,1.);
#17761 = DIRECTION('',(0.,0.,1.));
#17762 = ORIENTED_EDGE('',*,*,#17375,.F.);
#17763 = ORIENTED_EDGE('',*,*,#17757,.F.);
#17764 = CYLINDRICAL_SURFACE('',#17765,1.6);
#17765 = AXIS2_PLACEMENT_3D('',#17766,#17767,#17768);
#17766 = CARTESIAN_POINT('',(29.645,-20.32,-4.6E-02));
#17767 = DIRECTION('',(-0.,-0.,-1.));
#17768 = DIRECTION('',(-2.22044604925E-15,-1.,0.));
#17769 = ADVANCED_FACE('',(#17770),#17781,.F.);
#17770 = FACE_BOUND('',#17771,.T.);
#17771 = EDGE_LOOP('',(#17772,#17773,#17779,#17780));
#17772 = ORIENTED_EDGE('',*,*,#17081,.T.);
#17773 = ORIENTED_EDGE('',*,*,#17774,.T.);
#17774 = EDGE_CURVE('',#17082,#17387,#17775,.T.);
#17775 = LINE('',#17776,#17777);
#17776 = CARTESIAN_POINT('',(18.415,-13.1,-4.6E-02));
#17777 = VECTOR('',#17778,1.);
#17778 = DIRECTION('',(0.,0.,1.));
#17779 = ORIENTED_EDGE('',*,*,#17386,.F.);
#17780 = ORIENTED_EDGE('',*,*,#17774,.F.);
#17781 = CYLINDRICAL_SURFACE('',#17782,0.4);
#17782 = AXIS2_PLACEMENT_3D('',#17783,#17784,#17785);
#17783 = CARTESIAN_POINT('',(18.415,-12.7,-4.6E-02));
#17784 = DIRECTION('',(-0.,-0.,-1.));
#17785 = DIRECTION('',(-0.,-1.,0.));
#17786 = ADVANCED_FACE('',(#17787),#17798,.F.);
#17787 = FACE_BOUND('',#17788,.T.);
#17788 = EDGE_LOOP('',(#17789,#17790,#17796,#17797));
#17789 = ORIENTED_EDGE('',*,*,#17092,.T.);
#17790 = ORIENTED_EDGE('',*,*,#17791,.T.);
#17791 = EDGE_CURVE('',#17093,#17398,#17792,.T.);
#17792 = LINE('',#17793,#17794);
#17793 = CARTESIAN_POINT('',(20.955,-13.1,-4.6E-02));
#17794 = VECTOR('',#17795,1.);
#17795 = DIRECTION('',(0.,0.,1.));
#17796 = ORIENTED_EDGE('',*,*,#17397,.F.);
#17797 = ORIENTED_EDGE('',*,*,#17791,.F.);
#17798 = CYLINDRICAL_SURFACE('',#17799,0.4);
#17799 = AXIS2_PLACEMENT_3D('',#17800,#17801,#17802);
#17800 = CARTESIAN_POINT('',(20.955,-12.7,-4.6E-02));
#17801 = DIRECTION('',(-0.,-0.,-1.));
#17802 = DIRECTION('',(-0.,-1.,0.));
#17803 = ADVANCED_FACE('',(#17804),#17815,.F.);
#17804 = FACE_BOUND('',#17805,.T.);
#17805 = EDGE_LOOP('',(#17806,#17807,#17813,#17814));
#17806 = ORIENTED_EDGE('',*,*,#17103,.T.);
#17807 = ORIENTED_EDGE('',*,*,#17808,.T.);
#17808 = EDGE_CURVE('',#17104,#17409,#17809,.T.);
#17809 = LINE('',#17810,#17811);
#17810 = CARTESIAN_POINT('',(4.445,-10.005,-4.6E-02));
#17811 = VECTOR('',#17812,1.);
#17812 = DIRECTION('',(0.,0.,1.));
#17813 = ORIENTED_EDGE('',*,*,#17408,.F.);
#17814 = ORIENTED_EDGE('',*,*,#17808,.F.);
#17815 = CYLINDRICAL_SURFACE('',#17816,0.4);
#17816 = AXIS2_PLACEMENT_3D('',#17817,#17818,#17819);
#17817 = CARTESIAN_POINT('',(4.445,-9.605,-4.6E-02));
#17818 = DIRECTION('',(-0.,-0.,-1.));
#17819 = DIRECTION('',(-0.,-1.,0.));
#17820 = ADVANCED_FACE('',(#17821),#17832,.F.);
#17821 = FACE_BOUND('',#17822,.T.);
#17822 = EDGE_LOOP('',(#17823,#17824,#17830,#17831));
#17823 = ORIENTED_EDGE('',*,*,#17114,.T.);
#17824 = ORIENTED_EDGE('',*,*,#17825,.T.);
#17825 = EDGE_CURVE('',#17115,#17420,#17826,.T.);
#17826 = LINE('',#17827,#17828);
#17827 = CARTESIAN_POINT('',(8.89,-8.02,-4.6E-02));
#17828 = VECTOR('',#17829,1.);
#17829 = DIRECTION('',(0.,0.,1.));
#17830 = ORIENTED_EDGE('',*,*,#17419,.F.);
#17831 = ORIENTED_EDGE('',*,*,#17825,.F.);
#17832 = CYLINDRICAL_SURFACE('',#17833,0.4);
#17833 = AXIS2_PLACEMENT_3D('',#17834,#17835,#17836);
#17834 = CARTESIAN_POINT('',(8.89,-7.62,-4.6E-02));
#17835 = DIRECTION('',(-0.,-0.,-1.));
#17836 = DIRECTION('',(-0.,-1.,0.));
#17837 = ADVANCED_FACE('',(#17838),#17849,.F.);
#17838 = FACE_BOUND('',#17839,.T.);
#17839 = EDGE_LOOP('',(#17840,#17841,#17847,#17848));
#17840 = ORIENTED_EDGE('',*,*,#17125,.T.);
#17841 = ORIENTED_EDGE('',*,*,#17842,.T.);
#17842 = EDGE_CURVE('',#17126,#17431,#17843,.T.);
#17843 = LINE('',#17844,#17845);
#17844 = CARTESIAN_POINT('',(5.715,-4.21,-4.6E-02));
#17845 = VECTOR('',#17846,1.);
#17846 = DIRECTION('',(0.,0.,1.));
#17847 = ORIENTED_EDGE('',*,*,#17430,.F.);
#17848 = ORIENTED_EDGE('',*,*,#17842,.F.);
#17849 = CYLINDRICAL_SURFACE('',#17850,0.4);
#17850 = AXIS2_PLACEMENT_3D('',#17851,#17852,#17853);
#17851 = CARTESIAN_POINT('',(5.715,-3.81,-4.6E-02));
#17852 = DIRECTION('',(-0.,-0.,-1.));
#17853 = DIRECTION('',(-0.,-1.,0.));
#17854 = ADVANCED_FACE('',(#17855),#17866,.F.);
#17855 = FACE_BOUND('',#17856,.T.);
#17856 = EDGE_LOOP('',(#17857,#17858,#17864,#17865));
#17857 = ORIENTED_EDGE('',*,*,#17136,.T.);
#17858 = ORIENTED_EDGE('',*,*,#17859,.T.);
#17859 = EDGE_CURVE('',#17137,#17442,#17860,.T.);
#17860 = LINE('',#17861,#17862);
#17861 = CARTESIAN_POINT('',(13.335,-5.48,-4.6E-02));
#17862 = VECTOR('',#17863,1.);
#17863 = DIRECTION('',(0.,0.,1.));
#17864 = ORIENTED_EDGE('',*,*,#17441,.F.);
#17865 = ORIENTED_EDGE('',*,*,#17859,.F.);
#17866 = CYLINDRICAL_SURFACE('',#17867,0.4);
#17867 = AXIS2_PLACEMENT_3D('',#17868,#17869,#17870);
#17868 = CARTESIAN_POINT('',(13.335,-5.08,-4.6E-02));
#17869 = DIRECTION('',(-0.,-0.,-1.));
#17870 = DIRECTION('',(-0.,-1.,0.));
#17871 = ADVANCED_FACE('',(#17872),#17883,.F.);
#17872 = FACE_BOUND('',#17873,.T.);
#17873 = EDGE_LOOP('',(#17874,#17875,#17881,#17882));
#17874 = ORIENTED_EDGE('',*,*,#17147,.T.);
#17875 = ORIENTED_EDGE('',*,*,#17876,.T.);
#17876 = EDGE_CURVE('',#17148,#17453,#17877,.T.);
#17877 = LINE('',#17878,#17879);
#17878 = CARTESIAN_POINT('',(10.715,-4.21,-4.6E-02));
#17879 = VECTOR('',#17880,1.);
#17880 = DIRECTION('',(0.,0.,1.));
#17881 = ORIENTED_EDGE('',*,*,#17452,.F.);
#17882 = ORIENTED_EDGE('',*,*,#17876,.F.);
#17883 = CYLINDRICAL_SURFACE('',#17884,0.4);
#17884 = AXIS2_PLACEMENT_3D('',#17885,#17886,#17887);
#17885 = CARTESIAN_POINT('',(10.715,-3.81,-4.6E-02));
#17886 = DIRECTION('',(-0.,-0.,-1.));
#17887 = DIRECTION('',(-0.,-1.,0.));
#17888 = ADVANCED_FACE('',(#17889),#17900,.F.);
#17889 = FACE_BOUND('',#17890,.T.);
#17890 = EDGE_LOOP('',(#17891,#17892,#17898,#17899));
#17891 = ORIENTED_EDGE('',*,*,#17158,.T.);
#17892 = ORIENTED_EDGE('',*,*,#17893,.T.);
#17893 = EDGE_CURVE('',#17159,#17464,#17894,.T.);
#17894 = LINE('',#17895,#17896);
#17895 = CARTESIAN_POINT('',(15.875,-5.48,-4.6E-02));
#17896 = VECTOR('',#17897,1.);
#17897 = DIRECTION('',(0.,0.,1.));
#17898 = ORIENTED_EDGE('',*,*,#17463,.F.);
#17899 = ORIENTED_EDGE('',*,*,#17893,.F.);
#17900 = CYLINDRICAL_SURFACE('',#17901,0.4);
#17901 = AXIS2_PLACEMENT_3D('',#17902,#17903,#17904);
#17902 = CARTESIAN_POINT('',(15.875,-5.08,-4.6E-02));
#17903 = DIRECTION('',(-0.,-0.,-1.));
#17904 = DIRECTION('',(-0.,-1.,0.));
#17905 = ADVANCED_FACE('',(#17906),#17917,.F.);
#17906 = FACE_BOUND('',#17907,.T.);
#17907 = EDGE_LOOP('',(#17908,#17909,#17915,#17916));
#17908 = ORIENTED_EDGE('',*,*,#17169,.T.);
#17909 = ORIENTED_EDGE('',*,*,#17910,.T.);
#17910 = EDGE_CURVE('',#17170,#17475,#17911,.T.);
#17911 = LINE('',#17912,#17913);
#17912 = CARTESIAN_POINT('',(24.13,-12.465,-4.6E-02));
#17913 = VECTOR('',#17914,1.);
#17914 = DIRECTION('',(0.,0.,1.));
#17915 = ORIENTED_EDGE('',*,*,#17474,.F.);
#17916 = ORIENTED_EDGE('',*,*,#17910,.F.);
#17917 = CYLINDRICAL_SURFACE('',#17918,0.4);
#17918 = AXIS2_PLACEMENT_3D('',#17919,#17920,#17921);
#17919 = CARTESIAN_POINT('',(24.13,-12.065,-4.6E-02));
#17920 = DIRECTION('',(-0.,-0.,-1.));
#17921 = DIRECTION('',(-8.881784197001E-15,-1.,0.));
#17922 = ADVANCED_FACE('',(#17923),#17934,.F.);
#17923 = FACE_BOUND('',#17924,.T.);
#17924 = EDGE_LOOP('',(#17925,#17926,#17932,#17933));
#17925 = ORIENTED_EDGE('',*,*,#17180,.T.);
#17926 = ORIENTED_EDGE('',*,*,#17927,.T.);
#17927 = EDGE_CURVE('',#17181,#17486,#17928,.T.);
#17928 = LINE('',#17929,#17930);
#17929 = CARTESIAN_POINT('',(31.75,-12.465,-4.6E-02));
#17930 = VECTOR('',#17931,1.);
#17931 = DIRECTION('',(0.,0.,1.));
#17932 = ORIENTED_EDGE('',*,*,#17485,.F.);
#17933 = ORIENTED_EDGE('',*,*,#17927,.F.);
#17934 = CYLINDRICAL_SURFACE('',#17935,0.4);
#17935 = AXIS2_PLACEMENT_3D('',#17936,#17937,#17938);
#17936 = CARTESIAN_POINT('',(31.75,-12.065,-4.6E-02));
#17937 = DIRECTION('',(-0.,-0.,-1.));
#17938 = DIRECTION('',(-0.,-1.,0.));
#17939 = ADVANCED_FACE('',(#17940),#17951,.F.);
#17940 = FACE_BOUND('',#17941,.T.);
#17941 = EDGE_LOOP('',(#17942,#17943,#17949,#17950));
#17942 = ORIENTED_EDGE('',*,*,#17191,.T.);
#17943 = ORIENTED_EDGE('',*,*,#17944,.T.);
#17944 = EDGE_CURVE('',#17192,#17497,#17945,.T.);
#17945 = LINE('',#17946,#17947);
#17946 = CARTESIAN_POINT('',(18.415,-5.48,-4.6E-02));
#17947 = VECTOR('',#17948,1.);
#17948 = DIRECTION('',(0.,0.,1.));
#17949 = ORIENTED_EDGE('',*,*,#17496,.F.);
#17950 = ORIENTED_EDGE('',*,*,#17944,.F.);
#17951 = CYLINDRICAL_SURFACE('',#17952,0.4);
#17952 = AXIS2_PLACEMENT_3D('',#17953,#17954,#17955);
#17953 = CARTESIAN_POINT('',(18.415,-5.08,-4.6E-02));
#17954 = DIRECTION('',(-0.,-0.,-1.));
#17955 = DIRECTION('',(-0.,-1.,0.));
#17956 = ADVANCED_FACE('',(#17957),#17968,.F.);
#17957 = FACE_BOUND('',#17958,.T.);
#17958 = EDGE_LOOP('',(#17959,#17960,#17966,#17967));
#17959 = ORIENTED_EDGE('',*,*,#17202,.T.);
#17960 = ORIENTED_EDGE('',*,*,#17961,.T.);
#17961 = EDGE_CURVE('',#17203,#17508,#17962,.T.);
#17962 = LINE('',#17963,#17964);
#17963 = CARTESIAN_POINT('',(20.955,-5.48,-4.6E-02));
#17964 = VECTOR('',#17965,1.);
#17965 = DIRECTION('',(0.,0.,1.));
#17966 = ORIENTED_EDGE('',*,*,#17507,.F.);
#17967 = ORIENTED_EDGE('',*,*,#17961,.F.);
#17968 = CYLINDRICAL_SURFACE('',#17969,0.4);
#17969 = AXIS2_PLACEMENT_3D('',#17970,#17971,#17972);
#17970 = CARTESIAN_POINT('',(20.955,-5.08,-4.6E-02));
#17971 = DIRECTION('',(-0.,-0.,-1.));
#17972 = DIRECTION('',(-0.,-1.,0.));
#17973 = ADVANCED_FACE('',(#17974),#17985,.F.);
#17974 = FACE_BOUND('',#17975,.T.);
#17975 = EDGE_LOOP('',(#17976,#17977,#17983,#17984));
#17976 = ORIENTED_EDGE('',*,*,#17213,.T.);
#17977 = ORIENTED_EDGE('',*,*,#17978,.T.);
#17978 = EDGE_CURVE('',#17214,#17519,#17979,.T.);
#17979 = LINE('',#17980,#17981);
#17980 = CARTESIAN_POINT('',(26.035,-4.285,-4.6E-02));
#17981 = VECTOR('',#17982,1.);
#17982 = DIRECTION('',(0.,0.,1.));
#17983 = ORIENTED_EDGE('',*,*,#17518,.F.);
#17984 = ORIENTED_EDGE('',*,*,#17978,.F.);
#17985 = CYLINDRICAL_SURFACE('',#17986,0.475);
#17986 = AXIS2_PLACEMENT_3D('',#17987,#17988,#17989);
#17987 = CARTESIAN_POINT('',(26.035,-3.81,-4.6E-02));
#17988 = DIRECTION('',(-0.,-0.,-1.));
#17989 = DIRECTION('',(-0.,-1.,0.));
#17990 = ADVANCED_FACE('',(#17991),#18002,.F.);
#17991 = FACE_BOUND('',#17992,.T.);
#17992 = EDGE_LOOP('',(#17993,#17994,#18000,#18001));
#17993 = ORIENTED_EDGE('',*,*,#17224,.T.);
#17994 = ORIENTED_EDGE('',*,*,#17995,.T.);
#17995 = EDGE_CURVE('',#17225,#17530,#17996,.T.);
#17996 = LINE('',#17997,#17998);
#17997 = CARTESIAN_POINT('',(28.535,-4.285,-4.6E-02));
#17998 = VECTOR('',#17999,1.);
#17999 = DIRECTION('',(0.,0.,1.));
#18000 = ORIENTED_EDGE('',*,*,#17529,.F.);
#18001 = ORIENTED_EDGE('',*,*,#17995,.F.);
#18002 = CYLINDRICAL_SURFACE('',#18003,0.475);
#18003 = AXIS2_PLACEMENT_3D('',#18004,#18005,#18006);
#18004 = CARTESIAN_POINT('',(28.535,-3.81,-4.6E-02));
#18005 = DIRECTION('',(-0.,-0.,-1.));
#18006 = DIRECTION('',(-0.,-1.,0.));
#18007 = ADVANCED_FACE('',(#18008),#18019,.F.);
#18008 = FACE_BOUND('',#18009,.T.);
#18009 = EDGE_LOOP('',(#18010,#18011,#18017,#18018));
#18010 = ORIENTED_EDGE('',*,*,#17235,.T.);
#18011 = ORIENTED_EDGE('',*,*,#18012,.T.);
#18012 = EDGE_CURVE('',#17236,#17541,#18013,.T.);
#18013 = LINE('',#18014,#18015);
#18014 = CARTESIAN_POINT('',(31.035,-4.285,-4.6E-02));
#18015 = VECTOR('',#18016,1.);
#18016 = DIRECTION('',(0.,0.,1.));
#18017 = ORIENTED_EDGE('',*,*,#17540,.F.);
#18018 = ORIENTED_EDGE('',*,*,#18012,.F.);
#18019 = CYLINDRICAL_SURFACE('',#18020,0.475);
#18020 = AXIS2_PLACEMENT_3D('',#18021,#18022,#18023);
#18021 = CARTESIAN_POINT('',(31.035,-3.81,-4.6E-02));
#18022 = DIRECTION('',(-0.,-0.,-1.));
#18023 = DIRECTION('',(-0.,-1.,0.));
#18024 = ( GEOMETRIC_REPRESENTATION_CONTEXT(3) 
GLOBAL_UNCERTAINTY_ASSIGNED_CONTEXT((#18028)) 
GLOBAL_UNIT_ASSIGNED_CONTEXT((#18025,#18026,#18027)) 
REPRESENTATION_CONTEXT('Context #1',
  '3D Context with UNIT and UNCERTAINTY') );
#18025 = ( LENGTH_UNIT() NAMED_UNIT(*) SI_UNIT(.MILLI.,.METRE.) );
#18026 = ( NAMED_UNIT(*) PLANE_ANGLE_UNIT() SI_UNIT($,.RADIAN.) );
#18027 = ( NAMED_UNIT(*) SI_UNIT($,.STERADIAN.) SOLID_ANGLE_UNIT() );
#18028 = UNCERTAINTY_MEASURE_WITH_UNIT(LENGTH_MEASURE(1.E-07),#18025,
  'distance_accuracy_value','confusion accuracy');
#18029 = CONTEXT_DEPENDENT_SHAPE_REPRESENTATION(#18030,#18032);
#18030 = ( REPRESENTATION_RELATIONSHIP('','',#16836,#10) 
REPRESENTATION_RELATIONSHIP_WITH_TRANSFORMATION(#18031) 
SHAPE_REPRESENTATION_RELATIONSHIP() );
#18031 = ITEM_DEFINED_TRANSFORMATION('','',#11,#43);
#18032 = PRODUCT_DEFINITION_SHAPE('Placement','Placement of an item',
  #18033);
#18033 = NEXT_ASSEMBLY_USAGE_OCCURRENCE('12','=>[0:1:1:11]','',#5,#16831
  ,$);
#18034 = PRODUCT_RELATED_PRODUCT_CATEGORY('part',$,(#16833));
#18035 = MECHANICAL_DESIGN_GEOMETRIC_PRESENTATION_REPRESENTATION('',(
    #18036,#18046,#18055,#18064,#18073,#18082,#18091,#18100,#18109,
    #18118,#18127,#18136,#18145,#18154,#18163,#18172,#18181,#18190,
    #18199,#18208,#18217,#18226,#18235,#18244,#18253,#18262,#18271,
    #18280,#18289,#18298,#18307,#18316,#18325,#18334,#18343,#18352,
    #18361,#18370,#18379,#18388,#18397,#18406,#18415,#18424,#18433,
    #18442,#18451,#18460,#18469,#18478),#16818);
#18036 = STYLED_ITEM('color',(#18037),#9679);
#18037 = PRESENTATION_STYLE_ASSIGNMENT((#18038));
#18038 = SURFACE_STYLE_USAGE(.BOTH.,#18039);
#18039 = SURFACE_SIDE_STYLE('',(#18040,#18044));
#18040 = SURFACE_STYLE_FILL_AREA(#18041);
#18041 = FILL_AREA_STYLE('',(#18042));
#18042 = FILL_AREA_STYLE_COLOUR('',#18043);
#18043 = DRAUGHTING_PRE_DEFINED_COLOUR('white');
#18044 = SURFACE_STYLE_RENDERING_WITH_PROPERTIES(.NORMAL_SHADING.,#18043
  ,(#18045));
#18045 = SURFACE_STYLE_TRANSPARENT(0.100000023842);
#18046 = STYLED_ITEM('color',(#18047),#9798);
#18047 = PRESENTATION_STYLE_ASSIGNMENT((#18048));
#18048 = SURFACE_STYLE_USAGE(.BOTH.,#18049);
#18049 = SURFACE_SIDE_STYLE('',(#18050,#18053));
#18050 = SURFACE_STYLE_FILL_AREA(#18051);
#18051 = FILL_AREA_STYLE('',(#18052));
#18052 = FILL_AREA_STYLE_COLOUR('',#18043);
#18053 = SURFACE_STYLE_RENDERING_WITH_PROPERTIES(.NORMAL_SHADING.,#18043
  ,(#18054));
#18054 = SURFACE_STYLE_TRANSPARENT(0.100000023842);
#18055 = STYLED_ITEM('color',(#18056),#9917);
#18056 = PRESENTATION_STYLE_ASSIGNMENT((#18057));
#18057 = SURFACE_STYLE_USAGE(.BOTH.,#18058);
#18058 = SURFACE_SIDE_STYLE('',(#18059,#18062));
#18059 = SURFACE_STYLE_FILL_AREA(#18060);
#18060 = FILL_AREA_STYLE('',(#18061));
#18061 = FILL_AREA_STYLE_COLOUR('',#18043);
#18062 = SURFACE_STYLE_RENDERING_WITH_PROPERTIES(.NORMAL_SHADING.,#18043
  ,(#18063));
#18063 = SURFACE_STYLE_TRANSPARENT(0.100000023842);
#18064 = STYLED_ITEM('color',(#18065),#10059);
#18065 = PRESENTATION_STYLE_ASSIGNMENT((#18066));
#18066 = SURFACE_STYLE_USAGE(.BOTH.,#18067);
#18067 = SURFACE_SIDE_STYLE('',(#18068,#18071));
#18068 = SURFACE_STYLE_FILL_AREA(#18069);
#18069 = FILL_AREA_STYLE('',(#18070));
#18070 = FILL_AREA_STYLE_COLOUR('',#18043);
#18071 = SURFACE_STYLE_RENDERING_WITH_PROPERTIES(.NORMAL_SHADING.,#18043
  ,(#18072));
#18072 = SURFACE_STYLE_TRANSPARENT(0.100000023842);
#18073 = STYLED_ITEM('color',(#18074),#10230);
#18074 = PRESENTATION_STYLE_ASSIGNMENT((#18075));
#18075 = SURFACE_STYLE_USAGE(.BOTH.,#18076);
#18076 = SURFACE_SIDE_STYLE('',(#18077,#18080));
#18077 = SURFACE_STYLE_FILL_AREA(#18078);
#18078 = FILL_AREA_STYLE('',(#18079));
#18079 = FILL_AREA_STYLE_COLOUR('',#18043);
#18080 = SURFACE_STYLE_RENDERING_WITH_PROPERTIES(.NORMAL_SHADING.,#18043
  ,(#18081));
#18081 = SURFACE_STYLE_TRANSPARENT(0.100000023842);
#18082 = STYLED_ITEM('color',(#18083),#10437);
#18083 = PRESENTATION_STYLE_ASSIGNMENT((#18084));
#18084 = SURFACE_STYLE_USAGE(.BOTH.,#18085);
#18085 = SURFACE_SIDE_STYLE('',(#18086,#18089));
#18086 = SURFACE_STYLE_FILL_AREA(#18087);
#18087 = FILL_AREA_STYLE('',(#18088));
#18088 = FILL_AREA_STYLE_COLOUR('',#18043);
#18089 = SURFACE_STYLE_RENDERING_WITH_PROPERTIES(.NORMAL_SHADING.,#18043
  ,(#18090));
#18090 = SURFACE_STYLE_TRANSPARENT(0.100000023842);
#18091 = STYLED_ITEM('color',(#18092),#10612);
#18092 = PRESENTATION_STYLE_ASSIGNMENT((#18093));
#18093 = SURFACE_STYLE_USAGE(.BOTH.,#18094);
#18094 = SURFACE_SIDE_STYLE('',(#18095,#18098));
#18095 = SURFACE_STYLE_FILL_AREA(#18096);
#18096 = FILL_AREA_STYLE('',(#18097));
#18097 = FILL_AREA_STYLE_COLOUR('',#18043);
#18098 = SURFACE_STYLE_RENDERING_WITH_PROPERTIES(.NORMAL_SHADING.,#18043
  ,(#18099));
#18099 = SURFACE_STYLE_TRANSPARENT(0.100000023842);
#18100 = STYLED_ITEM('color',(#18101),#10706);
#18101 = PRESENTATION_STYLE_ASSIGNMENT((#18102));
#18102 = SURFACE_STYLE_USAGE(.BOTH.,#18103);
#18103 = SURFACE_SIDE_STYLE('',(#18104,#18107));
#18104 = SURFACE_STYLE_FILL_AREA(#18105);
#18105 = FILL_AREA_STYLE('',(#18106));
#18106 = FILL_AREA_STYLE_COLOUR('',#18043);
#18107 = SURFACE_STYLE_RENDERING_WITH_PROPERTIES(.NORMAL_SHADING.,#18043
  ,(#18108));
#18108 = SURFACE_STYLE_TRANSPARENT(0.100000023842);
#18109 = STYLED_ITEM('color',(#18110),#10800);
#18110 = PRESENTATION_STYLE_ASSIGNMENT((#18111));
#18111 = SURFACE_STYLE_USAGE(.BOTH.,#18112);
#18112 = SURFACE_SIDE_STYLE('',(#18113,#18116));
#18113 = SURFACE_STYLE_FILL_AREA(#18114);
#18114 = FILL_AREA_STYLE('',(#18115));
#18115 = FILL_AREA_STYLE_COLOUR('',#18043);
#18116 = SURFACE_STYLE_RENDERING_WITH_PROPERTIES(.NORMAL_SHADING.,#18043
  ,(#18117));
#18117 = SURFACE_STYLE_TRANSPARENT(0.100000023842);
#18118 = STYLED_ITEM('color',(#18119),#10876);
#18119 = PRESENTATION_STYLE_ASSIGNMENT((#18120));
#18120 = SURFACE_STYLE_USAGE(.BOTH.,#18121);
#18121 = SURFACE_SIDE_STYLE('',(#18122,#18125));
#18122 = SURFACE_STYLE_FILL_AREA(#18123);
#18123 = FILL_AREA_STYLE('',(#18124));
#18124 = FILL_AREA_STYLE_COLOUR('',#18043);
#18125 = SURFACE_STYLE_RENDERING_WITH_PROPERTIES(.NORMAL_SHADING.,#18043
  ,(#18126));
#18126 = SURFACE_STYLE_TRANSPARENT(0.100000023842);
#18127 = STYLED_ITEM('color',(#18128),#10970);
#18128 = PRESENTATION_STYLE_ASSIGNMENT((#18129));
#18129 = SURFACE_STYLE_USAGE(.BOTH.,#18130);
#18130 = SURFACE_SIDE_STYLE('',(#18131,#18134));
#18131 = SURFACE_STYLE_FILL_AREA(#18132);
#18132 = FILL_AREA_STYLE('',(#18133));
#18133 = FILL_AREA_STYLE_COLOUR('',#18043);
#18134 = SURFACE_STYLE_RENDERING_WITH_PROPERTIES(.NORMAL_SHADING.,#18043
  ,(#18135));
#18135 = SURFACE_STYLE_TRANSPARENT(0.100000023842);
#18136 = STYLED_ITEM('color',(#18137),#11072);
#18137 = PRESENTATION_STYLE_ASSIGNMENT((#18138));
#18138 = SURFACE_STYLE_USAGE(.BOTH.,#18139);
#18139 = SURFACE_SIDE_STYLE('',(#18140,#18143));
#18140 = SURFACE_STYLE_FILL_AREA(#18141);
#18141 = FILL_AREA_STYLE('',(#18142));
#18142 = FILL_AREA_STYLE_COLOUR('',#18043);
#18143 = SURFACE_STYLE_RENDERING_WITH_PROPERTIES(.NORMAL_SHADING.,#18043
  ,(#18144));
#18144 = SURFACE_STYLE_TRANSPARENT(0.100000023842);
#18145 = STYLED_ITEM('color',(#18146),#11148);
#18146 = PRESENTATION_STYLE_ASSIGNMENT((#18147));
#18147 = SURFACE_STYLE_USAGE(.BOTH.,#18148);
#18148 = SURFACE_SIDE_STYLE('',(#18149,#18152));
#18149 = SURFACE_STYLE_FILL_AREA(#18150);
#18150 = FILL_AREA_STYLE('',(#18151));
#18151 = FILL_AREA_STYLE_COLOUR('',#18043);
#18152 = SURFACE_STYLE_RENDERING_WITH_PROPERTIES(.NORMAL_SHADING.,#18043
  ,(#18153));
#18153 = SURFACE_STYLE_TRANSPARENT(0.100000023842);
#18154 = STYLED_ITEM('color',(#18155),#11358);
#18155 = PRESENTATION_STYLE_ASSIGNMENT((#18156));
#18156 = SURFACE_STYLE_USAGE(.BOTH.,#18157);
#18157 = SURFACE_SIDE_STYLE('',(#18158,#18161));
#18158 = SURFACE_STYLE_FILL_AREA(#18159);
#18159 = FILL_AREA_STYLE('',(#18160));
#18160 = FILL_AREA_STYLE_COLOUR('',#18043);
#18161 = SURFACE_STYLE_RENDERING_WITH_PROPERTIES(.NORMAL_SHADING.,#18043
  ,(#18162));
#18162 = SURFACE_STYLE_TRANSPARENT(0.100000023842);
#18163 = STYLED_ITEM('color',(#18164),#11452);
#18164 = PRESENTATION_STYLE_ASSIGNMENT((#18165));
#18165 = SURFACE_STYLE_USAGE(.BOTH.,#18166);
#18166 = SURFACE_SIDE_STYLE('',(#18167,#18170));
#18167 = SURFACE_STYLE_FILL_AREA(#18168);
#18168 = FILL_AREA_STYLE('',(#18169));
#18169 = FILL_AREA_STYLE_COLOUR('',#18043);
#18170 = SURFACE_STYLE_RENDERING_WITH_PROPERTIES(.NORMAL_SHADING.,#18043
  ,(#18171));
#18171 = SURFACE_STYLE_TRANSPARENT(0.100000023842);
#18172 = STYLED_ITEM('color',(#18173),#11619);
#18173 = PRESENTATION_STYLE_ASSIGNMENT((#18174));
#18174 = SURFACE_STYLE_USAGE(.BOTH.,#18175);
#18175 = SURFACE_SIDE_STYLE('',(#18176,#18179));
#18176 = SURFACE_STYLE_FILL_AREA(#18177);
#18177 = FILL_AREA_STYLE('',(#18178));
#18178 = FILL_AREA_STYLE_COLOUR('',#18043);
#18179 = SURFACE_STYLE_RENDERING_WITH_PROPERTIES(.NORMAL_SHADING.,#18043
  ,(#18180));
#18180 = SURFACE_STYLE_TRANSPARENT(0.100000023842);
#18181 = STYLED_ITEM('color',(#18182),#11790);
#18182 = PRESENTATION_STYLE_ASSIGNMENT((#18183));
#18183 = SURFACE_STYLE_USAGE(.BOTH.,#18184);
#18184 = SURFACE_SIDE_STYLE('',(#18185,#18188));
#18185 = SURFACE_STYLE_FILL_AREA(#18186);
#18186 = FILL_AREA_STYLE('',(#18187));
#18187 = FILL_AREA_STYLE_COLOUR('',#18043);
#18188 = SURFACE_STYLE_RENDERING_WITH_PROPERTIES(.NORMAL_SHADING.,#18043
  ,(#18189));
#18189 = SURFACE_STYLE_TRANSPARENT(0.100000023842);
#18190 = STYLED_ITEM('color',(#18191),#11902);
#18191 = PRESENTATION_STYLE_ASSIGNMENT((#18192));
#18192 = SURFACE_STYLE_USAGE(.BOTH.,#18193);
#18193 = SURFACE_SIDE_STYLE('',(#18194,#18197));
#18194 = SURFACE_STYLE_FILL_AREA(#18195);
#18195 = FILL_AREA_STYLE('',(#18196));
#18196 = FILL_AREA_STYLE_COLOUR('',#18043);
#18197 = SURFACE_STYLE_RENDERING_WITH_PROPERTIES(.NORMAL_SHADING.,#18043
  ,(#18198));
#18198 = SURFACE_STYLE_TRANSPARENT(0.100000023842);
#18199 = STYLED_ITEM('color',(#18200),#12044);
#18200 = PRESENTATION_STYLE_ASSIGNMENT((#18201));
#18201 = SURFACE_STYLE_USAGE(.BOTH.,#18202);
#18202 = SURFACE_SIDE_STYLE('',(#18203,#18206));
#18203 = SURFACE_STYLE_FILL_AREA(#18204);
#18204 = FILL_AREA_STYLE('',(#18205));
#18205 = FILL_AREA_STYLE_COLOUR('',#18043);
#18206 = SURFACE_STYLE_RENDERING_WITH_PROPERTIES(.NORMAL_SHADING.,#18043
  ,(#18207));
#18207 = SURFACE_STYLE_TRANSPARENT(0.100000023842);
#18208 = STYLED_ITEM('color',(#18209),#12145);
#18209 = PRESENTATION_STYLE_ASSIGNMENT((#18210));
#18210 = SURFACE_STYLE_USAGE(.BOTH.,#18211);
#18211 = SURFACE_SIDE_STYLE('',(#18212,#18215));
#18212 = SURFACE_STYLE_FILL_AREA(#18213);
#18213 = FILL_AREA_STYLE('',(#18214));
#18214 = FILL_AREA_STYLE_COLOUR('',#18043);
#18215 = SURFACE_STYLE_RENDERING_WITH_PROPERTIES(.NORMAL_SHADING.,#18043
  ,(#18216));
#18216 = SURFACE_STYLE_TRANSPARENT(0.100000023842);
#18217 = STYLED_ITEM('color',(#18218),#12294);
#18218 = PRESENTATION_STYLE_ASSIGNMENT((#18219));
#18219 = SURFACE_STYLE_USAGE(.BOTH.,#18220);
#18220 = SURFACE_SIDE_STYLE('',(#18221,#18224));
#18221 = SURFACE_STYLE_FILL_AREA(#18222);
#18222 = FILL_AREA_STYLE('',(#18223));
#18223 = FILL_AREA_STYLE_COLOUR('',#18043);
#18224 = SURFACE_STYLE_RENDERING_WITH_PROPERTIES(.NORMAL_SHADING.,#18043
  ,(#18225));
#18225 = SURFACE_STYLE_TRANSPARENT(0.100000023842);
#18226 = STYLED_ITEM('color',(#18227),#12486);
#18227 = PRESENTATION_STYLE_ASSIGNMENT((#18228));
#18228 = SURFACE_STYLE_USAGE(.BOTH.,#18229);
#18229 = SURFACE_SIDE_STYLE('',(#18230,#18233));
#18230 = SURFACE_STYLE_FILL_AREA(#18231);
#18231 = FILL_AREA_STYLE('',(#18232));
#18232 = FILL_AREA_STYLE_COLOUR('',#18043);
#18233 = SURFACE_STYLE_RENDERING_WITH_PROPERTIES(.NORMAL_SHADING.,#18043
  ,(#18234));
#18234 = SURFACE_STYLE_TRANSPARENT(0.100000023842);
#18235 = STYLED_ITEM('color',(#18236),#12555);
#18236 = PRESENTATION_STYLE_ASSIGNMENT((#18237));
#18237 = SURFACE_STYLE_USAGE(.BOTH.,#18238);
#18238 = SURFACE_SIDE_STYLE('',(#18239,#18242));
#18239 = SURFACE_STYLE_FILL_AREA(#18240);
#18240 = FILL_AREA_STYLE('',(#18241));
#18241 = FILL_AREA_STYLE_COLOUR('',#18043);
#18242 = SURFACE_STYLE_RENDERING_WITH_PROPERTIES(.NORMAL_SHADING.,#18043
  ,(#18243));
#18243 = SURFACE_STYLE_TRANSPARENT(0.100000023842);
#18244 = STYLED_ITEM('color',(#18245),#12770);
#18245 = PRESENTATION_STYLE_ASSIGNMENT((#18246));
#18246 = SURFACE_STYLE_USAGE(.BOTH.,#18247);
#18247 = SURFACE_SIDE_STYLE('',(#18248,#18251));
#18248 = SURFACE_STYLE_FILL_AREA(#18249);
#18249 = FILL_AREA_STYLE('',(#18250));
#18250 = FILL_AREA_STYLE_COLOUR('',#18043);
#18251 = SURFACE_STYLE_RENDERING_WITH_PROPERTIES(.NORMAL_SHADING.,#18043
  ,(#18252));
#18252 = SURFACE_STYLE_TRANSPARENT(0.100000023842);
#18253 = STYLED_ITEM('color',(#18254),#12968);
#18254 = PRESENTATION_STYLE_ASSIGNMENT((#18255));
#18255 = SURFACE_STYLE_USAGE(.BOTH.,#18256);
#18256 = SURFACE_SIDE_STYLE('',(#18257,#18260));
#18257 = SURFACE_STYLE_FILL_AREA(#18258);
#18258 = FILL_AREA_STYLE('',(#18259));
#18259 = FILL_AREA_STYLE_COLOUR('',#18043);
#18260 = SURFACE_STYLE_RENDERING_WITH_PROPERTIES(.NORMAL_SHADING.,#18043
  ,(#18261));
#18261 = SURFACE_STYLE_TRANSPARENT(0.100000023842);
#18262 = STYLED_ITEM('color',(#18263),#13184);
#18263 = PRESENTATION_STYLE_ASSIGNMENT((#18264));
#18264 = SURFACE_STYLE_USAGE(.BOTH.,#18265);
#18265 = SURFACE_SIDE_STYLE('',(#18266,#18269));
#18266 = SURFACE_STYLE_FILL_AREA(#18267);
#18267 = FILL_AREA_STYLE('',(#18268));
#18268 = FILL_AREA_STYLE_COLOUR('',#18043);
#18269 = SURFACE_STYLE_RENDERING_WITH_PROPERTIES(.NORMAL_SHADING.,#18043
  ,(#18270));
#18270 = SURFACE_STYLE_TRANSPARENT(0.100000023842);
#18271 = STYLED_ITEM('color',(#18272),#13334);
#18272 = PRESENTATION_STYLE_ASSIGNMENT((#18273));
#18273 = SURFACE_STYLE_USAGE(.BOTH.,#18274);
#18274 = SURFACE_SIDE_STYLE('',(#18275,#18278));
#18275 = SURFACE_STYLE_FILL_AREA(#18276);
#18276 = FILL_AREA_STYLE('',(#18277));
#18277 = FILL_AREA_STYLE_COLOUR('',#18043);
#18278 = SURFACE_STYLE_RENDERING_WITH_PROPERTIES(.NORMAL_SHADING.,#18043
  ,(#18279));
#18279 = SURFACE_STYLE_TRANSPARENT(0.100000023842);
#18280 = STYLED_ITEM('color',(#18281),#13452);
#18281 = PRESENTATION_STYLE_ASSIGNMENT((#18282));
#18282 = SURFACE_STYLE_USAGE(.BOTH.,#18283);
#18283 = SURFACE_SIDE_STYLE('',(#18284,#18287));
#18284 = SURFACE_STYLE_FILL_AREA(#18285);
#18285 = FILL_AREA_STYLE('',(#18286));
#18286 = FILL_AREA_STYLE_COLOUR('',#18043);
#18287 = SURFACE_STYLE_RENDERING_WITH_PROPERTIES(.NORMAL_SHADING.,#18043
  ,(#18288));
#18288 = SURFACE_STYLE_TRANSPARENT(0.100000023842);
#18289 = STYLED_ITEM('color',(#18290),#13701);
#18290 = PRESENTATION_STYLE_ASSIGNMENT((#18291));
#18291 = SURFACE_STYLE_USAGE(.BOTH.,#18292);
#18292 = SURFACE_SIDE_STYLE('',(#18293,#18296));
#18293 = SURFACE_STYLE_FILL_AREA(#18294);
#18294 = FILL_AREA_STYLE('',(#18295));
#18295 = FILL_AREA_STYLE_COLOUR('',#18043);
#18296 = SURFACE_STYLE_RENDERING_WITH_PROPERTIES(.NORMAL_SHADING.,#18043
  ,(#18297));
#18297 = SURFACE_STYLE_TRANSPARENT(0.100000023842);
#18298 = STYLED_ITEM('color',(#18299),#13792);
#18299 = PRESENTATION_STYLE_ASSIGNMENT((#18300));
#18300 = SURFACE_STYLE_USAGE(.BOTH.,#18301);
#18301 = SURFACE_SIDE_STYLE('',(#18302,#18305));
#18302 = SURFACE_STYLE_FILL_AREA(#18303);
#18303 = FILL_AREA_STYLE('',(#18304));
#18304 = FILL_AREA_STYLE_COLOUR('',#18043);
#18305 = SURFACE_STYLE_RENDERING_WITH_PROPERTIES(.NORMAL_SHADING.,#18043
  ,(#18306));
#18306 = SURFACE_STYLE_TRANSPARENT(0.100000023842);
#18307 = STYLED_ITEM('color',(#18308),#13869);
#18308 = PRESENTATION_STYLE_ASSIGNMENT((#18309));
#18309 = SURFACE_STYLE_USAGE(.BOTH.,#18310);
#18310 = SURFACE_SIDE_STYLE('',(#18311,#18314));
#18311 = SURFACE_STYLE_FILL_AREA(#18312);
#18312 = FILL_AREA_STYLE('',(#18313));
#18313 = FILL_AREA_STYLE_COLOUR('',#18043);
#18314 = SURFACE_STYLE_RENDERING_WITH_PROPERTIES(.NORMAL_SHADING.,#18043
  ,(#18315));
#18315 = SURFACE_STYLE_TRANSPARENT(0.100000023842);
#18316 = STYLED_ITEM('color',(#18317),#14011);
#18317 = PRESENTATION_STYLE_ASSIGNMENT((#18318));
#18318 = SURFACE_STYLE_USAGE(.BOTH.,#18319);
#18319 = SURFACE_SIDE_STYLE('',(#18320,#18323));
#18320 = SURFACE_STYLE_FILL_AREA(#18321);
#18321 = FILL_AREA_STYLE('',(#18322));
#18322 = FILL_AREA_STYLE_COLOUR('',#18043);
#18323 = SURFACE_STYLE_RENDERING_WITH_PROPERTIES(.NORMAL_SHADING.,#18043
  ,(#18324));
#18324 = SURFACE_STYLE_TRANSPARENT(0.100000023842);
#18325 = STYLED_ITEM('color',(#18326),#14204);
#18326 = PRESENTATION_STYLE_ASSIGNMENT((#18327));
#18327 = SURFACE_STYLE_USAGE(.BOTH.,#18328);
#18328 = SURFACE_SIDE_STYLE('',(#18329,#18332));
#18329 = SURFACE_STYLE_FILL_AREA(#18330);
#18330 = FILL_AREA_STYLE('',(#18331));
#18331 = FILL_AREA_STYLE_COLOUR('',#18043);
#18332 = SURFACE_STYLE_RENDERING_WITH_PROPERTIES(.NORMAL_SHADING.,#18043
  ,(#18333));
#18333 = SURFACE_STYLE_TRANSPARENT(0.100000023842);
#18334 = STYLED_ITEM('color',(#18335),#14295);
#18335 = PRESENTATION_STYLE_ASSIGNMENT((#18336));
#18336 = SURFACE_STYLE_USAGE(.BOTH.,#18337);
#18337 = SURFACE_SIDE_STYLE('',(#18338,#18341));
#18338 = SURFACE_STYLE_FILL_AREA(#18339);
#18339 = FILL_AREA_STYLE('',(#18340));
#18340 = FILL_AREA_STYLE_COLOUR('',#18043);
#18341 = SURFACE_STYLE_RENDERING_WITH_PROPERTIES(.NORMAL_SHADING.,#18043
  ,(#18342));
#18342 = SURFACE_STYLE_TRANSPARENT(0.100000023842);
#18343 = STYLED_ITEM('color',(#18344),#14346);
#18344 = PRESENTATION_STYLE_ASSIGNMENT((#18345));
#18345 = SURFACE_STYLE_USAGE(.BOTH.,#18346);
#18346 = SURFACE_SIDE_STYLE('',(#18347,#18350));
#18347 = SURFACE_STYLE_FILL_AREA(#18348);
#18348 = FILL_AREA_STYLE('',(#18349));
#18349 = FILL_AREA_STYLE_COLOUR('',#18043);
#18350 = SURFACE_STYLE_RENDERING_WITH_PROPERTIES(.NORMAL_SHADING.,#18043
  ,(#18351));
#18351 = SURFACE_STYLE_TRANSPARENT(0.100000023842);
#18352 = STYLED_ITEM('color',(#18353),#14794);
#18353 = PRESENTATION_STYLE_ASSIGNMENT((#18354));
#18354 = SURFACE_STYLE_USAGE(.BOTH.,#18355);
#18355 = SURFACE_SIDE_STYLE('',(#18356,#18359));
#18356 = SURFACE_STYLE_FILL_AREA(#18357);
#18357 = FILL_AREA_STYLE('',(#18358));
#18358 = FILL_AREA_STYLE_COLOUR('',#18043);
#18359 = SURFACE_STYLE_RENDERING_WITH_PROPERTIES(.NORMAL_SHADING.,#18043
  ,(#18360));
#18360 = SURFACE_STYLE_TRANSPARENT(0.100000023842);
#18361 = STYLED_ITEM('color',(#18362),#14896);
#18362 = PRESENTATION_STYLE_ASSIGNMENT((#18363));
#18363 = SURFACE_STYLE_USAGE(.BOTH.,#18364);
#18364 = SURFACE_SIDE_STYLE('',(#18365,#18368));
#18365 = SURFACE_STYLE_FILL_AREA(#18366);
#18366 = FILL_AREA_STYLE('',(#18367));
#18367 = FILL_AREA_STYLE_COLOUR('',#18043);
#18368 = SURFACE_STYLE_RENDERING_WITH_PROPERTIES(.NORMAL_SHADING.,#18043
  ,(#18369));
#18369 = SURFACE_STYLE_TRANSPARENT(0.100000023842);
#18370 = STYLED_ITEM('color',(#18371),#14972);
#18371 = PRESENTATION_STYLE_ASSIGNMENT((#18372));
#18372 = SURFACE_STYLE_USAGE(.BOTH.,#18373);
#18373 = SURFACE_SIDE_STYLE('',(#18374,#18377));
#18374 = SURFACE_STYLE_FILL_AREA(#18375);
#18375 = FILL_AREA_STYLE('',(#18376));
#18376 = FILL_AREA_STYLE_COLOUR('',#18043);
#18377 = SURFACE_STYLE_RENDERING_WITH_PROPERTIES(.NORMAL_SHADING.,#18043
  ,(#18378));
#18378 = SURFACE_STYLE_TRANSPARENT(0.100000023842);
#18379 = STYLED_ITEM('color',(#18380),#15048);
#18380 = PRESENTATION_STYLE_ASSIGNMENT((#18381));
#18381 = SURFACE_STYLE_USAGE(.BOTH.,#18382);
#18382 = SURFACE_SIDE_STYLE('',(#18383,#18386));
#18383 = SURFACE_STYLE_FILL_AREA(#18384);
#18384 = FILL_AREA_STYLE('',(#18385));
#18385 = FILL_AREA_STYLE_COLOUR('',#18043);
#18386 = SURFACE_STYLE_RENDERING_WITH_PROPERTIES(.NORMAL_SHADING.,#18043
  ,(#18387));
#18387 = SURFACE_STYLE_TRANSPARENT(0.100000023842);
#18388 = STYLED_ITEM('color',(#18389),#15117);
#18389 = PRESENTATION_STYLE_ASSIGNMENT((#18390));
#18390 = SURFACE_STYLE_USAGE(.BOTH.,#18391);
#18391 = SURFACE_SIDE_STYLE('',(#18392,#18395));
#18392 = SURFACE_STYLE_FILL_AREA(#18393);
#18393 = FILL_AREA_STYLE('',(#18394));
#18394 = FILL_AREA_STYLE_COLOUR('',#18043);
#18395 = SURFACE_STYLE_RENDERING_WITH_PROPERTIES(.NORMAL_SHADING.,#18043
  ,(#18396));
#18396 = SURFACE_STYLE_TRANSPARENT(0.100000023842);
#18397 = STYLED_ITEM('color',(#18398),#15309);
#18398 = PRESENTATION_STYLE_ASSIGNMENT((#18399));
#18399 = SURFACE_STYLE_USAGE(.BOTH.,#18400);
#18400 = SURFACE_SIDE_STYLE('',(#18401,#18404));
#18401 = SURFACE_STYLE_FILL_AREA(#18402);
#18402 = FILL_AREA_STYLE('',(#18403));
#18403 = FILL_AREA_STYLE_COLOUR('',#18043);
#18404 = SURFACE_STYLE_RENDERING_WITH_PROPERTIES(.NORMAL_SHADING.,#18043
  ,(#18405));
#18405 = SURFACE_STYLE_TRANSPARENT(0.100000023842);
#18406 = STYLED_ITEM('color',(#18407),#15378);
#18407 = PRESENTATION_STYLE_ASSIGNMENT((#18408));
#18408 = SURFACE_STYLE_USAGE(.BOTH.,#18409);
#18409 = SURFACE_SIDE_STYLE('',(#18410,#18413));
#18410 = SURFACE_STYLE_FILL_AREA(#18411);
#18411 = FILL_AREA_STYLE('',(#18412));
#18412 = FILL_AREA_STYLE_COLOUR('',#18043);
#18413 = SURFACE_STYLE_RENDERING_WITH_PROPERTIES(.NORMAL_SHADING.,#18043
  ,(#18414));
#18414 = SURFACE_STYLE_TRANSPARENT(0.100000023842);
#18415 = STYLED_ITEM('color',(#18416),#15512);
#18416 = PRESENTATION_STYLE_ASSIGNMENT((#18417));
#18417 = SURFACE_STYLE_USAGE(.BOTH.,#18418);
#18418 = SURFACE_SIDE_STYLE('',(#18419,#18422));
#18419 = SURFACE_STYLE_FILL_AREA(#18420);
#18420 = FILL_AREA_STYLE('',(#18421));
#18421 = FILL_AREA_STYLE_COLOUR('',#18043);
#18422 = SURFACE_STYLE_RENDERING_WITH_PROPERTIES(.NORMAL_SHADING.,#18043
  ,(#18423));
#18423 = SURFACE_STYLE_TRANSPARENT(0.100000023842);
#18424 = STYLED_ITEM('color',(#18425),#15646);
#18425 = PRESENTATION_STYLE_ASSIGNMENT((#18426));
#18426 = SURFACE_STYLE_USAGE(.BOTH.,#18427);
#18427 = SURFACE_SIDE_STYLE('',(#18428,#18431));
#18428 = SURFACE_STYLE_FILL_AREA(#18429);
#18429 = FILL_AREA_STYLE('',(#18430));
#18430 = FILL_AREA_STYLE_COLOUR('',#18043);
#18431 = SURFACE_STYLE_RENDERING_WITH_PROPERTIES(.NORMAL_SHADING.,#18043
  ,(#18432));
#18432 = SURFACE_STYLE_TRANSPARENT(0.100000023842);
#18433 = STYLED_ITEM('color',(#18434),#15893);
#18434 = PRESENTATION_STYLE_ASSIGNMENT((#18435));
#18435 = SURFACE_STYLE_USAGE(.BOTH.,#18436);
#18436 = SURFACE_SIDE_STYLE('',(#18437,#18440));
#18437 = SURFACE_STYLE_FILL_AREA(#18438);
#18438 = FILL_AREA_STYLE('',(#18439));
#18439 = FILL_AREA_STYLE_COLOUR('',#18043);
#18440 = SURFACE_STYLE_RENDERING_WITH_PROPERTIES(.NORMAL_SHADING.,#18043
  ,(#18441));
#18441 = SURFACE_STYLE_TRANSPARENT(0.100000023842);
#18442 = STYLED_ITEM('color',(#18443),#16054);
#18443 = PRESENTATION_STYLE_ASSIGNMENT((#18444));
#18444 = SURFACE_STYLE_USAGE(.BOTH.,#18445);
#18445 = SURFACE_SIDE_STYLE('',(#18446,#18449));
#18446 = SURFACE_STYLE_FILL_AREA(#18447);
#18447 = FILL_AREA_STYLE('',(#18448));
#18448 = FILL_AREA_STYLE_COLOUR('',#18043);
#18449 = SURFACE_STYLE_RENDERING_WITH_PROPERTIES(.NORMAL_SHADING.,#18043
  ,(#18450));
#18450 = SURFACE_STYLE_TRANSPARENT(0.100000023842);
#18451 = STYLED_ITEM('color',(#18452),#16205);
#18452 = PRESENTATION_STYLE_ASSIGNMENT((#18453));
#18453 = SURFACE_STYLE_USAGE(.BOTH.,#18454);
#18454 = SURFACE_SIDE_STYLE('',(#18455,#18458));
#18455 = SURFACE_STYLE_FILL_AREA(#18456);
#18456 = FILL_AREA_STYLE('',(#18457));
#18457 = FILL_AREA_STYLE_COLOUR('',#18043);
#18458 = SURFACE_STYLE_RENDERING_WITH_PROPERTIES(.NORMAL_SHADING.,#18043
  ,(#18459));
#18459 = SURFACE_STYLE_TRANSPARENT(0.100000023842);
#18460 = STYLED_ITEM('color',(#18461),#16366);
#18461 = PRESENTATION_STYLE_ASSIGNMENT((#18462));
#18462 = SURFACE_STYLE_USAGE(.BOTH.,#18463);
#18463 = SURFACE_SIDE_STYLE('',(#18464,#18467));
#18464 = SURFACE_STYLE_FILL_AREA(#18465);
#18465 = FILL_AREA_STYLE('',(#18466));
#18466 = FILL_AREA_STYLE_COLOUR('',#18043);
#18467 = SURFACE_STYLE_RENDERING_WITH_PROPERTIES(.NORMAL_SHADING.,#18043
  ,(#18468));
#18468 = SURFACE_STYLE_TRANSPARENT(0.100000023842);
#18469 = STYLED_ITEM('color',(#18470),#16460);
#18470 = PRESENTATION_STYLE_ASSIGNMENT((#18471));
#18471 = SURFACE_STYLE_USAGE(.BOTH.,#18472);
#18472 = SURFACE_SIDE_STYLE('',(#18473,#18476));
#18473 = SURFACE_STYLE_FILL_AREA(#18474);
#18474 = FILL_AREA_STYLE('',(#18475));
#18475 = FILL_AREA_STYLE_COLOUR('',#18043);
#18476 = SURFACE_STYLE_RENDERING_WITH_PROPERTIES(.NORMAL_SHADING.,#18043
  ,(#18477));
#18477 = SURFACE_STYLE_TRANSPARENT(0.100000023842);
#18478 = STYLED_ITEM('color',(#18479),#16627);
#18479 = PRESENTATION_STYLE_ASSIGNMENT((#18480));
#18480 = SURFACE_STYLE_USAGE(.BOTH.,#18481);
#18481 = SURFACE_SIDE_STYLE('',(#18482,#18485));
#18482 = SURFACE_STYLE_FILL_AREA(#18483);
#18483 = FILL_AREA_STYLE('',(#18484));
#18484 = FILL_AREA_STYLE_COLOUR('',#18043);
#18485 = SURFACE_STYLE_RENDERING_WITH_PROPERTIES(.NORMAL_SHADING.,#18043
  ,(#18486));
#18486 = SURFACE_STYLE_TRANSPARENT(0.100000023842);
#18487 = MECHANICAL_DESIGN_GEOMETRIC_PRESENTATION_REPRESENTATION('',(
    #18488,#18496,#18503,#18510,#18517,#18525,#18532,#18539,#18546,
    #18553),#4834);
#18488 = STYLED_ITEM('color',(#18489),#4354);
#18489 = PRESENTATION_STYLE_ASSIGNMENT((#18490));
#18490 = SURFACE_STYLE_USAGE(.BOTH.,#18491);
#18491 = SURFACE_SIDE_STYLE('',(#18492));
#18492 = SURFACE_STYLE_FILL_AREA(#18493);
#18493 = FILL_AREA_STYLE('',(#18494));
#18494 = FILL_AREA_STYLE_COLOUR('',#18495);
#18495 = COLOUR_RGB('',0.823999987314,0.819999987296,0.781000009244);
#18496 = STYLED_ITEM('color',(#18497),#4371);
#18497 = PRESENTATION_STYLE_ASSIGNMENT((#18498));
#18498 = SURFACE_STYLE_USAGE(.BOTH.,#18499);
#18499 = SURFACE_SIDE_STYLE('',(#18500));
#18500 = SURFACE_STYLE_FILL_AREA(#18501);
#18501 = FILL_AREA_STYLE('',(#18502));
#18502 = FILL_AREA_STYLE_COLOUR('',#18495);
#18503 = STYLED_ITEM('color',(#18504),#4396);
#18504 = PRESENTATION_STYLE_ASSIGNMENT((#18505));
#18505 = SURFACE_STYLE_USAGE(.BOTH.,#18506);
#18506 = SURFACE_SIDE_STYLE('',(#18507));
#18507 = SURFACE_STYLE_FILL_AREA(#18508);
#18508 = FILL_AREA_STYLE('',(#18509));
#18509 = FILL_AREA_STYLE_COLOUR('',#18495);
#18510 = STYLED_ITEM('color',(#18511),#4426);
#18511 = PRESENTATION_STYLE_ASSIGNMENT((#18512));
#18512 = SURFACE_STYLE_USAGE(.BOTH.,#18513);
#18513 = SURFACE_SIDE_STYLE('',(#18514));
#18514 = SURFACE_STYLE_FILL_AREA(#18515);
#18515 = FILL_AREA_STYLE('',(#18516));
#18516 = FILL_AREA_STYLE_COLOUR('',#18495);
#18517 = STYLED_ITEM('color',(#18518),#4560);
#18518 = PRESENTATION_STYLE_ASSIGNMENT((#18519));
#18519 = SURFACE_STYLE_USAGE(.BOTH.,#18520);
#18520 = SURFACE_SIDE_STYLE('',(#18521));
#18521 = SURFACE_STYLE_FILL_AREA(#18522);
#18522 = FILL_AREA_STYLE('',(#18523));
#18523 = FILL_AREA_STYLE_COLOUR('',#18524);
#18524 = COLOUR_RGB('',0.809000013735,0.426000008053,0.147999998088);
#18525 = STYLED_ITEM('color',(#18526),#4661);
#18526 = PRESENTATION_STYLE_ASSIGNMENT((#18527));
#18527 = SURFACE_STYLE_USAGE(.BOTH.,#18528);
#18528 = SURFACE_SIDE_STYLE('',(#18529));
#18529 = SURFACE_STYLE_FILL_AREA(#18530);
#18530 = FILL_AREA_STYLE('',(#18531));
#18531 = FILL_AREA_STYLE_COLOUR('',#18524);
#18532 = STYLED_ITEM('color',(#18533),#4743);
#18533 = PRESENTATION_STYLE_ASSIGNMENT((#18534));
#18534 = SURFACE_STYLE_USAGE(.BOTH.,#18535);
#18535 = SURFACE_SIDE_STYLE('',(#18536));
#18536 = SURFACE_STYLE_FILL_AREA(#18537);
#18537 = FILL_AREA_STYLE('',(#18538));
#18538 = FILL_AREA_STYLE_COLOUR('',#18495);
#18539 = STYLED_ITEM('color',(#18540),#4770);
#18540 = PRESENTATION_STYLE_ASSIGNMENT((#18541));
#18541 = SURFACE_STYLE_USAGE(.BOTH.,#18542);
#18542 = SURFACE_SIDE_STYLE('',(#18543));
#18543 = SURFACE_STYLE_FILL_AREA(#18544);
#18544 = FILL_AREA_STYLE('',(#18545));
#18545 = FILL_AREA_STYLE_COLOUR('',#18495);
#18546 = STYLED_ITEM('color',(#18547),#4800);
#18547 = PRESENTATION_STYLE_ASSIGNMENT((#18548));
#18548 = SURFACE_STYLE_USAGE(.BOTH.,#18549);
#18549 = SURFACE_SIDE_STYLE('',(#18550));
#18550 = SURFACE_STYLE_FILL_AREA(#18551);
#18551 = FILL_AREA_STYLE('',(#18552));
#18552 = FILL_AREA_STYLE_COLOUR('',#18495);
#18553 = STYLED_ITEM('color',(#18554),#4825);
#18554 = PRESENTATION_STYLE_ASSIGNMENT((#18555));
#18555 = SURFACE_STYLE_USAGE(.BOTH.,#18556);
#18556 = SURFACE_SIDE_STYLE('',(#18557));
#18557 = SURFACE_STYLE_FILL_AREA(#18558);
#18558 = FILL_AREA_STYLE('',(#18559));
#18559 = FILL_AREA_STYLE_COLOUR('',#18495);
#18560 = MECHANICAL_DESIGN_GEOMETRIC_PRESENTATION_REPRESENTATION('',(
    #18561,#18569,#18576,#18583,#18590,#18597,#18604,#18611,#18618,
    #18625,#18632,#18639,#18646,#18653,#18660,#18667,#18674,#18681,
    #18688,#18695,#18702,#18709,#18716,#18723,#18730,#18737,#18744,
    #18751,#18758,#18765,#18772,#18779,#18786,#18793,#18800,#18807,
    #18814,#18821,#18828,#18835,#18842,#18849,#18856,#18863,#18870,
    #18877,#18884,#18891,#18898,#18905,#18912,#18919,#18926,#18933,
    #18940,#18947,#18954,#18961,#18968,#18975,#18982,#18989,#18996,
    #19003,#19010,#19017,#19024,#19031,#19038,#19045,#19052,#19059,
    #19066,#19073,#19080,#19087,#19094,#19101,#19108,#19115,#19122,
    #19129,#19136,#19143,#19150,#19157,#19164,#19171,#19178,#19185,
    #19192,#19199,#19206,#19213,#19220,#19227,#19234,#19241,#19248,
    #19255,#19262,#19269,#19276,#19283,#19290,#19297,#19304,#19311,
    #19318,#19325,#19332,#19339,#19346,#19353,#19360,#19367,#19374,
    #19381,#19388,#19395,#19402,#19409,#19416,#19423,#19430,#19437,
    #19444,#19451,#19458,#19465,#19472,#19479,#19486,#19493,#19500,
    #19507,#19514,#19521,#19528,#19535,#19542,#19549,#19556,#19563,
    #19570,#19577,#19584,#19591),#9648);
#18561 = STYLED_ITEM('color',(#18562),#4878);
#18562 = PRESENTATION_STYLE_ASSIGNMENT((#18563));
#18563 = SURFACE_STYLE_USAGE(.BOTH.,#18564);
#18564 = SURFACE_SIDE_STYLE('',(#18565));
#18565 = SURFACE_STYLE_FILL_AREA(#18566);
#18566 = FILL_AREA_STYLE('',(#18567));
#18567 = FILL_AREA_STYLE_COLOUR('',#18568);
#18568 = COLOUR_RGB('',0.147999998088,0.144999993226,0.144999993226);
#18569 = STYLED_ITEM('color',(#18570),#4918);
#18570 = PRESENTATION_STYLE_ASSIGNMENT((#18571));
#18571 = SURFACE_STYLE_USAGE(.BOTH.,#18572);
#18572 = SURFACE_SIDE_STYLE('',(#18573));
#18573 = SURFACE_STYLE_FILL_AREA(#18574);
#18574 = FILL_AREA_STYLE('',(#18575));
#18575 = FILL_AREA_STYLE_COLOUR('',#18568);
#18576 = STYLED_ITEM('color',(#18577),#5011);
#18577 = PRESENTATION_STYLE_ASSIGNMENT((#18578));
#18578 = SURFACE_STYLE_USAGE(.BOTH.,#18579);
#18579 = SURFACE_SIDE_STYLE('',(#18580));
#18580 = SURFACE_STYLE_FILL_AREA(#18581);
#18581 = FILL_AREA_STYLE('',(#18582));
#18582 = FILL_AREA_STYLE_COLOUR('',#18568);
#18583 = STYLED_ITEM('color',(#18584),#5034);
#18584 = PRESENTATION_STYLE_ASSIGNMENT((#18585));
#18585 = SURFACE_STYLE_USAGE(.BOTH.,#18586);
#18586 = SURFACE_SIDE_STYLE('',(#18587));
#18587 = SURFACE_STYLE_FILL_AREA(#18588);
#18588 = FILL_AREA_STYLE('',(#18589));
#18589 = FILL_AREA_STYLE_COLOUR('',#18568);
#18590 = STYLED_ITEM('color',(#18591),#5121);
#18591 = PRESENTATION_STYLE_ASSIGNMENT((#18592));
#18592 = SURFACE_STYLE_USAGE(.BOTH.,#18593);
#18593 = SURFACE_SIDE_STYLE('',(#18594));
#18594 = SURFACE_STYLE_FILL_AREA(#18595);
#18595 = FILL_AREA_STYLE('',(#18596));
#18596 = FILL_AREA_STYLE_COLOUR('',#18568);
#18597 = STYLED_ITEM('color',(#18598),#5138);
#18598 = PRESENTATION_STYLE_ASSIGNMENT((#18599));
#18599 = SURFACE_STYLE_USAGE(.BOTH.,#18600);
#18600 = SURFACE_SIDE_STYLE('',(#18601));
#18601 = SURFACE_STYLE_FILL_AREA(#18602);
#18602 = FILL_AREA_STYLE('',(#18603));
#18603 = FILL_AREA_STYLE_COLOUR('',#18568);
#18604 = STYLED_ITEM('color',(#18605),#5168);
#18605 = PRESENTATION_STYLE_ASSIGNMENT((#18606));
#18606 = SURFACE_STYLE_USAGE(.BOTH.,#18607);
#18607 = SURFACE_SIDE_STYLE('',(#18608));
#18608 = SURFACE_STYLE_FILL_AREA(#18609);
#18609 = FILL_AREA_STYLE('',(#18610));
#18610 = FILL_AREA_STYLE_COLOUR('',#18568);
#18611 = STYLED_ITEM('color',(#18612),#5198);
#18612 = PRESENTATION_STYLE_ASSIGNMENT((#18613));
#18613 = SURFACE_STYLE_USAGE(.BOTH.,#18614);
#18614 = SURFACE_SIDE_STYLE('',(#18615));
#18615 = SURFACE_STYLE_FILL_AREA(#18616);
#18616 = FILL_AREA_STYLE('',(#18617));
#18617 = FILL_AREA_STYLE_COLOUR('',#18495);
#18618 = STYLED_ITEM('color',(#18619),#5229);
#18619 = PRESENTATION_STYLE_ASSIGNMENT((#18620));
#18620 = SURFACE_STYLE_USAGE(.BOTH.,#18621);
#18621 = SURFACE_SIDE_STYLE('',(#18622));
#18622 = SURFACE_STYLE_FILL_AREA(#18623);
#18623 = FILL_AREA_STYLE('',(#18624));
#18624 = FILL_AREA_STYLE_COLOUR('',#18495);
#18625 = STYLED_ITEM('color',(#18626),#5260);
#18626 = PRESENTATION_STYLE_ASSIGNMENT((#18627));
#18627 = SURFACE_STYLE_USAGE(.BOTH.,#18628);
#18628 = SURFACE_SIDE_STYLE('',(#18629));
#18629 = SURFACE_STYLE_FILL_AREA(#18630);
#18630 = FILL_AREA_STYLE('',(#18631));
#18631 = FILL_AREA_STYLE_COLOUR('',#18568);
#18632 = STYLED_ITEM('color',(#18633),#5291);
#18633 = PRESENTATION_STYLE_ASSIGNMENT((#18634));
#18634 = SURFACE_STYLE_USAGE(.BOTH.,#18635);
#18635 = SURFACE_SIDE_STYLE('',(#18636));
#18636 = SURFACE_STYLE_FILL_AREA(#18637);
#18637 = FILL_AREA_STYLE('',(#18638));
#18638 = FILL_AREA_STYLE_COLOUR('',#18568);
#18639 = STYLED_ITEM('color',(#18640),#5322);
#18640 = PRESENTATION_STYLE_ASSIGNMENT((#18641));
#18641 = SURFACE_STYLE_USAGE(.BOTH.,#18642);
#18642 = SURFACE_SIDE_STYLE('',(#18643));
#18643 = SURFACE_STYLE_FILL_AREA(#18644);
#18644 = FILL_AREA_STYLE('',(#18645));
#18645 = FILL_AREA_STYLE_COLOUR('',#18495);
#18646 = STYLED_ITEM('color',(#18647),#5353);
#18647 = PRESENTATION_STYLE_ASSIGNMENT((#18648));
#18648 = SURFACE_STYLE_USAGE(.BOTH.,#18649);
#18649 = SURFACE_SIDE_STYLE('',(#18650));
#18650 = SURFACE_STYLE_FILL_AREA(#18651);
#18651 = FILL_AREA_STYLE('',(#18652));
#18652 = FILL_AREA_STYLE_COLOUR('',#18495);
#18653 = STYLED_ITEM('color',(#18654),#5384);
#18654 = PRESENTATION_STYLE_ASSIGNMENT((#18655));
#18655 = SURFACE_STYLE_USAGE(.BOTH.,#18656);
#18656 = SURFACE_SIDE_STYLE('',(#18657));
#18657 = SURFACE_STYLE_FILL_AREA(#18658);
#18658 = FILL_AREA_STYLE('',(#18659));
#18659 = FILL_AREA_STYLE_COLOUR('',#18568);
#18660 = STYLED_ITEM('color',(#18661),#5415);
#18661 = PRESENTATION_STYLE_ASSIGNMENT((#18662));
#18662 = SURFACE_STYLE_USAGE(.BOTH.,#18663);
#18663 = SURFACE_SIDE_STYLE('',(#18664));
#18664 = SURFACE_STYLE_FILL_AREA(#18665);
#18665 = FILL_AREA_STYLE('',(#18666));
#18666 = FILL_AREA_STYLE_COLOUR('',#18568);
#18667 = STYLED_ITEM('color',(#18668),#5438);
#18668 = PRESENTATION_STYLE_ASSIGNMENT((#18669));
#18669 = SURFACE_STYLE_USAGE(.BOTH.,#18670);
#18670 = SURFACE_SIDE_STYLE('',(#18671));
#18671 = SURFACE_STYLE_FILL_AREA(#18672);
#18672 = FILL_AREA_STYLE('',(#18673));
#18673 = FILL_AREA_STYLE_COLOUR('',#18568);
#18674 = STYLED_ITEM('color',(#18675),#5462);
#18675 = PRESENTATION_STYLE_ASSIGNMENT((#18676));
#18676 = SURFACE_STYLE_USAGE(.BOTH.,#18677);
#18677 = SURFACE_SIDE_STYLE('',(#18678));
#18678 = SURFACE_STYLE_FILL_AREA(#18679);
#18679 = FILL_AREA_STYLE('',(#18680));
#18680 = FILL_AREA_STYLE_COLOUR('',#18568);
#18681 = STYLED_ITEM('color',(#18682),#5492);
#18682 = PRESENTATION_STYLE_ASSIGNMENT((#18683));
#18683 = SURFACE_STYLE_USAGE(.BOTH.,#18684);
#18684 = SURFACE_SIDE_STYLE('',(#18685));
#18685 = SURFACE_STYLE_FILL_AREA(#18686);
#18686 = FILL_AREA_STYLE('',(#18687));
#18687 = FILL_AREA_STYLE_COLOUR('',#18495);
#18688 = STYLED_ITEM('color',(#18689),#5523);
#18689 = PRESENTATION_STYLE_ASSIGNMENT((#18690));
#18690 = SURFACE_STYLE_USAGE(.BOTH.,#18691);
#18691 = SURFACE_SIDE_STYLE('',(#18692));
#18692 = SURFACE_STYLE_FILL_AREA(#18693);
#18693 = FILL_AREA_STYLE('',(#18694));
#18694 = FILL_AREA_STYLE_COLOUR('',#18495);
#18695 = STYLED_ITEM('color',(#18696),#5554);
#18696 = PRESENTATION_STYLE_ASSIGNMENT((#18697));
#18697 = SURFACE_STYLE_USAGE(.BOTH.,#18698);
#18698 = SURFACE_SIDE_STYLE('',(#18699));
#18699 = SURFACE_STYLE_FILL_AREA(#18700);
#18700 = FILL_AREA_STYLE('',(#18701));
#18701 = FILL_AREA_STYLE_COLOUR('',#18568);
#18702 = STYLED_ITEM('color',(#18703),#5585);
#18703 = PRESENTATION_STYLE_ASSIGNMENT((#18704));
#18704 = SURFACE_STYLE_USAGE(.BOTH.,#18705);
#18705 = SURFACE_SIDE_STYLE('',(#18706));
#18706 = SURFACE_STYLE_FILL_AREA(#18707);
#18707 = FILL_AREA_STYLE('',(#18708));
#18708 = FILL_AREA_STYLE_COLOUR('',#18568);
#18709 = STYLED_ITEM('color',(#18710),#5616);
#18710 = PRESENTATION_STYLE_ASSIGNMENT((#18711));
#18711 = SURFACE_STYLE_USAGE(.BOTH.,#18712);
#18712 = SURFACE_SIDE_STYLE('',(#18713));
#18713 = SURFACE_STYLE_FILL_AREA(#18714);
#18714 = FILL_AREA_STYLE('',(#18715));
#18715 = FILL_AREA_STYLE_COLOUR('',#18495);
#18716 = STYLED_ITEM('color',(#18717),#5647);
#18717 = PRESENTATION_STYLE_ASSIGNMENT((#18718));
#18718 = SURFACE_STYLE_USAGE(.BOTH.,#18719);
#18719 = SURFACE_SIDE_STYLE('',(#18720));
#18720 = SURFACE_STYLE_FILL_AREA(#18721);
#18721 = FILL_AREA_STYLE('',(#18722));
#18722 = FILL_AREA_STYLE_COLOUR('',#18495);
#18723 = STYLED_ITEM('color',(#18724),#5678);
#18724 = PRESENTATION_STYLE_ASSIGNMENT((#18725));
#18725 = SURFACE_STYLE_USAGE(.BOTH.,#18726);
#18726 = SURFACE_SIDE_STYLE('',(#18727));
#18727 = SURFACE_STYLE_FILL_AREA(#18728);
#18728 = FILL_AREA_STYLE('',(#18729));
#18729 = FILL_AREA_STYLE_COLOUR('',#18568);
#18730 = STYLED_ITEM('color',(#18731),#5709);
#18731 = PRESENTATION_STYLE_ASSIGNMENT((#18732));
#18732 = SURFACE_STYLE_USAGE(.BOTH.,#18733);
#18733 = SURFACE_SIDE_STYLE('',(#18734));
#18734 = SURFACE_STYLE_FILL_AREA(#18735);
#18735 = FILL_AREA_STYLE('',(#18736));
#18736 = FILL_AREA_STYLE_COLOUR('',#18568);
#18737 = STYLED_ITEM('color',(#18738),#5726);
#18738 = PRESENTATION_STYLE_ASSIGNMENT((#18739));
#18739 = SURFACE_STYLE_USAGE(.BOTH.,#18740);
#18740 = SURFACE_SIDE_STYLE('',(#18741));
#18741 = SURFACE_STYLE_FILL_AREA(#18742);
#18742 = FILL_AREA_STYLE('',(#18743));
#18743 = FILL_AREA_STYLE_COLOUR('',#18568);
#18744 = STYLED_ITEM('color',(#18745),#5756);
#18745 = PRESENTATION_STYLE_ASSIGNMENT((#18746));
#18746 = SURFACE_STYLE_USAGE(.BOTH.,#18747);
#18747 = SURFACE_SIDE_STYLE('',(#18748));
#18748 = SURFACE_STYLE_FILL_AREA(#18749);
#18749 = FILL_AREA_STYLE('',(#18750));
#18750 = FILL_AREA_STYLE_COLOUR('',#18495);
#18751 = STYLED_ITEM('color',(#18752),#5814);
#18752 = PRESENTATION_STYLE_ASSIGNMENT((#18753));
#18753 = SURFACE_STYLE_USAGE(.BOTH.,#18754);
#18754 = SURFACE_SIDE_STYLE('',(#18755));
#18755 = SURFACE_STYLE_FILL_AREA(#18756);
#18756 = FILL_AREA_STYLE('',(#18757));
#18757 = FILL_AREA_STYLE_COLOUR('',#18495);
#18758 = STYLED_ITEM('color',(#18759),#5872);
#18759 = PRESENTATION_STYLE_ASSIGNMENT((#18760));
#18760 = SURFACE_STYLE_USAGE(.BOTH.,#18761);
#18761 = SURFACE_SIDE_STYLE('',(#18762));
#18762 = SURFACE_STYLE_FILL_AREA(#18763);
#18763 = FILL_AREA_STYLE('',(#18764));
#18764 = FILL_AREA_STYLE_COLOUR('',#18568);
#18765 = STYLED_ITEM('color',(#18766),#5902);
#18766 = PRESENTATION_STYLE_ASSIGNMENT((#18767));
#18767 = SURFACE_STYLE_USAGE(.BOTH.,#18768);
#18768 = SURFACE_SIDE_STYLE('',(#18769));
#18769 = SURFACE_STYLE_FILL_AREA(#18770);
#18770 = FILL_AREA_STYLE('',(#18771));
#18771 = FILL_AREA_STYLE_COLOUR('',#18495);
#18772 = STYLED_ITEM('color',(#18773),#5960);
#18773 = PRESENTATION_STYLE_ASSIGNMENT((#18774));
#18774 = SURFACE_STYLE_USAGE(.BOTH.,#18775);
#18775 = SURFACE_SIDE_STYLE('',(#18776));
#18776 = SURFACE_STYLE_FILL_AREA(#18777);
#18777 = FILL_AREA_STYLE('',(#18778));
#18778 = FILL_AREA_STYLE_COLOUR('',#18495);
#18779 = STYLED_ITEM('color',(#18780),#5977);
#18780 = PRESENTATION_STYLE_ASSIGNMENT((#18781));
#18781 = SURFACE_STYLE_USAGE(.BOTH.,#18782);
#18782 = SURFACE_SIDE_STYLE('',(#18783));
#18783 = SURFACE_STYLE_FILL_AREA(#18784);
#18784 = FILL_AREA_STYLE('',(#18785));
#18785 = FILL_AREA_STYLE_COLOUR('',#18495);
#18786 = STYLED_ITEM('color',(#18787),#6002);
#18787 = PRESENTATION_STYLE_ASSIGNMENT((#18788));
#18788 = SURFACE_STYLE_USAGE(.BOTH.,#18789);
#18789 = SURFACE_SIDE_STYLE('',(#18790));
#18790 = SURFACE_STYLE_FILL_AREA(#18791);
#18791 = FILL_AREA_STYLE('',(#18792));
#18792 = FILL_AREA_STYLE_COLOUR('',#18495);
#18793 = STYLED_ITEM('color',(#18794),#6052);
#18794 = PRESENTATION_STYLE_ASSIGNMENT((#18795));
#18795 = SURFACE_STYLE_USAGE(.BOTH.,#18796);
#18796 = SURFACE_SIDE_STYLE('',(#18797));
#18797 = SURFACE_STYLE_FILL_AREA(#18798);
#18798 = FILL_AREA_STYLE('',(#18799));
#18799 = FILL_AREA_STYLE_COLOUR('',#18568);
#18800 = STYLED_ITEM('color',(#18801),#6083);
#18801 = PRESENTATION_STYLE_ASSIGNMENT((#18802));
#18802 = SURFACE_STYLE_USAGE(.BOTH.,#18803);
#18803 = SURFACE_SIDE_STYLE('',(#18804));
#18804 = SURFACE_STYLE_FILL_AREA(#18805);
#18805 = FILL_AREA_STYLE('',(#18806));
#18806 = FILL_AREA_STYLE_COLOUR('',#18495);
#18807 = STYLED_ITEM('color',(#18808),#6141);
#18808 = PRESENTATION_STYLE_ASSIGNMENT((#18809));
#18809 = SURFACE_STYLE_USAGE(.BOTH.,#18810);
#18810 = SURFACE_SIDE_STYLE('',(#18811));
#18811 = SURFACE_STYLE_FILL_AREA(#18812);
#18812 = FILL_AREA_STYLE('',(#18813));
#18813 = FILL_AREA_STYLE_COLOUR('',#18495);
#18814 = STYLED_ITEM('color',(#18815),#6199);
#18815 = PRESENTATION_STYLE_ASSIGNMENT((#18816));
#18816 = SURFACE_STYLE_USAGE(.BOTH.,#18817);
#18817 = SURFACE_SIDE_STYLE('',(#18818));
#18818 = SURFACE_STYLE_FILL_AREA(#18819);
#18819 = FILL_AREA_STYLE('',(#18820));
#18820 = FILL_AREA_STYLE_COLOUR('',#18568);
#18821 = STYLED_ITEM('color',(#18822),#6230);
#18822 = PRESENTATION_STYLE_ASSIGNMENT((#18823));
#18823 = SURFACE_STYLE_USAGE(.BOTH.,#18824);
#18824 = SURFACE_SIDE_STYLE('',(#18825));
#18825 = SURFACE_STYLE_FILL_AREA(#18826);
#18826 = FILL_AREA_STYLE('',(#18827));
#18827 = FILL_AREA_STYLE_COLOUR('',#18495);
#18828 = STYLED_ITEM('color',(#18829),#6288);
#18829 = PRESENTATION_STYLE_ASSIGNMENT((#18830));
#18830 = SURFACE_STYLE_USAGE(.BOTH.,#18831);
#18831 = SURFACE_SIDE_STYLE('',(#18832));
#18832 = SURFACE_STYLE_FILL_AREA(#18833);
#18833 = FILL_AREA_STYLE('',(#18834));
#18834 = FILL_AREA_STYLE_COLOUR('',#18495);
#18835 = STYLED_ITEM('color',(#18836),#6305);
#18836 = PRESENTATION_STYLE_ASSIGNMENT((#18837));
#18837 = SURFACE_STYLE_USAGE(.BOTH.,#18838);
#18838 = SURFACE_SIDE_STYLE('',(#18839));
#18839 = SURFACE_STYLE_FILL_AREA(#18840);
#18840 = FILL_AREA_STYLE('',(#18841));
#18841 = FILL_AREA_STYLE_COLOUR('',#18495);
#18842 = STYLED_ITEM('color',(#18843),#6330);
#18843 = PRESENTATION_STYLE_ASSIGNMENT((#18844));
#18844 = SURFACE_STYLE_USAGE(.BOTH.,#18845);
#18845 = SURFACE_SIDE_STYLE('',(#18846));
#18846 = SURFACE_STYLE_FILL_AREA(#18847);
#18847 = FILL_AREA_STYLE('',(#18848));
#18848 = FILL_AREA_STYLE_COLOUR('',#18495);
#18849 = STYLED_ITEM('color',(#18850),#6380);
#18850 = PRESENTATION_STYLE_ASSIGNMENT((#18851));
#18851 = SURFACE_STYLE_USAGE(.BOTH.,#18852);
#18852 = SURFACE_SIDE_STYLE('',(#18853));
#18853 = SURFACE_STYLE_FILL_AREA(#18854);
#18854 = FILL_AREA_STYLE('',(#18855));
#18855 = FILL_AREA_STYLE_COLOUR('',#18568);
#18856 = STYLED_ITEM('color',(#18857),#6411);
#18857 = PRESENTATION_STYLE_ASSIGNMENT((#18858));
#18858 = SURFACE_STYLE_USAGE(.BOTH.,#18859);
#18859 = SURFACE_SIDE_STYLE('',(#18860));
#18860 = SURFACE_STYLE_FILL_AREA(#18861);
#18861 = FILL_AREA_STYLE('',(#18862));
#18862 = FILL_AREA_STYLE_COLOUR('',#18568);
#18863 = STYLED_ITEM('color',(#18864),#6434);
#18864 = PRESENTATION_STYLE_ASSIGNMENT((#18865));
#18865 = SURFACE_STYLE_USAGE(.BOTH.,#18866);
#18866 = SURFACE_SIDE_STYLE('',(#18867));
#18867 = SURFACE_STYLE_FILL_AREA(#18868);
#18868 = FILL_AREA_STYLE('',(#18869));
#18869 = FILL_AREA_STYLE_COLOUR('',#18568);
#18870 = STYLED_ITEM('color',(#18871),#6458);
#18871 = PRESENTATION_STYLE_ASSIGNMENT((#18872));
#18872 = SURFACE_STYLE_USAGE(.BOTH.,#18873);
#18873 = SURFACE_SIDE_STYLE('',(#18874));
#18874 = SURFACE_STYLE_FILL_AREA(#18875);
#18875 = FILL_AREA_STYLE('',(#18876));
#18876 = FILL_AREA_STYLE_COLOUR('',#18495);
#18877 = STYLED_ITEM('color',(#18878),#6516);
#18878 = PRESENTATION_STYLE_ASSIGNMENT((#18879));
#18879 = SURFACE_STYLE_USAGE(.BOTH.,#18880);
#18880 = SURFACE_SIDE_STYLE('',(#18881));
#18881 = SURFACE_STYLE_FILL_AREA(#18882);
#18882 = FILL_AREA_STYLE('',(#18883));
#18883 = FILL_AREA_STYLE_COLOUR('',#18495);
#18884 = STYLED_ITEM('color',(#18885),#6574);
#18885 = PRESENTATION_STYLE_ASSIGNMENT((#18886));
#18886 = SURFACE_STYLE_USAGE(.BOTH.,#18887);
#18887 = SURFACE_SIDE_STYLE('',(#18888));
#18888 = SURFACE_STYLE_FILL_AREA(#18889);
#18889 = FILL_AREA_STYLE('',(#18890));
#18890 = FILL_AREA_STYLE_COLOUR('',#18568);
#18891 = STYLED_ITEM('color',(#18892),#6604);
#18892 = PRESENTATION_STYLE_ASSIGNMENT((#18893));
#18893 = SURFACE_STYLE_USAGE(.BOTH.,#18894);
#18894 = SURFACE_SIDE_STYLE('',(#18895));
#18895 = SURFACE_STYLE_FILL_AREA(#18896);
#18896 = FILL_AREA_STYLE('',(#18897));
#18897 = FILL_AREA_STYLE_COLOUR('',#18495);
#18898 = STYLED_ITEM('color',(#18899),#6662);
#18899 = PRESENTATION_STYLE_ASSIGNMENT((#18900));
#18900 = SURFACE_STYLE_USAGE(.BOTH.,#18901);
#18901 = SURFACE_SIDE_STYLE('',(#18902));
#18902 = SURFACE_STYLE_FILL_AREA(#18903);
#18903 = FILL_AREA_STYLE('',(#18904));
#18904 = FILL_AREA_STYLE_COLOUR('',#18495);
#18905 = STYLED_ITEM('color',(#18906),#6679);
#18906 = PRESENTATION_STYLE_ASSIGNMENT((#18907));
#18907 = SURFACE_STYLE_USAGE(.BOTH.,#18908);
#18908 = SURFACE_SIDE_STYLE('',(#18909));
#18909 = SURFACE_STYLE_FILL_AREA(#18910);
#18910 = FILL_AREA_STYLE('',(#18911));
#18911 = FILL_AREA_STYLE_COLOUR('',#18495);
#18912 = STYLED_ITEM('color',(#18913),#6737);
#18913 = PRESENTATION_STYLE_ASSIGNMENT((#18914));
#18914 = SURFACE_STYLE_USAGE(.BOTH.,#18915);
#18915 = SURFACE_SIDE_STYLE('',(#18916));
#18916 = SURFACE_STYLE_FILL_AREA(#18917);
#18917 = FILL_AREA_STYLE('',(#18918));
#18918 = FILL_AREA_STYLE_COLOUR('',#18495);
#18919 = STYLED_ITEM('color',(#18920),#6754);
#18920 = PRESENTATION_STYLE_ASSIGNMENT((#18921));
#18921 = SURFACE_STYLE_USAGE(.BOTH.,#18922);
#18922 = SURFACE_SIDE_STYLE('',(#18923));
#18923 = SURFACE_STYLE_FILL_AREA(#18924);
#18924 = FILL_AREA_STYLE('',(#18925));
#18925 = FILL_AREA_STYLE_COLOUR('',#18568);
#18926 = STYLED_ITEM('color',(#18927),#6785);
#18927 = PRESENTATION_STYLE_ASSIGNMENT((#18928));
#18928 = SURFACE_STYLE_USAGE(.BOTH.,#18929);
#18929 = SURFACE_SIDE_STYLE('',(#18930));
#18930 = SURFACE_STYLE_FILL_AREA(#18931);
#18931 = FILL_AREA_STYLE('',(#18932));
#18932 = FILL_AREA_STYLE_COLOUR('',#18495);
#18933 = STYLED_ITEM('color',(#18934),#6843);
#18934 = PRESENTATION_STYLE_ASSIGNMENT((#18935));
#18935 = SURFACE_STYLE_USAGE(.BOTH.,#18936);
#18936 = SURFACE_SIDE_STYLE('',(#18937));
#18937 = SURFACE_STYLE_FILL_AREA(#18938);
#18938 = FILL_AREA_STYLE('',(#18939));
#18939 = FILL_AREA_STYLE_COLOUR('',#18495);
#18940 = STYLED_ITEM('color',(#18941),#6901);
#18941 = PRESENTATION_STYLE_ASSIGNMENT((#18942));
#18942 = SURFACE_STYLE_USAGE(.BOTH.,#18943);
#18943 = SURFACE_SIDE_STYLE('',(#18944));
#18944 = SURFACE_STYLE_FILL_AREA(#18945);
#18945 = FILL_AREA_STYLE('',(#18946));
#18946 = FILL_AREA_STYLE_COLOUR('',#18568);
#18947 = STYLED_ITEM('color',(#18948),#6932);
#18948 = PRESENTATION_STYLE_ASSIGNMENT((#18949));
#18949 = SURFACE_STYLE_USAGE(.BOTH.,#18950);
#18950 = SURFACE_SIDE_STYLE('',(#18951));
#18951 = SURFACE_STYLE_FILL_AREA(#18952);
#18952 = FILL_AREA_STYLE('',(#18953));
#18953 = FILL_AREA_STYLE_COLOUR('',#18495);
#18954 = STYLED_ITEM('color',(#18955),#6990);
#18955 = PRESENTATION_STYLE_ASSIGNMENT((#18956));
#18956 = SURFACE_STYLE_USAGE(.BOTH.,#18957);
#18957 = SURFACE_SIDE_STYLE('',(#18958));
#18958 = SURFACE_STYLE_FILL_AREA(#18959);
#18959 = FILL_AREA_STYLE('',(#18960));
#18960 = FILL_AREA_STYLE_COLOUR('',#18495);
#18961 = STYLED_ITEM('color',(#18962),#7007);
#18962 = PRESENTATION_STYLE_ASSIGNMENT((#18963));
#18963 = SURFACE_STYLE_USAGE(.BOTH.,#18964);
#18964 = SURFACE_SIDE_STYLE('',(#18965));
#18965 = SURFACE_STYLE_FILL_AREA(#18966);
#18966 = FILL_AREA_STYLE('',(#18967));
#18967 = FILL_AREA_STYLE_COLOUR('',#18495);
#18968 = STYLED_ITEM('color',(#18969),#7065);
#18969 = PRESENTATION_STYLE_ASSIGNMENT((#18970));
#18970 = SURFACE_STYLE_USAGE(.BOTH.,#18971);
#18971 = SURFACE_SIDE_STYLE('',(#18972));
#18972 = SURFACE_STYLE_FILL_AREA(#18973);
#18973 = FILL_AREA_STYLE('',(#18974));
#18974 = FILL_AREA_STYLE_COLOUR('',#18495);
#18975 = STYLED_ITEM('color',(#18976),#7082);
#18976 = PRESENTATION_STYLE_ASSIGNMENT((#18977));
#18977 = SURFACE_STYLE_USAGE(.BOTH.,#18978);
#18978 = SURFACE_SIDE_STYLE('',(#18979));
#18979 = SURFACE_STYLE_FILL_AREA(#18980);
#18980 = FILL_AREA_STYLE('',(#18981));
#18981 = FILL_AREA_STYLE_COLOUR('',#18568);
#18982 = STYLED_ITEM('color',(#18983),#7113);
#18983 = PRESENTATION_STYLE_ASSIGNMENT((#18984));
#18984 = SURFACE_STYLE_USAGE(.BOTH.,#18985);
#18985 = SURFACE_SIDE_STYLE('',(#18986));
#18986 = SURFACE_STYLE_FILL_AREA(#18987);
#18987 = FILL_AREA_STYLE('',(#18988));
#18988 = FILL_AREA_STYLE_COLOUR('',#18568);
#18989 = STYLED_ITEM('color',(#18990),#7130);
#18990 = PRESENTATION_STYLE_ASSIGNMENT((#18991));
#18991 = SURFACE_STYLE_USAGE(.BOTH.,#18992);
#18992 = SURFACE_SIDE_STYLE('',(#18993));
#18993 = SURFACE_STYLE_FILL_AREA(#18994);
#18994 = FILL_AREA_STYLE('',(#18995));
#18995 = FILL_AREA_STYLE_COLOUR('',#18568);
#18996 = STYLED_ITEM('color',(#18997),#7187);
#18997 = PRESENTATION_STYLE_ASSIGNMENT((#18998));
#18998 = SURFACE_STYLE_USAGE(.BOTH.,#18999);
#18999 = SURFACE_SIDE_STYLE('',(#19000));
#19000 = SURFACE_STYLE_FILL_AREA(#19001);
#19001 = FILL_AREA_STYLE('',(#19002));
#19002 = FILL_AREA_STYLE_COLOUR('',#18495);
#19003 = STYLED_ITEM('color',(#19004),#7206);
#19004 = PRESENTATION_STYLE_ASSIGNMENT((#19005));
#19005 = SURFACE_STYLE_USAGE(.BOTH.,#19006);
#19006 = SURFACE_SIDE_STYLE('',(#19007));
#19007 = SURFACE_STYLE_FILL_AREA(#19008);
#19008 = FILL_AREA_STYLE('',(#19009));
#19009 = FILL_AREA_STYLE_COLOUR('',#18495);
#19010 = STYLED_ITEM('color',(#19011),#7255);
#19011 = PRESENTATION_STYLE_ASSIGNMENT((#19012));
#19012 = SURFACE_STYLE_USAGE(.BOTH.,#19013);
#19013 = SURFACE_SIDE_STYLE('',(#19014));
#19014 = SURFACE_STYLE_FILL_AREA(#19015);
#19015 = FILL_AREA_STYLE('',(#19016));
#19016 = FILL_AREA_STYLE_COLOUR('',#18495);
#19017 = STYLED_ITEM('color',(#19018),#7279);
#19018 = PRESENTATION_STYLE_ASSIGNMENT((#19019));
#19019 = SURFACE_STYLE_USAGE(.BOTH.,#19020);
#19020 = SURFACE_SIDE_STYLE('',(#19021));
#19021 = SURFACE_STYLE_FILL_AREA(#19022);
#19022 = FILL_AREA_STYLE('',(#19023));
#19023 = FILL_AREA_STYLE_COLOUR('',#18495);
#19024 = STYLED_ITEM('color',(#19025),#7326);
#19025 = PRESENTATION_STYLE_ASSIGNMENT((#19026));
#19026 = SURFACE_STYLE_USAGE(.BOTH.,#19027);
#19027 = SURFACE_SIDE_STYLE('',(#19028));
#19028 = SURFACE_STYLE_FILL_AREA(#19029);
#19029 = FILL_AREA_STYLE('',(#19030));
#19030 = FILL_AREA_STYLE_COLOUR('',#18495);
#19031 = STYLED_ITEM('color',(#19032),#7338);
#19032 = PRESENTATION_STYLE_ASSIGNMENT((#19033));
#19033 = SURFACE_STYLE_USAGE(.BOTH.,#19034);
#19034 = SURFACE_SIDE_STYLE('',(#19035));
#19035 = SURFACE_STYLE_FILL_AREA(#19036);
#19036 = FILL_AREA_STYLE('',(#19037));
#19037 = FILL_AREA_STYLE_COLOUR('',#18495);
#19038 = STYLED_ITEM('color',(#19039),#7357);
#19039 = PRESENTATION_STYLE_ASSIGNMENT((#19040));
#19040 = SURFACE_STYLE_USAGE(.BOTH.,#19041);
#19041 = SURFACE_SIDE_STYLE('',(#19042));
#19042 = SURFACE_STYLE_FILL_AREA(#19043);
#19043 = FILL_AREA_STYLE('',(#19044));
#19044 = FILL_AREA_STYLE_COLOUR('',#18495);
#19045 = STYLED_ITEM('color',(#19046),#7374);
#19046 = PRESENTATION_STYLE_ASSIGNMENT((#19047));
#19047 = SURFACE_STYLE_USAGE(.BOTH.,#19048);
#19048 = SURFACE_SIDE_STYLE('',(#19049));
#19049 = SURFACE_STYLE_FILL_AREA(#19050);
#19050 = FILL_AREA_STYLE('',(#19051));
#19051 = FILL_AREA_STYLE_COLOUR('',#18495);
#19052 = STYLED_ITEM('color',(#19053),#7423);
#19053 = PRESENTATION_STYLE_ASSIGNMENT((#19054));
#19054 = SURFACE_STYLE_USAGE(.BOTH.,#19055);
#19055 = SURFACE_SIDE_STYLE('',(#19056));
#19056 = SURFACE_STYLE_FILL_AREA(#19057);
#19057 = FILL_AREA_STYLE('',(#19058));
#19058 = FILL_AREA_STYLE_COLOUR('',#18495);
#19059 = STYLED_ITEM('color',(#19060),#7447);
#19060 = PRESENTATION_STYLE_ASSIGNMENT((#19061));
#19061 = SURFACE_STYLE_USAGE(.BOTH.,#19062);
#19062 = SURFACE_SIDE_STYLE('',(#19063));
#19063 = SURFACE_STYLE_FILL_AREA(#19064);
#19064 = FILL_AREA_STYLE('',(#19065));
#19065 = FILL_AREA_STYLE_COLOUR('',#18495);
#19066 = STYLED_ITEM('color',(#19067),#7489);
#19067 = PRESENTATION_STYLE_ASSIGNMENT((#19068));
#19068 = SURFACE_STYLE_USAGE(.BOTH.,#19069);
#19069 = SURFACE_SIDE_STYLE('',(#19070));
#19070 = SURFACE_STYLE_FILL_AREA(#19071);
#19071 = FILL_AREA_STYLE('',(#19072));
#19072 = FILL_AREA_STYLE_COLOUR('',#18495);
#19073 = STYLED_ITEM('color',(#19074),#7506);
#19074 = PRESENTATION_STYLE_ASSIGNMENT((#19075));
#19075 = SURFACE_STYLE_USAGE(.BOTH.,#19076);
#19076 = SURFACE_SIDE_STYLE('',(#19077));
#19077 = SURFACE_STYLE_FILL_AREA(#19078);
#19078 = FILL_AREA_STYLE('',(#19079));
#19079 = FILL_AREA_STYLE_COLOUR('',#18495);
#19080 = STYLED_ITEM('color',(#19081),#7523);
#19081 = PRESENTATION_STYLE_ASSIGNMENT((#19082));
#19082 = SURFACE_STYLE_USAGE(.BOTH.,#19083);
#19083 = SURFACE_SIDE_STYLE('',(#19084));
#19084 = SURFACE_STYLE_FILL_AREA(#19085);
#19085 = FILL_AREA_STYLE('',(#19086));
#19086 = FILL_AREA_STYLE_COLOUR('',#18495);
#19087 = STYLED_ITEM('color',(#19088),#7542);
#19088 = PRESENTATION_STYLE_ASSIGNMENT((#19089));
#19089 = SURFACE_STYLE_USAGE(.BOTH.,#19090);
#19090 = SURFACE_SIDE_STYLE('',(#19091));
#19091 = SURFACE_STYLE_FILL_AREA(#19092);
#19092 = FILL_AREA_STYLE('',(#19093));
#19093 = FILL_AREA_STYLE_COLOUR('',#18495);
#19094 = STYLED_ITEM('color',(#19095),#7607);
#19095 = PRESENTATION_STYLE_ASSIGNMENT((#19096));
#19096 = SURFACE_STYLE_USAGE(.BOTH.,#19097);
#19097 = SURFACE_SIDE_STYLE('',(#19098));
#19098 = SURFACE_STYLE_FILL_AREA(#19099);
#19099 = FILL_AREA_STYLE('',(#19100));
#19100 = FILL_AREA_STYLE_COLOUR('',#18495);
#19101 = STYLED_ITEM('color',(#19102),#7631);
#19102 = PRESENTATION_STYLE_ASSIGNMENT((#19103));
#19103 = SURFACE_STYLE_USAGE(.BOTH.,#19104);
#19104 = SURFACE_SIDE_STYLE('',(#19105));
#19105 = SURFACE_STYLE_FILL_AREA(#19106);
#19106 = FILL_AREA_STYLE('',(#19107));
#19107 = FILL_AREA_STYLE_COLOUR('',#18495);
#19108 = STYLED_ITEM('color',(#19109),#7694);
#19109 = PRESENTATION_STYLE_ASSIGNMENT((#19110));
#19110 = SURFACE_STYLE_USAGE(.BOTH.,#19111);
#19111 = SURFACE_SIDE_STYLE('',(#19112));
#19112 = SURFACE_STYLE_FILL_AREA(#19113);
#19113 = FILL_AREA_STYLE('',(#19114));
#19114 = FILL_AREA_STYLE_COLOUR('',#18495);
#19115 = STYLED_ITEM('color',(#19116),#7706);
#19116 = PRESENTATION_STYLE_ASSIGNMENT((#19117));
#19117 = SURFACE_STYLE_USAGE(.BOTH.,#19118);
#19118 = SURFACE_SIDE_STYLE('',(#19119));
#19119 = SURFACE_STYLE_FILL_AREA(#19120);
#19120 = FILL_AREA_STYLE('',(#19121));
#19121 = FILL_AREA_STYLE_COLOUR('',#18495);
#19122 = STYLED_ITEM('color',(#19123),#7771);
#19123 = PRESENTATION_STYLE_ASSIGNMENT((#19124));
#19124 = SURFACE_STYLE_USAGE(.BOTH.,#19125);
#19125 = SURFACE_SIDE_STYLE('',(#19126));
#19126 = SURFACE_STYLE_FILL_AREA(#19127);
#19127 = FILL_AREA_STYLE('',(#19128));
#19128 = FILL_AREA_STYLE_COLOUR('',#18495);
#19129 = STYLED_ITEM('color',(#19130),#7795);
#19130 = PRESENTATION_STYLE_ASSIGNMENT((#19131));
#19131 = SURFACE_STYLE_USAGE(.BOTH.,#19132);
#19132 = SURFACE_SIDE_STYLE('',(#19133));
#19133 = SURFACE_STYLE_FILL_AREA(#19134);
#19134 = FILL_AREA_STYLE('',(#19135));
#19135 = FILL_AREA_STYLE_COLOUR('',#18495);
#19136 = STYLED_ITEM('color',(#19137),#7858);
#19137 = PRESENTATION_STYLE_ASSIGNMENT((#19138));
#19138 = SURFACE_STYLE_USAGE(.BOTH.,#19139);
#19139 = SURFACE_SIDE_STYLE('',(#19140));
#19140 = SURFACE_STYLE_FILL_AREA(#19141);
#19141 = FILL_AREA_STYLE('',(#19142));
#19142 = FILL_AREA_STYLE_COLOUR('',#18495);
#19143 = STYLED_ITEM('color',(#19144),#7875);
#19144 = PRESENTATION_STYLE_ASSIGNMENT((#19145));
#19145 = SURFACE_STYLE_USAGE(.BOTH.,#19146);
#19146 = SURFACE_SIDE_STYLE('',(#19147));
#19147 = SURFACE_STYLE_FILL_AREA(#19148);
#19148 = FILL_AREA_STYLE('',(#19149));
#19149 = FILL_AREA_STYLE_COLOUR('',#18495);
#19150 = STYLED_ITEM('color',(#19151),#7889);
#19151 = PRESENTATION_STYLE_ASSIGNMENT((#19152));
#19152 = SURFACE_STYLE_USAGE(.BOTH.,#19153);
#19153 = SURFACE_SIDE_STYLE('',(#19154));
#19154 = SURFACE_STYLE_FILL_AREA(#19155);
#19155 = FILL_AREA_STYLE('',(#19156));
#19156 = FILL_AREA_STYLE_COLOUR('',#18495);
#19157 = STYLED_ITEM('color',(#19158),#7906);
#19158 = PRESENTATION_STYLE_ASSIGNMENT((#19159));
#19159 = SURFACE_STYLE_USAGE(.BOTH.,#19160);
#19160 = SURFACE_SIDE_STYLE('',(#19161));
#19161 = SURFACE_STYLE_FILL_AREA(#19162);
#19162 = FILL_AREA_STYLE('',(#19163));
#19163 = FILL_AREA_STYLE_COLOUR('',#18495);
#19164 = STYLED_ITEM('color',(#19165),#7923);
#19165 = PRESENTATION_STYLE_ASSIGNMENT((#19166));
#19166 = SURFACE_STYLE_USAGE(.BOTH.,#19167);
#19167 = SURFACE_SIDE_STYLE('',(#19168));
#19168 = SURFACE_STYLE_FILL_AREA(#19169);
#19169 = FILL_AREA_STYLE('',(#19170));
#19170 = FILL_AREA_STYLE_COLOUR('',#18568);
#19171 = STYLED_ITEM('color',(#19172),#8272);
#19172 = PRESENTATION_STYLE_ASSIGNMENT((#19173));
#19173 = SURFACE_STYLE_USAGE(.BOTH.,#19174);
#19174 = SURFACE_SIDE_STYLE('',(#19175));
#19175 = SURFACE_STYLE_FILL_AREA(#19176);
#19176 = FILL_AREA_STYLE('',(#19177));
#19177 = FILL_AREA_STYLE_COLOUR('',#18568);
#19178 = STYLED_ITEM('color',(#19179),#8323);
#19179 = PRESENTATION_STYLE_ASSIGNMENT((#19180));
#19180 = SURFACE_STYLE_USAGE(.BOTH.,#19181);
#19181 = SURFACE_SIDE_STYLE('',(#19182));
#19182 = SURFACE_STYLE_FILL_AREA(#19183);
#19183 = FILL_AREA_STYLE('',(#19184));
#19184 = FILL_AREA_STYLE_COLOUR('',#18495);
#19185 = STYLED_ITEM('color',(#19186),#8342);
#19186 = PRESENTATION_STYLE_ASSIGNMENT((#19187));
#19187 = SURFACE_STYLE_USAGE(.BOTH.,#19188);
#19188 = SURFACE_SIDE_STYLE('',(#19189));
#19189 = SURFACE_STYLE_FILL_AREA(#19190);
#19190 = FILL_AREA_STYLE('',(#19191));
#19191 = FILL_AREA_STYLE_COLOUR('',#18495);
#19192 = STYLED_ITEM('color',(#19193),#8391);
#19193 = PRESENTATION_STYLE_ASSIGNMENT((#19194));
#19194 = SURFACE_STYLE_USAGE(.BOTH.,#19195);
#19195 = SURFACE_SIDE_STYLE('',(#19196));
#19196 = SURFACE_STYLE_FILL_AREA(#19197);
#19197 = FILL_AREA_STYLE('',(#19198));
#19198 = FILL_AREA_STYLE_COLOUR('',#18495);
#19199 = STYLED_ITEM('color',(#19200),#8415);
#19200 = PRESENTATION_STYLE_ASSIGNMENT((#19201));
#19201 = SURFACE_STYLE_USAGE(.BOTH.,#19202);
#19202 = SURFACE_SIDE_STYLE('',(#19203));
#19203 = SURFACE_STYLE_FILL_AREA(#19204);
#19204 = FILL_AREA_STYLE('',(#19205));
#19205 = FILL_AREA_STYLE_COLOUR('',#18495);
#19206 = STYLED_ITEM('color',(#19207),#8462);
#19207 = PRESENTATION_STYLE_ASSIGNMENT((#19208));
#19208 = SURFACE_STYLE_USAGE(.BOTH.,#19209);
#19209 = SURFACE_SIDE_STYLE('',(#19210));
#19210 = SURFACE_STYLE_FILL_AREA(#19211);
#19211 = FILL_AREA_STYLE('',(#19212));
#19212 = FILL_AREA_STYLE_COLOUR('',#18495);
#19213 = STYLED_ITEM('color',(#19214),#8474);
#19214 = PRESENTATION_STYLE_ASSIGNMENT((#19215));
#19215 = SURFACE_STYLE_USAGE(.BOTH.,#19216);
#19216 = SURFACE_SIDE_STYLE('',(#19217));
#19217 = SURFACE_STYLE_FILL_AREA(#19218);
#19218 = FILL_AREA_STYLE('',(#19219));
#19219 = FILL_AREA_STYLE_COLOUR('',#18495);
#19220 = STYLED_ITEM('color',(#19221),#8528);
#19221 = PRESENTATION_STYLE_ASSIGNMENT((#19222));
#19222 = SURFACE_STYLE_USAGE(.BOTH.,#19223);
#19223 = SURFACE_SIDE_STYLE('',(#19224));
#19224 = SURFACE_STYLE_FILL_AREA(#19225);
#19225 = FILL_AREA_STYLE('',(#19226));
#19226 = FILL_AREA_STYLE_COLOUR('',#18495);
#19227 = STYLED_ITEM('color',(#19228),#8552);
#19228 = PRESENTATION_STYLE_ASSIGNMENT((#19229));
#19229 = SURFACE_STYLE_USAGE(.BOTH.,#19230);
#19230 = SURFACE_SIDE_STYLE('',(#19231));
#19231 = SURFACE_STYLE_FILL_AREA(#19232);
#19232 = FILL_AREA_STYLE('',(#19233));
#19233 = FILL_AREA_STYLE_COLOUR('',#18495);
#19234 = STYLED_ITEM('color',(#19235),#8594);
#19235 = PRESENTATION_STYLE_ASSIGNMENT((#19236));
#19236 = SURFACE_STYLE_USAGE(.BOTH.,#19237);
#19237 = SURFACE_SIDE_STYLE('',(#19238));
#19238 = SURFACE_STYLE_FILL_AREA(#19239);
#19239 = FILL_AREA_STYLE('',(#19240));
#19240 = FILL_AREA_STYLE_COLOUR('',#18495);
#19241 = STYLED_ITEM('color',(#19242),#8613);
#19242 = PRESENTATION_STYLE_ASSIGNMENT((#19243));
#19243 = SURFACE_STYLE_USAGE(.BOTH.,#19244);
#19244 = SURFACE_SIDE_STYLE('',(#19245));
#19245 = SURFACE_STYLE_FILL_AREA(#19246);
#19246 = FILL_AREA_STYLE('',(#19247));
#19247 = FILL_AREA_STYLE_COLOUR('',#18495);
#19248 = STYLED_ITEM('color',(#19249),#8625);
#19249 = PRESENTATION_STYLE_ASSIGNMENT((#19250));
#19250 = SURFACE_STYLE_USAGE(.BOTH.,#19251);
#19251 = SURFACE_SIDE_STYLE('',(#19252));
#19252 = SURFACE_STYLE_FILL_AREA(#19253);
#19253 = FILL_AREA_STYLE('',(#19254));
#19254 = FILL_AREA_STYLE_COLOUR('',#18495);
#19255 = STYLED_ITEM('color',(#19256),#8642);
#19256 = PRESENTATION_STYLE_ASSIGNMENT((#19257));
#19257 = SURFACE_STYLE_USAGE(.BOTH.,#19258);
#19258 = SURFACE_SIDE_STYLE('',(#19259));
#19259 = SURFACE_STYLE_FILL_AREA(#19260);
#19260 = FILL_AREA_STYLE('',(#19261));
#19261 = FILL_AREA_STYLE_COLOUR('',#18495);
#19262 = STYLED_ITEM('color',(#19263),#8659);
#19263 = PRESENTATION_STYLE_ASSIGNMENT((#19264));
#19264 = SURFACE_STYLE_USAGE(.BOTH.,#19265);
#19265 = SURFACE_SIDE_STYLE('',(#19266));
#19266 = SURFACE_STYLE_FILL_AREA(#19267);
#19267 = FILL_AREA_STYLE('',(#19268));
#19268 = FILL_AREA_STYLE_COLOUR('',#18495);
#19269 = STYLED_ITEM('color',(#19270),#8678);
#19270 = PRESENTATION_STYLE_ASSIGNMENT((#19271));
#19271 = SURFACE_STYLE_USAGE(.BOTH.,#19272);
#19272 = SURFACE_SIDE_STYLE('',(#19273));
#19273 = SURFACE_STYLE_FILL_AREA(#19274);
#19274 = FILL_AREA_STYLE('',(#19275));
#19275 = FILL_AREA_STYLE_COLOUR('',#18495);
#19276 = STYLED_ITEM('color',(#19277),#8695);
#19277 = PRESENTATION_STYLE_ASSIGNMENT((#19278));
#19278 = SURFACE_STYLE_USAGE(.BOTH.,#19279);
#19279 = SURFACE_SIDE_STYLE('',(#19280));
#19280 = SURFACE_STYLE_FILL_AREA(#19281);
#19281 = FILL_AREA_STYLE('',(#19282));
#19282 = FILL_AREA_STYLE_COLOUR('',#18495);
#19283 = STYLED_ITEM('color',(#19284),#8760);
#19284 = PRESENTATION_STYLE_ASSIGNMENT((#19285));
#19285 = SURFACE_STYLE_USAGE(.BOTH.,#19286);
#19286 = SURFACE_SIDE_STYLE('',(#19287));
#19287 = SURFACE_STYLE_FILL_AREA(#19288);
#19288 = FILL_AREA_STYLE('',(#19289));
#19289 = FILL_AREA_STYLE_COLOUR('',#18495);
#19290 = STYLED_ITEM('color',(#19291),#8784);
#19291 = PRESENTATION_STYLE_ASSIGNMENT((#19292));
#19292 = SURFACE_STYLE_USAGE(.BOTH.,#19293);
#19293 = SURFACE_SIDE_STYLE('',(#19294));
#19294 = SURFACE_STYLE_FILL_AREA(#19295);
#19295 = FILL_AREA_STYLE('',(#19296));
#19296 = FILL_AREA_STYLE_COLOUR('',#18495);
#19297 = STYLED_ITEM('color',(#19298),#8842);
#19298 = PRESENTATION_STYLE_ASSIGNMENT((#19299));
#19299 = SURFACE_STYLE_USAGE(.BOTH.,#19300);
#19300 = SURFACE_SIDE_STYLE('',(#19301));
#19301 = SURFACE_STYLE_FILL_AREA(#19302);
#19302 = FILL_AREA_STYLE('',(#19303));
#19303 = FILL_AREA_STYLE_COLOUR('',#18495);
#19304 = STYLED_ITEM('color',(#19305),#8864);
#19305 = PRESENTATION_STYLE_ASSIGNMENT((#19306));
#19306 = SURFACE_STYLE_USAGE(.BOTH.,#19307);
#19307 = SURFACE_SIDE_STYLE('',(#19308));
#19308 = SURFACE_STYLE_FILL_AREA(#19309);
#19309 = FILL_AREA_STYLE('',(#19310));
#19310 = FILL_AREA_STYLE_COLOUR('',#18495);
#19311 = STYLED_ITEM('color',(#19312),#8929);
#19312 = PRESENTATION_STYLE_ASSIGNMENT((#19313));
#19313 = SURFACE_STYLE_USAGE(.BOTH.,#19314);
#19314 = SURFACE_SIDE_STYLE('',(#19315));
#19315 = SURFACE_STYLE_FILL_AREA(#19316);
#19316 = FILL_AREA_STYLE('',(#19317));
#19317 = FILL_AREA_STYLE_COLOUR('',#18495);
#19318 = STYLED_ITEM('color',(#19319),#8953);
#19319 = PRESENTATION_STYLE_ASSIGNMENT((#19320));
#19320 = SURFACE_STYLE_USAGE(.BOTH.,#19321);
#19321 = SURFACE_SIDE_STYLE('',(#19322));
#19322 = SURFACE_STYLE_FILL_AREA(#19323);
#19323 = FILL_AREA_STYLE('',(#19324));
#19324 = FILL_AREA_STYLE_COLOUR('',#18495);
#19325 = STYLED_ITEM('color',(#19326),#9011);
#19326 = PRESENTATION_STYLE_ASSIGNMENT((#19327));
#19327 = SURFACE_STYLE_USAGE(.BOTH.,#19328);
#19328 = SURFACE_SIDE_STYLE('',(#19329));
#19329 = SURFACE_STYLE_FILL_AREA(#19330);
#19330 = FILL_AREA_STYLE('',(#19331));
#19331 = FILL_AREA_STYLE_COLOUR('',#18495);
#19332 = STYLED_ITEM('color',(#19333),#9025);
#19333 = PRESENTATION_STYLE_ASSIGNMENT((#19334));
#19334 = SURFACE_STYLE_USAGE(.BOTH.,#19335);
#19335 = SURFACE_SIDE_STYLE('',(#19336));
#19336 = SURFACE_STYLE_FILL_AREA(#19337);
#19337 = FILL_AREA_STYLE('',(#19338));
#19338 = FILL_AREA_STYLE_COLOUR('',#18495);
#19339 = STYLED_ITEM('color',(#19340),#9042);
#19340 = PRESENTATION_STYLE_ASSIGNMENT((#19341));
#19341 = SURFACE_STYLE_USAGE(.BOTH.,#19342);
#19342 = SURFACE_SIDE_STYLE('',(#19343));
#19343 = SURFACE_STYLE_FILL_AREA(#19344);
#19344 = FILL_AREA_STYLE('',(#19345));
#19345 = FILL_AREA_STYLE_COLOUR('',#18495);
#19346 = STYLED_ITEM('color',(#19347),#9059);
#19347 = PRESENTATION_STYLE_ASSIGNMENT((#19348));
#19348 = SURFACE_STYLE_USAGE(.BOTH.,#19349);
#19349 = SURFACE_SIDE_STYLE('',(#19350));
#19350 = SURFACE_STYLE_FILL_AREA(#19351);
#19351 = FILL_AREA_STYLE('',(#19352));
#19352 = FILL_AREA_STYLE_COLOUR('',#18568);
#19353 = STYLED_ITEM('color',(#19354),#9076);
#19354 = PRESENTATION_STYLE_ASSIGNMENT((#19355));
#19355 = SURFACE_STYLE_USAGE(.BOTH.,#19356);
#19356 = SURFACE_SIDE_STYLE('',(#19357));
#19357 = SURFACE_STYLE_FILL_AREA(#19358);
#19358 = FILL_AREA_STYLE('',(#19359));
#19359 = FILL_AREA_STYLE_COLOUR('',#18568);
#19360 = STYLED_ITEM('color',(#19361),#9105);
#19361 = PRESENTATION_STYLE_ASSIGNMENT((#19362));
#19362 = SURFACE_STYLE_USAGE(.BOTH.,#19363);
#19363 = SURFACE_SIDE_STYLE('',(#19364));
#19364 = SURFACE_STYLE_FILL_AREA(#19365);
#19365 = FILL_AREA_STYLE('',(#19366));
#19366 = FILL_AREA_STYLE_COLOUR('',#18495);
#19367 = STYLED_ITEM('color',(#19368),#9122);
#19368 = PRESENTATION_STYLE_ASSIGNMENT((#19369));
#19369 = SURFACE_STYLE_USAGE(.BOTH.,#19370);
#19370 = SURFACE_SIDE_STYLE('',(#19371));
#19371 = SURFACE_STYLE_FILL_AREA(#19372);
#19372 = FILL_AREA_STYLE('',(#19373));
#19373 = FILL_AREA_STYLE_COLOUR('',#18495);
#19374 = STYLED_ITEM('color',(#19375),#9139);
#19375 = PRESENTATION_STYLE_ASSIGNMENT((#19376));
#19376 = SURFACE_STYLE_USAGE(.BOTH.,#19377);
#19377 = SURFACE_SIDE_STYLE('',(#19378));
#19378 = SURFACE_STYLE_FILL_AREA(#19379);
#19379 = FILL_AREA_STYLE('',(#19380));
#19380 = FILL_AREA_STYLE_COLOUR('',#18495);
#19381 = STYLED_ITEM('color',(#19382),#9151);
#19382 = PRESENTATION_STYLE_ASSIGNMENT((#19383));
#19383 = SURFACE_STYLE_USAGE(.BOTH.,#19384);
#19384 = SURFACE_SIDE_STYLE('',(#19385));
#19385 = SURFACE_STYLE_FILL_AREA(#19386);
#19386 = FILL_AREA_STYLE('',(#19387));
#19387 = FILL_AREA_STYLE_COLOUR('',#18495);
#19388 = STYLED_ITEM('color',(#19389),#9168);
#19389 = PRESENTATION_STYLE_ASSIGNMENT((#19390));
#19390 = SURFACE_STYLE_USAGE(.BOTH.,#19391);
#19391 = SURFACE_SIDE_STYLE('',(#19392));
#19392 = SURFACE_STYLE_FILL_AREA(#19393);
#19393 = FILL_AREA_STYLE('',(#19394));
#19394 = FILL_AREA_STYLE_COLOUR('',#18495);
#19395 = STYLED_ITEM('color',(#19396),#9185);
#19396 = PRESENTATION_STYLE_ASSIGNMENT((#19397));
#19397 = SURFACE_STYLE_USAGE(.BOTH.,#19398);
#19398 = SURFACE_SIDE_STYLE('',(#19399));
#19399 = SURFACE_STYLE_FILL_AREA(#19400);
#19400 = FILL_AREA_STYLE('',(#19401));
#19401 = FILL_AREA_STYLE_COLOUR('',#18495);
#19402 = STYLED_ITEM('color',(#19403),#9197);
#19403 = PRESENTATION_STYLE_ASSIGNMENT((#19404));
#19404 = SURFACE_STYLE_USAGE(.BOTH.,#19405);
#19405 = SURFACE_SIDE_STYLE('',(#19406));
#19406 = SURFACE_STYLE_FILL_AREA(#19407);
#19407 = FILL_AREA_STYLE('',(#19408));
#19408 = FILL_AREA_STYLE_COLOUR('',#18495);
#19409 = STYLED_ITEM('color',(#19410),#9214);
#19410 = PRESENTATION_STYLE_ASSIGNMENT((#19411));
#19411 = SURFACE_STYLE_USAGE(.BOTH.,#19412);
#19412 = SURFACE_SIDE_STYLE('',(#19413));
#19413 = SURFACE_STYLE_FILL_AREA(#19414);
#19414 = FILL_AREA_STYLE('',(#19415));
#19415 = FILL_AREA_STYLE_COLOUR('',#18495);
#19416 = STYLED_ITEM('color',(#19417),#9231);
#19417 = PRESENTATION_STYLE_ASSIGNMENT((#19418));
#19418 = SURFACE_STYLE_USAGE(.BOTH.,#19419);
#19419 = SURFACE_SIDE_STYLE('',(#19420));
#19420 = SURFACE_STYLE_FILL_AREA(#19421);
#19421 = FILL_AREA_STYLE('',(#19422));
#19422 = FILL_AREA_STYLE_COLOUR('',#18495);
#19423 = STYLED_ITEM('color',(#19424),#9248);
#19424 = PRESENTATION_STYLE_ASSIGNMENT((#19425));
#19425 = SURFACE_STYLE_USAGE(.BOTH.,#19426);
#19426 = SURFACE_SIDE_STYLE('',(#19427));
#19427 = SURFACE_STYLE_FILL_AREA(#19428);
#19428 = FILL_AREA_STYLE('',(#19429));
#19429 = FILL_AREA_STYLE_COLOUR('',#18495);
#19430 = STYLED_ITEM('color',(#19431),#9265);
#19431 = PRESENTATION_STYLE_ASSIGNMENT((#19432));
#19432 = SURFACE_STYLE_USAGE(.BOTH.,#19433);
#19433 = SURFACE_SIDE_STYLE('',(#19434));
#19434 = SURFACE_STYLE_FILL_AREA(#19435);
#19435 = FILL_AREA_STYLE('',(#19436));
#19436 = FILL_AREA_STYLE_COLOUR('',#18495);
#19437 = STYLED_ITEM('color',(#19438),#9277);
#19438 = PRESENTATION_STYLE_ASSIGNMENT((#19439));
#19439 = SURFACE_STYLE_USAGE(.BOTH.,#19440);
#19440 = SURFACE_SIDE_STYLE('',(#19441));
#19441 = SURFACE_STYLE_FILL_AREA(#19442);
#19442 = FILL_AREA_STYLE('',(#19443));
#19443 = FILL_AREA_STYLE_COLOUR('',#18495);
#19444 = STYLED_ITEM('color',(#19445),#9294);
#19445 = PRESENTATION_STYLE_ASSIGNMENT((#19446));
#19446 = SURFACE_STYLE_USAGE(.BOTH.,#19447);
#19447 = SURFACE_SIDE_STYLE('',(#19448));
#19448 = SURFACE_STYLE_FILL_AREA(#19449);
#19449 = FILL_AREA_STYLE('',(#19450));
#19450 = FILL_AREA_STYLE_COLOUR('',#18495);
#19451 = STYLED_ITEM('color',(#19452),#9311);
#19452 = PRESENTATION_STYLE_ASSIGNMENT((#19453));
#19453 = SURFACE_STYLE_USAGE(.BOTH.,#19454);
#19454 = SURFACE_SIDE_STYLE('',(#19455));
#19455 = SURFACE_STYLE_FILL_AREA(#19456);
#19456 = FILL_AREA_STYLE('',(#19457));
#19457 = FILL_AREA_STYLE_COLOUR('',#18495);
#19458 = STYLED_ITEM('color',(#19459),#9328);
#19459 = PRESENTATION_STYLE_ASSIGNMENT((#19460));
#19460 = SURFACE_STYLE_USAGE(.BOTH.,#19461);
#19461 = SURFACE_SIDE_STYLE('',(#19462));
#19462 = SURFACE_STYLE_FILL_AREA(#19463);
#19463 = FILL_AREA_STYLE('',(#19464));
#19464 = FILL_AREA_STYLE_COLOUR('',#18495);
#19465 = STYLED_ITEM('color',(#19466),#9345);
#19466 = PRESENTATION_STYLE_ASSIGNMENT((#19467));
#19467 = SURFACE_STYLE_USAGE(.BOTH.,#19468);
#19468 = SURFACE_SIDE_STYLE('',(#19469));
#19469 = SURFACE_STYLE_FILL_AREA(#19470);
#19470 = FILL_AREA_STYLE('',(#19471));
#19471 = FILL_AREA_STYLE_COLOUR('',#18495);
#19472 = STYLED_ITEM('color',(#19473),#9357);
#19473 = PRESENTATION_STYLE_ASSIGNMENT((#19474));
#19474 = SURFACE_STYLE_USAGE(.BOTH.,#19475);
#19475 = SURFACE_SIDE_STYLE('',(#19476));
#19476 = SURFACE_STYLE_FILL_AREA(#19477);
#19477 = FILL_AREA_STYLE('',(#19478));
#19478 = FILL_AREA_STYLE_COLOUR('',#18568);
#19479 = STYLED_ITEM('color',(#19480),#9385);
#19480 = PRESENTATION_STYLE_ASSIGNMENT((#19481));
#19481 = SURFACE_STYLE_USAGE(.BOTH.,#19482);
#19482 = SURFACE_SIDE_STYLE('',(#19483));
#19483 = SURFACE_STYLE_FILL_AREA(#19484);
#19484 = FILL_AREA_STYLE('',(#19485));
#19485 = FILL_AREA_STYLE_COLOUR('',#18568);
#19486 = STYLED_ITEM('color',(#19487),#9396);
#19487 = PRESENTATION_STYLE_ASSIGNMENT((#19488));
#19488 = SURFACE_STYLE_USAGE(.BOTH.,#19489);
#19489 = SURFACE_SIDE_STYLE('',(#19490));
#19490 = SURFACE_STYLE_FILL_AREA(#19491);
#19491 = FILL_AREA_STYLE('',(#19492));
#19492 = FILL_AREA_STYLE_COLOUR('',#18495);
#19493 = STYLED_ITEM('color',(#19494),#9413);
#19494 = PRESENTATION_STYLE_ASSIGNMENT((#19495));
#19495 = SURFACE_STYLE_USAGE(.BOTH.,#19496);
#19496 = SURFACE_SIDE_STYLE('',(#19497));
#19497 = SURFACE_STYLE_FILL_AREA(#19498);
#19498 = FILL_AREA_STYLE('',(#19499));
#19499 = FILL_AREA_STYLE_COLOUR('',#18495);
#19500 = STYLED_ITEM('color',(#19501),#9430);
#19501 = PRESENTATION_STYLE_ASSIGNMENT((#19502));
#19502 = SURFACE_STYLE_USAGE(.BOTH.,#19503);
#19503 = SURFACE_SIDE_STYLE('',(#19504));
#19504 = SURFACE_STYLE_FILL_AREA(#19505);
#19505 = FILL_AREA_STYLE('',(#19506));
#19506 = FILL_AREA_STYLE_COLOUR('',#18495);
#19507 = STYLED_ITEM('color',(#19508),#9442);
#19508 = PRESENTATION_STYLE_ASSIGNMENT((#19509));
#19509 = SURFACE_STYLE_USAGE(.BOTH.,#19510);
#19510 = SURFACE_SIDE_STYLE('',(#19511));
#19511 = SURFACE_STYLE_FILL_AREA(#19512);
#19512 = FILL_AREA_STYLE('',(#19513));
#19513 = FILL_AREA_STYLE_COLOUR('',#18495);
#19514 = STYLED_ITEM('color',(#19515),#9459);
#19515 = PRESENTATION_STYLE_ASSIGNMENT((#19516));
#19516 = SURFACE_STYLE_USAGE(.BOTH.,#19517);
#19517 = SURFACE_SIDE_STYLE('',(#19518));
#19518 = SURFACE_STYLE_FILL_AREA(#19519);
#19519 = FILL_AREA_STYLE('',(#19520));
#19520 = FILL_AREA_STYLE_COLOUR('',#18495);
#19521 = STYLED_ITEM('color',(#19522),#9476);
#19522 = PRESENTATION_STYLE_ASSIGNMENT((#19523));
#19523 = SURFACE_STYLE_USAGE(.BOTH.,#19524);
#19524 = SURFACE_SIDE_STYLE('',(#19525));
#19525 = SURFACE_STYLE_FILL_AREA(#19526);
#19526 = FILL_AREA_STYLE('',(#19527));
#19527 = FILL_AREA_STYLE_COLOUR('',#18495);
#19528 = STYLED_ITEM('color',(#19529),#9488);
#19529 = PRESENTATION_STYLE_ASSIGNMENT((#19530));
#19530 = SURFACE_STYLE_USAGE(.BOTH.,#19531);
#19531 = SURFACE_SIDE_STYLE('',(#19532));
#19532 = SURFACE_STYLE_FILL_AREA(#19533);
#19533 = FILL_AREA_STYLE('',(#19534));
#19534 = FILL_AREA_STYLE_COLOUR('',#18495);
#19535 = STYLED_ITEM('color',(#19536),#9505);
#19536 = PRESENTATION_STYLE_ASSIGNMENT((#19537));
#19537 = SURFACE_STYLE_USAGE(.BOTH.,#19538);
#19538 = SURFACE_SIDE_STYLE('',(#19539));
#19539 = SURFACE_STYLE_FILL_AREA(#19540);
#19540 = FILL_AREA_STYLE('',(#19541));
#19541 = FILL_AREA_STYLE_COLOUR('',#18495);
#19542 = STYLED_ITEM('color',(#19543),#9522);
#19543 = PRESENTATION_STYLE_ASSIGNMENT((#19544));
#19544 = SURFACE_STYLE_USAGE(.BOTH.,#19545);
#19545 = SURFACE_SIDE_STYLE('',(#19546));
#19546 = SURFACE_STYLE_FILL_AREA(#19547);
#19547 = FILL_AREA_STYLE('',(#19548));
#19548 = FILL_AREA_STYLE_COLOUR('',#18495);
#19549 = STYLED_ITEM('color',(#19550),#9539);
#19550 = PRESENTATION_STYLE_ASSIGNMENT((#19551));
#19551 = SURFACE_STYLE_USAGE(.BOTH.,#19552);
#19552 = SURFACE_SIDE_STYLE('',(#19553));
#19553 = SURFACE_STYLE_FILL_AREA(#19554);
#19554 = FILL_AREA_STYLE('',(#19555));
#19555 = FILL_AREA_STYLE_COLOUR('',#18495);
#19556 = STYLED_ITEM('color',(#19557),#9556);
#19557 = PRESENTATION_STYLE_ASSIGNMENT((#19558));
#19558 = SURFACE_STYLE_USAGE(.BOTH.,#19559);
#19559 = SURFACE_SIDE_STYLE('',(#19560));
#19560 = SURFACE_STYLE_FILL_AREA(#19561);
#19561 = FILL_AREA_STYLE('',(#19562));
#19562 = FILL_AREA_STYLE_COLOUR('',#18495);
#19563 = STYLED_ITEM('color',(#19564),#9568);
#19564 = PRESENTATION_STYLE_ASSIGNMENT((#19565));
#19565 = SURFACE_STYLE_USAGE(.BOTH.,#19566);
#19566 = SURFACE_SIDE_STYLE('',(#19567));
#19567 = SURFACE_STYLE_FILL_AREA(#19568);
#19568 = FILL_AREA_STYLE('',(#19569));
#19569 = FILL_AREA_STYLE_COLOUR('',#18495);
#19570 = STYLED_ITEM('color',(#19571),#9585);
#19571 = PRESENTATION_STYLE_ASSIGNMENT((#19572));
#19572 = SURFACE_STYLE_USAGE(.BOTH.,#19573);
#19573 = SURFACE_SIDE_STYLE('',(#19574));
#19574 = SURFACE_STYLE_FILL_AREA(#19575);
#19575 = FILL_AREA_STYLE('',(#19576));
#19576 = FILL_AREA_STYLE_COLOUR('',#18495);
#19577 = STYLED_ITEM('color',(#19578),#9602);
#19578 = PRESENTATION_STYLE_ASSIGNMENT((#19579));
#19579 = SURFACE_STYLE_USAGE(.BOTH.,#19580);
#19580 = SURFACE_SIDE_STYLE('',(#19581));
#19581 = SURFACE_STYLE_FILL_AREA(#19582);
#19582 = FILL_AREA_STYLE('',(#19583));
#19583 = FILL_AREA_STYLE_COLOUR('',#18495);
#19584 = STYLED_ITEM('color',(#19585),#9619);
#19585 = PRESENTATION_STYLE_ASSIGNMENT((#19586));
#19586 = SURFACE_STYLE_USAGE(.BOTH.,#19587);
#19587 = SURFACE_SIDE_STYLE('',(#19588));
#19588 = SURFACE_STYLE_FILL_AREA(#19589);
#19589 = FILL_AREA_STYLE('',(#19590));
#19590 = FILL_AREA_STYLE_COLOUR('',#18495);
#19591 = STYLED_ITEM('color',(#19592),#9636);
#19592 = PRESENTATION_STYLE_ASSIGNMENT((#19593));
#19593 = SURFACE_STYLE_USAGE(.BOTH.,#19594);
#19594 = SURFACE_SIDE_STYLE('',(#19595));
#19595 = SURFACE_STYLE_FILL_AREA(#19596);
#19596 = FILL_AREA_STYLE('',(#19597));
#19597 = FILL_AREA_STYLE_COLOUR('',#18495);
#19598 = MECHANICAL_DESIGN_GEOMETRIC_PRESENTATION_REPRESENTATION('',(
    #19599),#18024);
#19599 = STYLED_ITEM('color',(#19600),#16837);
#19600 = PRESENTATION_STYLE_ASSIGNMENT((#19601));
#19601 = SURFACE_STYLE_USAGE(.BOTH.,#19602);
#19602 = SURFACE_SIDE_STYLE('',(#19603));
#19603 = SURFACE_STYLE_FILL_AREA(#19604);
#19604 = FILL_AREA_STYLE('',(#19605));
#19605 = FILL_AREA_STYLE_COLOUR('',#19606);
#19606 = COLOUR_RGB('',0.313304153717,0.484529207832,0.410020903123);
#19607 = MECHANICAL_DESIGN_GEOMETRIC_PRESENTATION_REPRESENTATION('',(
    #19608,#19616,#19623,#19630,#19637,#19644,#19651,#19658,#19665,
    #19672,#19679,#19686,#19693,#19700,#19707,#19714,#19721,#19728,
    #19735,#19742,#19749,#19756,#19763,#19770,#19777,#19784,#19791,
    #19798,#19805,#19812,#19819,#19826,#19833,#19840,#19847,#19854,
    #19861,#19868,#19875,#19882,#19889,#19896,#19903,#19910,#19917,
    #19924,#19931,#19938,#19945,#19952,#19959,#19966,#19973,#19980,
    #19987,#19994,#20002,#20009,#20016,#20023,#20030,#20037,#20044,
    #20051,#20058,#20065,#20072,#20079,#20086,#20093,#20100,#20107,
    #20114,#20121,#20128,#20135,#20142,#20149,#20156,#20163,#20170,
    #20177,#20184,#20191,#20198,#20205,#20212,#20219,#20226,#20233,
    #20240,#20247,#20254,#20261,#20268,#20275,#20282,#20289,#20296,
    #20303,#20310,#20317,#20324,#20331,#20338,#20345,#20352,#20359,
    #20366,#20373,#20380,#20387,#20394,#20401,#20408,#20415,#20422),
  #3605);
#19608 = STYLED_ITEM('color',(#19609),#86);
#19609 = PRESENTATION_STYLE_ASSIGNMENT((#19610));
#19610 = SURFACE_STYLE_USAGE(.BOTH.,#19611);
#19611 = SURFACE_SIDE_STYLE('',(#19612));
#19612 = SURFACE_STYLE_FILL_AREA(#19613);
#19613 = FILL_AREA_STYLE('',(#19614));
#19614 = FILL_AREA_STYLE_COLOUR('',#19615);
#19615 = COLOUR_RGB('',0.894117649055,0.890196087049,0.811764731185);
#19616 = STYLED_ITEM('color',(#19617),#158);
#19617 = PRESENTATION_STYLE_ASSIGNMENT((#19618));
#19618 = SURFACE_STYLE_USAGE(.BOTH.,#19619);
#19619 = SURFACE_SIDE_STYLE('',(#19620));
#19620 = SURFACE_STYLE_FILL_AREA(#19621);
#19621 = FILL_AREA_STYLE('',(#19622));
#19622 = FILL_AREA_STYLE_COLOUR('',#19615);
#19623 = STYLED_ITEM('color',(#19624),#197);
#19624 = PRESENTATION_STYLE_ASSIGNMENT((#19625));
#19625 = SURFACE_STYLE_USAGE(.BOTH.,#19626);
#19626 = SURFACE_SIDE_STYLE('',(#19627));
#19627 = SURFACE_STYLE_FILL_AREA(#19628);
#19628 = FILL_AREA_STYLE('',(#19629));
#19629 = FILL_AREA_STYLE_COLOUR('',#19615);
#19630 = STYLED_ITEM('color',(#19631),#221);
#19631 = PRESENTATION_STYLE_ASSIGNMENT((#19632));
#19632 = SURFACE_STYLE_USAGE(.BOTH.,#19633);
#19633 = SURFACE_SIDE_STYLE('',(#19634));
#19634 = SURFACE_STYLE_FILL_AREA(#19635);
#19635 = FILL_AREA_STYLE('',(#19636));
#19636 = FILL_AREA_STYLE_COLOUR('',#19615);
#19637 = STYLED_ITEM('color',(#19638),#286);
#19638 = PRESENTATION_STYLE_ASSIGNMENT((#19639));
#19639 = SURFACE_STYLE_USAGE(.BOTH.,#19640);
#19640 = SURFACE_SIDE_STYLE('',(#19641));
#19641 = SURFACE_STYLE_FILL_AREA(#19642);
#19642 = FILL_AREA_STYLE('',(#19643));
#19643 = FILL_AREA_STYLE_COLOUR('',#19615);
#19644 = STYLED_ITEM('color',(#19645),#310);
#19645 = PRESENTATION_STYLE_ASSIGNMENT((#19646));
#19646 = SURFACE_STYLE_USAGE(.BOTH.,#19647);
#19647 = SURFACE_SIDE_STYLE('',(#19648));
#19648 = SURFACE_STYLE_FILL_AREA(#19649);
#19649 = FILL_AREA_STYLE('',(#19650));
#19650 = FILL_AREA_STYLE_COLOUR('',#19615);
#19651 = STYLED_ITEM('color',(#19652),#430);
#19652 = PRESENTATION_STYLE_ASSIGNMENT((#19653));
#19653 = SURFACE_STYLE_USAGE(.BOTH.,#19654);
#19654 = SURFACE_SIDE_STYLE('',(#19655));
#19655 = SURFACE_STYLE_FILL_AREA(#19656);
#19656 = FILL_AREA_STYLE('',(#19657));
#19657 = FILL_AREA_STYLE_COLOUR('',#19615);
#19658 = STYLED_ITEM('color',(#19659),#454);
#19659 = PRESENTATION_STYLE_ASSIGNMENT((#19660));
#19660 = SURFACE_STYLE_USAGE(.BOTH.,#19661);
#19661 = SURFACE_SIDE_STYLE('',(#19662));
#19662 = SURFACE_STYLE_FILL_AREA(#19663);
#19663 = FILL_AREA_STYLE('',(#19664));
#19664 = FILL_AREA_STYLE_COLOUR('',#19615);
#19665 = STYLED_ITEM('color',(#19666),#519);
#19666 = PRESENTATION_STYLE_ASSIGNMENT((#19667));
#19667 = SURFACE_STYLE_USAGE(.BOTH.,#19668);
#19668 = SURFACE_SIDE_STYLE('',(#19669));
#19669 = SURFACE_STYLE_FILL_AREA(#19670);
#19670 = FILL_AREA_STYLE('',(#19671));
#19671 = FILL_AREA_STYLE_COLOUR('',#19615);
#19672 = STYLED_ITEM('color',(#19673),#544);
#19673 = PRESENTATION_STYLE_ASSIGNMENT((#19674));
#19674 = SURFACE_STYLE_USAGE(.BOTH.,#19675);
#19675 = SURFACE_SIDE_STYLE('',(#19676));
#19676 = SURFACE_STYLE_FILL_AREA(#19677);
#19677 = FILL_AREA_STYLE('',(#19678));
#19678 = FILL_AREA_STYLE_COLOUR('',#19615);
#19679 = STYLED_ITEM('color',(#19680),#593);
#19680 = PRESENTATION_STYLE_ASSIGNMENT((#19681));
#19681 = SURFACE_STYLE_USAGE(.BOTH.,#19682);
#19682 = SURFACE_SIDE_STYLE('',(#19683));
#19683 = SURFACE_STYLE_FILL_AREA(#19684);
#19684 = FILL_AREA_STYLE('',(#19685));
#19685 = FILL_AREA_STYLE_COLOUR('',#19615);
#19686 = STYLED_ITEM('color',(#19687),#610);
#19687 = PRESENTATION_STYLE_ASSIGNMENT((#19688));
#19688 = SURFACE_STYLE_USAGE(.BOTH.,#19689);
#19689 = SURFACE_SIDE_STYLE('',(#19690));
#19690 = SURFACE_STYLE_FILL_AREA(#19691);
#19691 = FILL_AREA_STYLE('',(#19692));
#19692 = FILL_AREA_STYLE_COLOUR('',#19615);
#19693 = STYLED_ITEM('color',(#19694),#634);
#19694 = PRESENTATION_STYLE_ASSIGNMENT((#19695));
#19695 = SURFACE_STYLE_USAGE(.BOTH.,#19696);
#19696 = SURFACE_SIDE_STYLE('',(#19697));
#19697 = SURFACE_STYLE_FILL_AREA(#19698);
#19698 = FILL_AREA_STYLE('',(#19699));
#19699 = FILL_AREA_STYLE_COLOUR('',#19615);
#19700 = STYLED_ITEM('color',(#19701),#651);
#19701 = PRESENTATION_STYLE_ASSIGNMENT((#19702));
#19702 = SURFACE_STYLE_USAGE(.BOTH.,#19703);
#19703 = SURFACE_SIDE_STYLE('',(#19704));
#19704 = SURFACE_STYLE_FILL_AREA(#19705);
#19705 = FILL_AREA_STYLE('',(#19706));
#19706 = FILL_AREA_STYLE_COLOUR('',#19615);
#19707 = STYLED_ITEM('color',(#19708),#821);
#19708 = PRESENTATION_STYLE_ASSIGNMENT((#19709));
#19709 = SURFACE_STYLE_USAGE(.BOTH.,#19710);
#19710 = SURFACE_SIDE_STYLE('',(#19711));
#19711 = SURFACE_STYLE_FILL_AREA(#19712);
#19712 = FILL_AREA_STYLE('',(#19713));
#19713 = FILL_AREA_STYLE_COLOUR('',#19615);
#19714 = STYLED_ITEM('color',(#19715),#845);
#19715 = PRESENTATION_STYLE_ASSIGNMENT((#19716));
#19716 = SURFACE_STYLE_USAGE(.BOTH.,#19717);
#19717 = SURFACE_SIDE_STYLE('',(#19718));
#19718 = SURFACE_STYLE_FILL_AREA(#19719);
#19719 = FILL_AREA_STYLE('',(#19720));
#19720 = FILL_AREA_STYLE_COLOUR('',#19615);
#19721 = STYLED_ITEM('color',(#19722),#1079);
#19722 = PRESENTATION_STYLE_ASSIGNMENT((#19723));
#19723 = SURFACE_STYLE_USAGE(.BOTH.,#19724);
#19724 = SURFACE_SIDE_STYLE('',(#19725));
#19725 = SURFACE_STYLE_FILL_AREA(#19726);
#19726 = FILL_AREA_STYLE('',(#19727));
#19727 = FILL_AREA_STYLE_COLOUR('',#19615);
#19728 = STYLED_ITEM('color',(#19729),#1103);
#19729 = PRESENTATION_STYLE_ASSIGNMENT((#19730));
#19730 = SURFACE_STYLE_USAGE(.BOTH.,#19731);
#19731 = SURFACE_SIDE_STYLE('',(#19732));
#19732 = SURFACE_STYLE_FILL_AREA(#19733);
#19733 = FILL_AREA_STYLE('',(#19734));
#19734 = FILL_AREA_STYLE_COLOUR('',#19615);
#19735 = STYLED_ITEM('color',(#19736),#1136);
#19736 = PRESENTATION_STYLE_ASSIGNMENT((#19737));
#19737 = SURFACE_STYLE_USAGE(.BOTH.,#19738);
#19738 = SURFACE_SIDE_STYLE('',(#19739));
#19739 = SURFACE_STYLE_FILL_AREA(#19740);
#19740 = FILL_AREA_STYLE('',(#19741));
#19741 = FILL_AREA_STYLE_COLOUR('',#19615);
#19742 = STYLED_ITEM('color',(#19743),#1160);
#19743 = PRESENTATION_STYLE_ASSIGNMENT((#19744));
#19744 = SURFACE_STYLE_USAGE(.BOTH.,#19745);
#19745 = SURFACE_SIDE_STYLE('',(#19746));
#19746 = SURFACE_STYLE_FILL_AREA(#19747);
#19747 = FILL_AREA_STYLE('',(#19748));
#19748 = FILL_AREA_STYLE_COLOUR('',#19615);
#19749 = STYLED_ITEM('color',(#19750),#1191);
#19750 = PRESENTATION_STYLE_ASSIGNMENT((#19751));
#19751 = SURFACE_STYLE_USAGE(.BOTH.,#19752);
#19752 = SURFACE_SIDE_STYLE('',(#19753));
#19753 = SURFACE_STYLE_FILL_AREA(#19754);
#19754 = FILL_AREA_STYLE('',(#19755));
#19755 = FILL_AREA_STYLE_COLOUR('',#19615);
#19756 = STYLED_ITEM('color',(#19757),#1208);
#19757 = PRESENTATION_STYLE_ASSIGNMENT((#19758));
#19758 = SURFACE_STYLE_USAGE(.BOTH.,#19759);
#19759 = SURFACE_SIDE_STYLE('',(#19760));
#19760 = SURFACE_STYLE_FILL_AREA(#19761);
#19761 = FILL_AREA_STYLE('',(#19762));
#19762 = FILL_AREA_STYLE_COLOUR('',#19615);
#19763 = STYLED_ITEM('color',(#19764),#1241);
#19764 = PRESENTATION_STYLE_ASSIGNMENT((#19765));
#19765 = SURFACE_STYLE_USAGE(.BOTH.,#19766);
#19766 = SURFACE_SIDE_STYLE('',(#19767));
#19767 = SURFACE_STYLE_FILL_AREA(#19768);
#19768 = FILL_AREA_STYLE('',(#19769));
#19769 = FILL_AREA_STYLE_COLOUR('',#19615);
#19770 = STYLED_ITEM('color',(#19771),#1265);
#19771 = PRESENTATION_STYLE_ASSIGNMENT((#19772));
#19772 = SURFACE_STYLE_USAGE(.BOTH.,#19773);
#19773 = SURFACE_SIDE_STYLE('',(#19774));
#19774 = SURFACE_STYLE_FILL_AREA(#19775);
#19775 = FILL_AREA_STYLE('',(#19776));
#19776 = FILL_AREA_STYLE_COLOUR('',#19615);
#19777 = STYLED_ITEM('color',(#19778),#1296);
#19778 = PRESENTATION_STYLE_ASSIGNMENT((#19779));
#19779 = SURFACE_STYLE_USAGE(.BOTH.,#19780);
#19780 = SURFACE_SIDE_STYLE('',(#19781));
#19781 = SURFACE_STYLE_FILL_AREA(#19782);
#19782 = FILL_AREA_STYLE('',(#19783));
#19783 = FILL_AREA_STYLE_COLOUR('',#19615);
#19784 = STYLED_ITEM('color',(#19785),#1313);
#19785 = PRESENTATION_STYLE_ASSIGNMENT((#19786));
#19786 = SURFACE_STYLE_USAGE(.BOTH.,#19787);
#19787 = SURFACE_SIDE_STYLE('',(#19788));
#19788 = SURFACE_STYLE_FILL_AREA(#19789);
#19789 = FILL_AREA_STYLE('',(#19790));
#19790 = FILL_AREA_STYLE_COLOUR('',#19615);
#19791 = STYLED_ITEM('color',(#19792),#1346);
#19792 = PRESENTATION_STYLE_ASSIGNMENT((#19793));
#19793 = SURFACE_STYLE_USAGE(.BOTH.,#19794);
#19794 = SURFACE_SIDE_STYLE('',(#19795));
#19795 = SURFACE_STYLE_FILL_AREA(#19796);
#19796 = FILL_AREA_STYLE('',(#19797));
#19797 = FILL_AREA_STYLE_COLOUR('',#19615);
#19798 = STYLED_ITEM('color',(#19799),#1370);
#19799 = PRESENTATION_STYLE_ASSIGNMENT((#19800));
#19800 = SURFACE_STYLE_USAGE(.BOTH.,#19801);
#19801 = SURFACE_SIDE_STYLE('',(#19802));
#19802 = SURFACE_STYLE_FILL_AREA(#19803);
#19803 = FILL_AREA_STYLE('',(#19804));
#19804 = FILL_AREA_STYLE_COLOUR('',#19615);
#19805 = STYLED_ITEM('color',(#19806),#1401);
#19806 = PRESENTATION_STYLE_ASSIGNMENT((#19807));
#19807 = SURFACE_STYLE_USAGE(.BOTH.,#19808);
#19808 = SURFACE_SIDE_STYLE('',(#19809));
#19809 = SURFACE_STYLE_FILL_AREA(#19810);
#19810 = FILL_AREA_STYLE('',(#19811));
#19811 = FILL_AREA_STYLE_COLOUR('',#19615);
#19812 = STYLED_ITEM('color',(#19813),#1413);
#19813 = PRESENTATION_STYLE_ASSIGNMENT((#19814));
#19814 = SURFACE_STYLE_USAGE(.BOTH.,#19815);
#19815 = SURFACE_SIDE_STYLE('',(#19816));
#19816 = SURFACE_STYLE_FILL_AREA(#19817);
#19817 = FILL_AREA_STYLE('',(#19818));
#19818 = FILL_AREA_STYLE_COLOUR('',#19615);
#19819 = STYLED_ITEM('color',(#19820),#1446);
#19820 = PRESENTATION_STYLE_ASSIGNMENT((#19821));
#19821 = SURFACE_STYLE_USAGE(.BOTH.,#19822);
#19822 = SURFACE_SIDE_STYLE('',(#19823));
#19823 = SURFACE_STYLE_FILL_AREA(#19824);
#19824 = FILL_AREA_STYLE('',(#19825));
#19825 = FILL_AREA_STYLE_COLOUR('',#19615);
#19826 = STYLED_ITEM('color',(#19827),#1463);
#19827 = PRESENTATION_STYLE_ASSIGNMENT((#19828));
#19828 = SURFACE_STYLE_USAGE(.BOTH.,#19829);
#19829 = SURFACE_SIDE_STYLE('',(#19830));
#19830 = SURFACE_STYLE_FILL_AREA(#19831);
#19831 = FILL_AREA_STYLE('',(#19832));
#19832 = FILL_AREA_STYLE_COLOUR('',#19615);
#19833 = STYLED_ITEM('color',(#19834),#1480);
#19834 = PRESENTATION_STYLE_ASSIGNMENT((#19835));
#19835 = SURFACE_STYLE_USAGE(.BOTH.,#19836);
#19836 = SURFACE_SIDE_STYLE('',(#19837));
#19837 = SURFACE_STYLE_FILL_AREA(#19838);
#19838 = FILL_AREA_STYLE('',(#19839));
#19839 = FILL_AREA_STYLE_COLOUR('',#19615);
#19840 = STYLED_ITEM('color',(#19841),#1492);
#19841 = PRESENTATION_STYLE_ASSIGNMENT((#19842));
#19842 = SURFACE_STYLE_USAGE(.BOTH.,#19843);
#19843 = SURFACE_SIDE_STYLE('',(#19844));
#19844 = SURFACE_STYLE_FILL_AREA(#19845);
#19845 = FILL_AREA_STYLE('',(#19846));
#19846 = FILL_AREA_STYLE_COLOUR('',#19615);
#19847 = STYLED_ITEM('color',(#19848),#1606);
#19848 = PRESENTATION_STYLE_ASSIGNMENT((#19849));
#19849 = SURFACE_STYLE_USAGE(.BOTH.,#19850);
#19850 = SURFACE_SIDE_STYLE('',(#19851));
#19851 = SURFACE_STYLE_FILL_AREA(#19852);
#19852 = FILL_AREA_STYLE('',(#19853));
#19853 = FILL_AREA_STYLE_COLOUR('',#19615);
#19854 = STYLED_ITEM('color',(#19855),#1623);
#19855 = PRESENTATION_STYLE_ASSIGNMENT((#19856));
#19856 = SURFACE_STYLE_USAGE(.BOTH.,#19857);
#19857 = SURFACE_SIDE_STYLE('',(#19858));
#19858 = SURFACE_STYLE_FILL_AREA(#19859);
#19859 = FILL_AREA_STYLE('',(#19860));
#19860 = FILL_AREA_STYLE_COLOUR('',#19615);
#19861 = STYLED_ITEM('color',(#19862),#1640);
#19862 = PRESENTATION_STYLE_ASSIGNMENT((#19863));
#19863 = SURFACE_STYLE_USAGE(.BOTH.,#19864);
#19864 = SURFACE_SIDE_STYLE('',(#19865));
#19865 = SURFACE_STYLE_FILL_AREA(#19866);
#19866 = FILL_AREA_STYLE('',(#19867));
#19867 = FILL_AREA_STYLE_COLOUR('',#19615);
#19868 = STYLED_ITEM('color',(#19869),#1657);
#19869 = PRESENTATION_STYLE_ASSIGNMENT((#19870));
#19870 = SURFACE_STYLE_USAGE(.BOTH.,#19871);
#19871 = SURFACE_SIDE_STYLE('',(#19872));
#19872 = SURFACE_STYLE_FILL_AREA(#19873);
#19873 = FILL_AREA_STYLE('',(#19874));
#19874 = FILL_AREA_STYLE_COLOUR('',#19615);
#19875 = STYLED_ITEM('color',(#19876),#1674);
#19876 = PRESENTATION_STYLE_ASSIGNMENT((#19877));
#19877 = SURFACE_STYLE_USAGE(.BOTH.,#19878);
#19878 = SURFACE_SIDE_STYLE('',(#19879));
#19879 = SURFACE_STYLE_FILL_AREA(#19880);
#19880 = FILL_AREA_STYLE('',(#19881));
#19881 = FILL_AREA_STYLE_COLOUR('',#19615);
#19882 = STYLED_ITEM('color',(#19883),#1691);
#19883 = PRESENTATION_STYLE_ASSIGNMENT((#19884));
#19884 = SURFACE_STYLE_USAGE(.BOTH.,#19885);
#19885 = SURFACE_SIDE_STYLE('',(#19886));
#19886 = SURFACE_STYLE_FILL_AREA(#19887);
#19887 = FILL_AREA_STYLE('',(#19888));
#19888 = FILL_AREA_STYLE_COLOUR('',#19615);
#19889 = STYLED_ITEM('color',(#19890),#1708);
#19890 = PRESENTATION_STYLE_ASSIGNMENT((#19891));
#19891 = SURFACE_STYLE_USAGE(.BOTH.,#19892);
#19892 = SURFACE_SIDE_STYLE('',(#19893));
#19893 = SURFACE_STYLE_FILL_AREA(#19894);
#19894 = FILL_AREA_STYLE('',(#19895));
#19895 = FILL_AREA_STYLE_COLOUR('',#19615);
#19896 = STYLED_ITEM('color',(#19897),#1725);
#19897 = PRESENTATION_STYLE_ASSIGNMENT((#19898));
#19898 = SURFACE_STYLE_USAGE(.BOTH.,#19899);
#19899 = SURFACE_SIDE_STYLE('',(#19900));
#19900 = SURFACE_STYLE_FILL_AREA(#19901);
#19901 = FILL_AREA_STYLE('',(#19902));
#19902 = FILL_AREA_STYLE_COLOUR('',#19615);
#19903 = STYLED_ITEM('color',(#19904),#1742);
#19904 = PRESENTATION_STYLE_ASSIGNMENT((#19905));
#19905 = SURFACE_STYLE_USAGE(.BOTH.,#19906);
#19906 = SURFACE_SIDE_STYLE('',(#19907));
#19907 = SURFACE_STYLE_FILL_AREA(#19908);
#19908 = FILL_AREA_STYLE('',(#19909));
#19909 = FILL_AREA_STYLE_COLOUR('',#19615);
#19910 = STYLED_ITEM('color',(#19911),#1759);
#19911 = PRESENTATION_STYLE_ASSIGNMENT((#19912));
#19912 = SURFACE_STYLE_USAGE(.BOTH.,#19913);
#19913 = SURFACE_SIDE_STYLE('',(#19914));
#19914 = SURFACE_STYLE_FILL_AREA(#19915);
#19915 = FILL_AREA_STYLE('',(#19916));
#19916 = FILL_AREA_STYLE_COLOUR('',#19615);
#19917 = STYLED_ITEM('color',(#19918),#1776);
#19918 = PRESENTATION_STYLE_ASSIGNMENT((#19919));
#19919 = SURFACE_STYLE_USAGE(.BOTH.,#19920);
#19920 = SURFACE_SIDE_STYLE('',(#19921));
#19921 = SURFACE_STYLE_FILL_AREA(#19922);
#19922 = FILL_AREA_STYLE('',(#19923));
#19923 = FILL_AREA_STYLE_COLOUR('',#19615);
#19924 = STYLED_ITEM('color',(#19925),#1793);
#19925 = PRESENTATION_STYLE_ASSIGNMENT((#19926));
#19926 = SURFACE_STYLE_USAGE(.BOTH.,#19927);
#19927 = SURFACE_SIDE_STYLE('',(#19928));
#19928 = SURFACE_STYLE_FILL_AREA(#19929);
#19929 = FILL_AREA_STYLE('',(#19930));
#19930 = FILL_AREA_STYLE_COLOUR('',#19615);
#19931 = STYLED_ITEM('color',(#19932),#1810);
#19932 = PRESENTATION_STYLE_ASSIGNMENT((#19933));
#19933 = SURFACE_STYLE_USAGE(.BOTH.,#19934);
#19934 = SURFACE_SIDE_STYLE('',(#19935));
#19935 = SURFACE_STYLE_FILL_AREA(#19936);
#19936 = FILL_AREA_STYLE('',(#19937));
#19937 = FILL_AREA_STYLE_COLOUR('',#19615);
#19938 = STYLED_ITEM('color',(#19939),#1827);
#19939 = PRESENTATION_STYLE_ASSIGNMENT((#19940));
#19940 = SURFACE_STYLE_USAGE(.BOTH.,#19941);
#19941 = SURFACE_SIDE_STYLE('',(#19942));
#19942 = SURFACE_STYLE_FILL_AREA(#19943);
#19943 = FILL_AREA_STYLE('',(#19944));
#19944 = FILL_AREA_STYLE_COLOUR('',#19615);
#19945 = STYLED_ITEM('color',(#19946),#1844);
#19946 = PRESENTATION_STYLE_ASSIGNMENT((#19947));
#19947 = SURFACE_STYLE_USAGE(.BOTH.,#19948);
#19948 = SURFACE_SIDE_STYLE('',(#19949));
#19949 = SURFACE_STYLE_FILL_AREA(#19950);
#19950 = FILL_AREA_STYLE('',(#19951));
#19951 = FILL_AREA_STYLE_COLOUR('',#19615);
#19952 = STYLED_ITEM('color',(#19953),#1856);
#19953 = PRESENTATION_STYLE_ASSIGNMENT((#19954));
#19954 = SURFACE_STYLE_USAGE(.BOTH.,#19955);
#19955 = SURFACE_SIDE_STYLE('',(#19956));
#19956 = SURFACE_STYLE_FILL_AREA(#19957);
#19957 = FILL_AREA_STYLE('',(#19958));
#19958 = FILL_AREA_STYLE_COLOUR('',#19615);
#19959 = STYLED_ITEM('color',(#19960),#1873);
#19960 = PRESENTATION_STYLE_ASSIGNMENT((#19961));
#19961 = SURFACE_STYLE_USAGE(.BOTH.,#19962);
#19962 = SURFACE_SIDE_STYLE('',(#19963));
#19963 = SURFACE_STYLE_FILL_AREA(#19964);
#19964 = FILL_AREA_STYLE('',(#19965));
#19965 = FILL_AREA_STYLE_COLOUR('',#19615);
#19966 = STYLED_ITEM('color',(#19967),#1890);
#19967 = PRESENTATION_STYLE_ASSIGNMENT((#19968));
#19968 = SURFACE_STYLE_USAGE(.BOTH.,#19969);
#19969 = SURFACE_SIDE_STYLE('',(#19970));
#19970 = SURFACE_STYLE_FILL_AREA(#19971);
#19971 = FILL_AREA_STYLE('',(#19972));
#19972 = FILL_AREA_STYLE_COLOUR('',#19615);
#19973 = STYLED_ITEM('color',(#19974),#1907);
#19974 = PRESENTATION_STYLE_ASSIGNMENT((#19975));
#19975 = SURFACE_STYLE_USAGE(.BOTH.,#19976);
#19976 = SURFACE_SIDE_STYLE('',(#19977));
#19977 = SURFACE_STYLE_FILL_AREA(#19978);
#19978 = FILL_AREA_STYLE('',(#19979));
#19979 = FILL_AREA_STYLE_COLOUR('',#19615);
#19980 = STYLED_ITEM('color',(#19981),#1953);
#19981 = PRESENTATION_STYLE_ASSIGNMENT((#19982));
#19982 = SURFACE_STYLE_USAGE(.BOTH.,#19983);
#19983 = SURFACE_SIDE_STYLE('',(#19984));
#19984 = SURFACE_STYLE_FILL_AREA(#19985);
#19985 = FILL_AREA_STYLE('',(#19986));
#19986 = FILL_AREA_STYLE_COLOUR('',#19615);
#19987 = STYLED_ITEM('color',(#19988),#1999);
#19988 = PRESENTATION_STYLE_ASSIGNMENT((#19989));
#19989 = SURFACE_STYLE_USAGE(.BOTH.,#19990);
#19990 = SURFACE_SIDE_STYLE('',(#19991));
#19991 = SURFACE_STYLE_FILL_AREA(#19992);
#19992 = FILL_AREA_STYLE('',(#19993));
#19993 = FILL_AREA_STYLE_COLOUR('',#19615);
#19994 = STYLED_ITEM('color',(#19995),#2045);
#19995 = PRESENTATION_STYLE_ASSIGNMENT((#19996));
#19996 = SURFACE_STYLE_USAGE(.BOTH.,#19997);
#19997 = SURFACE_SIDE_STYLE('',(#19998));
#19998 = SURFACE_STYLE_FILL_AREA(#19999);
#19999 = FILL_AREA_STYLE('',(#20000));
#20000 = FILL_AREA_STYLE_COLOUR('',#20001);
#20001 = COLOUR_RGB('',0.823529417451,0.819607860991,0.780392170416);
#20002 = STYLED_ITEM('color',(#20003),#2076);
#20003 = PRESENTATION_STYLE_ASSIGNMENT((#20004));
#20004 = SURFACE_STYLE_USAGE(.BOTH.,#20005);
#20005 = SURFACE_SIDE_STYLE('',(#20006));
#20006 = SURFACE_STYLE_FILL_AREA(#20007);
#20007 = FILL_AREA_STYLE('',(#20008));
#20008 = FILL_AREA_STYLE_COLOUR('',#20001);
#20009 = STYLED_ITEM('color',(#20010),#2100);
#20010 = PRESENTATION_STYLE_ASSIGNMENT((#20011));
#20011 = SURFACE_STYLE_USAGE(.BOTH.,#20012);
#20012 = SURFACE_SIDE_STYLE('',(#20013));
#20013 = SURFACE_STYLE_FILL_AREA(#20014);
#20014 = FILL_AREA_STYLE('',(#20015));
#20015 = FILL_AREA_STYLE_COLOUR('',#20001);
#20016 = STYLED_ITEM('color',(#20017),#2124);
#20017 = PRESENTATION_STYLE_ASSIGNMENT((#20018));
#20018 = SURFACE_STYLE_USAGE(.BOTH.,#20019);
#20019 = SURFACE_SIDE_STYLE('',(#20020));
#20020 = SURFACE_STYLE_FILL_AREA(#20021);
#20021 = FILL_AREA_STYLE('',(#20022));
#20022 = FILL_AREA_STYLE_COLOUR('',#20001);
#20023 = STYLED_ITEM('color',(#20024),#2141);
#20024 = PRESENTATION_STYLE_ASSIGNMENT((#20025));
#20025 = SURFACE_STYLE_USAGE(.BOTH.,#20026);
#20026 = SURFACE_SIDE_STYLE('',(#20027));
#20027 = SURFACE_STYLE_FILL_AREA(#20028);
#20028 = FILL_AREA_STYLE('',(#20029));
#20029 = FILL_AREA_STYLE_COLOUR('',#20001);
#20030 = STYLED_ITEM('color',(#20031),#2172);
#20031 = PRESENTATION_STYLE_ASSIGNMENT((#20032));
#20032 = SURFACE_STYLE_USAGE(.BOTH.,#20033);
#20033 = SURFACE_SIDE_STYLE('',(#20034));
#20034 = SURFACE_STYLE_FILL_AREA(#20035);
#20035 = FILL_AREA_STYLE('',(#20036));
#20036 = FILL_AREA_STYLE_COLOUR('',#20001);
#20037 = STYLED_ITEM('color',(#20038),#2196);
#20038 = PRESENTATION_STYLE_ASSIGNMENT((#20039));
#20039 = SURFACE_STYLE_USAGE(.BOTH.,#20040);
#20040 = SURFACE_SIDE_STYLE('',(#20041));
#20041 = SURFACE_STYLE_FILL_AREA(#20042);
#20042 = FILL_AREA_STYLE('',(#20043));
#20043 = FILL_AREA_STYLE_COLOUR('',#20001);
#20044 = STYLED_ITEM('color',(#20045),#2220);
#20045 = PRESENTATION_STYLE_ASSIGNMENT((#20046));
#20046 = SURFACE_STYLE_USAGE(.BOTH.,#20047);
#20047 = SURFACE_SIDE_STYLE('',(#20048));
#20048 = SURFACE_STYLE_FILL_AREA(#20049);
#20049 = FILL_AREA_STYLE('',(#20050));
#20050 = FILL_AREA_STYLE_COLOUR('',#20001);
#20051 = STYLED_ITEM('color',(#20052),#2237);
#20052 = PRESENTATION_STYLE_ASSIGNMENT((#20053));
#20053 = SURFACE_STYLE_USAGE(.BOTH.,#20054);
#20054 = SURFACE_SIDE_STYLE('',(#20055));
#20055 = SURFACE_STYLE_FILL_AREA(#20056);
#20056 = FILL_AREA_STYLE('',(#20057));
#20057 = FILL_AREA_STYLE_COLOUR('',#20001);
#20058 = STYLED_ITEM('color',(#20059),#2268);
#20059 = PRESENTATION_STYLE_ASSIGNMENT((#20060));
#20060 = SURFACE_STYLE_USAGE(.BOTH.,#20061);
#20061 = SURFACE_SIDE_STYLE('',(#20062));
#20062 = SURFACE_STYLE_FILL_AREA(#20063);
#20063 = FILL_AREA_STYLE('',(#20064));
#20064 = FILL_AREA_STYLE_COLOUR('',#20001);
#20065 = STYLED_ITEM('color',(#20066),#2292);
#20066 = PRESENTATION_STYLE_ASSIGNMENT((#20067));
#20067 = SURFACE_STYLE_USAGE(.BOTH.,#20068);
#20068 = SURFACE_SIDE_STYLE('',(#20069));
#20069 = SURFACE_STYLE_FILL_AREA(#20070);
#20070 = FILL_AREA_STYLE('',(#20071));
#20071 = FILL_AREA_STYLE_COLOUR('',#20001);
#20072 = STYLED_ITEM('color',(#20073),#2316);
#20073 = PRESENTATION_STYLE_ASSIGNMENT((#20074));
#20074 = SURFACE_STYLE_USAGE(.BOTH.,#20075);
#20075 = SURFACE_SIDE_STYLE('',(#20076));
#20076 = SURFACE_STYLE_FILL_AREA(#20077);
#20077 = FILL_AREA_STYLE('',(#20078));
#20078 = FILL_AREA_STYLE_COLOUR('',#20001);
#20079 = STYLED_ITEM('color',(#20080),#2333);
#20080 = PRESENTATION_STYLE_ASSIGNMENT((#20081));
#20081 = SURFACE_STYLE_USAGE(.BOTH.,#20082);
#20082 = SURFACE_SIDE_STYLE('',(#20083));
#20083 = SURFACE_STYLE_FILL_AREA(#20084);
#20084 = FILL_AREA_STYLE('',(#20085));
#20085 = FILL_AREA_STYLE_COLOUR('',#20001);
#20086 = STYLED_ITEM('color',(#20087),#2396);
#20087 = PRESENTATION_STYLE_ASSIGNMENT((#20088));
#20088 = SURFACE_STYLE_USAGE(.BOTH.,#20089);
#20089 = SURFACE_SIDE_STYLE('',(#20090));
#20090 = SURFACE_STYLE_FILL_AREA(#20091);
#20091 = FILL_AREA_STYLE('',(#20092));
#20092 = FILL_AREA_STYLE_COLOUR('',#20001);
#20093 = STYLED_ITEM('color',(#20094),#2420);
#20094 = PRESENTATION_STYLE_ASSIGNMENT((#20095));
#20095 = SURFACE_STYLE_USAGE(.BOTH.,#20096);
#20096 = SURFACE_SIDE_STYLE('',(#20097));
#20097 = SURFACE_STYLE_FILL_AREA(#20098);
#20098 = FILL_AREA_STYLE('',(#20099));
#20099 = FILL_AREA_STYLE_COLOUR('',#20001);
#20100 = STYLED_ITEM('color',(#20101),#2476);
#20101 = PRESENTATION_STYLE_ASSIGNMENT((#20102));
#20102 = SURFACE_STYLE_USAGE(.BOTH.,#20103);
#20103 = SURFACE_SIDE_STYLE('',(#20104));
#20104 = SURFACE_STYLE_FILL_AREA(#20105);
#20105 = FILL_AREA_STYLE('',(#20106));
#20106 = FILL_AREA_STYLE_COLOUR('',#20001);
#20107 = STYLED_ITEM('color',(#20108),#2493);
#20108 = PRESENTATION_STYLE_ASSIGNMENT((#20109));
#20109 = SURFACE_STYLE_USAGE(.BOTH.,#20110);
#20110 = SURFACE_SIDE_STYLE('',(#20111));
#20111 = SURFACE_STYLE_FILL_AREA(#20112);
#20112 = FILL_AREA_STYLE('',(#20113));
#20113 = FILL_AREA_STYLE_COLOUR('',#20001);
#20114 = STYLED_ITEM('color',(#20115),#2524);
#20115 = PRESENTATION_STYLE_ASSIGNMENT((#20116));
#20116 = SURFACE_STYLE_USAGE(.BOTH.,#20117);
#20117 = SURFACE_SIDE_STYLE('',(#20118));
#20118 = SURFACE_STYLE_FILL_AREA(#20119);
#20119 = FILL_AREA_STYLE('',(#20120));
#20120 = FILL_AREA_STYLE_COLOUR('',#20001);
#20121 = STYLED_ITEM('color',(#20122),#2548);
#20122 = PRESENTATION_STYLE_ASSIGNMENT((#20123));
#20123 = SURFACE_STYLE_USAGE(.BOTH.,#20124);
#20124 = SURFACE_SIDE_STYLE('',(#20125));
#20125 = SURFACE_STYLE_FILL_AREA(#20126);
#20126 = FILL_AREA_STYLE('',(#20127));
#20127 = FILL_AREA_STYLE_COLOUR('',#20001);
#20128 = STYLED_ITEM('color',(#20129),#2572);
#20129 = PRESENTATION_STYLE_ASSIGNMENT((#20130));
#20130 = SURFACE_STYLE_USAGE(.BOTH.,#20131);
#20131 = SURFACE_SIDE_STYLE('',(#20132));
#20132 = SURFACE_STYLE_FILL_AREA(#20133);
#20133 = FILL_AREA_STYLE('',(#20134));
#20134 = FILL_AREA_STYLE_COLOUR('',#20001);
#20135 = STYLED_ITEM('color',(#20136),#2589);
#20136 = PRESENTATION_STYLE_ASSIGNMENT((#20137));
#20137 = SURFACE_STYLE_USAGE(.BOTH.,#20138);
#20138 = SURFACE_SIDE_STYLE('',(#20139));
#20139 = SURFACE_STYLE_FILL_AREA(#20140);
#20140 = FILL_AREA_STYLE('',(#20141));
#20141 = FILL_AREA_STYLE_COLOUR('',#20001);
#20142 = STYLED_ITEM('color',(#20143),#2652);
#20143 = PRESENTATION_STYLE_ASSIGNMENT((#20144));
#20144 = SURFACE_STYLE_USAGE(.BOTH.,#20145);
#20145 = SURFACE_SIDE_STYLE('',(#20146));
#20146 = SURFACE_STYLE_FILL_AREA(#20147);
#20147 = FILL_AREA_STYLE('',(#20148));
#20148 = FILL_AREA_STYLE_COLOUR('',#20001);
#20149 = STYLED_ITEM('color',(#20150),#2676);
#20150 = PRESENTATION_STYLE_ASSIGNMENT((#20151));
#20151 = SURFACE_STYLE_USAGE(.BOTH.,#20152);
#20152 = SURFACE_SIDE_STYLE('',(#20153));
#20153 = SURFACE_STYLE_FILL_AREA(#20154);
#20154 = FILL_AREA_STYLE('',(#20155));
#20155 = FILL_AREA_STYLE_COLOUR('',#20001);
#20156 = STYLED_ITEM('color',(#20157),#2732);
#20157 = PRESENTATION_STYLE_ASSIGNMENT((#20158));
#20158 = SURFACE_STYLE_USAGE(.BOTH.,#20159);
#20159 = SURFACE_SIDE_STYLE('',(#20160));
#20160 = SURFACE_STYLE_FILL_AREA(#20161);
#20161 = FILL_AREA_STYLE('',(#20162));
#20162 = FILL_AREA_STYLE_COLOUR('',#20001);
#20163 = STYLED_ITEM('color',(#20164),#2749);
#20164 = PRESENTATION_STYLE_ASSIGNMENT((#20165));
#20165 = SURFACE_STYLE_USAGE(.BOTH.,#20166);
#20166 = SURFACE_SIDE_STYLE('',(#20167));
#20167 = SURFACE_STYLE_FILL_AREA(#20168);
#20168 = FILL_AREA_STYLE('',(#20169));
#20169 = FILL_AREA_STYLE_COLOUR('',#20001);
#20170 = STYLED_ITEM('color',(#20171),#2780);
#20171 = PRESENTATION_STYLE_ASSIGNMENT((#20172));
#20172 = SURFACE_STYLE_USAGE(.BOTH.,#20173);
#20173 = SURFACE_SIDE_STYLE('',(#20174));
#20174 = SURFACE_STYLE_FILL_AREA(#20175);
#20175 = FILL_AREA_STYLE('',(#20176));
#20176 = FILL_AREA_STYLE_COLOUR('',#20001);
#20177 = STYLED_ITEM('color',(#20178),#2804);
#20178 = PRESENTATION_STYLE_ASSIGNMENT((#20179));
#20179 = SURFACE_STYLE_USAGE(.BOTH.,#20180);
#20180 = SURFACE_SIDE_STYLE('',(#20181));
#20181 = SURFACE_STYLE_FILL_AREA(#20182);
#20182 = FILL_AREA_STYLE('',(#20183));
#20183 = FILL_AREA_STYLE_COLOUR('',#20001);
#20184 = STYLED_ITEM('color',(#20185),#2828);
#20185 = PRESENTATION_STYLE_ASSIGNMENT((#20186));
#20186 = SURFACE_STYLE_USAGE(.BOTH.,#20187);
#20187 = SURFACE_SIDE_STYLE('',(#20188));
#20188 = SURFACE_STYLE_FILL_AREA(#20189);
#20189 = FILL_AREA_STYLE('',(#20190));
#20190 = FILL_AREA_STYLE_COLOUR('',#20001);
#20191 = STYLED_ITEM('color',(#20192),#2845);
#20192 = PRESENTATION_STYLE_ASSIGNMENT((#20193));
#20193 = SURFACE_STYLE_USAGE(.BOTH.,#20194);
#20194 = SURFACE_SIDE_STYLE('',(#20195));
#20195 = SURFACE_STYLE_FILL_AREA(#20196);
#20196 = FILL_AREA_STYLE('',(#20197));
#20197 = FILL_AREA_STYLE_COLOUR('',#20001);
#20198 = STYLED_ITEM('color',(#20199),#2876);
#20199 = PRESENTATION_STYLE_ASSIGNMENT((#20200));
#20200 = SURFACE_STYLE_USAGE(.BOTH.,#20201);
#20201 = SURFACE_SIDE_STYLE('',(#20202));
#20202 = SURFACE_STYLE_FILL_AREA(#20203);
#20203 = FILL_AREA_STYLE('',(#20204));
#20204 = FILL_AREA_STYLE_COLOUR('',#20001);
#20205 = STYLED_ITEM('color',(#20206),#2900);
#20206 = PRESENTATION_STYLE_ASSIGNMENT((#20207));
#20207 = SURFACE_STYLE_USAGE(.BOTH.,#20208);
#20208 = SURFACE_SIDE_STYLE('',(#20209));
#20209 = SURFACE_STYLE_FILL_AREA(#20210);
#20210 = FILL_AREA_STYLE('',(#20211));
#20211 = FILL_AREA_STYLE_COLOUR('',#20001);
#20212 = STYLED_ITEM('color',(#20213),#2924);
#20213 = PRESENTATION_STYLE_ASSIGNMENT((#20214));
#20214 = SURFACE_STYLE_USAGE(.BOTH.,#20215);
#20215 = SURFACE_SIDE_STYLE('',(#20216));
#20216 = SURFACE_STYLE_FILL_AREA(#20217);
#20217 = FILL_AREA_STYLE('',(#20218));
#20218 = FILL_AREA_STYLE_COLOUR('',#20001);
#20219 = STYLED_ITEM('color',(#20220),#2941);
#20220 = PRESENTATION_STYLE_ASSIGNMENT((#20221));
#20221 = SURFACE_STYLE_USAGE(.BOTH.,#20222);
#20222 = SURFACE_SIDE_STYLE('',(#20223));
#20223 = SURFACE_STYLE_FILL_AREA(#20224);
#20224 = FILL_AREA_STYLE('',(#20225));
#20225 = FILL_AREA_STYLE_COLOUR('',#20001);
#20226 = STYLED_ITEM('color',(#20227),#2972);
#20227 = PRESENTATION_STYLE_ASSIGNMENT((#20228));
#20228 = SURFACE_STYLE_USAGE(.BOTH.,#20229);
#20229 = SURFACE_SIDE_STYLE('',(#20230));
#20230 = SURFACE_STYLE_FILL_AREA(#20231);
#20231 = FILL_AREA_STYLE('',(#20232));
#20232 = FILL_AREA_STYLE_COLOUR('',#20001);
#20233 = STYLED_ITEM('color',(#20234),#2996);
#20234 = PRESENTATION_STYLE_ASSIGNMENT((#20235));
#20235 = SURFACE_STYLE_USAGE(.BOTH.,#20236);
#20236 = SURFACE_SIDE_STYLE('',(#20237));
#20237 = SURFACE_STYLE_FILL_AREA(#20238);
#20238 = FILL_AREA_STYLE('',(#20239));
#20239 = FILL_AREA_STYLE_COLOUR('',#20001);
#20240 = STYLED_ITEM('color',(#20241),#3020);
#20241 = PRESENTATION_STYLE_ASSIGNMENT((#20242));
#20242 = SURFACE_STYLE_USAGE(.BOTH.,#20243);
#20243 = SURFACE_SIDE_STYLE('',(#20244));
#20244 = SURFACE_STYLE_FILL_AREA(#20245);
#20245 = FILL_AREA_STYLE('',(#20246));
#20246 = FILL_AREA_STYLE_COLOUR('',#20001);
#20247 = STYLED_ITEM('color',(#20248),#3037);
#20248 = PRESENTATION_STYLE_ASSIGNMENT((#20249));
#20249 = SURFACE_STYLE_USAGE(.BOTH.,#20250);
#20250 = SURFACE_SIDE_STYLE('',(#20251));
#20251 = SURFACE_STYLE_FILL_AREA(#20252);
#20252 = FILL_AREA_STYLE('',(#20253));
#20253 = FILL_AREA_STYLE_COLOUR('',#20001);
#20254 = STYLED_ITEM('color',(#20255),#3084);
#20255 = PRESENTATION_STYLE_ASSIGNMENT((#20256));
#20256 = SURFACE_STYLE_USAGE(.BOTH.,#20257);
#20257 = SURFACE_SIDE_STYLE('',(#20258));
#20258 = SURFACE_STYLE_FILL_AREA(#20259);
#20259 = FILL_AREA_STYLE('',(#20260));
#20260 = FILL_AREA_STYLE_COLOUR('',#20001);
#20261 = STYLED_ITEM('color',(#20262),#3115);
#20262 = PRESENTATION_STYLE_ASSIGNMENT((#20263));
#20263 = SURFACE_STYLE_USAGE(.BOTH.,#20264);
#20264 = SURFACE_SIDE_STYLE('',(#20265));
#20265 = SURFACE_STYLE_FILL_AREA(#20266);
#20266 = FILL_AREA_STYLE('',(#20267));
#20267 = FILL_AREA_STYLE_COLOUR('',#20001);
#20268 = STYLED_ITEM('color',(#20269),#3127);
#20269 = PRESENTATION_STYLE_ASSIGNMENT((#20270));
#20270 = SURFACE_STYLE_USAGE(.BOTH.,#20271);
#20271 = SURFACE_SIDE_STYLE('',(#20272));
#20272 = SURFACE_STYLE_FILL_AREA(#20273);
#20273 = FILL_AREA_STYLE('',(#20274));
#20274 = FILL_AREA_STYLE_COLOUR('',#20001);
#20275 = STYLED_ITEM('color',(#20276),#3144);
#20276 = PRESENTATION_STYLE_ASSIGNMENT((#20277));
#20277 = SURFACE_STYLE_USAGE(.BOTH.,#20278);
#20278 = SURFACE_SIDE_STYLE('',(#20279));
#20279 = SURFACE_STYLE_FILL_AREA(#20280);
#20280 = FILL_AREA_STYLE('',(#20281));
#20281 = FILL_AREA_STYLE_COLOUR('',#20001);
#20282 = STYLED_ITEM('color',(#20283),#3170);
#20283 = PRESENTATION_STYLE_ASSIGNMENT((#20284));
#20284 = SURFACE_STYLE_USAGE(.BOTH.,#20285);
#20285 = SURFACE_SIDE_STYLE('',(#20286));
#20286 = SURFACE_STYLE_FILL_AREA(#20287);
#20287 = FILL_AREA_STYLE('',(#20288));
#20288 = FILL_AREA_STYLE_COLOUR('',#20001);
#20289 = STYLED_ITEM('color',(#20290),#3203);
#20290 = PRESENTATION_STYLE_ASSIGNMENT((#20291));
#20291 = SURFACE_STYLE_USAGE(.BOTH.,#20292);
#20292 = SURFACE_SIDE_STYLE('',(#20293));
#20293 = SURFACE_STYLE_FILL_AREA(#20294);
#20294 = FILL_AREA_STYLE('',(#20295));
#20295 = FILL_AREA_STYLE_COLOUR('',#20001);
#20296 = STYLED_ITEM('color',(#20297),#3234);
#20297 = PRESENTATION_STYLE_ASSIGNMENT((#20298));
#20298 = SURFACE_STYLE_USAGE(.BOTH.,#20299);
#20299 = SURFACE_SIDE_STYLE('',(#20300));
#20300 = SURFACE_STYLE_FILL_AREA(#20301);
#20301 = FILL_AREA_STYLE('',(#20302));
#20302 = FILL_AREA_STYLE_COLOUR('',#20001);
#20303 = STYLED_ITEM('color',(#20304),#3258);
#20304 = PRESENTATION_STYLE_ASSIGNMENT((#20305));
#20305 = SURFACE_STYLE_USAGE(.BOTH.,#20306);
#20306 = SURFACE_SIDE_STYLE('',(#20307));
#20307 = SURFACE_STYLE_FILL_AREA(#20308);
#20308 = FILL_AREA_STYLE('',(#20309));
#20309 = FILL_AREA_STYLE_COLOUR('',#20001);
#20310 = STYLED_ITEM('color',(#20311),#3282);
#20311 = PRESENTATION_STYLE_ASSIGNMENT((#20312));
#20312 = SURFACE_STYLE_USAGE(.BOTH.,#20313);
#20313 = SURFACE_SIDE_STYLE('',(#20314));
#20314 = SURFACE_STYLE_FILL_AREA(#20315);
#20315 = FILL_AREA_STYLE('',(#20316));
#20316 = FILL_AREA_STYLE_COLOUR('',#20001);
#20317 = STYLED_ITEM('color',(#20318),#3299);
#20318 = PRESENTATION_STYLE_ASSIGNMENT((#20319));
#20319 = SURFACE_STYLE_USAGE(.BOTH.,#20320);
#20320 = SURFACE_SIDE_STYLE('',(#20321));
#20321 = SURFACE_STYLE_FILL_AREA(#20322);
#20322 = FILL_AREA_STYLE('',(#20323));
#20323 = FILL_AREA_STYLE_COLOUR('',#20001);
#20324 = STYLED_ITEM('color',(#20325),#3346);
#20325 = PRESENTATION_STYLE_ASSIGNMENT((#20326));
#20326 = SURFACE_STYLE_USAGE(.BOTH.,#20327);
#20327 = SURFACE_SIDE_STYLE('',(#20328));
#20328 = SURFACE_STYLE_FILL_AREA(#20329);
#20329 = FILL_AREA_STYLE('',(#20330));
#20330 = FILL_AREA_STYLE_COLOUR('',#20001);
#20331 = STYLED_ITEM('color',(#20332),#3377);
#20332 = PRESENTATION_STYLE_ASSIGNMENT((#20333));
#20333 = SURFACE_STYLE_USAGE(.BOTH.,#20334);
#20334 = SURFACE_SIDE_STYLE('',(#20335));
#20335 = SURFACE_STYLE_FILL_AREA(#20336);
#20336 = FILL_AREA_STYLE('',(#20337));
#20337 = FILL_AREA_STYLE_COLOUR('',#20001);
#20338 = STYLED_ITEM('color',(#20339),#3389);
#20339 = PRESENTATION_STYLE_ASSIGNMENT((#20340));
#20340 = SURFACE_STYLE_USAGE(.BOTH.,#20341);
#20341 = SURFACE_SIDE_STYLE('',(#20342));
#20342 = SURFACE_STYLE_FILL_AREA(#20343);
#20343 = FILL_AREA_STYLE('',(#20344));
#20344 = FILL_AREA_STYLE_COLOUR('',#20001);
#20345 = STYLED_ITEM('color',(#20346),#3406);
#20346 = PRESENTATION_STYLE_ASSIGNMENT((#20347));
#20347 = SURFACE_STYLE_USAGE(.BOTH.,#20348);
#20348 = SURFACE_SIDE_STYLE('',(#20349));
#20349 = SURFACE_STYLE_FILL_AREA(#20350);
#20350 = FILL_AREA_STYLE('',(#20351));
#20351 = FILL_AREA_STYLE_COLOUR('',#20001);
#20352 = STYLED_ITEM('color',(#20353),#3432);
#20353 = PRESENTATION_STYLE_ASSIGNMENT((#20354));
#20354 = SURFACE_STYLE_USAGE(.BOTH.,#20355);
#20355 = SURFACE_SIDE_STYLE('',(#20356));
#20356 = SURFACE_STYLE_FILL_AREA(#20357);
#20357 = FILL_AREA_STYLE('',(#20358));
#20358 = FILL_AREA_STYLE_COLOUR('',#20001);
#20359 = STYLED_ITEM('color',(#20360),#3465);
#20360 = PRESENTATION_STYLE_ASSIGNMENT((#20361));
#20361 = SURFACE_STYLE_USAGE(.BOTH.,#20362);
#20362 = SURFACE_SIDE_STYLE('',(#20363));
#20363 = SURFACE_STYLE_FILL_AREA(#20364);
#20364 = FILL_AREA_STYLE('',(#20365));
#20365 = FILL_AREA_STYLE_COLOUR('',#20001);
#20366 = STYLED_ITEM('color',(#20367),#3477);
#20367 = PRESENTATION_STYLE_ASSIGNMENT((#20368));
#20368 = SURFACE_STYLE_USAGE(.BOTH.,#20369);
#20369 = SURFACE_SIDE_STYLE('',(#20370));
#20370 = SURFACE_STYLE_FILL_AREA(#20371);
#20371 = FILL_AREA_STYLE('',(#20372));
#20372 = FILL_AREA_STYLE_COLOUR('',#20001);
#20373 = STYLED_ITEM('color',(#20374),#3489);
#20374 = PRESENTATION_STYLE_ASSIGNMENT((#20375));
#20375 = SURFACE_STYLE_USAGE(.BOTH.,#20376);
#20376 = SURFACE_SIDE_STYLE('',(#20377));
#20377 = SURFACE_STYLE_FILL_AREA(#20378);
#20378 = FILL_AREA_STYLE('',(#20379));
#20379 = FILL_AREA_STYLE_COLOUR('',#20001);
#20380 = STYLED_ITEM('color',(#20381),#3501);
#20381 = PRESENTATION_STYLE_ASSIGNMENT((#20382));
#20382 = SURFACE_STYLE_USAGE(.BOTH.,#20383);
#20383 = SURFACE_SIDE_STYLE('',(#20384));
#20384 = SURFACE_STYLE_FILL_AREA(#20385);
#20385 = FILL_AREA_STYLE('',(#20386));
#20386 = FILL_AREA_STYLE_COLOUR('',#20001);
#20387 = STYLED_ITEM('color',(#20388),#3518);
#20388 = PRESENTATION_STYLE_ASSIGNMENT((#20389));
#20389 = SURFACE_STYLE_USAGE(.BOTH.,#20390);
#20390 = SURFACE_SIDE_STYLE('',(#20391));
#20391 = SURFACE_STYLE_FILL_AREA(#20392);
#20392 = FILL_AREA_STYLE('',(#20393));
#20393 = FILL_AREA_STYLE_COLOUR('',#20001);
#20394 = STYLED_ITEM('color',(#20395),#3535);
#20395 = PRESENTATION_STYLE_ASSIGNMENT((#20396));
#20396 = SURFACE_STYLE_USAGE(.BOTH.,#20397);
#20397 = SURFACE_SIDE_STYLE('',(#20398));
#20398 = SURFACE_STYLE_FILL_AREA(#20399);
#20399 = FILL_AREA_STYLE('',(#20400));
#20400 = FILL_AREA_STYLE_COLOUR('',#20001);
#20401 = STYLED_ITEM('color',(#20402),#3547);
#20402 = PRESENTATION_STYLE_ASSIGNMENT((#20403));
#20403 = SURFACE_STYLE_USAGE(.BOTH.,#20404);
#20404 = SURFACE_SIDE_STYLE('',(#20405));
#20405 = SURFACE_STYLE_FILL_AREA(#20406);
#20406 = FILL_AREA_STYLE('',(#20407));
#20407 = FILL_AREA_STYLE_COLOUR('',#20001);
#20408 = STYLED_ITEM('color',(#20409),#3559);
#20409 = PRESENTATION_STYLE_ASSIGNMENT((#20410));
#20410 = SURFACE_STYLE_USAGE(.BOTH.,#20411);
#20411 = SURFACE_SIDE_STYLE('',(#20412));
#20412 = SURFACE_STYLE_FILL_AREA(#20413);
#20413 = FILL_AREA_STYLE('',(#20414));
#20414 = FILL_AREA_STYLE_COLOUR('',#20001);
#20415 = STYLED_ITEM('color',(#20416),#3576);
#20416 = PRESENTATION_STYLE_ASSIGNMENT((#20417));
#20417 = SURFACE_STYLE_USAGE(.BOTH.,#20418);
#20418 = SURFACE_SIDE_STYLE('',(#20419));
#20419 = SURFACE_STYLE_FILL_AREA(#20420);
#20420 = FILL_AREA_STYLE('',(#20421));
#20421 = FILL_AREA_STYLE_COLOUR('',#20001);
#20422 = STYLED_ITEM('color',(#20423),#3593);
#20423 = PRESENTATION_STYLE_ASSIGNMENT((#20424));
#20424 = SURFACE_STYLE_USAGE(.BOTH.,#20425);
#20425 = SURFACE_SIDE_STYLE('',(#20426));
#20426 = SURFACE_STYLE_FILL_AREA(#20427);
#20427 = FILL_AREA_STYLE('',(#20428));
#20428 = FILL_AREA_STYLE_COLOUR('',#20001);
#20429 = MECHANICAL_DESIGN_GEOMETRIC_PRESENTATION_REPRESENTATION('',(
    #20430,#20438,#20445,#20452,#20459,#20466,#20473,#20480,#20487,
    #20494,#20501,#20508,#20515,#20522,#20529),#4310);
#20430 = STYLED_ITEM('color',(#20431),#3649);
#20431 = PRESENTATION_STYLE_ASSIGNMENT((#20432));
#20432 = SURFACE_STYLE_USAGE(.BOTH.,#20433);
#20433 = SURFACE_SIDE_STYLE('',(#20434));
#20434 = SURFACE_STYLE_FILL_AREA(#20435);
#20435 = FILL_AREA_STYLE('',(#20436));
#20436 = FILL_AREA_STYLE_COLOUR('',#20437);
#20437 = COLOUR_RGB('',0.883000012551,0.711000022565,0.492000011028);
#20438 = STYLED_ITEM('color',(#20439),#3682);
#20439 = PRESENTATION_STYLE_ASSIGNMENT((#20440));
#20440 = SURFACE_STYLE_USAGE(.BOTH.,#20441);
#20441 = SURFACE_SIDE_STYLE('',(#20442));
#20442 = SURFACE_STYLE_FILL_AREA(#20443);
#20443 = FILL_AREA_STYLE('',(#20444));
#20444 = FILL_AREA_STYLE_COLOUR('',#20437);
#20445 = STYLED_ITEM('color',(#20446),#3708);
#20446 = PRESENTATION_STYLE_ASSIGNMENT((#20447));
#20447 = SURFACE_STYLE_USAGE(.BOTH.,#20448);
#20448 = SURFACE_SIDE_STYLE('',(#20449));
#20449 = SURFACE_STYLE_FILL_AREA(#20450);
#20450 = FILL_AREA_STYLE('',(#20451));
#20451 = FILL_AREA_STYLE_COLOUR('',#20437);
#20452 = STYLED_ITEM('color',(#20453),#3728);
#20453 = PRESENTATION_STYLE_ASSIGNMENT((#20454));
#20454 = SURFACE_STYLE_USAGE(.BOTH.,#20455);
#20455 = SURFACE_SIDE_STYLE('',(#20456));
#20456 = SURFACE_STYLE_FILL_AREA(#20457);
#20457 = FILL_AREA_STYLE('',(#20458));
#20458 = FILL_AREA_STYLE_COLOUR('',#20437);
#20459 = STYLED_ITEM('color',(#20460),#3911);
#20460 = PRESENTATION_STYLE_ASSIGNMENT((#20461));
#20461 = SURFACE_STYLE_USAGE(.BOTH.,#20462);
#20462 = SURFACE_SIDE_STYLE('',(#20463));
#20463 = SURFACE_STYLE_FILL_AREA(#20464);
#20464 = FILL_AREA_STYLE('',(#20465));
#20465 = FILL_AREA_STYLE_COLOUR('',#20437);
#20466 = STYLED_ITEM('color',(#20467),#3936);
#20467 = PRESENTATION_STYLE_ASSIGNMENT((#20468));
#20468 = SURFACE_STYLE_USAGE(.BOTH.,#20469);
#20469 = SURFACE_SIDE_STYLE('',(#20470));
#20470 = SURFACE_STYLE_FILL_AREA(#20471);
#20471 = FILL_AREA_STYLE('',(#20472));
#20472 = FILL_AREA_STYLE_COLOUR('',#18495);
#20473 = STYLED_ITEM('color',(#20474),#3962);
#20474 = PRESENTATION_STYLE_ASSIGNMENT((#20475));
#20475 = SURFACE_STYLE_USAGE(.BOTH.,#20476);
#20476 = SURFACE_SIDE_STYLE('',(#20477));
#20477 = SURFACE_STYLE_FILL_AREA(#20478);
#20478 = FILL_AREA_STYLE('',(#20479));
#20479 = FILL_AREA_STYLE_COLOUR('',#20437);
#20480 = STYLED_ITEM('color',(#20481),#3982);
#20481 = PRESENTATION_STYLE_ASSIGNMENT((#20482));
#20482 = SURFACE_STYLE_USAGE(.BOTH.,#20483);
#20483 = SURFACE_SIDE_STYLE('',(#20484));
#20484 = SURFACE_STYLE_FILL_AREA(#20485);
#20485 = FILL_AREA_STYLE('',(#20486));
#20486 = FILL_AREA_STYLE_COLOUR('',#18495);
#20487 = STYLED_ITEM('color',(#20488),#4007);
#20488 = PRESENTATION_STYLE_ASSIGNMENT((#20489));
#20489 = SURFACE_STYLE_USAGE(.BOTH.,#20490);
#20490 = SURFACE_SIDE_STYLE('',(#20491));
#20491 = SURFACE_STYLE_FILL_AREA(#20492);
#20492 = FILL_AREA_STYLE('',(#20493));
#20493 = FILL_AREA_STYLE_COLOUR('',#20437);
#20494 = STYLED_ITEM('color',(#20495),#4032);
#20495 = PRESENTATION_STYLE_ASSIGNMENT((#20496));
#20496 = SURFACE_STYLE_USAGE(.BOTH.,#20497);
#20497 = SURFACE_SIDE_STYLE('',(#20498));
#20498 = SURFACE_STYLE_FILL_AREA(#20499);
#20499 = FILL_AREA_STYLE('',(#20500));
#20500 = FILL_AREA_STYLE_COLOUR('',#18495);
#20501 = STYLED_ITEM('color',(#20502),#4041);
#20502 = PRESENTATION_STYLE_ASSIGNMENT((#20503));
#20503 = SURFACE_STYLE_USAGE(.BOTH.,#20504);
#20504 = SURFACE_SIDE_STYLE('',(#20505));
#20505 = SURFACE_STYLE_FILL_AREA(#20506);
#20506 = FILL_AREA_STYLE('',(#20507));
#20507 = FILL_AREA_STYLE_COLOUR('',#20437);
#20508 = STYLED_ITEM('color',(#20509),#4067);
#20509 = PRESENTATION_STYLE_ASSIGNMENT((#20510));
#20510 = SURFACE_STYLE_USAGE(.BOTH.,#20511);
#20511 = SURFACE_SIDE_STYLE('',(#20512));
#20512 = SURFACE_STYLE_FILL_AREA(#20513);
#20513 = FILL_AREA_STYLE('',(#20514));
#20514 = FILL_AREA_STYLE_COLOUR('',#20437);
#20515 = STYLED_ITEM('color',(#20516),#4250);
#20516 = PRESENTATION_STYLE_ASSIGNMENT((#20517));
#20517 = SURFACE_STYLE_USAGE(.BOTH.,#20518);
#20518 = SURFACE_SIDE_STYLE('',(#20519));
#20519 = SURFACE_STYLE_FILL_AREA(#20520);
#20520 = FILL_AREA_STYLE('',(#20521));
#20521 = FILL_AREA_STYLE_COLOUR('',#18495);
#20522 = STYLED_ITEM('color',(#20523),#4276);
#20523 = PRESENTATION_STYLE_ASSIGNMENT((#20524));
#20524 = SURFACE_STYLE_USAGE(.BOTH.,#20525);
#20525 = SURFACE_SIDE_STYLE('',(#20526));
#20526 = SURFACE_STYLE_FILL_AREA(#20527);
#20527 = FILL_AREA_STYLE('',(#20528));
#20528 = FILL_AREA_STYLE_COLOUR('',#18495);
#20529 = STYLED_ITEM('color',(#20530),#4301);
#20530 = PRESENTATION_STYLE_ASSIGNMENT((#20531));
#20531 = SURFACE_STYLE_USAGE(.BOTH.,#20532);
#20532 = SURFACE_SIDE_STYLE('',(#20533));
#20533 = SURFACE_STYLE_FILL_AREA(#20534);
#20534 = FILL_AREA_STYLE('',(#20535));
#20535 = FILL_AREA_STYLE_COLOUR('',#18495);
ENDSEC;
END-ISO-10303-21;
