ISO-10303-21;
HEADER;
FILE_DESCRIPTION(('KiCad electronic assembly'),'2;1');
FILE_NAME('pd_amp.step','2026-10-04T18:12:17',('Pcbnew'),('Kicad'),
  'Open CASCADE STEP processor 7.8','KiCad to STEP converter','Unknown'
  );
FILE_SCHEMA(('AUTOMOTIVE_DESIGN { 1 0 10303 214 1 1 1 1 }'));
ENDSEC;
DATA;
#1 = APPLICATION_PROTOCOL_DEFINITION('international standard',
  'automotive_design',2000,#2);
#2 = APPLICATION_CONTEXT(
  'core data for automotive mechanical design processes');
#3 = SHAPE_DEFINITION_REPRESENTATION(#4,#10);
#4 = PRODUCT_DEFINITION_SHAPE('','',#5);
#5 = PRODUCT_DEFINITION('design','',#6,#9);
#6 = PRODUCT_DEFINITION_FORMATION('','',#7);
#7 = PRODUCT('pd_amp 1','pd_amp 1','',(#8));
#8 = PRODUCT_CONTEXT('',#2,'mechanical');
#9 = PRODUCT_DEFINITION_CONTEXT('part definition',#2,'design');
#10 = SHAPE_REPRESENTATION('',(#11,#15,#19,#23,#27,#31,#35,#39),#43);
#11 = AXIS2_PLACEMENT_3D('',#12,#13,#14);
#12 = CARTESIAN_POINT('',(0.,0.,0.));
#13 = DIRECTION('',(0.,0.,1.));
#14 = DIRECTION('',(1.,0.,-0.));
#15 = AXIS2_PLACEMENT_3D('',#16,#17,#18);
#16 = CARTESIAN_POINT('',(26.035,-3.81,1.595));
#17 = DIRECTION('',(0.,0.,1.));
#18 = DIRECTION('',(1.,0.,0.));
#19 = AXIS2_PLACEMENT_3D('',#20,#21,#22);
#20 = CARTESIAN_POINT('',(8.89,-15.24,1.595));
#21 = DIRECTION('',(0.,-0.,1.));
#22 = DIRECTION('',(1.110223024625E-16,1.,0.));
#23 = AXIS2_PLACEMENT_3D('',#24,#25,#26);
#24 = CARTESIAN_POINT('',(5.715,-3.81,1.595));
#25 = DIRECTION('',(0.,0.,1.));
#26 = DIRECTION('',(1.,0.,0.));
#27 = AXIS2_PLACEMENT_3D('',#28,#29,#30);
#28 = CARTESIAN_POINT('',(13.335,-12.7,1.595));
#29 = DIRECTION('',(0.,-0.,1.));
#30 = DIRECTION('',(1.110223024625E-16,1.,0.));
#31 = AXIS2_PLACEMENT_3D('',#32,#33,#34);
#32 = CARTESIAN_POINT('',(24.13,-12.065,1.595));
#33 = DIRECTION('',(0.,0.,1.));
#34 = DIRECTION('',(1.,0.,0.));
#35 = AXIS2_PLACEMENT_3D('',#36,#37,#38);
#36 = CARTESIAN_POINT('',(4.445,-14.605,1.595));
#37 = DIRECTION('',(0.,-0.,1.));
#38 = DIRECTION('',(1.110223024625E-16,1.,0.));
#39 = AXIS2_PLACEMENT_3D('',#40,#41,#42);
#40 = CARTESIAN_POINT('',(0.,0.,0.));
#41 = DIRECTION('',(0.,0.,1.));
#42 = DIRECTION('',(1.,0.,-0.));
#43 = ( GEOMETRIC_REPRESENTATION_CONTEXT(3) 
GLOBAL_UNCERTAINTY_ASSIGNED_CONTEXT((#47)) GLOBAL_UNIT_ASSIGNED_CONTEXT(
(#44,#45,#46)) REPRESENTATION_CONTEXT('Context #1',
  '3D Context with UNIT and UNCERTAINTY') );
#44 = ( LENGTH_UNIT() NAMED_UNIT(*) SI_UNIT(.MILLI.,.METRE.) );
#45 = ( NAMED_UNIT(*) PLANE_ANGLE_UNIT() SI_UNIT($,.RADIAN.) );
#46 = ( NAMED_UNIT(*) SI_UNIT($,.STERADIAN.) SOLID_ANGLE_UNIT() );
#47 = UNCERTAINTY_MEASURE_WITH_UNIT(LENGTH_MEASURE(5.E-07),#44,
  'distance_accuracy_value','confusion accuracy');
#48 = PRODUCT_RELATED_PRODUCT_CATEGORY('part',$,(#7));
#49 = SHAPE_DEFINITION_REPRESENTATION(#50,#56);
#50 = PRODUCT_DEFINITION_SHAPE('','',#51);
#51 = PRODUCT_DEFINITION('design','',#52,#55);
#52 = PRODUCT_DEFINITION_FORMATION('','',#53);
#53 = PRODUCT('JST_XH_B3B-XH-A_1x03_P2.50mm_Vertical',
  'JST_XH_B3B-XH-A_1x03_P2.50mm_Vertical','',(#54));
#54 = PRODUCT_CONTEXT('',#2,'mechanical');
#55 = PRODUCT_DEFINITION_CONTEXT('part definition',#2,'design');
#56 = SHAPE_REPRESENTATION('',(#11,#57),#61);
#57 = AXIS2_PLACEMENT_3D('',#58,#59,#60);
#58 = CARTESIAN_POINT('',(0.,0.,0.));
#59 = DIRECTION('',(0.,0.,1.));
#60 = DIRECTION('',(1.,0.,-0.));
#61 = ( GEOMETRIC_REPRESENTATION_CONTEXT(3) 
GLOBAL_UNCERTAINTY_ASSIGNED_CONTEXT((#65)) GLOBAL_UNIT_ASSIGNED_CONTEXT(
(#62,#63,#64)) REPRESENTATION_CONTEXT('Context #1',
  '3D Context with UNIT and UNCERTAINTY') );
#62 = ( LENGTH_UNIT() NAMED_UNIT(*) SI_UNIT(.MILLI.,.METRE.) );
#63 = ( NAMED_UNIT(*) PLANE_ANGLE_UNIT() SI_UNIT($,.RADIAN.) );
#64 = ( NAMED_UNIT(*) SI_UNIT($,.STERADIAN.) SOLID_ANGLE_UNIT() );
#65 = UNCERTAINTY_MEASURE_WITH_UNIT(LENGTH_MEASURE(1.E-07),#62,
  'distance_accuracy_value','confusion accuracy');
#66 = CONTEXT_DEPENDENT_SHAPE_REPRESENTATION(#67,#69);
#67 = ( REPRESENTATION_RELATIONSHIP('','',#56,#10) 
REPRESENTATION_RELATIONSHIP_WITH_TRANSFORMATION(#68) 
SHAPE_REPRESENTATION_RELATIONSHIP() );
#68 = ITEM_DEFINED_TRANSFORMATION('','',#11,#15);
#69 = PRODUCT_DEFINITION_SHAPE('Placement','Placement of an item',#70);
#70 = NEXT_ASSEMBLY_USAGE_OCCURRENCE('2','J1','',#5,#51,$);
#71 = PRODUCT_RELATED_PRODUCT_CATEGORY('part',$,(#53));
#72 = SHAPE_DEFINITION_REPRESENTATION(#73,#79);
#73 = PRODUCT_DEFINITION_SHAPE('','',#74);
#74 = PRODUCT_DEFINITION('design','',#75,#78);
#75 = PRODUCT_DEFINITION_FORMATION('','',#76);
#76 = PRODUCT('JST_B3B_XH_A','JST_B3B_XH_A','',(#77));
#77 = PRODUCT_CONTEXT('',#2,'mechanical');
#78 = PRODUCT_DEFINITION_CONTEXT('part definition',#2,'design');
#79 = ADVANCED_BREP_SHAPE_REPRESENTATION('',(#11,#80),#3601);
#80 = MANIFOLD_SOLID_BREP('',#81);
#81 = CLOSED_SHELL('',(#82,#154,#193,#217,#282,#306,#426,#450,#515,#540,
    #589,#606,#630,#647,#817,#841,#1075,#1099,#1132,#1156,#1187,#1204,
    #1237,#1261,#1292,#1309,#1342,#1366,#1397,#1409,#1442,#1459,#1476,
    #1488,#1602,#1619,#1636,#1653,#1670,#1687,#1704,#1721,#1738,#1755,
    #1772,#1789,#1806,#1823,#1840,#1852,#1869,#1886,#1903,#1949,#1995,
    #2041,#2072,#2096,#2120,#2137,#2168,#2192,#2216,#2233,#2264,#2288,
    #2312,#2329,#2392,#2416,#2472,#2489,#2520,#2544,#2568,#2585,#2648,
    #2672,#2728,#2745,#2776,#2800,#2824,#2841,#2872,#2896,#2920,#2937,
    #2968,#2992,#3016,#3033,#3080,#3111,#3123,#3140,#3166,#3199,#3230,
    #3254,#3278,#3295,#3342,#3373,#3385,#3402,#3428,#3461,#3473,#3485,
    #3497,#3514,#3531,#3543,#3555,#3572,#3589));
#82 = ADVANCED_FACE('',(#83),#149,.T.);
#83 = FACE_BOUND('',#84,.T.);
#84 = EDGE_LOOP('',(#85,#95,#103,#111,#119,#127,#135,#143));
#85 = ORIENTED_EDGE('',*,*,#86,.T.);
#86 = EDGE_CURVE('',#87,#89,#91,.T.);
#87 = VERTEX_POINT('',#88);
#88 = CARTESIAN_POINT('',(-1.8,0.5,7.));
#89 = VERTEX_POINT('',#90);
#90 = CARTESIAN_POINT('',(-2.45,0.5,7.));
#91 = LINE('',#92,#93);
#92 = CARTESIAN_POINT('',(7.45,0.5,7.));
#93 = VECTOR('',#94,1.);
#94 = DIRECTION('',(-1.,1.224646799147E-16,0.));
#95 = ORIENTED_EDGE('',*,*,#96,.T.);
#96 = EDGE_CURVE('',#89,#97,#99,.T.);
#97 = VERTEX_POINT('',#98);
#98 = CARTESIAN_POINT('',(-2.45,-3.4,7.));
#99 = LINE('',#100,#101);
#100 = CARTESIAN_POINT('',(-2.45,2.35,7.));
#101 = VECTOR('',#102,1.);
#102 = DIRECTION('',(-1.224646799147E-16,-1.,0.));
#103 = ORIENTED_EDGE('',*,*,#104,.T.);
#104 = EDGE_CURVE('',#97,#105,#107,.T.);
#105 = VERTEX_POINT('',#106);
#106 = CARTESIAN_POINT('',(7.45,-3.4,7.));
#107 = LINE('',#108,#109);
#108 = CARTESIAN_POINT('',(-2.45,-3.4,7.));
#109 = VECTOR('',#110,1.);
#110 = DIRECTION('',(1.,-1.224646799147E-16,0.));
#111 = ORIENTED_EDGE('',*,*,#112,.T.);
#112 = EDGE_CURVE('',#105,#113,#115,.T.);
#113 = VERTEX_POINT('',#114);
#114 = CARTESIAN_POINT('',(7.45,0.5,7.));
#115 = LINE('',#116,#117);
#116 = CARTESIAN_POINT('',(7.45,-3.4,7.));
#117 = VECTOR('',#118,1.);
#118 = DIRECTION('',(1.224646799147E-16,1.,0.));
#119 = ORIENTED_EDGE('',*,*,#120,.T.);
#120 = EDGE_CURVE('',#113,#121,#123,.T.);
#121 = VERTEX_POINT('',#122);
#122 = CARTESIAN_POINT('',(6.8,0.5,7.));
#123 = LINE('',#124,#125);
#124 = CARTESIAN_POINT('',(7.45,0.5,7.));
#125 = VECTOR('',#126,1.);
#126 = DIRECTION('',(-1.,1.224646799147E-16,0.));
#127 = ORIENTED_EDGE('',*,*,#128,.F.);
#128 = EDGE_CURVE('',#129,#121,#131,.T.);
#129 = VERTEX_POINT('',#130);
#130 = CARTESIAN_POINT('',(6.8,-2.85,7.));
#131 = LINE('',#132,#133);
#132 = CARTESIAN_POINT('',(6.8,-2.65,7.));
#133 = VECTOR('',#134,1.);
#134 = DIRECTION('',(1.224646799147E-16,1.,0.));
#135 = ORIENTED_EDGE('',*,*,#136,.F.);
#136 = EDGE_CURVE('',#137,#129,#139,.T.);
#137 = VERTEX_POINT('',#138);
#138 = CARTESIAN_POINT('',(-1.8,-2.85,7.));
#139 = LINE('',#140,#141);
#140 = CARTESIAN_POINT('',(-1.6,-2.85,7.));
#141 = VECTOR('',#142,1.);
#142 = DIRECTION('',(1.,-1.224646799147E-16,0.));
#143 = ORIENTED_EDGE('',*,*,#144,.F.);
#144 = EDGE_CURVE('',#87,#137,#145,.T.);
#145 = LINE('',#146,#147);
#146 = CARTESIAN_POINT('',(-1.8,0.5,7.));
#147 = VECTOR('',#148,1.);
#148 = DIRECTION('',(-1.224646799147E-16,-1.,0.));
#149 = PLANE('',#150);
#150 = AXIS2_PLACEMENT_3D('',#151,#152,#153);
#151 = CARTESIAN_POINT('',(2.5,-0.525,7.));
#152 = DIRECTION('',(0.,0.,1.));
#153 = DIRECTION('',(-1.,1.224646799147E-16,0.));
#154 = ADVANCED_FACE('',(#155),#188,.T.);
#155 = FACE_BOUND('',#156,.T.);
#156 = EDGE_LOOP('',(#157,#167,#175,#181,#182));
#157 = ORIENTED_EDGE('',*,*,#158,.T.);
#158 = EDGE_CURVE('',#159,#161,#163,.T.);
#159 = VERTEX_POINT('',#160);
#160 = CARTESIAN_POINT('',(-1.6,0.5,6.8));
#161 = VERTEX_POINT('',#162);
#162 = CARTESIAN_POINT('',(-1.6,0.5,3.65));
#163 = LINE('',#164,#165);
#164 = CARTESIAN_POINT('',(-1.6,0.5,5.325));
#165 = VECTOR('',#166,1.);
#166 = DIRECTION('',(-0.,0.,-1.));
#167 = ORIENTED_EDGE('',*,*,#168,.T.);
#168 = EDGE_CURVE('',#161,#169,#171,.T.);
#169 = VERTEX_POINT('',#170);
#170 = CARTESIAN_POINT('',(-2.45,0.5,3.65));
#171 = LINE('',#172,#173);
#172 = CARTESIAN_POINT('',(7.45,0.5,3.65));
#173 = VECTOR('',#174,1.);
#174 = DIRECTION('',(-1.,1.224646799147E-16,0.));
#175 = ORIENTED_EDGE('',*,*,#176,.T.);
#176 = EDGE_CURVE('',#169,#89,#177,.T.);
#177 = LINE('',#178,#179);
#178 = CARTESIAN_POINT('',(-2.45,0.5,1.825));
#179 = VECTOR('',#180,1.);
#180 = DIRECTION('',(0.,0.,1.));
#181 = ORIENTED_EDGE('',*,*,#86,.F.);
#182 = ORIENTED_EDGE('',*,*,#183,.T.);
#183 = EDGE_CURVE('',#87,#159,#184,.T.);
#184 = LINE('',#185,#186);
#185 = CARTESIAN_POINT('',(1.4,0.5,3.8));
#186 = VECTOR('',#187,1.);
#187 = DIRECTION('',(0.707106781187,-8.659560562349E-17,-0.707106781187)
  );
#188 = PLANE('',#189);
#189 = AXIS2_PLACEMENT_3D('',#190,#191,#192);
#190 = CARTESIAN_POINT('',(7.45,0.5,3.65));
#191 = DIRECTION('',(1.224646799147E-16,1.,0.));
#192 = DIRECTION('',(0.,-0.,1.));
#193 = ADVANCED_FACE('',(#194),#212,.F.);
#194 = FACE_BOUND('',#195,.T.);
#195 = EDGE_LOOP('',(#196,#197,#198,#206));
#196 = ORIENTED_EDGE('',*,*,#183,.F.);
#197 = ORIENTED_EDGE('',*,*,#144,.T.);
#198 = ORIENTED_EDGE('',*,*,#199,.T.);
#199 = EDGE_CURVE('',#137,#200,#202,.T.);
#200 = VERTEX_POINT('',#201);
#201 = CARTESIAN_POINT('',(-1.6,-2.65,6.8));
#202 = LINE('',#203,#204);
#203 = CARTESIAN_POINT('',(-1.141666666667,-2.191666666667,
    6.341666666667));
#204 = VECTOR('',#205,1.);
#205 = DIRECTION('',(0.57735026919,0.57735026919,-0.57735026919));
#206 = ORIENTED_EDGE('',*,*,#207,.F.);
#207 = EDGE_CURVE('',#159,#200,#208,.T.);
#208 = LINE('',#209,#210);
#209 = CARTESIAN_POINT('',(-1.6,0.5,6.8));
#210 = VECTOR('',#211,1.);
#211 = DIRECTION('',(-1.224646799147E-16,-1.,0.));
#212 = PLANE('',#213);
#213 = AXIS2_PLACEMENT_3D('',#214,#215,#216);
#214 = CARTESIAN_POINT('',(-1.7,0.5,6.9));
#215 = DIRECTION('',(-0.707106781187,8.659560562349E-17,-0.707106781187)
  );
#216 = DIRECTION('',(1.224646799147E-16,1.,-2.105272540809E-29));
#217 = ADVANCED_FACE('',(#218),#277,.F.);
#218 = FACE_BOUND('',#219,.F.);
#219 = EDGE_LOOP('',(#220,#230,#238,#246,#254,#263,#269,#270,#271));
#220 = ORIENTED_EDGE('',*,*,#221,.F.);
#221 = EDGE_CURVE('',#222,#224,#226,.T.);
#222 = VERTEX_POINT('',#223);
#223 = CARTESIAN_POINT('',(-2.45,2.35,0.));
#224 = VERTEX_POINT('',#225);
#225 = CARTESIAN_POINT('',(-2.45,-3.4,0.));
#226 = LINE('',#227,#228);
#227 = CARTESIAN_POINT('',(-2.45,2.35,0.));
#228 = VECTOR('',#229,1.);
#229 = DIRECTION('',(-1.224646799147E-16,-1.,0.));
#230 = ORIENTED_EDGE('',*,*,#231,.T.);
#231 = EDGE_CURVE('',#222,#232,#234,.T.);
#232 = VERTEX_POINT('',#233);
#233 = CARTESIAN_POINT('',(-2.45,2.35,7.));
#234 = LINE('',#235,#236);
#235 = CARTESIAN_POINT('',(-2.45,2.35,0.));
#236 = VECTOR('',#237,1.);
#237 = DIRECTION('',(0.,0.,1.));
#238 = ORIENTED_EDGE('',*,*,#239,.T.);
#239 = EDGE_CURVE('',#232,#240,#242,.T.);
#240 = VERTEX_POINT('',#241);
#241 = CARTESIAN_POINT('',(-2.45,1.5,7.));
#242 = LINE('',#243,#244);
#243 = CARTESIAN_POINT('',(-2.45,2.35,7.));
#244 = VECTOR('',#245,1.);
#245 = DIRECTION('',(-1.224646799147E-16,-1.,0.));
#246 = ORIENTED_EDGE('',*,*,#247,.T.);
#247 = EDGE_CURVE('',#240,#248,#250,.T.);
#248 = VERTEX_POINT('',#249);
#249 = CARTESIAN_POINT('',(-2.45,1.5,4.15));
#250 = LINE('',#251,#252);
#251 = CARTESIAN_POINT('',(-2.45,1.5,3.5));
#252 = VECTOR('',#253,1.);
#253 = DIRECTION('',(-0.,0.,-1.));
#254 = ORIENTED_EDGE('',*,*,#255,.F.);
#255 = EDGE_CURVE('',#256,#248,#258,.T.);
#256 = VERTEX_POINT('',#257);
#257 = CARTESIAN_POINT('',(-2.45,1.,3.65));
#258 = CIRCLE('',#259,0.5);
#259 = AXIS2_PLACEMENT_3D('',#260,#261,#262);
#260 = CARTESIAN_POINT('',(-2.45,1.,4.15));
#261 = DIRECTION('',(1.,-1.224646799147E-16,0.));
#262 = DIRECTION('',(1.224646799147E-16,1.,0.));
#263 = ORIENTED_EDGE('',*,*,#264,.T.);
#264 = EDGE_CURVE('',#256,#169,#265,.T.);
#265 = LINE('',#266,#267);
#266 = CARTESIAN_POINT('',(-2.45,1.675,3.65));
#267 = VECTOR('',#268,1.);
#268 = DIRECTION('',(-1.224646799147E-16,-1.,0.));
#269 = ORIENTED_EDGE('',*,*,#176,.T.);
#270 = ORIENTED_EDGE('',*,*,#96,.T.);
#271 = ORIENTED_EDGE('',*,*,#272,.F.);
#272 = EDGE_CURVE('',#224,#97,#273,.T.);
#273 = LINE('',#274,#275);
#274 = CARTESIAN_POINT('',(-2.45,-3.4,0.));
#275 = VECTOR('',#276,1.);
#276 = DIRECTION('',(0.,0.,1.));
#277 = PLANE('',#278);
#278 = AXIS2_PLACEMENT_3D('',#279,#280,#281);
#279 = CARTESIAN_POINT('',(-2.45,2.35,0.));
#280 = DIRECTION('',(1.,-1.224646799147E-16,0.));
#281 = DIRECTION('',(-1.224646799147E-16,-1.,0.));
#282 = ADVANCED_FACE('',(#283),#301,.F.);
#283 = FACE_BOUND('',#284,.T.);
#284 = EDGE_LOOP('',(#285,#286,#287,#295));
#285 = ORIENTED_EDGE('',*,*,#199,.F.);
#286 = ORIENTED_EDGE('',*,*,#136,.T.);
#287 = ORIENTED_EDGE('',*,*,#288,.T.);
#288 = EDGE_CURVE('',#129,#289,#291,.T.);
#289 = VERTEX_POINT('',#290);
#290 = CARTESIAN_POINT('',(6.6,-2.65,6.8));
#291 = LINE('',#292,#293);
#292 = CARTESIAN_POINT('',(5.3,-1.35,5.5));
#293 = VECTOR('',#294,1.);
#294 = DIRECTION('',(-0.57735026919,0.57735026919,-0.57735026919));
#295 = ORIENTED_EDGE('',*,*,#296,.F.);
#296 = EDGE_CURVE('',#200,#289,#297,.T.);
#297 = LINE('',#298,#299);
#298 = CARTESIAN_POINT('',(-1.6,-2.65,6.8));
#299 = VECTOR('',#300,1.);
#300 = DIRECTION('',(1.,-1.224646799147E-16,0.));
#301 = PLANE('',#302);
#302 = AXIS2_PLACEMENT_3D('',#303,#304,#305);
#303 = CARTESIAN_POINT('',(-1.6,-2.75,6.9));
#304 = DIRECTION('',(-8.659560562349E-17,-0.707106781187,-0.707106781187
    ));
#305 = DIRECTION('',(-1.,1.224646799147E-16,-2.105272540809E-29));
#306 = ADVANCED_FACE('',(#307),#421,.F.);
#307 = FACE_BOUND('',#308,.F.);
#308 = EDGE_LOOP('',(#309,#317,#318,#319,#327,#335,#343,#351,#359,#367,
    #375,#383,#391,#399,#407,#415));
#309 = ORIENTED_EDGE('',*,*,#310,.F.);
#310 = EDGE_CURVE('',#224,#311,#313,.T.);
#311 = VERTEX_POINT('',#312);
#312 = CARTESIAN_POINT('',(-0.75,-3.4,0.));
#313 = LINE('',#314,#315);
#314 = CARTESIAN_POINT('',(-2.45,-3.4,0.));
#315 = VECTOR('',#316,1.);
#316 = DIRECTION('',(1.,-1.224646799147E-16,0.));
#317 = ORIENTED_EDGE('',*,*,#272,.T.);
#318 = ORIENTED_EDGE('',*,*,#104,.T.);
#319 = ORIENTED_EDGE('',*,*,#320,.F.);
#320 = EDGE_CURVE('',#321,#105,#323,.T.);
#321 = VERTEX_POINT('',#322);
#322 = CARTESIAN_POINT('',(7.45,-3.4,0.));
#323 = LINE('',#324,#325);
#324 = CARTESIAN_POINT('',(7.45,-3.4,0.));
#325 = VECTOR('',#326,1.);
#326 = DIRECTION('',(0.,0.,1.));
#327 = ORIENTED_EDGE('',*,*,#328,.F.);
#328 = EDGE_CURVE('',#329,#321,#331,.T.);
#329 = VERTEX_POINT('',#330);
#330 = CARTESIAN_POINT('',(5.75,-3.4,0.));
#331 = LINE('',#332,#333);
#332 = CARTESIAN_POINT('',(-2.45,-3.4,0.));
#333 = VECTOR('',#334,1.);
#334 = DIRECTION('',(1.,-1.224646799147E-16,0.));
#335 = ORIENTED_EDGE('',*,*,#336,.F.);
#336 = EDGE_CURVE('',#337,#329,#339,.T.);
#337 = VERTEX_POINT('',#338);
#338 = CARTESIAN_POINT('',(5.75,-3.4,1.));
#339 = LINE('',#340,#341);
#340 = CARTESIAN_POINT('',(5.75,-3.4,1.));
#341 = VECTOR('',#342,1.);
#342 = DIRECTION('',(-0.,0.,-1.));
#343 = ORIENTED_EDGE('',*,*,#344,.T.);
#344 = EDGE_CURVE('',#337,#345,#347,.T.);
#345 = VERTEX_POINT('',#346);
#346 = CARTESIAN_POINT('',(4.25,-3.4,1.));
#347 = LINE('',#348,#349);
#348 = CARTESIAN_POINT('',(5.75,-3.4,1.));
#349 = VECTOR('',#350,1.);
#350 = DIRECTION('',(-1.,1.224646799147E-16,0.));
#351 = ORIENTED_EDGE('',*,*,#352,.T.);
#352 = EDGE_CURVE('',#345,#353,#355,.T.);
#353 = VERTEX_POINT('',#354);
#354 = CARTESIAN_POINT('',(4.25,-3.4,0.));
#355 = LINE('',#356,#357);
#356 = CARTESIAN_POINT('',(4.25,-3.4,1.));
#357 = VECTOR('',#358,1.);
#358 = DIRECTION('',(-0.,0.,-1.));
#359 = ORIENTED_EDGE('',*,*,#360,.F.);
#360 = EDGE_CURVE('',#361,#353,#363,.T.);
#361 = VERTEX_POINT('',#362);
#362 = CARTESIAN_POINT('',(3.25,-3.4,0.));
#363 = LINE('',#364,#365);
#364 = CARTESIAN_POINT('',(-2.45,-3.4,0.));
#365 = VECTOR('',#366,1.);
#366 = DIRECTION('',(1.,-1.224646799147E-16,0.));
#367 = ORIENTED_EDGE('',*,*,#368,.F.);
#368 = EDGE_CURVE('',#369,#361,#371,.T.);
#369 = VERTEX_POINT('',#370);
#370 = CARTESIAN_POINT('',(3.25,-3.4,1.));
#371 = LINE('',#372,#373);
#372 = CARTESIAN_POINT('',(3.25,-3.4,1.));
#373 = VECTOR('',#374,1.);
#374 = DIRECTION('',(-0.,0.,-1.));
#375 = ORIENTED_EDGE('',*,*,#376,.T.);
#376 = EDGE_CURVE('',#369,#377,#379,.T.);
#377 = VERTEX_POINT('',#378);
#378 = CARTESIAN_POINT('',(1.75,-3.4,1.));
#379 = LINE('',#380,#381);
#380 = CARTESIAN_POINT('',(3.25,-3.4,1.));
#381 = VECTOR('',#382,1.);
#382 = DIRECTION('',(-1.,1.224646799147E-16,0.));
#383 = ORIENTED_EDGE('',*,*,#384,.T.);
#384 = EDGE_CURVE('',#377,#385,#387,.T.);
#385 = VERTEX_POINT('',#386);
#386 = CARTESIAN_POINT('',(1.75,-3.4,0.));
#387 = LINE('',#388,#389);
#388 = CARTESIAN_POINT('',(1.75,-3.4,1.));
#389 = VECTOR('',#390,1.);
#390 = DIRECTION('',(-0.,0.,-1.));
#391 = ORIENTED_EDGE('',*,*,#392,.F.);
#392 = EDGE_CURVE('',#393,#385,#395,.T.);
#393 = VERTEX_POINT('',#394);
#394 = CARTESIAN_POINT('',(0.75,-3.4,0.));
#395 = LINE('',#396,#397);
#396 = CARTESIAN_POINT('',(-2.45,-3.4,0.));
#397 = VECTOR('',#398,1.);
#398 = DIRECTION('',(1.,-1.224646799147E-16,0.));
#399 = ORIENTED_EDGE('',*,*,#400,.F.);
#400 = EDGE_CURVE('',#401,#393,#403,.T.);
#401 = VERTEX_POINT('',#402);
#402 = CARTESIAN_POINT('',(0.75,-3.4,1.));
#403 = LINE('',#404,#405);
#404 = CARTESIAN_POINT('',(0.75,-3.4,1.));
#405 = VECTOR('',#406,1.);
#406 = DIRECTION('',(-0.,0.,-1.));
#407 = ORIENTED_EDGE('',*,*,#408,.T.);
#408 = EDGE_CURVE('',#401,#409,#411,.T.);
#409 = VERTEX_POINT('',#410);
#410 = CARTESIAN_POINT('',(-0.75,-3.4,1.));
#411 = LINE('',#412,#413);
#412 = CARTESIAN_POINT('',(0.75,-3.4,1.));
#413 = VECTOR('',#414,1.);
#414 = DIRECTION('',(-1.,1.224646799147E-16,0.));
#415 = ORIENTED_EDGE('',*,*,#416,.T.);
#416 = EDGE_CURVE('',#409,#311,#417,.T.);
#417 = LINE('',#418,#419);
#418 = CARTESIAN_POINT('',(-0.75,-3.4,1.));
#419 = VECTOR('',#420,1.);
#420 = DIRECTION('',(-0.,0.,-1.));
#421 = PLANE('',#422);
#422 = AXIS2_PLACEMENT_3D('',#423,#424,#425);
#423 = CARTESIAN_POINT('',(-2.45,-3.4,0.));
#424 = DIRECTION('',(1.224646799147E-16,1.,0.));
#425 = DIRECTION('',(1.,-1.224646799147E-16,0.));
#426 = ADVANCED_FACE('',(#427),#445,.F.);
#427 = FACE_BOUND('',#428,.T.);
#428 = EDGE_LOOP('',(#429,#430,#431,#439));
#429 = ORIENTED_EDGE('',*,*,#288,.F.);
#430 = ORIENTED_EDGE('',*,*,#128,.T.);
#431 = ORIENTED_EDGE('',*,*,#432,.T.);
#432 = EDGE_CURVE('',#121,#433,#435,.T.);
#433 = VERTEX_POINT('',#434);
#434 = CARTESIAN_POINT('',(6.6,0.5,6.8));
#435 = LINE('',#436,#437);
#436 = CARTESIAN_POINT('',(6.075,0.5,6.275));
#437 = VECTOR('',#438,1.);
#438 = DIRECTION('',(-0.707106781187,8.659560562349E-17,-0.707106781187)
  );
#439 = ORIENTED_EDGE('',*,*,#440,.F.);
#440 = EDGE_CURVE('',#289,#433,#441,.T.);
#441 = LINE('',#442,#443);
#442 = CARTESIAN_POINT('',(6.6,-2.65,6.8));
#443 = VECTOR('',#444,1.);
#444 = DIRECTION('',(1.224646799147E-16,1.,0.));
#445 = PLANE('',#446);
#446 = AXIS2_PLACEMENT_3D('',#447,#448,#449);
#447 = CARTESIAN_POINT('',(6.7,-2.65,6.9));
#448 = DIRECTION('',(0.707106781187,-8.659560562349E-17,-0.707106781187)
  );
#449 = DIRECTION('',(-1.224646799147E-16,-1.,-2.105272540809E-29));
#450 = ADVANCED_FACE('',(#451),#510,.F.);
#451 = FACE_BOUND('',#452,.F.);
#452 = EDGE_LOOP('',(#453,#461,#462,#463,#471,#479,#488,#496,#504));
#453 = ORIENTED_EDGE('',*,*,#454,.F.);
#454 = EDGE_CURVE('',#321,#455,#457,.T.);
#455 = VERTEX_POINT('',#456);
#456 = CARTESIAN_POINT('',(7.45,2.35,0.));
#457 = LINE('',#458,#459);
#458 = CARTESIAN_POINT('',(7.45,-3.4,0.));
#459 = VECTOR('',#460,1.);
#460 = DIRECTION('',(1.224646799147E-16,1.,0.));
#461 = ORIENTED_EDGE('',*,*,#320,.T.);
#462 = ORIENTED_EDGE('',*,*,#112,.T.);
#463 = ORIENTED_EDGE('',*,*,#464,.F.);
#464 = EDGE_CURVE('',#465,#113,#467,.T.);
#465 = VERTEX_POINT('',#466);
#466 = CARTESIAN_POINT('',(7.45,0.5,3.65));
#467 = LINE('',#468,#469);
#468 = CARTESIAN_POINT('',(7.45,0.5,3.65));
#469 = VECTOR('',#470,1.);
#470 = DIRECTION('',(0.,0.,1.));
#471 = ORIENTED_EDGE('',*,*,#472,.F.);
#472 = EDGE_CURVE('',#473,#465,#475,.T.);
#473 = VERTEX_POINT('',#474);
#474 = CARTESIAN_POINT('',(7.45,1.,3.65));
#475 = LINE('',#476,#477);
#476 = CARTESIAN_POINT('',(7.45,1.,3.65));
#477 = VECTOR('',#478,1.);
#478 = DIRECTION('',(-1.224646799147E-16,-1.,0.));
#479 = ORIENTED_EDGE('',*,*,#480,.F.);
#480 = EDGE_CURVE('',#481,#473,#483,.T.);
#481 = VERTEX_POINT('',#482);
#482 = CARTESIAN_POINT('',(7.45,1.5,4.15));
#483 = CIRCLE('',#484,0.5);
#484 = AXIS2_PLACEMENT_3D('',#485,#486,#487);
#485 = CARTESIAN_POINT('',(7.45,1.,4.15));
#486 = DIRECTION('',(-1.,1.224646799147E-16,0.));
#487 = DIRECTION('',(1.224646799147E-16,1.,0.));
#488 = ORIENTED_EDGE('',*,*,#489,.F.);
#489 = EDGE_CURVE('',#490,#481,#492,.T.);
#490 = VERTEX_POINT('',#491);
#491 = CARTESIAN_POINT('',(7.45,1.5,7.));
#492 = LINE('',#493,#494);
#493 = CARTESIAN_POINT('',(7.45,1.5,7.));
#494 = VECTOR('',#495,1.);
#495 = DIRECTION('',(-0.,0.,-1.));
#496 = ORIENTED_EDGE('',*,*,#497,.T.);
#497 = EDGE_CURVE('',#490,#498,#500,.T.);
#498 = VERTEX_POINT('',#499);
#499 = CARTESIAN_POINT('',(7.45,2.35,7.));
#500 = LINE('',#501,#502);
#501 = CARTESIAN_POINT('',(7.45,-3.4,7.));
#502 = VECTOR('',#503,1.);
#503 = DIRECTION('',(1.224646799147E-16,1.,0.));
#504 = ORIENTED_EDGE('',*,*,#505,.F.);
#505 = EDGE_CURVE('',#455,#498,#506,.T.);
#506 = LINE('',#507,#508);
#507 = CARTESIAN_POINT('',(7.45,2.35,0.));
#508 = VECTOR('',#509,1.);
#509 = DIRECTION('',(0.,0.,1.));
#510 = PLANE('',#511);
#511 = AXIS2_PLACEMENT_3D('',#512,#513,#514);
#512 = CARTESIAN_POINT('',(7.45,-3.4,0.));
#513 = DIRECTION('',(-1.,1.224646799147E-16,0.));
#514 = DIRECTION('',(1.224646799147E-16,1.,0.));
#515 = ADVANCED_FACE('',(#516),#535,.T.);
#516 = FACE_BOUND('',#517,.T.);
#517 = EDGE_LOOP('',(#518,#519,#520,#528,#534));
#518 = ORIENTED_EDGE('',*,*,#120,.F.);
#519 = ORIENTED_EDGE('',*,*,#464,.F.);
#520 = ORIENTED_EDGE('',*,*,#521,.T.);
#521 = EDGE_CURVE('',#465,#522,#524,.T.);
#522 = VERTEX_POINT('',#523);
#523 = CARTESIAN_POINT('',(6.6,0.5,3.65));
#524 = LINE('',#525,#526);
#525 = CARTESIAN_POINT('',(7.45,0.5,3.65));
#526 = VECTOR('',#527,1.);
#527 = DIRECTION('',(-1.,1.224646799147E-16,0.));
#528 = ORIENTED_EDGE('',*,*,#529,.T.);
#529 = EDGE_CURVE('',#522,#433,#530,.T.);
#530 = LINE('',#531,#532);
#531 = CARTESIAN_POINT('',(6.6,0.5,5.325));
#532 = VECTOR('',#533,1.);
#533 = DIRECTION('',(0.,0.,1.));
#534 = ORIENTED_EDGE('',*,*,#432,.F.);
#535 = PLANE('',#536);
#536 = AXIS2_PLACEMENT_3D('',#537,#538,#539);
#537 = CARTESIAN_POINT('',(7.45,0.5,3.65));
#538 = DIRECTION('',(1.224646799147E-16,1.,0.));
#539 = DIRECTION('',(0.,-0.,1.));
#540 = ADVANCED_FACE('',(#541),#584,.F.);
#541 = FACE_BOUND('',#542,.F.);
#542 = EDGE_LOOP('',(#543,#544,#552,#561,#569,#577,#583));
#543 = ORIENTED_EDGE('',*,*,#158,.T.);
#544 = ORIENTED_EDGE('',*,*,#545,.T.);
#545 = EDGE_CURVE('',#161,#546,#548,.T.);
#546 = VERTEX_POINT('',#547);
#547 = CARTESIAN_POINT('',(-1.6,1.,3.65));
#548 = LINE('',#549,#550);
#549 = CARTESIAN_POINT('',(-1.6,1.25,3.65));
#550 = VECTOR('',#551,1.);
#551 = DIRECTION('',(1.224646799147E-16,1.,0.));
#552 = ORIENTED_EDGE('',*,*,#553,.T.);
#553 = EDGE_CURVE('',#546,#554,#556,.T.);
#554 = VERTEX_POINT('',#555);
#555 = CARTESIAN_POINT('',(-1.6,1.5,4.15));
#556 = CIRCLE('',#557,0.5);
#557 = AXIS2_PLACEMENT_3D('',#558,#559,#560);
#558 = CARTESIAN_POINT('',(-1.6,1.,4.15));
#559 = DIRECTION('',(1.,-1.224646799147E-16,0.));
#560 = DIRECTION('',(1.224646799147E-16,1.,0.));
#561 = ORIENTED_EDGE('',*,*,#562,.T.);
#562 = EDGE_CURVE('',#554,#563,#565,.T.);
#563 = VERTEX_POINT('',#564);
#564 = CARTESIAN_POINT('',(-1.6,1.5,1.85));
#565 = LINE('',#566,#567);
#566 = CARTESIAN_POINT('',(-1.6,1.5,7.));
#567 = VECTOR('',#568,1.);
#568 = DIRECTION('',(0.,0.,-1.));
#569 = ORIENTED_EDGE('',*,*,#570,.T.);
#570 = EDGE_CURVE('',#563,#571,#573,.T.);
#571 = VERTEX_POINT('',#572);
#572 = CARTESIAN_POINT('',(-1.6,-2.65,1.85));
#573 = LINE('',#574,#575);
#574 = CARTESIAN_POINT('',(-1.6,1.5,1.85));
#575 = VECTOR('',#576,1.);
#576 = DIRECTION('',(-1.224646799147E-16,-1.,0.));
#577 = ORIENTED_EDGE('',*,*,#578,.F.);
#578 = EDGE_CURVE('',#200,#571,#579,.T.);
#579 = LINE('',#580,#581);
#580 = CARTESIAN_POINT('',(-1.6,-2.65,7.));
#581 = VECTOR('',#582,1.);
#582 = DIRECTION('',(0.,0.,-1.));
#583 = ORIENTED_EDGE('',*,*,#207,.F.);
#584 = PLANE('',#585);
#585 = AXIS2_PLACEMENT_3D('',#586,#587,#588);
#586 = CARTESIAN_POINT('',(-1.6,1.5,7.));
#587 = DIRECTION('',(-1.,1.224646799147E-16,0.));
#588 = DIRECTION('',(-1.224646799147E-16,-1.,0.));
#589 = ADVANCED_FACE('',(#590),#601,.T.);
#590 = FACE_BOUND('',#591,.T.);
#591 = EDGE_LOOP('',(#592,#593,#599,#600));
#592 = ORIENTED_EDGE('',*,*,#545,.T.);
#593 = ORIENTED_EDGE('',*,*,#594,.T.);
#594 = EDGE_CURVE('',#546,#256,#595,.T.);
#595 = LINE('',#596,#597);
#596 = CARTESIAN_POINT('',(7.45,1.,3.65));
#597 = VECTOR('',#598,1.);
#598 = DIRECTION('',(-1.,1.224646799147E-16,0.));
#599 = ORIENTED_EDGE('',*,*,#264,.T.);
#600 = ORIENTED_EDGE('',*,*,#168,.F.);
#601 = PLANE('',#602);
#602 = AXIS2_PLACEMENT_3D('',#603,#604,#605);
#603 = CARTESIAN_POINT('',(7.45,1.,3.65));
#604 = DIRECTION('',(0.,0.,1.));
#605 = DIRECTION('',(-1.224646799147E-16,-1.,0.));
#606 = ADVANCED_FACE('',(#607),#625,.F.);
#607 = FACE_BOUND('',#608,.F.);
#608 = EDGE_LOOP('',(#609,#610,#611,#619));
#609 = ORIENTED_EDGE('',*,*,#221,.T.);
#610 = ORIENTED_EDGE('',*,*,#310,.T.);
#611 = ORIENTED_EDGE('',*,*,#612,.T.);
#612 = EDGE_CURVE('',#311,#613,#615,.T.);
#613 = VERTEX_POINT('',#614);
#614 = CARTESIAN_POINT('',(-0.75,2.35,0.));
#615 = LINE('',#616,#617);
#616 = CARTESIAN_POINT('',(-0.75,-3.4,0.));
#617 = VECTOR('',#618,1.);
#618 = DIRECTION('',(1.224646799147E-16,1.,0.));
#619 = ORIENTED_EDGE('',*,*,#620,.T.);
#620 = EDGE_CURVE('',#613,#222,#621,.T.);
#621 = LINE('',#622,#623);
#622 = CARTESIAN_POINT('',(7.45,2.35,0.));
#623 = VECTOR('',#624,1.);
#624 = DIRECTION('',(-1.,1.224646799147E-16,0.));
#625 = PLANE('',#626);
#626 = AXIS2_PLACEMENT_3D('',#627,#628,#629);
#627 = CARTESIAN_POINT('',(2.5,-0.525,0.));
#628 = DIRECTION('',(0.,0.,1.));
#629 = DIRECTION('',(-1.,1.224646799147E-16,0.));
#630 = ADVANCED_FACE('',(#631),#642,.F.);
#631 = FACE_BOUND('',#632,.F.);
#632 = EDGE_LOOP('',(#633,#634,#635,#641));
#633 = ORIENTED_EDGE('',*,*,#594,.T.);
#634 = ORIENTED_EDGE('',*,*,#255,.T.);
#635 = ORIENTED_EDGE('',*,*,#636,.F.);
#636 = EDGE_CURVE('',#554,#248,#637,.T.);
#637 = LINE('',#638,#639);
#638 = CARTESIAN_POINT('',(7.45,1.5,4.15));
#639 = VECTOR('',#640,1.);
#640 = DIRECTION('',(-1.,1.224646799147E-16,0.));
#641 = ORIENTED_EDGE('',*,*,#553,.F.);
#642 = CYLINDRICAL_SURFACE('',#643,0.5);
#643 = AXIS2_PLACEMENT_3D('',#644,#645,#646);
#644 = CARTESIAN_POINT('',(7.45,1.,4.15));
#645 = DIRECTION('',(1.,-1.224646799147E-16,-0.));
#646 = DIRECTION('',(1.224646799147E-16,1.,0.));
#647 = ADVANCED_FACE('',(#648),#812,.T.);
#648 = FACE_BOUND('',#649,.T.);
#649 = EDGE_LOOP('',(#650,#651,#659,#667,#675,#683,#691,#700,#708,#716,
    #724,#732,#740,#749,#757,#765,#773,#781,#787,#788,#789,#790,#798,
    #806));
#650 = ORIENTED_EDGE('',*,*,#489,.F.);
#651 = ORIENTED_EDGE('',*,*,#652,.T.);
#652 = EDGE_CURVE('',#490,#653,#655,.T.);
#653 = VERTEX_POINT('',#654);
#654 = CARTESIAN_POINT('',(5.5,1.5,7.));
#655 = LINE('',#656,#657);
#656 = CARTESIAN_POINT('',(7.45,1.5,7.));
#657 = VECTOR('',#658,1.);
#658 = DIRECTION('',(-1.,1.224646799147E-16,0.));
#659 = ORIENTED_EDGE('',*,*,#660,.T.);
#660 = EDGE_CURVE('',#653,#661,#663,.T.);
#661 = VERTEX_POINT('',#662);
#662 = CARTESIAN_POINT('',(5.5,1.5,6.1));
#663 = LINE('',#664,#665);
#664 = CARTESIAN_POINT('',(5.5,1.5,5.327450166113));
#665 = VECTOR('',#666,1.);
#666 = DIRECTION('',(-4.93432455389E-16,8.449221308824E-17,-1.));
#667 = ORIENTED_EDGE('',*,*,#668,.T.);
#668 = EDGE_CURVE('',#661,#669,#671,.T.);
#669 = VERTEX_POINT('',#670);
#670 = CARTESIAN_POINT('',(5.25,1.5,5.85));
#671 = LINE('',#672,#673);
#672 = CARTESIAN_POINT('',(4.238725083056,1.5,4.838725083056));
#673 = VECTOR('',#674,1.);
#674 = DIRECTION('',(-0.707106781187,1.463406224556E-16,-0.707106781187)
  );
#675 = ORIENTED_EDGE('',*,*,#676,.T.);
#676 = EDGE_CURVE('',#669,#677,#679,.T.);
#677 = VERTEX_POINT('',#678);
#678 = CARTESIAN_POINT('',(5.5,1.5,5.6));
#679 = LINE('',#680,#681);
#680 = CARTESIAN_POINT('',(5.011274916944,1.5,6.088725083056));
#681 = VECTOR('',#682,1.);
#682 = DIRECTION('',(0.707106781187,-2.685058879138E-17,-0.707106781187)
  );
#683 = ORIENTED_EDGE('',*,*,#684,.T.);
#684 = EDGE_CURVE('',#677,#685,#687,.T.);
#685 = VERTEX_POINT('',#686);
#686 = CARTESIAN_POINT('',(5.5,1.5,3.85));
#687 = LINE('',#688,#689);
#688 = CARTESIAN_POINT('',(5.5,1.5,3.827450166113));
#689 = VECTOR('',#690,1.);
#690 = DIRECTION('',(1.034731183114E-32,8.449221308824E-17,-1.));
#691 = ORIENTED_EDGE('',*,*,#692,.F.);
#692 = EDGE_CURVE('',#693,#685,#695,.T.);
#693 = VERTEX_POINT('',#694);
#694 = CARTESIAN_POINT('',(4.75,1.5,3.1));
#695 = CIRCLE('',#696,0.75);
#696 = AXIS2_PLACEMENT_3D('',#697,#698,#699);
#697 = CARTESIAN_POINT('',(4.75,1.5,3.85));
#698 = DIRECTION('',(-1.224646799147E-16,-1.,0.));
#699 = DIRECTION('',(-0.,0.,-1.));
#700 = ORIENTED_EDGE('',*,*,#701,.T.);
#701 = EDGE_CURVE('',#693,#702,#704,.T.);
#702 = VERTEX_POINT('',#703);
#703 = CARTESIAN_POINT('',(4.,1.5,3.1));
#704 = LINE('',#705,#706);
#705 = CARTESIAN_POINT('',(3.25,1.5,3.1));
#706 = VECTOR('',#707,1.);
#707 = DIRECTION('',(-1.,1.224646799147E-16,0.));
#708 = ORIENTED_EDGE('',*,*,#709,.T.);
#709 = EDGE_CURVE('',#702,#710,#712,.T.);
#710 = VERTEX_POINT('',#711);
#711 = CARTESIAN_POINT('',(4.,1.5,7.));
#712 = LINE('',#713,#714);
#713 = CARTESIAN_POINT('',(4.,1.5,5.777450166113));
#714 = VECTOR('',#715,1.);
#715 = DIRECTION('',(-1.034731183114E-32,-8.449221308824E-17,1.));
#716 = ORIENTED_EDGE('',*,*,#717,.T.);
#717 = EDGE_CURVE('',#710,#718,#720,.T.);
#718 = VERTEX_POINT('',#719);
#719 = CARTESIAN_POINT('',(1.,1.5,7.));
#720 = LINE('',#721,#722);
#721 = CARTESIAN_POINT('',(7.45,1.5,7.));
#722 = VECTOR('',#723,1.);
#723 = DIRECTION('',(-1.,1.224646799147E-16,0.));
#724 = ORIENTED_EDGE('',*,*,#725,.F.);
#725 = EDGE_CURVE('',#726,#718,#728,.T.);
#726 = VERTEX_POINT('',#727);
#727 = CARTESIAN_POINT('',(1.,1.5,3.1));
#728 = LINE('',#729,#730);
#729 = CARTESIAN_POINT('',(1.,1.5,5.777450166113));
#730 = VECTOR('',#731,1.);
#731 = DIRECTION('',(-1.034731183114E-32,-8.449221308824E-17,1.));
#732 = ORIENTED_EDGE('',*,*,#733,.F.);
#733 = EDGE_CURVE('',#734,#726,#736,.T.);
#734 = VERTEX_POINT('',#735);
#735 = CARTESIAN_POINT('',(0.25,1.5,3.1));
#736 = LINE('',#737,#738);
#737 = CARTESIAN_POINT('',(1.75,1.5,3.1));
#738 = VECTOR('',#739,1.);
#739 = DIRECTION('',(1.,-1.224646799147E-16,-0.));
#740 = ORIENTED_EDGE('',*,*,#741,.F.);
#741 = EDGE_CURVE('',#742,#734,#744,.T.);
#742 = VERTEX_POINT('',#743);
#743 = CARTESIAN_POINT('',(-0.5,1.5,3.85));
#744 = CIRCLE('',#745,0.75);
#745 = AXIS2_PLACEMENT_3D('',#746,#747,#748);
#746 = CARTESIAN_POINT('',(0.25,1.5,3.85));
#747 = DIRECTION('',(-1.224646799147E-16,-1.,0.));
#748 = DIRECTION('',(-0.,0.,-1.));
#749 = ORIENTED_EDGE('',*,*,#750,.F.);
#750 = EDGE_CURVE('',#751,#742,#753,.T.);
#751 = VERTEX_POINT('',#752);
#752 = CARTESIAN_POINT('',(-0.5,1.5,5.6));
#753 = LINE('',#754,#755);
#754 = CARTESIAN_POINT('',(-0.5,1.5,3.827450166113));
#755 = VECTOR('',#756,1.);
#756 = DIRECTION('',(1.034731183114E-32,8.449221308824E-17,-1.));
#757 = ORIENTED_EDGE('',*,*,#758,.F.);
#758 = EDGE_CURVE('',#759,#751,#761,.T.);
#759 = VERTEX_POINT('',#760);
#760 = CARTESIAN_POINT('',(-0.25,1.5,5.85));
#761 = LINE('',#762,#763);
#762 = CARTESIAN_POINT('',(-1.127491694352E-02,1.5,6.088725083056));
#763 = VECTOR('',#764,1.);
#764 = DIRECTION('',(-0.707106781187,1.463406224556E-16,-0.707106781187)
  );
#765 = ORIENTED_EDGE('',*,*,#766,.F.);
#766 = EDGE_CURVE('',#767,#759,#769,.T.);
#767 = VERTEX_POINT('',#768);
#768 = CARTESIAN_POINT('',(-0.5,1.5,6.1));
#769 = LINE('',#770,#771);
#770 = CARTESIAN_POINT('',(0.761274916944,1.5,4.838725083056));
#771 = VECTOR('',#772,1.);
#772 = DIRECTION('',(0.707106781187,-2.685058879138E-17,-0.707106781187)
  );
#773 = ORIENTED_EDGE('',*,*,#774,.F.);
#774 = EDGE_CURVE('',#775,#767,#777,.T.);
#775 = VERTEX_POINT('',#776);
#776 = CARTESIAN_POINT('',(-0.5,1.5,7.));
#777 = LINE('',#778,#779);
#778 = CARTESIAN_POINT('',(-0.5,1.5,5.327450166113));
#779 = VECTOR('',#780,1.);
#780 = DIRECTION('',(1.034731183114E-32,8.449221308824E-17,-1.));
#781 = ORIENTED_EDGE('',*,*,#782,.T.);
#782 = EDGE_CURVE('',#775,#240,#783,.T.);
#783 = LINE('',#784,#785);
#784 = CARTESIAN_POINT('',(7.45,1.5,7.));
#785 = VECTOR('',#786,1.);
#786 = DIRECTION('',(-1.,1.224646799147E-16,0.));
#787 = ORIENTED_EDGE('',*,*,#247,.T.);
#788 = ORIENTED_EDGE('',*,*,#636,.F.);
#789 = ORIENTED_EDGE('',*,*,#562,.T.);
#790 = ORIENTED_EDGE('',*,*,#791,.F.);
#791 = EDGE_CURVE('',#792,#563,#794,.T.);
#792 = VERTEX_POINT('',#793);
#793 = CARTESIAN_POINT('',(6.6,1.5,1.85));
#794 = LINE('',#795,#796);
#795 = CARTESIAN_POINT('',(6.6,1.5,1.85));
#796 = VECTOR('',#797,1.);
#797 = DIRECTION('',(-1.,1.224646799147E-16,0.));
#798 = ORIENTED_EDGE('',*,*,#799,.F.);
#799 = EDGE_CURVE('',#800,#792,#802,.T.);
#800 = VERTEX_POINT('',#801);
#801 = CARTESIAN_POINT('',(6.6,1.5,4.15));
#802 = LINE('',#803,#804);
#803 = CARTESIAN_POINT('',(6.6,1.5,7.));
#804 = VECTOR('',#805,1.);
#805 = DIRECTION('',(0.,0.,-1.));
#806 = ORIENTED_EDGE('',*,*,#807,.F.);
#807 = EDGE_CURVE('',#481,#800,#808,.T.);
#808 = LINE('',#809,#810);
#809 = CARTESIAN_POINT('',(7.45,1.5,4.15));
#810 = VECTOR('',#811,1.);
#811 = DIRECTION('',(-1.,1.224646799147E-16,0.));
#812 = PLANE('',#813);
#813 = AXIS2_PLACEMENT_3D('',#814,#815,#816);
#814 = CARTESIAN_POINT('',(2.5,1.5,4.554900332226));
#815 = DIRECTION('',(-1.224646799147E-16,-1.,-8.449221308824E-17));
#816 = DIRECTION('',(-1.034731183114E-32,-8.449221308824E-17,1.));
#817 = ADVANCED_FACE('',(#818),#836,.T.);
#818 = FACE_BOUND('',#819,.T.);
#819 = EDGE_LOOP('',(#820,#821,#829,#835));
#820 = ORIENTED_EDGE('',*,*,#782,.F.);
#821 = ORIENTED_EDGE('',*,*,#822,.F.);
#822 = EDGE_CURVE('',#823,#775,#825,.T.);
#823 = VERTEX_POINT('',#824);
#824 = CARTESIAN_POINT('',(-0.5,2.35,7.));
#825 = LINE('',#826,#827);
#826 = CARTESIAN_POINT('',(-0.5,2.35,7.));
#827 = VECTOR('',#828,1.);
#828 = DIRECTION('',(-1.224646799147E-16,-1.,0.));
#829 = ORIENTED_EDGE('',*,*,#830,.T.);
#830 = EDGE_CURVE('',#823,#232,#831,.T.);
#831 = LINE('',#832,#833);
#832 = CARTESIAN_POINT('',(7.45,2.35,7.));
#833 = VECTOR('',#834,1.);
#834 = DIRECTION('',(-1.,1.224646799147E-16,0.));
#835 = ORIENTED_EDGE('',*,*,#239,.T.);
#836 = PLANE('',#837);
#837 = AXIS2_PLACEMENT_3D('',#838,#839,#840);
#838 = CARTESIAN_POINT('',(2.5,-0.525,7.));
#839 = DIRECTION('',(0.,0.,1.));
#840 = DIRECTION('',(-1.,1.224646799147E-16,0.));
#841 = ADVANCED_FACE('',(#842),#1070,.F.);
#842 = FACE_BOUND('',#843,.F.);
#843 = EDGE_LOOP('',(#844,#852,#853,#861,#869,#877,#885,#893,#902,#910,
    #918,#926,#934,#942,#951,#959,#967,#975,#981,#982,#983,#984,#992,
    #1000,#1008,#1016,#1024,#1032,#1040,#1048,#1056,#1064));
#844 = ORIENTED_EDGE('',*,*,#845,.F.);
#845 = EDGE_CURVE('',#455,#846,#848,.T.);
#846 = VERTEX_POINT('',#847);
#847 = CARTESIAN_POINT('',(5.75,2.35,0.));
#848 = LINE('',#849,#850);
#849 = CARTESIAN_POINT('',(7.45,2.35,0.));
#850 = VECTOR('',#851,1.);
#851 = DIRECTION('',(-1.,1.224646799147E-16,0.));
#852 = ORIENTED_EDGE('',*,*,#505,.T.);
#853 = ORIENTED_EDGE('',*,*,#854,.T.);
#854 = EDGE_CURVE('',#498,#855,#857,.T.);
#855 = VERTEX_POINT('',#856);
#856 = CARTESIAN_POINT('',(5.5,2.35,7.));
#857 = LINE('',#858,#859);
#858 = CARTESIAN_POINT('',(7.45,2.35,7.));
#859 = VECTOR('',#860,1.);
#860 = DIRECTION('',(-1.,1.224646799147E-16,0.));
#861 = ORIENTED_EDGE('',*,*,#862,.F.);
#862 = EDGE_CURVE('',#863,#855,#865,.T.);
#863 = VERTEX_POINT('',#864);
#864 = CARTESIAN_POINT('',(5.5,2.35,6.1));
#865 = LINE('',#866,#867);
#866 = CARTESIAN_POINT('',(5.5,2.35,6.1));
#867 = VECTOR('',#868,1.);
#868 = DIRECTION('',(4.93432455389E-16,-6.042804770875E-32,1.));
#869 = ORIENTED_EDGE('',*,*,#870,.F.);
#870 = EDGE_CURVE('',#871,#863,#873,.T.);
#871 = VERTEX_POINT('',#872);
#872 = CARTESIAN_POINT('',(5.25,2.35,5.85));
#873 = LINE('',#874,#875);
#874 = CARTESIAN_POINT('',(5.25,2.35,5.85));
#875 = VECTOR('',#876,1.);
#876 = DIRECTION('',(0.707106781187,-8.659560562349E-17,0.707106781187)
  );
#877 = ORIENTED_EDGE('',*,*,#878,.F.);
#878 = EDGE_CURVE('',#879,#871,#881,.T.);
#879 = VERTEX_POINT('',#880);
#880 = CARTESIAN_POINT('',(5.5,2.35,5.6));
#881 = LINE('',#882,#883);
#882 = CARTESIAN_POINT('',(5.5,2.35,5.6));
#883 = VECTOR('',#884,1.);
#884 = DIRECTION('',(-0.707106781187,8.659560562349E-17,0.707106781187)
  );
#885 = ORIENTED_EDGE('',*,*,#886,.F.);
#886 = EDGE_CURVE('',#887,#879,#889,.T.);
#887 = VERTEX_POINT('',#888);
#888 = CARTESIAN_POINT('',(5.5,2.35,3.85));
#889 = LINE('',#890,#891);
#890 = CARTESIAN_POINT('',(5.5,2.35,3.1));
#891 = VECTOR('',#892,1.);
#892 = DIRECTION('',(0.,0.,1.));
#893 = ORIENTED_EDGE('',*,*,#894,.F.);
#894 = EDGE_CURVE('',#895,#887,#897,.T.);
#895 = VERTEX_POINT('',#896);
#896 = CARTESIAN_POINT('',(4.75,2.35,3.1));
#897 = CIRCLE('',#898,0.75);
#898 = AXIS2_PLACEMENT_3D('',#899,#900,#901);
#899 = CARTESIAN_POINT('',(4.75,2.35,3.85));
#900 = DIRECTION('',(-1.224646799147E-16,-1.,0.));
#901 = DIRECTION('',(0.,0.,1.));
#902 = ORIENTED_EDGE('',*,*,#903,.F.);
#903 = EDGE_CURVE('',#904,#895,#906,.T.);
#904 = VERTEX_POINT('',#905);
#905 = CARTESIAN_POINT('',(4.,2.35,3.1));
#906 = LINE('',#907,#908);
#907 = CARTESIAN_POINT('',(4.,2.35,3.1));
#908 = VECTOR('',#909,1.);
#909 = DIRECTION('',(1.,-1.224646799147E-16,0.));
#910 = ORIENTED_EDGE('',*,*,#911,.F.);
#911 = EDGE_CURVE('',#912,#904,#914,.T.);
#912 = VERTEX_POINT('',#913);
#913 = CARTESIAN_POINT('',(4.,2.35,7.));
#914 = LINE('',#915,#916);
#915 = CARTESIAN_POINT('',(4.,2.35,7.));
#916 = VECTOR('',#917,1.);
#917 = DIRECTION('',(-0.,0.,-1.));
#918 = ORIENTED_EDGE('',*,*,#919,.T.);
#919 = EDGE_CURVE('',#912,#920,#922,.T.);
#920 = VERTEX_POINT('',#921);
#921 = CARTESIAN_POINT('',(1.,2.35,7.));
#922 = LINE('',#923,#924);
#923 = CARTESIAN_POINT('',(7.45,2.35,7.));
#924 = VECTOR('',#925,1.);
#925 = DIRECTION('',(-1.,1.224646799147E-16,0.));
#926 = ORIENTED_EDGE('',*,*,#927,.T.);
#927 = EDGE_CURVE('',#920,#928,#930,.T.);
#928 = VERTEX_POINT('',#929);
#929 = CARTESIAN_POINT('',(1.,2.35,3.1));
#930 = LINE('',#931,#932);
#931 = CARTESIAN_POINT('',(1.,2.35,7.));
#932 = VECTOR('',#933,1.);
#933 = DIRECTION('',(-0.,0.,-1.));
#934 = ORIENTED_EDGE('',*,*,#935,.T.);
#935 = EDGE_CURVE('',#928,#936,#938,.T.);
#936 = VERTEX_POINT('',#937);
#937 = CARTESIAN_POINT('',(0.25,2.35,3.1));
#938 = LINE('',#939,#940);
#939 = CARTESIAN_POINT('',(1.,2.35,3.1));
#940 = VECTOR('',#941,1.);
#941 = DIRECTION('',(-1.,1.224646799147E-16,0.));
#942 = ORIENTED_EDGE('',*,*,#943,.T.);
#943 = EDGE_CURVE('',#936,#944,#946,.T.);
#944 = VERTEX_POINT('',#945);
#945 = CARTESIAN_POINT('',(-0.5,2.35,3.85));
#946 = CIRCLE('',#947,0.75);
#947 = AXIS2_PLACEMENT_3D('',#948,#949,#950);
#948 = CARTESIAN_POINT('',(0.25,2.35,3.85));
#949 = DIRECTION('',(1.224646799147E-16,1.,-0.));
#950 = DIRECTION('',(0.,0.,1.));
#951 = ORIENTED_EDGE('',*,*,#952,.T.);
#952 = EDGE_CURVE('',#944,#953,#955,.T.);
#953 = VERTEX_POINT('',#954);
#954 = CARTESIAN_POINT('',(-0.5,2.35,5.6));
#955 = LINE('',#956,#957);
#956 = CARTESIAN_POINT('',(-0.5,2.35,3.1));
#957 = VECTOR('',#958,1.);
#958 = DIRECTION('',(0.,0.,1.));
#959 = ORIENTED_EDGE('',*,*,#960,.T.);
#960 = EDGE_CURVE('',#953,#961,#963,.T.);
#961 = VERTEX_POINT('',#962);
#962 = CARTESIAN_POINT('',(-0.25,2.35,5.85));
#963 = LINE('',#964,#965);
#964 = CARTESIAN_POINT('',(-0.5,2.35,5.6));
#965 = VECTOR('',#966,1.);
#966 = DIRECTION('',(0.707106781187,-8.659560562349E-17,0.707106781187)
  );
#967 = ORIENTED_EDGE('',*,*,#968,.T.);
#968 = EDGE_CURVE('',#961,#969,#971,.T.);
#969 = VERTEX_POINT('',#970);
#970 = CARTESIAN_POINT('',(-0.5,2.35,6.1));
#971 = LINE('',#972,#973);
#972 = CARTESIAN_POINT('',(-0.25,2.35,5.85));
#973 = VECTOR('',#974,1.);
#974 = DIRECTION('',(-0.707106781187,8.659560562349E-17,0.707106781187)
  );
#975 = ORIENTED_EDGE('',*,*,#976,.T.);
#976 = EDGE_CURVE('',#969,#823,#977,.T.);
#977 = LINE('',#978,#979);
#978 = CARTESIAN_POINT('',(-0.5,2.35,6.1));
#979 = VECTOR('',#980,1.);
#980 = DIRECTION('',(0.,0.,1.));
#981 = ORIENTED_EDGE('',*,*,#830,.T.);
#982 = ORIENTED_EDGE('',*,*,#231,.F.);
#983 = ORIENTED_EDGE('',*,*,#620,.F.);
#984 = ORIENTED_EDGE('',*,*,#985,.T.);
#985 = EDGE_CURVE('',#613,#986,#988,.T.);
#986 = VERTEX_POINT('',#987);
#987 = CARTESIAN_POINT('',(-0.75,2.35,1.));
#988 = LINE('',#989,#990);
#989 = CARTESIAN_POINT('',(-0.75,2.35,0.));
#990 = VECTOR('',#991,1.);
#991 = DIRECTION('',(0.,0.,1.));
#992 = ORIENTED_EDGE('',*,*,#993,.F.);
#993 = EDGE_CURVE('',#994,#986,#996,.T.);
#994 = VERTEX_POINT('',#995);
#995 = CARTESIAN_POINT('',(0.75,2.35,1.));
#996 = LINE('',#997,#998);
#997 = CARTESIAN_POINT('',(0.75,2.35,1.));
#998 = VECTOR('',#999,1.);
#999 = DIRECTION('',(-1.,1.224646799147E-16,0.));
#1000 = ORIENTED_EDGE('',*,*,#1001,.F.);
#1001 = EDGE_CURVE('',#1002,#994,#1004,.T.);
#1002 = VERTEX_POINT('',#1003);
#1003 = CARTESIAN_POINT('',(0.75,2.35,0.));
#1004 = LINE('',#1005,#1006);
#1005 = CARTESIAN_POINT('',(0.75,2.35,0.));
#1006 = VECTOR('',#1007,1.);
#1007 = DIRECTION('',(0.,0.,1.));
#1008 = ORIENTED_EDGE('',*,*,#1009,.F.);
#1009 = EDGE_CURVE('',#1010,#1002,#1012,.T.);
#1010 = VERTEX_POINT('',#1011);
#1011 = CARTESIAN_POINT('',(1.75,2.35,0.));
#1012 = LINE('',#1013,#1014);
#1013 = CARTESIAN_POINT('',(7.45,2.35,0.));
#1014 = VECTOR('',#1015,1.);
#1015 = DIRECTION('',(-1.,1.224646799147E-16,0.));
#1016 = ORIENTED_EDGE('',*,*,#1017,.T.);
#1017 = EDGE_CURVE('',#1010,#1018,#1020,.T.);
#1018 = VERTEX_POINT('',#1019);
#1019 = CARTESIAN_POINT('',(1.75,2.35,1.));
#1020 = LINE('',#1021,#1022);
#1021 = CARTESIAN_POINT('',(1.75,2.35,0.));
#1022 = VECTOR('',#1023,1.);
#1023 = DIRECTION('',(0.,0.,1.));
#1024 = ORIENTED_EDGE('',*,*,#1025,.F.);
#1025 = EDGE_CURVE('',#1026,#1018,#1028,.T.);
#1026 = VERTEX_POINT('',#1027);
#1027 = CARTESIAN_POINT('',(3.25,2.35,1.));
#1028 = LINE('',#1029,#1030);
#1029 = CARTESIAN_POINT('',(3.25,2.35,1.));
#1030 = VECTOR('',#1031,1.);
#1031 = DIRECTION('',(-1.,1.224646799147E-16,0.));
#1032 = ORIENTED_EDGE('',*,*,#1033,.F.);
#1033 = EDGE_CURVE('',#1034,#1026,#1036,.T.);
#1034 = VERTEX_POINT('',#1035);
#1035 = CARTESIAN_POINT('',(3.25,2.35,0.));
#1036 = LINE('',#1037,#1038);
#1037 = CARTESIAN_POINT('',(3.25,2.35,0.));
#1038 = VECTOR('',#1039,1.);
#1039 = DIRECTION('',(0.,0.,1.));
#1040 = ORIENTED_EDGE('',*,*,#1041,.F.);
#1041 = EDGE_CURVE('',#1042,#1034,#1044,.T.);
#1042 = VERTEX_POINT('',#1043);
#1043 = CARTESIAN_POINT('',(4.25,2.35,0.));
#1044 = LINE('',#1045,#1046);
#1045 = CARTESIAN_POINT('',(7.45,2.35,0.));
#1046 = VECTOR('',#1047,1.);
#1047 = DIRECTION('',(-1.,1.224646799147E-16,0.));
#1048 = ORIENTED_EDGE('',*,*,#1049,.T.);
#1049 = EDGE_CURVE('',#1042,#1050,#1052,.T.);
#1050 = VERTEX_POINT('',#1051);
#1051 = CARTESIAN_POINT('',(4.25,2.35,1.));
#1052 = LINE('',#1053,#1054);
#1053 = CARTESIAN_POINT('',(4.25,2.35,0.));
#1054 = VECTOR('',#1055,1.);
#1055 = DIRECTION('',(0.,0.,1.));
#1056 = ORIENTED_EDGE('',*,*,#1057,.F.);
#1057 = EDGE_CURVE('',#1058,#1050,#1060,.T.);
#1058 = VERTEX_POINT('',#1059);
#1059 = CARTESIAN_POINT('',(5.75,2.35,1.));
#1060 = LINE('',#1061,#1062);
#1061 = CARTESIAN_POINT('',(5.75,2.35,1.));
#1062 = VECTOR('',#1063,1.);
#1063 = DIRECTION('',(-1.,1.224646799147E-16,0.));
#1064 = ORIENTED_EDGE('',*,*,#1065,.F.);
#1065 = EDGE_CURVE('',#846,#1058,#1066,.T.);
#1066 = LINE('',#1067,#1068);
#1067 = CARTESIAN_POINT('',(5.75,2.35,0.));
#1068 = VECTOR('',#1069,1.);
#1069 = DIRECTION('',(0.,0.,1.));
#1070 = PLANE('',#1071);
#1071 = AXIS2_PLACEMENT_3D('',#1072,#1073,#1074);
#1072 = CARTESIAN_POINT('',(7.45,2.35,0.));
#1073 = DIRECTION('',(-1.224646799147E-16,-1.,0.));
#1074 = DIRECTION('',(-1.,1.224646799147E-16,0.));
#1075 = ADVANCED_FACE('',(#1076),#1094,.F.);
#1076 = FACE_BOUND('',#1077,.F.);
#1077 = EDGE_LOOP('',(#1078,#1079,#1087,#1093));
#1078 = ORIENTED_EDGE('',*,*,#578,.T.);
#1079 = ORIENTED_EDGE('',*,*,#1080,.T.);
#1080 = EDGE_CURVE('',#571,#1081,#1083,.T.);
#1081 = VERTEX_POINT('',#1082);
#1082 = CARTESIAN_POINT('',(6.6,-2.65,1.85));
#1083 = LINE('',#1084,#1085);
#1084 = CARTESIAN_POINT('',(-1.6,-2.65,1.85));
#1085 = VECTOR('',#1086,1.);
#1086 = DIRECTION('',(1.,-1.224646799147E-16,0.));
#1087 = ORIENTED_EDGE('',*,*,#1088,.F.);
#1088 = EDGE_CURVE('',#289,#1081,#1089,.T.);
#1089 = LINE('',#1090,#1091);
#1090 = CARTESIAN_POINT('',(6.6,-2.65,7.));
#1091 = VECTOR('',#1092,1.);
#1092 = DIRECTION('',(0.,0.,-1.));
#1093 = ORIENTED_EDGE('',*,*,#296,.F.);
#1094 = PLANE('',#1095);
#1095 = AXIS2_PLACEMENT_3D('',#1096,#1097,#1098);
#1096 = CARTESIAN_POINT('',(-1.6,-2.65,7.));
#1097 = DIRECTION('',(-1.224646799147E-16,-1.,0.));
#1098 = DIRECTION('',(1.,-1.224646799147E-16,0.));
#1099 = ADVANCED_FACE('',(#1100),#1127,.T.);
#1100 = FACE_BOUND('',#1101,.T.);
#1101 = EDGE_LOOP('',(#1102,#1103,#1111,#1119,#1125,#1126));
#1102 = ORIENTED_EDGE('',*,*,#985,.T.);
#1103 = ORIENTED_EDGE('',*,*,#1104,.T.);
#1104 = EDGE_CURVE('',#986,#1105,#1107,.T.);
#1105 = VERTEX_POINT('',#1106);
#1106 = CARTESIAN_POINT('',(-0.75,0.5,0.3));
#1107 = LINE('',#1108,#1109);
#1108 = CARTESIAN_POINT('',(-0.75,2.35,1.));
#1109 = VECTOR('',#1110,1.);
#1110 = DIRECTION('',(-1.14539532148E-16,-0.935286257456,-0.353892097416
    ));
#1111 = ORIENTED_EDGE('',*,*,#1112,.T.);
#1112 = EDGE_CURVE('',#1105,#1113,#1115,.T.);
#1113 = VERTEX_POINT('',#1114);
#1114 = CARTESIAN_POINT('',(-0.75,-0.5,0.3));
#1115 = LINE('',#1116,#1117);
#1116 = CARTESIAN_POINT('',(-0.75,0.5,0.3));
#1117 = VECTOR('',#1118,1.);
#1118 = DIRECTION('',(-1.224646799147E-16,-1.,0.));
#1119 = ORIENTED_EDGE('',*,*,#1120,.T.);
#1120 = EDGE_CURVE('',#1113,#409,#1121,.T.);
#1121 = LINE('',#1122,#1123);
#1122 = CARTESIAN_POINT('',(-0.75,-0.5,0.3));
#1123 = VECTOR('',#1124,1.);
#1124 = DIRECTION('',(-1.190457365237E-16,-0.972082208573,0.234640533104
    ));
#1125 = ORIENTED_EDGE('',*,*,#416,.T.);
#1126 = ORIENTED_EDGE('',*,*,#612,.T.);
#1127 = PLANE('',#1128);
#1128 = AXIS2_PLACEMENT_3D('',#1129,#1130,#1131);
#1129 = CARTESIAN_POINT('',(-0.75,-0.515451356496,0.330008245993));
#1130 = DIRECTION('',(1.,-1.224646799147E-16,-1.256256073143E-32));
#1131 = DIRECTION('',(-1.256256073143E-32,1.538469978883E-48,-1.));
#1132 = ADVANCED_FACE('',(#1133),#1151,.F.);
#1133 = FACE_BOUND('',#1134,.F.);
#1134 = EDGE_LOOP('',(#1135,#1143,#1144,#1145));
#1135 = ORIENTED_EDGE('',*,*,#1136,.T.);
#1136 = EDGE_CURVE('',#1137,#1113,#1139,.T.);
#1137 = VERTEX_POINT('',#1138);
#1138 = CARTESIAN_POINT('',(0.75,-0.5,0.3));
#1139 = LINE('',#1140,#1141);
#1140 = CARTESIAN_POINT('',(0.75,-0.5,0.3));
#1141 = VECTOR('',#1142,1.);
#1142 = DIRECTION('',(-1.,1.224646799147E-16,0.));
#1143 = ORIENTED_EDGE('',*,*,#1120,.T.);
#1144 = ORIENTED_EDGE('',*,*,#408,.F.);
#1145 = ORIENTED_EDGE('',*,*,#1146,.F.);
#1146 = EDGE_CURVE('',#1137,#401,#1147,.T.);
#1147 = LINE('',#1148,#1149);
#1148 = CARTESIAN_POINT('',(0.75,-0.5,0.3));
#1149 = VECTOR('',#1150,1.);
#1150 = DIRECTION('',(-1.190457365237E-16,-0.972082208573,0.234640533104
    ));
#1151 = PLANE('',#1152);
#1152 = AXIS2_PLACEMENT_3D('',#1153,#1154,#1155);
#1153 = CARTESIAN_POINT('',(0.75,-0.5,0.3));
#1154 = DIRECTION('',(2.87351777816E-17,0.234640533104,0.972082208573));
#1155 = DIRECTION('',(-1.190457365237E-16,-0.972082208573,0.234640533104
    ));
#1156 = ADVANCED_FACE('',(#1157),#1182,.F.);
#1157 = FACE_BOUND('',#1158,.F.);
#1158 = EDGE_LOOP('',(#1159,#1160,#1168,#1174,#1175,#1176));
#1159 = ORIENTED_EDGE('',*,*,#1001,.T.);
#1160 = ORIENTED_EDGE('',*,*,#1161,.T.);
#1161 = EDGE_CURVE('',#994,#1162,#1164,.T.);
#1162 = VERTEX_POINT('',#1163);
#1163 = CARTESIAN_POINT('',(0.75,0.5,0.3));
#1164 = LINE('',#1165,#1166);
#1165 = CARTESIAN_POINT('',(0.75,2.35,1.));
#1166 = VECTOR('',#1167,1.);
#1167 = DIRECTION('',(-1.14539532148E-16,-0.935286257456,-0.353892097416
    ));
#1168 = ORIENTED_EDGE('',*,*,#1169,.T.);
#1169 = EDGE_CURVE('',#1162,#1137,#1170,.T.);
#1170 = LINE('',#1171,#1172);
#1171 = CARTESIAN_POINT('',(0.75,0.5,0.3));
#1172 = VECTOR('',#1173,1.);
#1173 = DIRECTION('',(-1.224646799147E-16,-1.,0.));
#1174 = ORIENTED_EDGE('',*,*,#1146,.T.);
#1175 = ORIENTED_EDGE('',*,*,#400,.T.);
#1176 = ORIENTED_EDGE('',*,*,#1177,.T.);
#1177 = EDGE_CURVE('',#393,#1002,#1178,.T.);
#1178 = LINE('',#1179,#1180);
#1179 = CARTESIAN_POINT('',(0.75,-3.4,0.));
#1180 = VECTOR('',#1181,1.);
#1181 = DIRECTION('',(1.224646799147E-16,1.,0.));
#1182 = PLANE('',#1183);
#1183 = AXIS2_PLACEMENT_3D('',#1184,#1185,#1186);
#1184 = CARTESIAN_POINT('',(0.75,-0.515451356496,0.330008245993));
#1185 = DIRECTION('',(1.,-1.224646799147E-16,-1.256256073143E-32));
#1186 = DIRECTION('',(-1.256256073143E-32,1.538469978883E-48,-1.));
#1187 = ADVANCED_FACE('',(#1188),#1199,.F.);
#1188 = FACE_BOUND('',#1189,.F.);
#1189 = EDGE_LOOP('',(#1190,#1191,#1192,#1198));
#1190 = ORIENTED_EDGE('',*,*,#1177,.F.);
#1191 = ORIENTED_EDGE('',*,*,#392,.T.);
#1192 = ORIENTED_EDGE('',*,*,#1193,.T.);
#1193 = EDGE_CURVE('',#385,#1010,#1194,.T.);
#1194 = LINE('',#1195,#1196);
#1195 = CARTESIAN_POINT('',(1.75,-3.4,0.));
#1196 = VECTOR('',#1197,1.);
#1197 = DIRECTION('',(1.224646799147E-16,1.,0.));
#1198 = ORIENTED_EDGE('',*,*,#1009,.T.);
#1199 = PLANE('',#1200);
#1200 = AXIS2_PLACEMENT_3D('',#1201,#1202,#1203);
#1201 = CARTESIAN_POINT('',(2.5,-0.525,0.));
#1202 = DIRECTION('',(0.,0.,1.));
#1203 = DIRECTION('',(-1.,1.224646799147E-16,0.));
#1204 = ADVANCED_FACE('',(#1205),#1232,.T.);
#1205 = FACE_BOUND('',#1206,.T.);
#1206 = EDGE_LOOP('',(#1207,#1208,#1216,#1224,#1230,#1231));
#1207 = ORIENTED_EDGE('',*,*,#1017,.T.);
#1208 = ORIENTED_EDGE('',*,*,#1209,.T.);
#1209 = EDGE_CURVE('',#1018,#1210,#1212,.T.);
#1210 = VERTEX_POINT('',#1211);
#1211 = CARTESIAN_POINT('',(1.75,0.5,0.3));
#1212 = LINE('',#1213,#1214);
#1213 = CARTESIAN_POINT('',(1.75,2.35,1.));
#1214 = VECTOR('',#1215,1.);
#1215 = DIRECTION('',(-1.14539532148E-16,-0.935286257456,-0.353892097416
    ));
#1216 = ORIENTED_EDGE('',*,*,#1217,.T.);
#1217 = EDGE_CURVE('',#1210,#1218,#1220,.T.);
#1218 = VERTEX_POINT('',#1219);
#1219 = CARTESIAN_POINT('',(1.75,-0.5,0.3));
#1220 = LINE('',#1221,#1222);
#1221 = CARTESIAN_POINT('',(1.75,0.5,0.3));
#1222 = VECTOR('',#1223,1.);
#1223 = DIRECTION('',(-1.224646799147E-16,-1.,0.));
#1224 = ORIENTED_EDGE('',*,*,#1225,.T.);
#1225 = EDGE_CURVE('',#1218,#377,#1226,.T.);
#1226 = LINE('',#1227,#1228);
#1227 = CARTESIAN_POINT('',(1.75,-0.5,0.3));
#1228 = VECTOR('',#1229,1.);
#1229 = DIRECTION('',(-1.190457365237E-16,-0.972082208573,0.234640533104
    ));
#1230 = ORIENTED_EDGE('',*,*,#384,.T.);
#1231 = ORIENTED_EDGE('',*,*,#1193,.T.);
#1232 = PLANE('',#1233);
#1233 = AXIS2_PLACEMENT_3D('',#1234,#1235,#1236);
#1234 = CARTESIAN_POINT('',(1.75,-0.515451356496,0.330008245993));
#1235 = DIRECTION('',(1.,-1.224646799147E-16,-1.256256073143E-32));
#1236 = DIRECTION('',(-1.256256073143E-32,1.538469978883E-48,-1.));
#1237 = ADVANCED_FACE('',(#1238),#1256,.F.);
#1238 = FACE_BOUND('',#1239,.F.);
#1239 = EDGE_LOOP('',(#1240,#1248,#1249,#1250));
#1240 = ORIENTED_EDGE('',*,*,#1241,.T.);
#1241 = EDGE_CURVE('',#1242,#1218,#1244,.T.);
#1242 = VERTEX_POINT('',#1243);
#1243 = CARTESIAN_POINT('',(3.25,-0.5,0.3));
#1244 = LINE('',#1245,#1246);
#1245 = CARTESIAN_POINT('',(3.25,-0.5,0.3));
#1246 = VECTOR('',#1247,1.);
#1247 = DIRECTION('',(-1.,1.224646799147E-16,0.));
#1248 = ORIENTED_EDGE('',*,*,#1225,.T.);
#1249 = ORIENTED_EDGE('',*,*,#376,.F.);
#1250 = ORIENTED_EDGE('',*,*,#1251,.F.);
#1251 = EDGE_CURVE('',#1242,#369,#1252,.T.);
#1252 = LINE('',#1253,#1254);
#1253 = CARTESIAN_POINT('',(3.25,-0.5,0.3));
#1254 = VECTOR('',#1255,1.);
#1255 = DIRECTION('',(-1.190457365237E-16,-0.972082208573,0.234640533104
    ));
#1256 = PLANE('',#1257);
#1257 = AXIS2_PLACEMENT_3D('',#1258,#1259,#1260);
#1258 = CARTESIAN_POINT('',(3.25,-0.5,0.3));
#1259 = DIRECTION('',(2.87351777816E-17,0.234640533104,0.972082208573));
#1260 = DIRECTION('',(-1.190457365237E-16,-0.972082208573,0.234640533104
    ));
#1261 = ADVANCED_FACE('',(#1262),#1287,.F.);
#1262 = FACE_BOUND('',#1263,.F.);
#1263 = EDGE_LOOP('',(#1264,#1265,#1273,#1279,#1280,#1281));
#1264 = ORIENTED_EDGE('',*,*,#1033,.T.);
#1265 = ORIENTED_EDGE('',*,*,#1266,.T.);
#1266 = EDGE_CURVE('',#1026,#1267,#1269,.T.);
#1267 = VERTEX_POINT('',#1268);
#1268 = CARTESIAN_POINT('',(3.25,0.5,0.3));
#1269 = LINE('',#1270,#1271);
#1270 = CARTESIAN_POINT('',(3.25,2.35,1.));
#1271 = VECTOR('',#1272,1.);
#1272 = DIRECTION('',(-1.14539532148E-16,-0.935286257456,-0.353892097416
    ));
#1273 = ORIENTED_EDGE('',*,*,#1274,.T.);
#1274 = EDGE_CURVE('',#1267,#1242,#1275,.T.);
#1275 = LINE('',#1276,#1277);
#1276 = CARTESIAN_POINT('',(3.25,0.5,0.3));
#1277 = VECTOR('',#1278,1.);
#1278 = DIRECTION('',(-1.224646799147E-16,-1.,0.));
#1279 = ORIENTED_EDGE('',*,*,#1251,.T.);
#1280 = ORIENTED_EDGE('',*,*,#368,.T.);
#1281 = ORIENTED_EDGE('',*,*,#1282,.T.);
#1282 = EDGE_CURVE('',#361,#1034,#1283,.T.);
#1283 = LINE('',#1284,#1285);
#1284 = CARTESIAN_POINT('',(3.25,-3.4,0.));
#1285 = VECTOR('',#1286,1.);
#1286 = DIRECTION('',(1.224646799147E-16,1.,0.));
#1287 = PLANE('',#1288);
#1288 = AXIS2_PLACEMENT_3D('',#1289,#1290,#1291);
#1289 = CARTESIAN_POINT('',(3.25,-0.515451356496,0.330008245993));
#1290 = DIRECTION('',(1.,-1.224646799147E-16,-1.256256073143E-32));
#1291 = DIRECTION('',(-1.256256073143E-32,1.538469978883E-48,-1.));
#1292 = ADVANCED_FACE('',(#1293),#1304,.F.);
#1293 = FACE_BOUND('',#1294,.F.);
#1294 = EDGE_LOOP('',(#1295,#1296,#1302,#1303));
#1295 = ORIENTED_EDGE('',*,*,#360,.T.);
#1296 = ORIENTED_EDGE('',*,*,#1297,.T.);
#1297 = EDGE_CURVE('',#353,#1042,#1298,.T.);
#1298 = LINE('',#1299,#1300);
#1299 = CARTESIAN_POINT('',(4.25,-3.4,0.));
#1300 = VECTOR('',#1301,1.);
#1301 = DIRECTION('',(1.224646799147E-16,1.,0.));
#1302 = ORIENTED_EDGE('',*,*,#1041,.T.);
#1303 = ORIENTED_EDGE('',*,*,#1282,.F.);
#1304 = PLANE('',#1305);
#1305 = AXIS2_PLACEMENT_3D('',#1306,#1307,#1308);
#1306 = CARTESIAN_POINT('',(2.5,-0.525,0.));
#1307 = DIRECTION('',(0.,0.,1.));
#1308 = DIRECTION('',(-1.,1.224646799147E-16,0.));
#1309 = ADVANCED_FACE('',(#1310),#1337,.T.);
#1310 = FACE_BOUND('',#1311,.T.);
#1311 = EDGE_LOOP('',(#1312,#1313,#1321,#1329,#1335,#1336));
#1312 = ORIENTED_EDGE('',*,*,#1049,.T.);
#1313 = ORIENTED_EDGE('',*,*,#1314,.T.);
#1314 = EDGE_CURVE('',#1050,#1315,#1317,.T.);
#1315 = VERTEX_POINT('',#1316);
#1316 = CARTESIAN_POINT('',(4.25,0.5,0.3));
#1317 = LINE('',#1318,#1319);
#1318 = CARTESIAN_POINT('',(4.25,2.35,1.));
#1319 = VECTOR('',#1320,1.);
#1320 = DIRECTION('',(-1.14539532148E-16,-0.935286257456,-0.353892097416
    ));
#1321 = ORIENTED_EDGE('',*,*,#1322,.T.);
#1322 = EDGE_CURVE('',#1315,#1323,#1325,.T.);
#1323 = VERTEX_POINT('',#1324);
#1324 = CARTESIAN_POINT('',(4.25,-0.5,0.3));
#1325 = LINE('',#1326,#1327);
#1326 = CARTESIAN_POINT('',(4.25,0.5,0.3));
#1327 = VECTOR('',#1328,1.);
#1328 = DIRECTION('',(-1.224646799147E-16,-1.,0.));
#1329 = ORIENTED_EDGE('',*,*,#1330,.T.);
#1330 = EDGE_CURVE('',#1323,#345,#1331,.T.);
#1331 = LINE('',#1332,#1333);
#1332 = CARTESIAN_POINT('',(4.25,-0.5,0.3));
#1333 = VECTOR('',#1334,1.);
#1334 = DIRECTION('',(-1.190457365237E-16,-0.972082208573,0.234640533104
    ));
#1335 = ORIENTED_EDGE('',*,*,#352,.T.);
#1336 = ORIENTED_EDGE('',*,*,#1297,.T.);
#1337 = PLANE('',#1338);
#1338 = AXIS2_PLACEMENT_3D('',#1339,#1340,#1341);
#1339 = CARTESIAN_POINT('',(4.25,-0.515451356496,0.330008245993));
#1340 = DIRECTION('',(1.,-1.224646799147E-16,-1.256256073143E-32));
#1341 = DIRECTION('',(-1.256256073143E-32,1.538469978883E-48,-1.));
#1342 = ADVANCED_FACE('',(#1343),#1361,.F.);
#1343 = FACE_BOUND('',#1344,.F.);
#1344 = EDGE_LOOP('',(#1345,#1353,#1354,#1355));
#1345 = ORIENTED_EDGE('',*,*,#1346,.T.);
#1346 = EDGE_CURVE('',#1347,#1323,#1349,.T.);
#1347 = VERTEX_POINT('',#1348);
#1348 = CARTESIAN_POINT('',(5.75,-0.5,0.3));
#1349 = LINE('',#1350,#1351);
#1350 = CARTESIAN_POINT('',(5.75,-0.5,0.3));
#1351 = VECTOR('',#1352,1.);
#1352 = DIRECTION('',(-1.,1.224646799147E-16,0.));
#1353 = ORIENTED_EDGE('',*,*,#1330,.T.);
#1354 = ORIENTED_EDGE('',*,*,#344,.F.);
#1355 = ORIENTED_EDGE('',*,*,#1356,.F.);
#1356 = EDGE_CURVE('',#1347,#337,#1357,.T.);
#1357 = LINE('',#1358,#1359);
#1358 = CARTESIAN_POINT('',(5.75,-0.5,0.3));
#1359 = VECTOR('',#1360,1.);
#1360 = DIRECTION('',(-1.190457365237E-16,-0.972082208573,0.234640533104
    ));
#1361 = PLANE('',#1362);
#1362 = AXIS2_PLACEMENT_3D('',#1363,#1364,#1365);
#1363 = CARTESIAN_POINT('',(5.75,-0.5,0.3));
#1364 = DIRECTION('',(2.87351777816E-17,0.234640533104,0.972082208573));
#1365 = DIRECTION('',(-1.190457365237E-16,-0.972082208573,0.234640533104
    ));
#1366 = ADVANCED_FACE('',(#1367),#1392,.F.);
#1367 = FACE_BOUND('',#1368,.F.);
#1368 = EDGE_LOOP('',(#1369,#1370,#1378,#1384,#1385,#1386));
#1369 = ORIENTED_EDGE('',*,*,#1065,.T.);
#1370 = ORIENTED_EDGE('',*,*,#1371,.T.);
#1371 = EDGE_CURVE('',#1058,#1372,#1374,.T.);
#1372 = VERTEX_POINT('',#1373);
#1373 = CARTESIAN_POINT('',(5.75,0.5,0.3));
#1374 = LINE('',#1375,#1376);
#1375 = CARTESIAN_POINT('',(5.75,2.35,1.));
#1376 = VECTOR('',#1377,1.);
#1377 = DIRECTION('',(-1.14539532148E-16,-0.935286257456,-0.353892097416
    ));
#1378 = ORIENTED_EDGE('',*,*,#1379,.T.);
#1379 = EDGE_CURVE('',#1372,#1347,#1380,.T.);
#1380 = LINE('',#1381,#1382);
#1381 = CARTESIAN_POINT('',(5.75,0.5,0.3));
#1382 = VECTOR('',#1383,1.);
#1383 = DIRECTION('',(-1.224646799147E-16,-1.,0.));
#1384 = ORIENTED_EDGE('',*,*,#1356,.T.);
#1385 = ORIENTED_EDGE('',*,*,#336,.T.);
#1386 = ORIENTED_EDGE('',*,*,#1387,.T.);
#1387 = EDGE_CURVE('',#329,#846,#1388,.T.);
#1388 = LINE('',#1389,#1390);
#1389 = CARTESIAN_POINT('',(5.75,-3.4,0.));
#1390 = VECTOR('',#1391,1.);
#1391 = DIRECTION('',(1.224646799147E-16,1.,0.));
#1392 = PLANE('',#1393);
#1393 = AXIS2_PLACEMENT_3D('',#1394,#1395,#1396);
#1394 = CARTESIAN_POINT('',(5.75,-0.515451356496,0.330008245993));
#1395 = DIRECTION('',(1.,-1.224646799147E-16,-1.256256073143E-32));
#1396 = DIRECTION('',(-1.256256073143E-32,1.538469978883E-48,-1.));
#1397 = ADVANCED_FACE('',(#1398),#1404,.F.);
#1398 = FACE_BOUND('',#1399,.F.);
#1399 = EDGE_LOOP('',(#1400,#1401,#1402,#1403));
#1400 = ORIENTED_EDGE('',*,*,#454,.T.);
#1401 = ORIENTED_EDGE('',*,*,#845,.T.);
#1402 = ORIENTED_EDGE('',*,*,#1387,.F.);
#1403 = ORIENTED_EDGE('',*,*,#328,.T.);
#1404 = PLANE('',#1405);
#1405 = AXIS2_PLACEMENT_3D('',#1406,#1407,#1408);
#1406 = CARTESIAN_POINT('',(2.5,-0.525,0.));
#1407 = DIRECTION('',(0.,0.,1.));
#1408 = DIRECTION('',(-1.,1.224646799147E-16,0.));
#1409 = ADVANCED_FACE('',(#1410),#1437,.F.);
#1410 = FACE_BOUND('',#1411,.F.);
#1411 = EDGE_LOOP('',(#1412,#1413,#1414,#1415,#1421,#1422,#1431));
#1412 = ORIENTED_EDGE('',*,*,#529,.T.);
#1413 = ORIENTED_EDGE('',*,*,#440,.F.);
#1414 = ORIENTED_EDGE('',*,*,#1088,.T.);
#1415 = ORIENTED_EDGE('',*,*,#1416,.T.);
#1416 = EDGE_CURVE('',#1081,#792,#1417,.T.);
#1417 = LINE('',#1418,#1419);
#1418 = CARTESIAN_POINT('',(6.6,-2.65,1.85));
#1419 = VECTOR('',#1420,1.);
#1420 = DIRECTION('',(1.224646799147E-16,1.,0.));
#1421 = ORIENTED_EDGE('',*,*,#799,.F.);
#1422 = ORIENTED_EDGE('',*,*,#1423,.F.);
#1423 = EDGE_CURVE('',#1424,#800,#1426,.T.);
#1424 = VERTEX_POINT('',#1425);
#1425 = CARTESIAN_POINT('',(6.6,1.,3.65));
#1426 = CIRCLE('',#1427,0.5);
#1427 = AXIS2_PLACEMENT_3D('',#1428,#1429,#1430);
#1428 = CARTESIAN_POINT('',(6.6,1.,4.15));
#1429 = DIRECTION('',(1.,-1.224646799147E-16,0.));
#1430 = DIRECTION('',(1.224646799147E-16,1.,0.));
#1431 = ORIENTED_EDGE('',*,*,#1432,.T.);
#1432 = EDGE_CURVE('',#1424,#522,#1433,.T.);
#1433 = LINE('',#1434,#1435);
#1434 = CARTESIAN_POINT('',(6.6,-0.825,3.65));
#1435 = VECTOR('',#1436,1.);
#1436 = DIRECTION('',(-1.224646799147E-16,-1.,0.));
#1437 = PLANE('',#1438);
#1438 = AXIS2_PLACEMENT_3D('',#1439,#1440,#1441);
#1439 = CARTESIAN_POINT('',(6.6,-2.65,7.));
#1440 = DIRECTION('',(1.,-1.224646799147E-16,0.));
#1441 = DIRECTION('',(1.224646799147E-16,1.,0.));
#1442 = ADVANCED_FACE('',(#1443),#1454,.T.);
#1443 = FACE_BOUND('',#1444,.T.);
#1444 = EDGE_LOOP('',(#1445,#1446,#1447,#1448));
#1445 = ORIENTED_EDGE('',*,*,#652,.F.);
#1446 = ORIENTED_EDGE('',*,*,#497,.T.);
#1447 = ORIENTED_EDGE('',*,*,#854,.T.);
#1448 = ORIENTED_EDGE('',*,*,#1449,.T.);
#1449 = EDGE_CURVE('',#855,#653,#1450,.T.);
#1450 = LINE('',#1451,#1452);
#1451 = CARTESIAN_POINT('',(5.5,2.35,7.));
#1452 = VECTOR('',#1453,1.);
#1453 = DIRECTION('',(-1.224646799147E-16,-1.,0.));
#1454 = PLANE('',#1455);
#1455 = AXIS2_PLACEMENT_3D('',#1456,#1457,#1458);
#1456 = CARTESIAN_POINT('',(2.5,-0.525,7.));
#1457 = DIRECTION('',(0.,0.,1.));
#1458 = DIRECTION('',(-1.,1.224646799147E-16,0.));
#1459 = ADVANCED_FACE('',(#1460),#1471,.F.);
#1460 = FACE_BOUND('',#1461,.F.);
#1461 = EDGE_LOOP('',(#1462,#1468,#1469,#1470));
#1462 = ORIENTED_EDGE('',*,*,#1463,.T.);
#1463 = EDGE_CURVE('',#473,#1424,#1464,.T.);
#1464 = LINE('',#1465,#1466);
#1465 = CARTESIAN_POINT('',(7.45,1.,3.65));
#1466 = VECTOR('',#1467,1.);
#1467 = DIRECTION('',(-1.,1.224646799147E-16,0.));
#1468 = ORIENTED_EDGE('',*,*,#1423,.T.);
#1469 = ORIENTED_EDGE('',*,*,#807,.F.);
#1470 = ORIENTED_EDGE('',*,*,#480,.T.);
#1471 = CYLINDRICAL_SURFACE('',#1472,0.5);
#1472 = AXIS2_PLACEMENT_3D('',#1473,#1474,#1475);
#1473 = CARTESIAN_POINT('',(7.45,1.,4.15));
#1474 = DIRECTION('',(1.,-1.224646799147E-16,-0.));
#1475 = DIRECTION('',(1.224646799147E-16,1.,0.));
#1476 = ADVANCED_FACE('',(#1477),#1483,.T.);
#1477 = FACE_BOUND('',#1478,.T.);
#1478 = EDGE_LOOP('',(#1479,#1480,#1481,#1482));
#1479 = ORIENTED_EDGE('',*,*,#472,.F.);
#1480 = ORIENTED_EDGE('',*,*,#1463,.T.);
#1481 = ORIENTED_EDGE('',*,*,#1432,.T.);
#1482 = ORIENTED_EDGE('',*,*,#521,.F.);
#1483 = PLANE('',#1484);
#1484 = AXIS2_PLACEMENT_3D('',#1485,#1486,#1487);
#1485 = CARTESIAN_POINT('',(7.45,1.,3.65));
#1486 = DIRECTION('',(0.,0.,1.));
#1487 = DIRECTION('',(-1.224646799147E-16,-1.,0.));
#1488 = ADVANCED_FACE('',(#1489,#1495,#1529,#1563),#1597,.T.);
#1489 = FACE_BOUND('',#1490,.T.);
#1490 = EDGE_LOOP('',(#1491,#1492,#1493,#1494));
#1491 = ORIENTED_EDGE('',*,*,#791,.T.);
#1492 = ORIENTED_EDGE('',*,*,#570,.T.);
#1493 = ORIENTED_EDGE('',*,*,#1080,.T.);
#1494 = ORIENTED_EDGE('',*,*,#1416,.T.);
#1495 = FACE_BOUND('',#1496,.T.);
#1496 = EDGE_LOOP('',(#1497,#1507,#1515,#1523));
#1497 = ORIENTED_EDGE('',*,*,#1498,.F.);
#1498 = EDGE_CURVE('',#1499,#1501,#1503,.T.);
#1499 = VERTEX_POINT('',#1500);
#1500 = CARTESIAN_POINT('',(-0.32,0.32,1.85));
#1501 = VERTEX_POINT('',#1502);
#1502 = CARTESIAN_POINT('',(-0.32,-0.32,1.85));
#1503 = LINE('',#1504,#1505);
#1504 = CARTESIAN_POINT('',(-0.32,-0.26920299558,1.85));
#1505 = VECTOR('',#1506,1.);
#1506 = DIRECTION('',(-1.224646799147E-16,-1.,0.));
#1507 = ORIENTED_EDGE('',*,*,#1508,.T.);
#1508 = EDGE_CURVE('',#1499,#1509,#1511,.T.);
#1509 = VERTEX_POINT('',#1510);
#1510 = CARTESIAN_POINT('',(0.32,0.32,1.85));
#1511 = LINE('',#1512,#1513);
#1512 = CARTESIAN_POINT('',(1.41,0.32,1.85));
#1513 = VECTOR('',#1514,1.);
#1514 = DIRECTION('',(1.,-1.224646799147E-16,-7.789680114753E-33));
#1515 = ORIENTED_EDGE('',*,*,#1516,.T.);
#1516 = EDGE_CURVE('',#1509,#1517,#1519,.T.);
#1517 = VERTEX_POINT('',#1518);
#1518 = CARTESIAN_POINT('',(0.32,-0.32,1.85));
#1519 = LINE('',#1520,#1521);
#1520 = CARTESIAN_POINT('',(0.32,-0.26920299558,1.85));
#1521 = VECTOR('',#1522,1.);
#1522 = DIRECTION('',(-1.224646799147E-16,-1.,0.));
#1523 = ORIENTED_EDGE('',*,*,#1524,.T.);
#1524 = EDGE_CURVE('',#1517,#1501,#1525,.T.);
#1525 = LINE('',#1526,#1527);
#1526 = CARTESIAN_POINT('',(1.41,-0.32,1.85));
#1527 = VECTOR('',#1528,1.);
#1528 = DIRECTION('',(-1.,1.224646799147E-16,7.789680114753E-33));
#1529 = FACE_BOUND('',#1530,.T.);
#1530 = EDGE_LOOP('',(#1531,#1541,#1549,#1557));
#1531 = ORIENTED_EDGE('',*,*,#1532,.F.);
#1532 = EDGE_CURVE('',#1533,#1535,#1537,.T.);
#1533 = VERTEX_POINT('',#1534);
#1534 = CARTESIAN_POINT('',(4.68,0.32,1.85));
#1535 = VERTEX_POINT('',#1536);
#1536 = CARTESIAN_POINT('',(4.68,-0.32,1.85));
#1537 = LINE('',#1538,#1539);
#1538 = CARTESIAN_POINT('',(4.68,-0.26920299558,1.85));
#1539 = VECTOR('',#1540,1.);
#1540 = DIRECTION('',(-1.224646799147E-16,-1.,0.));
#1541 = ORIENTED_EDGE('',*,*,#1542,.T.);
#1542 = EDGE_CURVE('',#1533,#1543,#1545,.T.);
#1543 = VERTEX_POINT('',#1544);
#1544 = CARTESIAN_POINT('',(5.32,0.32,1.85));
#1545 = LINE('',#1546,#1547);
#1546 = CARTESIAN_POINT('',(3.91,0.32,1.85));
#1547 = VECTOR('',#1548,1.);
#1548 = DIRECTION('',(1.,-1.224646799147E-16,-7.789680114753E-33));
#1549 = ORIENTED_EDGE('',*,*,#1550,.T.);
#1550 = EDGE_CURVE('',#1543,#1551,#1553,.T.);
#1551 = VERTEX_POINT('',#1552);
#1552 = CARTESIAN_POINT('',(5.32,-0.32,1.85));
#1553 = LINE('',#1554,#1555);
#1554 = CARTESIAN_POINT('',(5.32,-0.26920299558,1.85));
#1555 = VECTOR('',#1556,1.);
#1556 = DIRECTION('',(-1.224646799147E-16,-1.,0.));
#1557 = ORIENTED_EDGE('',*,*,#1558,.T.);
#1558 = EDGE_CURVE('',#1551,#1535,#1559,.T.);
#1559 = LINE('',#1560,#1561);
#1560 = CARTESIAN_POINT('',(3.91,-0.32,1.85));
#1561 = VECTOR('',#1562,1.);
#1562 = DIRECTION('',(-1.,1.224646799147E-16,7.789680114753E-33));
#1563 = FACE_BOUND('',#1564,.T.);
#1564 = EDGE_LOOP('',(#1565,#1575,#1583,#1591));
#1565 = ORIENTED_EDGE('',*,*,#1566,.F.);
#1566 = EDGE_CURVE('',#1567,#1569,#1571,.T.);
#1567 = VERTEX_POINT('',#1568);
#1568 = CARTESIAN_POINT('',(2.18,0.32,1.85));
#1569 = VERTEX_POINT('',#1570);
#1570 = CARTESIAN_POINT('',(2.18,-0.32,1.85));
#1571 = LINE('',#1572,#1573);
#1572 = CARTESIAN_POINT('',(2.18,-0.2875,1.85));
#1573 = VECTOR('',#1574,1.);
#1574 = DIRECTION('',(-1.224646799147E-16,-1.,0.));
#1575 = ORIENTED_EDGE('',*,*,#1576,.T.);
#1576 = EDGE_CURVE('',#1567,#1577,#1579,.T.);
#1577 = VERTEX_POINT('',#1578);
#1578 = CARTESIAN_POINT('',(2.82,0.32,1.85));
#1579 = LINE('',#1580,#1581);
#1580 = CARTESIAN_POINT('',(2.66,0.32,1.85));
#1581 = VECTOR('',#1582,1.);
#1582 = DIRECTION('',(1.,-1.224646799147E-16,-7.789680114753E-33));
#1583 = ORIENTED_EDGE('',*,*,#1584,.T.);
#1584 = EDGE_CURVE('',#1577,#1585,#1587,.T.);
#1585 = VERTEX_POINT('',#1586);
#1586 = CARTESIAN_POINT('',(2.82,-0.32,1.85));
#1587 = LINE('',#1588,#1589);
#1588 = CARTESIAN_POINT('',(2.82,-0.2875,1.85));
#1589 = VECTOR('',#1590,1.);
#1590 = DIRECTION('',(-1.224646799147E-16,-1.,0.));
#1591 = ORIENTED_EDGE('',*,*,#1592,.T.);
#1592 = EDGE_CURVE('',#1585,#1569,#1593,.T.);
#1593 = LINE('',#1594,#1595);
#1594 = CARTESIAN_POINT('',(2.66,-0.32,1.85));
#1595 = VECTOR('',#1596,1.);
#1596 = DIRECTION('',(-1.,1.224646799147E-16,7.789680114753E-33));
#1597 = PLANE('',#1598);
#1598 = AXIS2_PLACEMENT_3D('',#1599,#1600,#1601);
#1599 = CARTESIAN_POINT('',(2.5,-0.575,1.85));
#1600 = DIRECTION('',(7.789680114753E-33,-9.539606818914E-49,1.));
#1601 = DIRECTION('',(-1.,1.224646799147E-16,7.789680114753E-33));
#1602 = ADVANCED_FACE('',(#1603),#1614,.F.);
#1603 = FACE_BOUND('',#1604,.F.);
#1604 = EDGE_LOOP('',(#1605,#1606,#1612,#1613));
#1605 = ORIENTED_EDGE('',*,*,#976,.F.);
#1606 = ORIENTED_EDGE('',*,*,#1607,.T.);
#1607 = EDGE_CURVE('',#969,#767,#1608,.T.);
#1608 = LINE('',#1609,#1610);
#1609 = CARTESIAN_POINT('',(-0.5,2.35,6.1));
#1610 = VECTOR('',#1611,1.);
#1611 = DIRECTION('',(-1.224646799147E-16,-1.,0.));
#1612 = ORIENTED_EDGE('',*,*,#774,.F.);
#1613 = ORIENTED_EDGE('',*,*,#822,.F.);
#1614 = PLANE('',#1615);
#1615 = AXIS2_PLACEMENT_3D('',#1616,#1617,#1618);
#1616 = CARTESIAN_POINT('',(-0.5,2.35,6.1));
#1617 = DIRECTION('',(-1.,1.224646799147E-16,0.));
#1618 = DIRECTION('',(0.,0.,1.));
#1619 = ADVANCED_FACE('',(#1620),#1631,.F.);
#1620 = FACE_BOUND('',#1621,.F.);
#1621 = EDGE_LOOP('',(#1622,#1623,#1629,#1630));
#1622 = ORIENTED_EDGE('',*,*,#968,.F.);
#1623 = ORIENTED_EDGE('',*,*,#1624,.T.);
#1624 = EDGE_CURVE('',#961,#759,#1625,.T.);
#1625 = LINE('',#1626,#1627);
#1626 = CARTESIAN_POINT('',(-0.25,2.35,5.85));
#1627 = VECTOR('',#1628,1.);
#1628 = DIRECTION('',(-1.224646799147E-16,-1.,0.));
#1629 = ORIENTED_EDGE('',*,*,#766,.F.);
#1630 = ORIENTED_EDGE('',*,*,#1607,.F.);
#1631 = PLANE('',#1632);
#1632 = AXIS2_PLACEMENT_3D('',#1633,#1634,#1635);
#1633 = CARTESIAN_POINT('',(-0.25,2.35,5.85));
#1634 = DIRECTION('',(-0.707106781187,8.659560562349E-17,-0.707106781187
    ));
#1635 = DIRECTION('',(-0.707106781187,8.659560562349E-17,0.707106781187)
  );
#1636 = ADVANCED_FACE('',(#1637),#1648,.F.);
#1637 = FACE_BOUND('',#1638,.F.);
#1638 = EDGE_LOOP('',(#1639,#1640,#1646,#1647));
#1639 = ORIENTED_EDGE('',*,*,#960,.F.);
#1640 = ORIENTED_EDGE('',*,*,#1641,.T.);
#1641 = EDGE_CURVE('',#953,#751,#1642,.T.);
#1642 = LINE('',#1643,#1644);
#1643 = CARTESIAN_POINT('',(-0.5,2.35,5.6));
#1644 = VECTOR('',#1645,1.);
#1645 = DIRECTION('',(-1.224646799147E-16,-1.,0.));
#1646 = ORIENTED_EDGE('',*,*,#758,.F.);
#1647 = ORIENTED_EDGE('',*,*,#1624,.F.);
#1648 = PLANE('',#1649);
#1649 = AXIS2_PLACEMENT_3D('',#1650,#1651,#1652);
#1650 = CARTESIAN_POINT('',(-0.5,2.35,5.6));
#1651 = DIRECTION('',(-0.707106781187,8.659560562349E-17,0.707106781187)
  );
#1652 = DIRECTION('',(0.707106781187,-8.659560562349E-17,0.707106781187)
  );
#1653 = ADVANCED_FACE('',(#1654),#1665,.F.);
#1654 = FACE_BOUND('',#1655,.F.);
#1655 = EDGE_LOOP('',(#1656,#1657,#1663,#1664));
#1656 = ORIENTED_EDGE('',*,*,#952,.F.);
#1657 = ORIENTED_EDGE('',*,*,#1658,.T.);
#1658 = EDGE_CURVE('',#944,#742,#1659,.T.);
#1659 = LINE('',#1660,#1661);
#1660 = CARTESIAN_POINT('',(-0.5,2.35,3.85));
#1661 = VECTOR('',#1662,1.);
#1662 = DIRECTION('',(-1.224646799147E-16,-1.,0.));
#1663 = ORIENTED_EDGE('',*,*,#750,.F.);
#1664 = ORIENTED_EDGE('',*,*,#1641,.F.);
#1665 = PLANE('',#1666);
#1666 = AXIS2_PLACEMENT_3D('',#1667,#1668,#1669);
#1667 = CARTESIAN_POINT('',(-0.5,2.35,3.1));
#1668 = DIRECTION('',(-1.,1.224646799147E-16,0.));
#1669 = DIRECTION('',(0.,0.,1.));
#1670 = ADVANCED_FACE('',(#1671),#1682,.F.);
#1671 = FACE_BOUND('',#1672,.F.);
#1672 = EDGE_LOOP('',(#1673,#1674,#1675,#1676));
#1673 = ORIENTED_EDGE('',*,*,#741,.F.);
#1674 = ORIENTED_EDGE('',*,*,#1658,.F.);
#1675 = ORIENTED_EDGE('',*,*,#943,.F.);
#1676 = ORIENTED_EDGE('',*,*,#1677,.T.);
#1677 = EDGE_CURVE('',#936,#734,#1678,.T.);
#1678 = LINE('',#1679,#1680);
#1679 = CARTESIAN_POINT('',(0.25,2.35,3.1));
#1680 = VECTOR('',#1681,1.);
#1681 = DIRECTION('',(-1.224646799147E-16,-1.,0.));
#1682 = CYLINDRICAL_SURFACE('',#1683,0.75);
#1683 = AXIS2_PLACEMENT_3D('',#1684,#1685,#1686);
#1684 = CARTESIAN_POINT('',(0.25,2.35,3.85));
#1685 = DIRECTION('',(-1.224646799147E-16,-1.,0.));
#1686 = DIRECTION('',(-0.,0.,-1.));
#1687 = ADVANCED_FACE('',(#1688),#1699,.F.);
#1688 = FACE_BOUND('',#1689,.F.);
#1689 = EDGE_LOOP('',(#1690,#1691,#1692,#1698));
#1690 = ORIENTED_EDGE('',*,*,#1677,.F.);
#1691 = ORIENTED_EDGE('',*,*,#935,.F.);
#1692 = ORIENTED_EDGE('',*,*,#1693,.T.);
#1693 = EDGE_CURVE('',#928,#726,#1694,.T.);
#1694 = LINE('',#1695,#1696);
#1695 = CARTESIAN_POINT('',(1.,2.35,3.1));
#1696 = VECTOR('',#1697,1.);
#1697 = DIRECTION('',(-1.224646799147E-16,-1.,0.));
#1698 = ORIENTED_EDGE('',*,*,#733,.F.);
#1699 = PLANE('',#1700);
#1700 = AXIS2_PLACEMENT_3D('',#1701,#1702,#1703);
#1701 = CARTESIAN_POINT('',(1.,2.35,3.1));
#1702 = DIRECTION('',(-0.,0.,-1.));
#1703 = DIRECTION('',(-1.,1.224646799147E-16,0.));
#1704 = ADVANCED_FACE('',(#1705),#1716,.F.);
#1705 = FACE_BOUND('',#1706,.F.);
#1706 = EDGE_LOOP('',(#1707,#1708,#1714,#1715));
#1707 = ORIENTED_EDGE('',*,*,#927,.F.);
#1708 = ORIENTED_EDGE('',*,*,#1709,.T.);
#1709 = EDGE_CURVE('',#920,#718,#1710,.T.);
#1710 = LINE('',#1711,#1712);
#1711 = CARTESIAN_POINT('',(1.,2.35,7.));
#1712 = VECTOR('',#1713,1.);
#1713 = DIRECTION('',(-1.224646799147E-16,-1.,0.));
#1714 = ORIENTED_EDGE('',*,*,#725,.F.);
#1715 = ORIENTED_EDGE('',*,*,#1693,.F.);
#1716 = PLANE('',#1717);
#1717 = AXIS2_PLACEMENT_3D('',#1718,#1719,#1720);
#1718 = CARTESIAN_POINT('',(1.,2.35,7.));
#1719 = DIRECTION('',(1.,-1.224646799147E-16,0.));
#1720 = DIRECTION('',(0.,-0.,-1.));
#1721 = ADVANCED_FACE('',(#1722),#1733,.T.);
#1722 = FACE_BOUND('',#1723,.T.);
#1723 = EDGE_LOOP('',(#1724,#1725,#1731,#1732));
#1724 = ORIENTED_EDGE('',*,*,#717,.F.);
#1725 = ORIENTED_EDGE('',*,*,#1726,.F.);
#1726 = EDGE_CURVE('',#912,#710,#1727,.T.);
#1727 = LINE('',#1728,#1729);
#1728 = CARTESIAN_POINT('',(4.,2.35,7.));
#1729 = VECTOR('',#1730,1.);
#1730 = DIRECTION('',(-1.224646799147E-16,-1.,0.));
#1731 = ORIENTED_EDGE('',*,*,#919,.T.);
#1732 = ORIENTED_EDGE('',*,*,#1709,.T.);
#1733 = PLANE('',#1734);
#1734 = AXIS2_PLACEMENT_3D('',#1735,#1736,#1737);
#1735 = CARTESIAN_POINT('',(2.5,-0.525,7.));
#1736 = DIRECTION('',(0.,0.,1.));
#1737 = DIRECTION('',(-1.,1.224646799147E-16,0.));
#1738 = ADVANCED_FACE('',(#1739),#1750,.T.);
#1739 = FACE_BOUND('',#1740,.T.);
#1740 = EDGE_LOOP('',(#1741,#1742,#1743,#1744));
#1741 = ORIENTED_EDGE('',*,*,#911,.F.);
#1742 = ORIENTED_EDGE('',*,*,#1726,.T.);
#1743 = ORIENTED_EDGE('',*,*,#709,.F.);
#1744 = ORIENTED_EDGE('',*,*,#1745,.F.);
#1745 = EDGE_CURVE('',#904,#702,#1746,.T.);
#1746 = LINE('',#1747,#1748);
#1747 = CARTESIAN_POINT('',(4.,2.35,3.1));
#1748 = VECTOR('',#1749,1.);
#1749 = DIRECTION('',(-1.224646799147E-16,-1.,0.));
#1750 = PLANE('',#1751);
#1751 = AXIS2_PLACEMENT_3D('',#1752,#1753,#1754);
#1752 = CARTESIAN_POINT('',(4.,2.35,7.));
#1753 = DIRECTION('',(1.,-1.224646799147E-16,0.));
#1754 = DIRECTION('',(0.,-0.,-1.));
#1755 = ADVANCED_FACE('',(#1756),#1767,.T.);
#1756 = FACE_BOUND('',#1757,.T.);
#1757 = EDGE_LOOP('',(#1758,#1764,#1765,#1766));
#1758 = ORIENTED_EDGE('',*,*,#1759,.F.);
#1759 = EDGE_CURVE('',#895,#693,#1760,.T.);
#1760 = LINE('',#1761,#1762);
#1761 = CARTESIAN_POINT('',(4.75,2.35,3.1));
#1762 = VECTOR('',#1763,1.);
#1763 = DIRECTION('',(-1.224646799147E-16,-1.,0.));
#1764 = ORIENTED_EDGE('',*,*,#903,.F.);
#1765 = ORIENTED_EDGE('',*,*,#1745,.T.);
#1766 = ORIENTED_EDGE('',*,*,#701,.F.);
#1767 = PLANE('',#1768);
#1768 = AXIS2_PLACEMENT_3D('',#1769,#1770,#1771);
#1769 = CARTESIAN_POINT('',(4.,2.35,3.1));
#1770 = DIRECTION('',(0.,0.,1.));
#1771 = DIRECTION('',(1.,-1.224646799147E-16,0.));
#1772 = ADVANCED_FACE('',(#1773),#1784,.F.);
#1773 = FACE_BOUND('',#1774,.F.);
#1774 = EDGE_LOOP('',(#1775,#1776,#1777,#1783));
#1775 = ORIENTED_EDGE('',*,*,#1759,.F.);
#1776 = ORIENTED_EDGE('',*,*,#894,.T.);
#1777 = ORIENTED_EDGE('',*,*,#1778,.T.);
#1778 = EDGE_CURVE('',#887,#685,#1779,.T.);
#1779 = LINE('',#1780,#1781);
#1780 = CARTESIAN_POINT('',(5.5,2.35,3.85));
#1781 = VECTOR('',#1782,1.);
#1782 = DIRECTION('',(-1.224646799147E-16,-1.,0.));
#1783 = ORIENTED_EDGE('',*,*,#692,.F.);
#1784 = CYLINDRICAL_SURFACE('',#1785,0.75);
#1785 = AXIS2_PLACEMENT_3D('',#1786,#1787,#1788);
#1786 = CARTESIAN_POINT('',(4.75,2.35,3.85));
#1787 = DIRECTION('',(-1.224646799147E-16,-1.,0.));
#1788 = DIRECTION('',(0.,-0.,-1.));
#1789 = ADVANCED_FACE('',(#1790),#1801,.T.);
#1790 = FACE_BOUND('',#1791,.T.);
#1791 = EDGE_LOOP('',(#1792,#1793,#1794,#1795));
#1792 = ORIENTED_EDGE('',*,*,#886,.F.);
#1793 = ORIENTED_EDGE('',*,*,#1778,.T.);
#1794 = ORIENTED_EDGE('',*,*,#684,.F.);
#1795 = ORIENTED_EDGE('',*,*,#1796,.F.);
#1796 = EDGE_CURVE('',#879,#677,#1797,.T.);
#1797 = LINE('',#1798,#1799);
#1798 = CARTESIAN_POINT('',(5.5,2.35,5.6));
#1799 = VECTOR('',#1800,1.);
#1800 = DIRECTION('',(-1.224646799147E-16,-1.,0.));
#1801 = PLANE('',#1802);
#1802 = AXIS2_PLACEMENT_3D('',#1803,#1804,#1805);
#1803 = CARTESIAN_POINT('',(5.5,2.35,3.1));
#1804 = DIRECTION('',(-1.,1.224646799147E-16,0.));
#1805 = DIRECTION('',(0.,0.,1.));
#1806 = ADVANCED_FACE('',(#1807),#1818,.T.);
#1807 = FACE_BOUND('',#1808,.T.);
#1808 = EDGE_LOOP('',(#1809,#1810,#1811,#1812));
#1809 = ORIENTED_EDGE('',*,*,#878,.F.);
#1810 = ORIENTED_EDGE('',*,*,#1796,.T.);
#1811 = ORIENTED_EDGE('',*,*,#676,.F.);
#1812 = ORIENTED_EDGE('',*,*,#1813,.F.);
#1813 = EDGE_CURVE('',#871,#669,#1814,.T.);
#1814 = LINE('',#1815,#1816);
#1815 = CARTESIAN_POINT('',(5.25,2.35,5.85));
#1816 = VECTOR('',#1817,1.);
#1817 = DIRECTION('',(-1.224646799147E-16,-1.,0.));
#1818 = PLANE('',#1819);
#1819 = AXIS2_PLACEMENT_3D('',#1820,#1821,#1822);
#1820 = CARTESIAN_POINT('',(5.5,2.35,5.6));
#1821 = DIRECTION('',(-0.707106781187,8.659560562349E-17,-0.707106781187
    ));
#1822 = DIRECTION('',(-0.707106781187,8.659560562349E-17,0.707106781187)
  );
#1823 = ADVANCED_FACE('',(#1824),#1835,.T.);
#1824 = FACE_BOUND('',#1825,.T.);
#1825 = EDGE_LOOP('',(#1826,#1827,#1828,#1829));
#1826 = ORIENTED_EDGE('',*,*,#870,.F.);
#1827 = ORIENTED_EDGE('',*,*,#1813,.T.);
#1828 = ORIENTED_EDGE('',*,*,#668,.F.);
#1829 = ORIENTED_EDGE('',*,*,#1830,.F.);
#1830 = EDGE_CURVE('',#863,#661,#1831,.T.);
#1831 = LINE('',#1832,#1833);
#1832 = CARTESIAN_POINT('',(5.5,2.35,6.1));
#1833 = VECTOR('',#1834,1.);
#1834 = DIRECTION('',(-1.224646799147E-16,-1.,0.));
#1835 = PLANE('',#1836);
#1836 = AXIS2_PLACEMENT_3D('',#1837,#1838,#1839);
#1837 = CARTESIAN_POINT('',(5.25,2.35,5.85));
#1838 = DIRECTION('',(-0.707106781187,8.659560562349E-17,0.707106781187)
  );
#1839 = DIRECTION('',(0.707106781187,-8.659560562349E-17,0.707106781187)
  );
#1840 = ADVANCED_FACE('',(#1841),#1847,.T.);
#1841 = FACE_BOUND('',#1842,.T.);
#1842 = EDGE_LOOP('',(#1843,#1844,#1845,#1846));
#1843 = ORIENTED_EDGE('',*,*,#862,.F.);
#1844 = ORIENTED_EDGE('',*,*,#1830,.T.);
#1845 = ORIENTED_EDGE('',*,*,#660,.F.);
#1846 = ORIENTED_EDGE('',*,*,#1449,.F.);
#1847 = PLANE('',#1848);
#1848 = AXIS2_PLACEMENT_3D('',#1849,#1850,#1851);
#1849 = CARTESIAN_POINT('',(5.5,2.35,6.1));
#1850 = DIRECTION('',(-1.,1.224646799147E-16,4.93432455389E-16));
#1851 = DIRECTION('',(4.93432455389E-16,-6.042804770875E-32,1.));
#1852 = ADVANCED_FACE('',(#1853),#1864,.F.);
#1853 = FACE_BOUND('',#1854,.F.);
#1854 = EDGE_LOOP('',(#1855,#1856,#1857,#1863));
#1855 = ORIENTED_EDGE('',*,*,#1057,.T.);
#1856 = ORIENTED_EDGE('',*,*,#1314,.T.);
#1857 = ORIENTED_EDGE('',*,*,#1858,.F.);
#1858 = EDGE_CURVE('',#1372,#1315,#1859,.T.);
#1859 = LINE('',#1860,#1861);
#1860 = CARTESIAN_POINT('',(5.75,0.5,0.3));
#1861 = VECTOR('',#1862,1.);
#1862 = DIRECTION('',(-1.,1.224646799147E-16,0.));
#1863 = ORIENTED_EDGE('',*,*,#1371,.F.);
#1864 = PLANE('',#1865);
#1865 = AXIS2_PLACEMENT_3D('',#1866,#1867,#1868);
#1866 = CARTESIAN_POINT('',(5.75,2.35,1.));
#1867 = DIRECTION('',(-4.33392824344E-17,-0.353892097416,0.935286257456)
  );
#1868 = DIRECTION('',(-1.14539532148E-16,-0.935286257456,-0.353892097416
    ));
#1869 = ADVANCED_FACE('',(#1870),#1881,.F.);
#1870 = FACE_BOUND('',#1871,.F.);
#1871 = EDGE_LOOP('',(#1872,#1873,#1874,#1880));
#1872 = ORIENTED_EDGE('',*,*,#1025,.T.);
#1873 = ORIENTED_EDGE('',*,*,#1209,.T.);
#1874 = ORIENTED_EDGE('',*,*,#1875,.F.);
#1875 = EDGE_CURVE('',#1267,#1210,#1876,.T.);
#1876 = LINE('',#1877,#1878);
#1877 = CARTESIAN_POINT('',(3.25,0.5,0.3));
#1878 = VECTOR('',#1879,1.);
#1879 = DIRECTION('',(-1.,1.224646799147E-16,0.));
#1880 = ORIENTED_EDGE('',*,*,#1266,.F.);
#1881 = PLANE('',#1882);
#1882 = AXIS2_PLACEMENT_3D('',#1883,#1884,#1885);
#1883 = CARTESIAN_POINT('',(3.25,2.35,1.));
#1884 = DIRECTION('',(-4.33392824344E-17,-0.353892097416,0.935286257456)
  );
#1885 = DIRECTION('',(-1.14539532148E-16,-0.935286257456,-0.353892097416
    ));
#1886 = ADVANCED_FACE('',(#1887),#1898,.F.);
#1887 = FACE_BOUND('',#1888,.F.);
#1888 = EDGE_LOOP('',(#1889,#1890,#1891,#1897));
#1889 = ORIENTED_EDGE('',*,*,#993,.T.);
#1890 = ORIENTED_EDGE('',*,*,#1104,.T.);
#1891 = ORIENTED_EDGE('',*,*,#1892,.F.);
#1892 = EDGE_CURVE('',#1162,#1105,#1893,.T.);
#1893 = LINE('',#1894,#1895);
#1894 = CARTESIAN_POINT('',(0.75,0.5,0.3));
#1895 = VECTOR('',#1896,1.);
#1896 = DIRECTION('',(-1.,1.224646799147E-16,0.));
#1897 = ORIENTED_EDGE('',*,*,#1161,.F.);
#1898 = PLANE('',#1899);
#1899 = AXIS2_PLACEMENT_3D('',#1900,#1901,#1902);
#1900 = CARTESIAN_POINT('',(0.75,2.35,1.));
#1901 = DIRECTION('',(-4.33392824344E-17,-0.353892097416,0.935286257456)
  );
#1902 = DIRECTION('',(-1.14539532148E-16,-0.935286257456,-0.353892097416
    ));
#1903 = ADVANCED_FACE('',(#1904,#1910),#1944,.F.);
#1904 = FACE_BOUND('',#1905,.F.);
#1905 = EDGE_LOOP('',(#1906,#1907,#1908,#1909));
#1906 = ORIENTED_EDGE('',*,*,#1892,.T.);
#1907 = ORIENTED_EDGE('',*,*,#1112,.T.);
#1908 = ORIENTED_EDGE('',*,*,#1136,.F.);
#1909 = ORIENTED_EDGE('',*,*,#1169,.F.);
#1910 = FACE_BOUND('',#1911,.F.);
#1911 = EDGE_LOOP('',(#1912,#1922,#1930,#1938));
#1912 = ORIENTED_EDGE('',*,*,#1913,.F.);
#1913 = EDGE_CURVE('',#1914,#1916,#1918,.T.);
#1914 = VERTEX_POINT('',#1915);
#1915 = CARTESIAN_POINT('',(-0.32,0.32,0.3));
#1916 = VERTEX_POINT('',#1917);
#1917 = CARTESIAN_POINT('',(-0.32,-0.32,0.3));
#1918 = LINE('',#1919,#1920);
#1919 = CARTESIAN_POINT('',(-0.32,0.26829700442,0.3));
#1920 = VECTOR('',#1921,1.);
#1921 = DIRECTION('',(-1.224646799147E-16,-1.,0.));
#1922 = ORIENTED_EDGE('',*,*,#1923,.T.);
#1923 = EDGE_CURVE('',#1914,#1924,#1926,.T.);
#1924 = VERTEX_POINT('',#1925);
#1925 = CARTESIAN_POINT('',(0.32,0.32,0.3));
#1926 = LINE('',#1927,#1928);
#1927 = CARTESIAN_POINT('',(0.535,0.32,0.3));
#1928 = VECTOR('',#1929,1.);
#1929 = DIRECTION('',(1.,-1.224646799147E-16,0.));
#1930 = ORIENTED_EDGE('',*,*,#1931,.T.);
#1931 = EDGE_CURVE('',#1924,#1932,#1934,.T.);
#1932 = VERTEX_POINT('',#1933);
#1933 = CARTESIAN_POINT('',(0.32,-0.32,0.3));
#1934 = LINE('',#1935,#1936);
#1935 = CARTESIAN_POINT('',(0.32,0.26829700442,0.3));
#1936 = VECTOR('',#1937,1.);
#1937 = DIRECTION('',(-1.224646799147E-16,-1.,0.));
#1938 = ORIENTED_EDGE('',*,*,#1939,.T.);
#1939 = EDGE_CURVE('',#1932,#1916,#1940,.T.);
#1940 = LINE('',#1941,#1942);
#1941 = CARTESIAN_POINT('',(0.535,-0.32,0.3));
#1942 = VECTOR('',#1943,1.);
#1943 = DIRECTION('',(-1.,1.224646799147E-16,0.));
#1944 = PLANE('',#1945);
#1945 = AXIS2_PLACEMENT_3D('',#1946,#1947,#1948);
#1946 = CARTESIAN_POINT('',(0.75,0.5,0.3));
#1947 = DIRECTION('',(0.,0.,1.));
#1948 = DIRECTION('',(-1.224646799147E-16,-1.,0.));
#1949 = ADVANCED_FACE('',(#1950,#1956),#1990,.F.);
#1950 = FACE_BOUND('',#1951,.F.);
#1951 = EDGE_LOOP('',(#1952,#1953,#1954,#1955));
#1952 = ORIENTED_EDGE('',*,*,#1875,.T.);
#1953 = ORIENTED_EDGE('',*,*,#1217,.T.);
#1954 = ORIENTED_EDGE('',*,*,#1241,.F.);
#1955 = ORIENTED_EDGE('',*,*,#1274,.F.);
#1956 = FACE_BOUND('',#1957,.F.);
#1957 = EDGE_LOOP('',(#1958,#1968,#1976,#1984));
#1958 = ORIENTED_EDGE('',*,*,#1959,.F.);
#1959 = EDGE_CURVE('',#1960,#1962,#1964,.T.);
#1960 = VERTEX_POINT('',#1961);
#1961 = CARTESIAN_POINT('',(2.18,0.32,0.3));
#1962 = VERTEX_POINT('',#1963);
#1963 = CARTESIAN_POINT('',(2.18,-0.32,0.3));
#1964 = LINE('',#1965,#1966);
#1965 = CARTESIAN_POINT('',(2.18,0.25,0.3));
#1966 = VECTOR('',#1967,1.);
#1967 = DIRECTION('',(-1.224646799147E-16,-1.,0.));
#1968 = ORIENTED_EDGE('',*,*,#1969,.T.);
#1969 = EDGE_CURVE('',#1960,#1970,#1972,.T.);
#1970 = VERTEX_POINT('',#1971);
#1971 = CARTESIAN_POINT('',(2.82,0.32,0.3));
#1972 = LINE('',#1973,#1974);
#1973 = CARTESIAN_POINT('',(3.035,0.32,0.3));
#1974 = VECTOR('',#1975,1.);
#1975 = DIRECTION('',(1.,-1.224646799147E-16,0.));
#1976 = ORIENTED_EDGE('',*,*,#1977,.T.);
#1977 = EDGE_CURVE('',#1970,#1978,#1980,.T.);
#1978 = VERTEX_POINT('',#1979);
#1979 = CARTESIAN_POINT('',(2.82,-0.32,0.3));
#1980 = LINE('',#1981,#1982);
#1981 = CARTESIAN_POINT('',(2.82,0.25,0.3));
#1982 = VECTOR('',#1983,1.);
#1983 = DIRECTION('',(-1.224646799147E-16,-1.,0.));
#1984 = ORIENTED_EDGE('',*,*,#1985,.T.);
#1985 = EDGE_CURVE('',#1978,#1962,#1986,.T.);
#1986 = LINE('',#1987,#1988);
#1987 = CARTESIAN_POINT('',(3.035,-0.32,0.3));
#1988 = VECTOR('',#1989,1.);
#1989 = DIRECTION('',(-1.,1.224646799147E-16,0.));
#1990 = PLANE('',#1991);
#1991 = AXIS2_PLACEMENT_3D('',#1992,#1993,#1994);
#1992 = CARTESIAN_POINT('',(3.25,0.5,0.3));
#1993 = DIRECTION('',(0.,0.,1.));
#1994 = DIRECTION('',(-1.224646799147E-16,-1.,0.));
#1995 = ADVANCED_FACE('',(#1996,#2002),#2036,.F.);
#1996 = FACE_BOUND('',#1997,.F.);
#1997 = EDGE_LOOP('',(#1998,#1999,#2000,#2001));
#1998 = ORIENTED_EDGE('',*,*,#1858,.T.);
#1999 = ORIENTED_EDGE('',*,*,#1322,.T.);
#2000 = ORIENTED_EDGE('',*,*,#1346,.F.);
#2001 = ORIENTED_EDGE('',*,*,#1379,.F.);
#2002 = FACE_BOUND('',#2003,.F.);
#2003 = EDGE_LOOP('',(#2004,#2014,#2022,#2030));
#2004 = ORIENTED_EDGE('',*,*,#2005,.F.);
#2005 = EDGE_CURVE('',#2006,#2008,#2010,.T.);
#2006 = VERTEX_POINT('',#2007);
#2007 = CARTESIAN_POINT('',(4.68,0.32,0.3));
#2008 = VERTEX_POINT('',#2009);
#2009 = CARTESIAN_POINT('',(4.68,-0.32,0.3));
#2010 = LINE('',#2011,#2012);
#2011 = CARTESIAN_POINT('',(4.68,0.26829700442,0.3));
#2012 = VECTOR('',#2013,1.);
#2013 = DIRECTION('',(-1.224646799147E-16,-1.,0.));
#2014 = ORIENTED_EDGE('',*,*,#2015,.T.);
#2015 = EDGE_CURVE('',#2006,#2016,#2018,.T.);
#2016 = VERTEX_POINT('',#2017);
#2017 = CARTESIAN_POINT('',(5.32,0.32,0.3));
#2018 = LINE('',#2019,#2020);
#2019 = CARTESIAN_POINT('',(5.535,0.32,0.3));
#2020 = VECTOR('',#2021,1.);
#2021 = DIRECTION('',(1.,-1.224646799147E-16,0.));
#2022 = ORIENTED_EDGE('',*,*,#2023,.T.);
#2023 = EDGE_CURVE('',#2016,#2024,#2026,.T.);
#2024 = VERTEX_POINT('',#2025);
#2025 = CARTESIAN_POINT('',(5.32,-0.32,0.3));
#2026 = LINE('',#2027,#2028);
#2027 = CARTESIAN_POINT('',(5.32,0.26829700442,0.3));
#2028 = VECTOR('',#2029,1.);
#2029 = DIRECTION('',(-1.224646799147E-16,-1.,0.));
#2030 = ORIENTED_EDGE('',*,*,#2031,.T.);
#2031 = EDGE_CURVE('',#2024,#2008,#2032,.T.);
#2032 = LINE('',#2033,#2034);
#2033 = CARTESIAN_POINT('',(5.535,-0.32,0.3));
#2034 = VECTOR('',#2035,1.);
#2035 = DIRECTION('',(-1.,1.224646799147E-16,0.));
#2036 = PLANE('',#2037);
#2037 = AXIS2_PLACEMENT_3D('',#2038,#2039,#2040);
#2038 = CARTESIAN_POINT('',(5.75,0.5,0.3));
#2039 = DIRECTION('',(0.,0.,1.));
#2040 = DIRECTION('',(-1.224646799147E-16,-1.,0.));
#2041 = ADVANCED_FACE('',(#2042),#2067,.T.);
#2042 = FACE_BOUND('',#2043,.T.);
#2043 = EDGE_LOOP('',(#2044,#2045,#2053,#2061));
#2044 = ORIENTED_EDGE('',*,*,#1498,.T.);
#2045 = ORIENTED_EDGE('',*,*,#2046,.T.);
#2046 = EDGE_CURVE('',#1501,#2047,#2049,.T.);
#2047 = VERTEX_POINT('',#2048);
#2048 = CARTESIAN_POINT('',(-0.32,-0.32,6.3));
#2049 = LINE('',#2050,#2051);
#2050 = CARTESIAN_POINT('',(-0.32,-0.32,-0.9));
#2051 = VECTOR('',#2052,1.);
#2052 = DIRECTION('',(0.,0.,1.));
#2053 = ORIENTED_EDGE('',*,*,#2054,.T.);
#2054 = EDGE_CURVE('',#2047,#2055,#2057,.T.);
#2055 = VERTEX_POINT('',#2056);
#2056 = CARTESIAN_POINT('',(-0.32,0.32,6.3));
#2057 = LINE('',#2058,#2059);
#2058 = CARTESIAN_POINT('',(-0.32,-0.32,6.3));
#2059 = VECTOR('',#2060,1.);
#2060 = DIRECTION('',(1.224646799147E-16,1.,0.));
#2061 = ORIENTED_EDGE('',*,*,#2062,.T.);
#2062 = EDGE_CURVE('',#2055,#1499,#2063,.T.);
#2063 = LINE('',#2064,#2065);
#2064 = CARTESIAN_POINT('',(-0.32,0.32,6.5));
#2065 = VECTOR('',#2066,1.);
#2066 = DIRECTION('',(-0.,0.,-1.));
#2067 = PLANE('',#2068);
#2068 = AXIS2_PLACEMENT_3D('',#2069,#2070,#2071);
#2069 = CARTESIAN_POINT('',(-0.32,3.65940088399E-02,1.522832428212));
#2070 = DIRECTION('',(-1.,1.224646799147E-16,0.));
#2071 = DIRECTION('',(0.,0.,1.));
#2072 = ADVANCED_FACE('',(#2073),#2091,.F.);
#2073 = FACE_BOUND('',#2074,.F.);
#2074 = EDGE_LOOP('',(#2075,#2083,#2084,#2085));
#2075 = ORIENTED_EDGE('',*,*,#2076,.F.);
#2076 = EDGE_CURVE('',#1517,#2077,#2079,.T.);
#2077 = VERTEX_POINT('',#2078);
#2078 = CARTESIAN_POINT('',(0.32,-0.32,6.3));
#2079 = LINE('',#2080,#2081);
#2080 = CARTESIAN_POINT('',(0.32,-0.32,-0.9));
#2081 = VECTOR('',#2082,1.);
#2082 = DIRECTION('',(0.,0.,1.));
#2083 = ORIENTED_EDGE('',*,*,#1524,.T.);
#2084 = ORIENTED_EDGE('',*,*,#2046,.T.);
#2085 = ORIENTED_EDGE('',*,*,#2086,.F.);
#2086 = EDGE_CURVE('',#2077,#2047,#2087,.T.);
#2087 = LINE('',#2088,#2089);
#2088 = CARTESIAN_POINT('',(0.32,-0.32,6.3));
#2089 = VECTOR('',#2090,1.);
#2090 = DIRECTION('',(-1.,1.224646799147E-16,0.));
#2091 = PLANE('',#2092);
#2092 = AXIS2_PLACEMENT_3D('',#2093,#2094,#2095);
#2093 = CARTESIAN_POINT('',(0.32,-0.32,-0.9));
#2094 = DIRECTION('',(1.224646799147E-16,1.,0.));
#2095 = DIRECTION('',(0.,-0.,1.));
#2096 = ADVANCED_FACE('',(#2097),#2115,.F.);
#2097 = FACE_BOUND('',#2098,.F.);
#2098 = EDGE_LOOP('',(#2099,#2100,#2101,#2109));
#2099 = ORIENTED_EDGE('',*,*,#1516,.T.);
#2100 = ORIENTED_EDGE('',*,*,#2076,.T.);
#2101 = ORIENTED_EDGE('',*,*,#2102,.T.);
#2102 = EDGE_CURVE('',#2077,#2103,#2105,.T.);
#2103 = VERTEX_POINT('',#2104);
#2104 = CARTESIAN_POINT('',(0.32,0.32,6.3));
#2105 = LINE('',#2106,#2107);
#2106 = CARTESIAN_POINT('',(0.32,-0.32,6.3));
#2107 = VECTOR('',#2108,1.);
#2108 = DIRECTION('',(1.224646799147E-16,1.,0.));
#2109 = ORIENTED_EDGE('',*,*,#2110,.T.);
#2110 = EDGE_CURVE('',#2103,#1509,#2111,.T.);
#2111 = LINE('',#2112,#2113);
#2112 = CARTESIAN_POINT('',(0.32,0.32,6.5));
#2113 = VECTOR('',#2114,1.);
#2114 = DIRECTION('',(-0.,0.,-1.));
#2115 = PLANE('',#2116);
#2116 = AXIS2_PLACEMENT_3D('',#2117,#2118,#2119);
#2117 = CARTESIAN_POINT('',(0.32,3.65940088399E-02,1.522832428212));
#2118 = DIRECTION('',(-1.,1.224646799147E-16,0.));
#2119 = DIRECTION('',(0.,0.,1.));
#2120 = ADVANCED_FACE('',(#2121),#2132,.F.);
#2121 = FACE_BOUND('',#2122,.F.);
#2122 = EDGE_LOOP('',(#2123,#2124,#2130,#2131));
#2123 = ORIENTED_EDGE('',*,*,#2110,.F.);
#2124 = ORIENTED_EDGE('',*,*,#2125,.T.);
#2125 = EDGE_CURVE('',#2103,#2055,#2126,.T.);
#2126 = LINE('',#2127,#2128);
#2127 = CARTESIAN_POINT('',(0.32,0.32,6.3));
#2128 = VECTOR('',#2129,1.);
#2129 = DIRECTION('',(-1.,1.224646799147E-16,0.));
#2130 = ORIENTED_EDGE('',*,*,#2062,.T.);
#2131 = ORIENTED_EDGE('',*,*,#1508,.T.);
#2132 = PLANE('',#2133);
#2133 = AXIS2_PLACEMENT_3D('',#2134,#2135,#2136);
#2134 = CARTESIAN_POINT('',(0.32,0.32,6.5));
#2135 = DIRECTION('',(-1.224646799147E-16,-1.,0.));
#2136 = DIRECTION('',(-0.,0.,-1.));
#2137 = ADVANCED_FACE('',(#2138),#2163,.T.);
#2138 = FACE_BOUND('',#2139,.T.);
#2139 = EDGE_LOOP('',(#2140,#2141,#2149,#2157));
#2140 = ORIENTED_EDGE('',*,*,#1532,.T.);
#2141 = ORIENTED_EDGE('',*,*,#2142,.T.);
#2142 = EDGE_CURVE('',#1535,#2143,#2145,.T.);
#2143 = VERTEX_POINT('',#2144);
#2144 = CARTESIAN_POINT('',(4.68,-0.32,6.3));
#2145 = LINE('',#2146,#2147);
#2146 = CARTESIAN_POINT('',(4.68,-0.32,-0.9));
#2147 = VECTOR('',#2148,1.);
#2148 = DIRECTION('',(0.,0.,1.));
#2149 = ORIENTED_EDGE('',*,*,#2150,.T.);
#2150 = EDGE_CURVE('',#2143,#2151,#2153,.T.);
#2151 = VERTEX_POINT('',#2152);
#2152 = CARTESIAN_POINT('',(4.68,0.32,6.3));
#2153 = LINE('',#2154,#2155);
#2154 = CARTESIAN_POINT('',(4.68,-0.32,6.3));
#2155 = VECTOR('',#2156,1.);
#2156 = DIRECTION('',(1.224646799147E-16,1.,0.));
#2157 = ORIENTED_EDGE('',*,*,#2158,.T.);
#2158 = EDGE_CURVE('',#2151,#1533,#2159,.T.);
#2159 = LINE('',#2160,#2161);
#2160 = CARTESIAN_POINT('',(4.68,0.32,6.5));
#2161 = VECTOR('',#2162,1.);
#2162 = DIRECTION('',(-0.,0.,-1.));
#2163 = PLANE('',#2164);
#2164 = AXIS2_PLACEMENT_3D('',#2165,#2166,#2167);
#2165 = CARTESIAN_POINT('',(4.68,3.65940088399E-02,1.522832428212));
#2166 = DIRECTION('',(-1.,1.224646799147E-16,0.));
#2167 = DIRECTION('',(0.,0.,1.));
#2168 = ADVANCED_FACE('',(#2169),#2187,.F.);
#2169 = FACE_BOUND('',#2170,.F.);
#2170 = EDGE_LOOP('',(#2171,#2179,#2180,#2181));
#2171 = ORIENTED_EDGE('',*,*,#2172,.F.);
#2172 = EDGE_CURVE('',#1551,#2173,#2175,.T.);
#2173 = VERTEX_POINT('',#2174);
#2174 = CARTESIAN_POINT('',(5.32,-0.32,6.3));
#2175 = LINE('',#2176,#2177);
#2176 = CARTESIAN_POINT('',(5.32,-0.32,-0.9));
#2177 = VECTOR('',#2178,1.);
#2178 = DIRECTION('',(0.,0.,1.));
#2179 = ORIENTED_EDGE('',*,*,#1558,.T.);
#2180 = ORIENTED_EDGE('',*,*,#2142,.T.);
#2181 = ORIENTED_EDGE('',*,*,#2182,.F.);
#2182 = EDGE_CURVE('',#2173,#2143,#2183,.T.);
#2183 = LINE('',#2184,#2185);
#2184 = CARTESIAN_POINT('',(5.32,-0.32,6.3));
#2185 = VECTOR('',#2186,1.);
#2186 = DIRECTION('',(-1.,1.224646799147E-16,0.));
#2187 = PLANE('',#2188);
#2188 = AXIS2_PLACEMENT_3D('',#2189,#2190,#2191);
#2189 = CARTESIAN_POINT('',(5.32,-0.32,-0.9));
#2190 = DIRECTION('',(1.224646799147E-16,1.,0.));
#2191 = DIRECTION('',(0.,-0.,1.));
#2192 = ADVANCED_FACE('',(#2193),#2211,.F.);
#2193 = FACE_BOUND('',#2194,.F.);
#2194 = EDGE_LOOP('',(#2195,#2196,#2197,#2205));
#2195 = ORIENTED_EDGE('',*,*,#1550,.T.);
#2196 = ORIENTED_EDGE('',*,*,#2172,.T.);
#2197 = ORIENTED_EDGE('',*,*,#2198,.T.);
#2198 = EDGE_CURVE('',#2173,#2199,#2201,.T.);
#2199 = VERTEX_POINT('',#2200);
#2200 = CARTESIAN_POINT('',(5.32,0.32,6.3));
#2201 = LINE('',#2202,#2203);
#2202 = CARTESIAN_POINT('',(5.32,-0.32,6.3));
#2203 = VECTOR('',#2204,1.);
#2204 = DIRECTION('',(1.224646799147E-16,1.,0.));
#2205 = ORIENTED_EDGE('',*,*,#2206,.T.);
#2206 = EDGE_CURVE('',#2199,#1543,#2207,.T.);
#2207 = LINE('',#2208,#2209);
#2208 = CARTESIAN_POINT('',(5.32,0.32,6.5));
#2209 = VECTOR('',#2210,1.);
#2210 = DIRECTION('',(-0.,0.,-1.));
#2211 = PLANE('',#2212);
#2212 = AXIS2_PLACEMENT_3D('',#2213,#2214,#2215);
#2213 = CARTESIAN_POINT('',(5.32,3.65940088399E-02,1.522832428212));
#2214 = DIRECTION('',(-1.,1.224646799147E-16,0.));
#2215 = DIRECTION('',(0.,0.,1.));
#2216 = ADVANCED_FACE('',(#2217),#2228,.F.);
#2217 = FACE_BOUND('',#2218,.F.);
#2218 = EDGE_LOOP('',(#2219,#2220,#2226,#2227));
#2219 = ORIENTED_EDGE('',*,*,#2206,.F.);
#2220 = ORIENTED_EDGE('',*,*,#2221,.T.);
#2221 = EDGE_CURVE('',#2199,#2151,#2222,.T.);
#2222 = LINE('',#2223,#2224);
#2223 = CARTESIAN_POINT('',(5.32,0.32,6.3));
#2224 = VECTOR('',#2225,1.);
#2225 = DIRECTION('',(-1.,1.224646799147E-16,0.));
#2226 = ORIENTED_EDGE('',*,*,#2158,.T.);
#2227 = ORIENTED_EDGE('',*,*,#1542,.T.);
#2228 = PLANE('',#2229);
#2229 = AXIS2_PLACEMENT_3D('',#2230,#2231,#2232);
#2230 = CARTESIAN_POINT('',(5.32,0.32,6.5));
#2231 = DIRECTION('',(-1.224646799147E-16,-1.,0.));
#2232 = DIRECTION('',(-0.,0.,-1.));
#2233 = ADVANCED_FACE('',(#2234),#2259,.T.);
#2234 = FACE_BOUND('',#2235,.T.);
#2235 = EDGE_LOOP('',(#2236,#2237,#2245,#2253));
#2236 = ORIENTED_EDGE('',*,*,#1566,.T.);
#2237 = ORIENTED_EDGE('',*,*,#2238,.T.);
#2238 = EDGE_CURVE('',#1569,#2239,#2241,.T.);
#2239 = VERTEX_POINT('',#2240);
#2240 = CARTESIAN_POINT('',(2.18,-0.32,6.3));
#2241 = LINE('',#2242,#2243);
#2242 = CARTESIAN_POINT('',(2.18,-0.32,-3.4));
#2243 = VECTOR('',#2244,1.);
#2244 = DIRECTION('',(0.,0.,1.));
#2245 = ORIENTED_EDGE('',*,*,#2246,.T.);
#2246 = EDGE_CURVE('',#2239,#2247,#2249,.T.);
#2247 = VERTEX_POINT('',#2248);
#2248 = CARTESIAN_POINT('',(2.18,0.32,6.3));
#2249 = LINE('',#2250,#2251);
#2250 = CARTESIAN_POINT('',(2.18,-0.32,6.3));
#2251 = VECTOR('',#2252,1.);
#2252 = DIRECTION('',(1.224646799147E-16,1.,0.));
#2253 = ORIENTED_EDGE('',*,*,#2254,.T.);
#2254 = EDGE_CURVE('',#2247,#1567,#2255,.T.);
#2255 = LINE('',#2256,#2257);
#2256 = CARTESIAN_POINT('',(2.18,0.32,6.5));
#2257 = VECTOR('',#2258,1.);
#2258 = DIRECTION('',(-0.,0.,-1.));
#2259 = PLANE('',#2260);
#2260 = AXIS2_PLACEMENT_3D('',#2261,#2262,#2263);
#2261 = CARTESIAN_POINT('',(2.18,3.918869757272E-17,1.55));
#2262 = DIRECTION('',(-1.,1.224646799147E-16,0.));
#2263 = DIRECTION('',(0.,0.,1.));
#2264 = ADVANCED_FACE('',(#2265),#2283,.F.);
#2265 = FACE_BOUND('',#2266,.F.);
#2266 = EDGE_LOOP('',(#2267,#2275,#2276,#2277));
#2267 = ORIENTED_EDGE('',*,*,#2268,.F.);
#2268 = EDGE_CURVE('',#1585,#2269,#2271,.T.);
#2269 = VERTEX_POINT('',#2270);
#2270 = CARTESIAN_POINT('',(2.82,-0.32,6.3));
#2271 = LINE('',#2272,#2273);
#2272 = CARTESIAN_POINT('',(2.82,-0.32,-3.4));
#2273 = VECTOR('',#2274,1.);
#2274 = DIRECTION('',(0.,0.,1.));
#2275 = ORIENTED_EDGE('',*,*,#1592,.T.);
#2276 = ORIENTED_EDGE('',*,*,#2238,.T.);
#2277 = ORIENTED_EDGE('',*,*,#2278,.F.);
#2278 = EDGE_CURVE('',#2269,#2239,#2279,.T.);
#2279 = LINE('',#2280,#2281);
#2280 = CARTESIAN_POINT('',(2.82,-0.32,6.3));
#2281 = VECTOR('',#2282,1.);
#2282 = DIRECTION('',(-1.,1.224646799147E-16,0.));
#2283 = PLANE('',#2284);
#2284 = AXIS2_PLACEMENT_3D('',#2285,#2286,#2287);
#2285 = CARTESIAN_POINT('',(2.82,-0.32,-3.4));
#2286 = DIRECTION('',(1.224646799147E-16,1.,0.));
#2287 = DIRECTION('',(0.,-0.,1.));
#2288 = ADVANCED_FACE('',(#2289),#2307,.F.);
#2289 = FACE_BOUND('',#2290,.F.);
#2290 = EDGE_LOOP('',(#2291,#2292,#2293,#2301));
#2291 = ORIENTED_EDGE('',*,*,#1584,.T.);
#2292 = ORIENTED_EDGE('',*,*,#2268,.T.);
#2293 = ORIENTED_EDGE('',*,*,#2294,.T.);
#2294 = EDGE_CURVE('',#2269,#2295,#2297,.T.);
#2295 = VERTEX_POINT('',#2296);
#2296 = CARTESIAN_POINT('',(2.82,0.32,6.3));
#2297 = LINE('',#2298,#2299);
#2298 = CARTESIAN_POINT('',(2.82,-0.32,6.3));
#2299 = VECTOR('',#2300,1.);
#2300 = DIRECTION('',(1.224646799147E-16,1.,0.));
#2301 = ORIENTED_EDGE('',*,*,#2302,.T.);
#2302 = EDGE_CURVE('',#2295,#1577,#2303,.T.);
#2303 = LINE('',#2304,#2305);
#2304 = CARTESIAN_POINT('',(2.82,0.32,6.5));
#2305 = VECTOR('',#2306,1.);
#2306 = DIRECTION('',(-0.,0.,-1.));
#2307 = PLANE('',#2308);
#2308 = AXIS2_PLACEMENT_3D('',#2309,#2310,#2311);
#2309 = CARTESIAN_POINT('',(2.82,-3.918869757272E-17,1.55));
#2310 = DIRECTION('',(-1.,1.224646799147E-16,0.));
#2311 = DIRECTION('',(0.,0.,1.));
#2312 = ADVANCED_FACE('',(#2313),#2324,.F.);
#2313 = FACE_BOUND('',#2314,.F.);
#2314 = EDGE_LOOP('',(#2315,#2316,#2322,#2323));
#2315 = ORIENTED_EDGE('',*,*,#2302,.F.);
#2316 = ORIENTED_EDGE('',*,*,#2317,.T.);
#2317 = EDGE_CURVE('',#2295,#2247,#2318,.T.);
#2318 = LINE('',#2319,#2320);
#2319 = CARTESIAN_POINT('',(2.82,0.32,6.3));
#2320 = VECTOR('',#2321,1.);
#2321 = DIRECTION('',(-1.,1.224646799147E-16,0.));
#2322 = ORIENTED_EDGE('',*,*,#2254,.T.);
#2323 = ORIENTED_EDGE('',*,*,#1576,.T.);
#2324 = PLANE('',#2325);
#2325 = AXIS2_PLACEMENT_3D('',#2326,#2327,#2328);
#2326 = CARTESIAN_POINT('',(2.82,0.32,6.5));
#2327 = DIRECTION('',(-1.224646799147E-16,-1.,0.));
#2328 = DIRECTION('',(-0.,0.,-1.));
#2329 = ADVANCED_FACE('',(#2330),#2387,.T.);
#2330 = FACE_BOUND('',#2331,.T.);
#2331 = EDGE_LOOP('',(#2332,#2342,#2350,#2358,#2364,#2365,#2373,#2381));
#2332 = ORIENTED_EDGE('',*,*,#2333,.T.);
#2333 = EDGE_CURVE('',#2334,#2336,#2338,.T.);
#2334 = VERTEX_POINT('',#2335);
#2335 = CARTESIAN_POINT('',(-0.32,0.351578947368,-3.2));
#2336 = VERTEX_POINT('',#2337);
#2337 = CARTESIAN_POINT('',(-0.32,-0.288421052632,-3.2));
#2338 = LINE('',#2339,#2340);
#2339 = CARTESIAN_POINT('',(-0.32,0.32,-3.2));
#2340 = VECTOR('',#2341,1.);
#2341 = DIRECTION('',(-1.224646799147E-16,-1.,0.));
#2342 = ORIENTED_EDGE('',*,*,#2343,.T.);
#2343 = EDGE_CURVE('',#2336,#2344,#2346,.T.);
#2344 = VERTEX_POINT('',#2345);
#2345 = CARTESIAN_POINT('',(-0.32,-2.E-02,-1.5));
#2346 = LINE('',#2347,#2348);
#2347 = CARTESIAN_POINT('',(-0.32,-0.32,-3.4));
#2348 = VECTOR('',#2349,1.);
#2349 = DIRECTION('',(1.909990663905E-17,0.155962573473,0.987762965329)
  );
#2350 = ORIENTED_EDGE('',*,*,#2351,.T.);
#2351 = EDGE_CURVE('',#2344,#2352,#2354,.T.);
#2352 = VERTEX_POINT('',#2353);
#2353 = CARTESIAN_POINT('',(-0.32,-0.32,-0.9));
#2354 = LINE('',#2355,#2356);
#2355 = CARTESIAN_POINT('',(-0.32,-2.E-02,-1.5));
#2356 = VECTOR('',#2357,1.);
#2357 = DIRECTION('',(-5.476786982641E-17,-0.4472135955,0.894427191));
#2358 = ORIENTED_EDGE('',*,*,#2359,.T.);
#2359 = EDGE_CURVE('',#2352,#1916,#2360,.T.);
#2360 = LINE('',#2361,#2362);
#2361 = CARTESIAN_POINT('',(-0.32,-0.32,-0.9));
#2362 = VECTOR('',#2363,1.);
#2363 = DIRECTION('',(0.,0.,1.));
#2364 = ORIENTED_EDGE('',*,*,#1913,.F.);
#2365 = ORIENTED_EDGE('',*,*,#2366,.T.);
#2366 = EDGE_CURVE('',#1914,#2367,#2369,.T.);
#2367 = VERTEX_POINT('',#2368);
#2368 = CARTESIAN_POINT('',(-0.32,0.32,-0.9));
#2369 = LINE('',#2370,#2371);
#2370 = CARTESIAN_POINT('',(-0.32,0.32,6.5));
#2371 = VECTOR('',#2372,1.);
#2372 = DIRECTION('',(-0.,0.,-1.));
#2373 = ORIENTED_EDGE('',*,*,#2374,.T.);
#2374 = EDGE_CURVE('',#2367,#2375,#2377,.T.);
#2375 = VERTEX_POINT('',#2376);
#2376 = CARTESIAN_POINT('',(-0.32,0.62,-1.5));
#2377 = LINE('',#2378,#2379);
#2378 = CARTESIAN_POINT('',(-0.32,0.32,-0.9));
#2379 = VECTOR('',#2380,1.);
#2380 = DIRECTION('',(5.476786982641E-17,0.4472135955,-0.894427191));
#2381 = ORIENTED_EDGE('',*,*,#2382,.T.);
#2382 = EDGE_CURVE('',#2375,#2334,#2383,.T.);
#2383 = LINE('',#2384,#2385);
#2384 = CARTESIAN_POINT('',(-0.32,0.62,-1.5));
#2385 = VECTOR('',#2386,1.);
#2386 = DIRECTION('',(-1.909990663905E-17,-0.155962573473,
    -0.987762965329));
#2387 = PLANE('',#2388);
#2388 = AXIS2_PLACEMENT_3D('',#2389,#2390,#2391);
#2389 = CARTESIAN_POINT('',(-0.32,3.65940088399E-02,1.522832428212));
#2390 = DIRECTION('',(-1.,1.224646799147E-16,0.));
#2391 = DIRECTION('',(0.,0.,1.));
#2392 = ADVANCED_FACE('',(#2393),#2411,.F.);
#2393 = FACE_BOUND('',#2394,.F.);
#2394 = EDGE_LOOP('',(#2395,#2403,#2409,#2410));
#2395 = ORIENTED_EDGE('',*,*,#2396,.F.);
#2396 = EDGE_CURVE('',#2397,#1932,#2399,.T.);
#2397 = VERTEX_POINT('',#2398);
#2398 = CARTESIAN_POINT('',(0.32,-0.32,-0.9));
#2399 = LINE('',#2400,#2401);
#2400 = CARTESIAN_POINT('',(0.32,-0.32,-0.9));
#2401 = VECTOR('',#2402,1.);
#2402 = DIRECTION('',(0.,0.,1.));
#2403 = ORIENTED_EDGE('',*,*,#2404,.T.);
#2404 = EDGE_CURVE('',#2397,#2352,#2405,.T.);
#2405 = LINE('',#2406,#2407);
#2406 = CARTESIAN_POINT('',(0.32,-0.32,-0.9));
#2407 = VECTOR('',#2408,1.);
#2408 = DIRECTION('',(-1.,1.224646799147E-16,0.));
#2409 = ORIENTED_EDGE('',*,*,#2359,.T.);
#2410 = ORIENTED_EDGE('',*,*,#1939,.F.);
#2411 = PLANE('',#2412);
#2412 = AXIS2_PLACEMENT_3D('',#2413,#2414,#2415);
#2413 = CARTESIAN_POINT('',(0.32,-0.32,-0.9));
#2414 = DIRECTION('',(1.224646799147E-16,1.,0.));
#2415 = DIRECTION('',(0.,-0.,1.));
#2416 = ADVANCED_FACE('',(#2417),#2467,.F.);
#2417 = FACE_BOUND('',#2418,.F.);
#2418 = EDGE_LOOP('',(#2419,#2429,#2437,#2443,#2444,#2445,#2453,#2461));
#2419 = ORIENTED_EDGE('',*,*,#2420,.T.);
#2420 = EDGE_CURVE('',#2421,#2423,#2425,.T.);
#2421 = VERTEX_POINT('',#2422);
#2422 = CARTESIAN_POINT('',(0.32,0.351578947368,-3.2));
#2423 = VERTEX_POINT('',#2424);
#2424 = CARTESIAN_POINT('',(0.32,-0.288421052632,-3.2));
#2425 = LINE('',#2426,#2427);
#2426 = CARTESIAN_POINT('',(0.32,0.32,-3.2));
#2427 = VECTOR('',#2428,1.);
#2428 = DIRECTION('',(-1.224646799147E-16,-1.,0.));
#2429 = ORIENTED_EDGE('',*,*,#2430,.T.);
#2430 = EDGE_CURVE('',#2423,#2431,#2433,.T.);
#2431 = VERTEX_POINT('',#2432);
#2432 = CARTESIAN_POINT('',(0.32,-2.E-02,-1.5));
#2433 = LINE('',#2434,#2435);
#2434 = CARTESIAN_POINT('',(0.32,-0.32,-3.4));
#2435 = VECTOR('',#2436,1.);
#2436 = DIRECTION('',(1.909990663905E-17,0.155962573473,0.987762965329)
  );
#2437 = ORIENTED_EDGE('',*,*,#2438,.T.);
#2438 = EDGE_CURVE('',#2431,#2397,#2439,.T.);
#2439 = LINE('',#2440,#2441);
#2440 = CARTESIAN_POINT('',(0.32,-2.E-02,-1.5));
#2441 = VECTOR('',#2442,1.);
#2442 = DIRECTION('',(-5.476786982641E-17,-0.4472135955,0.894427191));
#2443 = ORIENTED_EDGE('',*,*,#2396,.T.);
#2444 = ORIENTED_EDGE('',*,*,#1931,.F.);
#2445 = ORIENTED_EDGE('',*,*,#2446,.T.);
#2446 = EDGE_CURVE('',#1924,#2447,#2449,.T.);
#2447 = VERTEX_POINT('',#2448);
#2448 = CARTESIAN_POINT('',(0.32,0.32,-0.9));
#2449 = LINE('',#2450,#2451);
#2450 = CARTESIAN_POINT('',(0.32,0.32,6.5));
#2451 = VECTOR('',#2452,1.);
#2452 = DIRECTION('',(-0.,0.,-1.));
#2453 = ORIENTED_EDGE('',*,*,#2454,.T.);
#2454 = EDGE_CURVE('',#2447,#2455,#2457,.T.);
#2455 = VERTEX_POINT('',#2456);
#2456 = CARTESIAN_POINT('',(0.32,0.62,-1.5));
#2457 = LINE('',#2458,#2459);
#2458 = CARTESIAN_POINT('',(0.32,0.32,-0.9));
#2459 = VECTOR('',#2460,1.);
#2460 = DIRECTION('',(5.476786982641E-17,0.4472135955,-0.894427191));
#2461 = ORIENTED_EDGE('',*,*,#2462,.T.);
#2462 = EDGE_CURVE('',#2455,#2421,#2463,.T.);
#2463 = LINE('',#2464,#2465);
#2464 = CARTESIAN_POINT('',(0.32,0.62,-1.5));
#2465 = VECTOR('',#2466,1.);
#2466 = DIRECTION('',(-1.909990663905E-17,-0.155962573473,
    -0.987762965329));
#2467 = PLANE('',#2468);
#2468 = AXIS2_PLACEMENT_3D('',#2469,#2470,#2471);
#2469 = CARTESIAN_POINT('',(0.32,3.65940088399E-02,1.522832428212));
#2470 = DIRECTION('',(-1.,1.224646799147E-16,0.));
#2471 = DIRECTION('',(0.,0.,1.));
#2472 = ADVANCED_FACE('',(#2473),#2484,.F.);
#2473 = FACE_BOUND('',#2474,.F.);
#2474 = EDGE_LOOP('',(#2475,#2476,#2477,#2478));
#2475 = ORIENTED_EDGE('',*,*,#2446,.F.);
#2476 = ORIENTED_EDGE('',*,*,#1923,.F.);
#2477 = ORIENTED_EDGE('',*,*,#2366,.T.);
#2478 = ORIENTED_EDGE('',*,*,#2479,.F.);
#2479 = EDGE_CURVE('',#2447,#2367,#2480,.T.);
#2480 = LINE('',#2481,#2482);
#2481 = CARTESIAN_POINT('',(0.32,0.32,-0.9));
#2482 = VECTOR('',#2483,1.);
#2483 = DIRECTION('',(-1.,1.224646799147E-16,0.));
#2484 = PLANE('',#2485);
#2485 = AXIS2_PLACEMENT_3D('',#2486,#2487,#2488);
#2486 = CARTESIAN_POINT('',(0.32,0.32,6.5));
#2487 = DIRECTION('',(-1.224646799147E-16,-1.,0.));
#2488 = DIRECTION('',(-0.,0.,-1.));
#2489 = ADVANCED_FACE('',(#2490),#2515,.T.);
#2490 = FACE_BOUND('',#2491,.T.);
#2491 = EDGE_LOOP('',(#2492,#2502,#2508,#2509));
#2492 = ORIENTED_EDGE('',*,*,#2493,.T.);
#2493 = EDGE_CURVE('',#2494,#2496,#2498,.T.);
#2494 = VERTEX_POINT('',#2495);
#2495 = CARTESIAN_POINT('',(2.18,0.32,-3.2));
#2496 = VERTEX_POINT('',#2497);
#2497 = CARTESIAN_POINT('',(2.18,-0.32,-3.2));
#2498 = LINE('',#2499,#2500);
#2499 = CARTESIAN_POINT('',(2.18,0.32,-3.2));
#2500 = VECTOR('',#2501,1.);
#2501 = DIRECTION('',(-1.224646799147E-16,-1.,0.));
#2502 = ORIENTED_EDGE('',*,*,#2503,.T.);
#2503 = EDGE_CURVE('',#2496,#1962,#2504,.T.);
#2504 = LINE('',#2505,#2506);
#2505 = CARTESIAN_POINT('',(2.18,-0.32,-3.4));
#2506 = VECTOR('',#2507,1.);
#2507 = DIRECTION('',(0.,0.,1.));
#2508 = ORIENTED_EDGE('',*,*,#1959,.F.);
#2509 = ORIENTED_EDGE('',*,*,#2510,.T.);
#2510 = EDGE_CURVE('',#1960,#2494,#2511,.T.);
#2511 = LINE('',#2512,#2513);
#2512 = CARTESIAN_POINT('',(2.18,0.32,6.5));
#2513 = VECTOR('',#2514,1.);
#2514 = DIRECTION('',(-0.,0.,-1.));
#2515 = PLANE('',#2516);
#2516 = AXIS2_PLACEMENT_3D('',#2517,#2518,#2519);
#2517 = CARTESIAN_POINT('',(2.18,3.918869757272E-17,1.55));
#2518 = DIRECTION('',(-1.,1.224646799147E-16,0.));
#2519 = DIRECTION('',(0.,0.,1.));
#2520 = ADVANCED_FACE('',(#2521),#2539,.F.);
#2521 = FACE_BOUND('',#2522,.F.);
#2522 = EDGE_LOOP('',(#2523,#2531,#2537,#2538));
#2523 = ORIENTED_EDGE('',*,*,#2524,.F.);
#2524 = EDGE_CURVE('',#2525,#1978,#2527,.T.);
#2525 = VERTEX_POINT('',#2526);
#2526 = CARTESIAN_POINT('',(2.82,-0.32,-3.2));
#2527 = LINE('',#2528,#2529);
#2528 = CARTESIAN_POINT('',(2.82,-0.32,-3.4));
#2529 = VECTOR('',#2530,1.);
#2530 = DIRECTION('',(0.,0.,1.));
#2531 = ORIENTED_EDGE('',*,*,#2532,.T.);
#2532 = EDGE_CURVE('',#2525,#2496,#2533,.T.);
#2533 = LINE('',#2534,#2535);
#2534 = CARTESIAN_POINT('',(2.82,-0.32,-3.2));
#2535 = VECTOR('',#2536,1.);
#2536 = DIRECTION('',(-1.,1.224646799147E-16,0.));
#2537 = ORIENTED_EDGE('',*,*,#2503,.T.);
#2538 = ORIENTED_EDGE('',*,*,#1985,.F.);
#2539 = PLANE('',#2540);
#2540 = AXIS2_PLACEMENT_3D('',#2541,#2542,#2543);
#2541 = CARTESIAN_POINT('',(2.82,-0.32,-3.4));
#2542 = DIRECTION('',(1.224646799147E-16,1.,0.));
#2543 = DIRECTION('',(0.,-0.,1.));
#2544 = ADVANCED_FACE('',(#2545),#2563,.F.);
#2545 = FACE_BOUND('',#2546,.F.);
#2546 = EDGE_LOOP('',(#2547,#2555,#2556,#2557));
#2547 = ORIENTED_EDGE('',*,*,#2548,.T.);
#2548 = EDGE_CURVE('',#2549,#2525,#2551,.T.);
#2549 = VERTEX_POINT('',#2550);
#2550 = CARTESIAN_POINT('',(2.82,0.32,-3.2));
#2551 = LINE('',#2552,#2553);
#2552 = CARTESIAN_POINT('',(2.82,0.32,-3.2));
#2553 = VECTOR('',#2554,1.);
#2554 = DIRECTION('',(-1.224646799147E-16,-1.,0.));
#2555 = ORIENTED_EDGE('',*,*,#2524,.T.);
#2556 = ORIENTED_EDGE('',*,*,#1977,.F.);
#2557 = ORIENTED_EDGE('',*,*,#2558,.T.);
#2558 = EDGE_CURVE('',#1970,#2549,#2559,.T.);
#2559 = LINE('',#2560,#2561);
#2560 = CARTESIAN_POINT('',(2.82,0.32,6.5));
#2561 = VECTOR('',#2562,1.);
#2562 = DIRECTION('',(-0.,0.,-1.));
#2563 = PLANE('',#2564);
#2564 = AXIS2_PLACEMENT_3D('',#2565,#2566,#2567);
#2565 = CARTESIAN_POINT('',(2.82,-3.918869757272E-17,1.55));
#2566 = DIRECTION('',(-1.,1.224646799147E-16,0.));
#2567 = DIRECTION('',(0.,0.,1.));
#2568 = ADVANCED_FACE('',(#2569),#2580,.F.);
#2569 = FACE_BOUND('',#2570,.F.);
#2570 = EDGE_LOOP('',(#2571,#2572,#2573,#2574));
#2571 = ORIENTED_EDGE('',*,*,#2558,.F.);
#2572 = ORIENTED_EDGE('',*,*,#1969,.F.);
#2573 = ORIENTED_EDGE('',*,*,#2510,.T.);
#2574 = ORIENTED_EDGE('',*,*,#2575,.F.);
#2575 = EDGE_CURVE('',#2549,#2494,#2576,.T.);
#2576 = LINE('',#2577,#2578);
#2577 = CARTESIAN_POINT('',(2.82,0.32,-3.2));
#2578 = VECTOR('',#2579,1.);
#2579 = DIRECTION('',(-1.,1.224646799147E-16,0.));
#2580 = PLANE('',#2581);
#2581 = AXIS2_PLACEMENT_3D('',#2582,#2583,#2584);
#2582 = CARTESIAN_POINT('',(2.82,0.32,6.5));
#2583 = DIRECTION('',(-1.224646799147E-16,-1.,0.));
#2584 = DIRECTION('',(-0.,0.,-1.));
#2585 = ADVANCED_FACE('',(#2586),#2643,.T.);
#2586 = FACE_BOUND('',#2587,.T.);
#2587 = EDGE_LOOP('',(#2588,#2598,#2606,#2614,#2620,#2621,#2629,#2637));
#2588 = ORIENTED_EDGE('',*,*,#2589,.T.);
#2589 = EDGE_CURVE('',#2590,#2592,#2594,.T.);
#2590 = VERTEX_POINT('',#2591);
#2591 = CARTESIAN_POINT('',(4.68,0.351578947368,-3.2));
#2592 = VERTEX_POINT('',#2593);
#2593 = CARTESIAN_POINT('',(4.68,-0.288421052632,-3.2));
#2594 = LINE('',#2595,#2596);
#2595 = CARTESIAN_POINT('',(4.68,0.32,-3.2));
#2596 = VECTOR('',#2597,1.);
#2597 = DIRECTION('',(-1.224646799147E-16,-1.,0.));
#2598 = ORIENTED_EDGE('',*,*,#2599,.T.);
#2599 = EDGE_CURVE('',#2592,#2600,#2602,.T.);
#2600 = VERTEX_POINT('',#2601);
#2601 = CARTESIAN_POINT('',(4.68,-2.E-02,-1.5));
#2602 = LINE('',#2603,#2604);
#2603 = CARTESIAN_POINT('',(4.68,-0.32,-3.4));
#2604 = VECTOR('',#2605,1.);
#2605 = DIRECTION('',(1.909990663905E-17,0.155962573473,0.987762965329)
  );
#2606 = ORIENTED_EDGE('',*,*,#2607,.T.);
#2607 = EDGE_CURVE('',#2600,#2608,#2610,.T.);
#2608 = VERTEX_POINT('',#2609);
#2609 = CARTESIAN_POINT('',(4.68,-0.32,-0.9));
#2610 = LINE('',#2611,#2612);
#2611 = CARTESIAN_POINT('',(4.68,-2.E-02,-1.5));
#2612 = VECTOR('',#2613,1.);
#2613 = DIRECTION('',(-5.476786982641E-17,-0.4472135955,0.894427191));
#2614 = ORIENTED_EDGE('',*,*,#2615,.T.);
#2615 = EDGE_CURVE('',#2608,#2008,#2616,.T.);
#2616 = LINE('',#2617,#2618);
#2617 = CARTESIAN_POINT('',(4.68,-0.32,-0.9));
#2618 = VECTOR('',#2619,1.);
#2619 = DIRECTION('',(0.,0.,1.));
#2620 = ORIENTED_EDGE('',*,*,#2005,.F.);
#2621 = ORIENTED_EDGE('',*,*,#2622,.T.);
#2622 = EDGE_CURVE('',#2006,#2623,#2625,.T.);
#2623 = VERTEX_POINT('',#2624);
#2624 = CARTESIAN_POINT('',(4.68,0.32,-0.9));
#2625 = LINE('',#2626,#2627);
#2626 = CARTESIAN_POINT('',(4.68,0.32,6.5));
#2627 = VECTOR('',#2628,1.);
#2628 = DIRECTION('',(-0.,0.,-1.));
#2629 = ORIENTED_EDGE('',*,*,#2630,.T.);
#2630 = EDGE_CURVE('',#2623,#2631,#2633,.T.);
#2631 = VERTEX_POINT('',#2632);
#2632 = CARTESIAN_POINT('',(4.68,0.62,-1.5));
#2633 = LINE('',#2634,#2635);
#2634 = CARTESIAN_POINT('',(4.68,0.32,-0.9));
#2635 = VECTOR('',#2636,1.);
#2636 = DIRECTION('',(5.476786982641E-17,0.4472135955,-0.894427191));
#2637 = ORIENTED_EDGE('',*,*,#2638,.T.);
#2638 = EDGE_CURVE('',#2631,#2590,#2639,.T.);
#2639 = LINE('',#2640,#2641);
#2640 = CARTESIAN_POINT('',(4.68,0.62,-1.5));
#2641 = VECTOR('',#2642,1.);
#2642 = DIRECTION('',(-1.909990663905E-17,-0.155962573473,
    -0.987762965329));
#2643 = PLANE('',#2644);
#2644 = AXIS2_PLACEMENT_3D('',#2645,#2646,#2647);
#2645 = CARTESIAN_POINT('',(4.68,3.65940088399E-02,1.522832428212));
#2646 = DIRECTION('',(-1.,1.224646799147E-16,0.));
#2647 = DIRECTION('',(0.,0.,1.));
#2648 = ADVANCED_FACE('',(#2649),#2667,.F.);
#2649 = FACE_BOUND('',#2650,.F.);
#2650 = EDGE_LOOP('',(#2651,#2659,#2665,#2666));
#2651 = ORIENTED_EDGE('',*,*,#2652,.F.);
#2652 = EDGE_CURVE('',#2653,#2024,#2655,.T.);
#2653 = VERTEX_POINT('',#2654);
#2654 = CARTESIAN_POINT('',(5.32,-0.32,-0.9));
#2655 = LINE('',#2656,#2657);
#2656 = CARTESIAN_POINT('',(5.32,-0.32,-0.9));
#2657 = VECTOR('',#2658,1.);
#2658 = DIRECTION('',(0.,0.,1.));
#2659 = ORIENTED_EDGE('',*,*,#2660,.T.);
#2660 = EDGE_CURVE('',#2653,#2608,#2661,.T.);
#2661 = LINE('',#2662,#2663);
#2662 = CARTESIAN_POINT('',(5.32,-0.32,-0.9));
#2663 = VECTOR('',#2664,1.);
#2664 = DIRECTION('',(-1.,1.224646799147E-16,0.));
#2665 = ORIENTED_EDGE('',*,*,#2615,.T.);
#2666 = ORIENTED_EDGE('',*,*,#2031,.F.);
#2667 = PLANE('',#2668);
#2668 = AXIS2_PLACEMENT_3D('',#2669,#2670,#2671);
#2669 = CARTESIAN_POINT('',(5.32,-0.32,-0.9));
#2670 = DIRECTION('',(1.224646799147E-16,1.,0.));
#2671 = DIRECTION('',(0.,-0.,1.));
#2672 = ADVANCED_FACE('',(#2673),#2723,.F.);
#2673 = FACE_BOUND('',#2674,.F.);
#2674 = EDGE_LOOP('',(#2675,#2685,#2693,#2699,#2700,#2701,#2709,#2717));
#2675 = ORIENTED_EDGE('',*,*,#2676,.T.);
#2676 = EDGE_CURVE('',#2677,#2679,#2681,.T.);
#2677 = VERTEX_POINT('',#2678);
#2678 = CARTESIAN_POINT('',(5.32,0.351578947368,-3.2));
#2679 = VERTEX_POINT('',#2680);
#2680 = CARTESIAN_POINT('',(5.32,-0.288421052632,-3.2));
#2681 = LINE('',#2682,#2683);
#2682 = CARTESIAN_POINT('',(5.32,0.32,-3.2));
#2683 = VECTOR('',#2684,1.);
#2684 = DIRECTION('',(-1.224646799147E-16,-1.,0.));
#2685 = ORIENTED_EDGE('',*,*,#2686,.T.);
#2686 = EDGE_CURVE('',#2679,#2687,#2689,.T.);
#2687 = VERTEX_POINT('',#2688);
#2688 = CARTESIAN_POINT('',(5.32,-2.E-02,-1.5));
#2689 = LINE('',#2690,#2691);
#2690 = CARTESIAN_POINT('',(5.32,-0.32,-3.4));
#2691 = VECTOR('',#2692,1.);
#2692 = DIRECTION('',(1.909990663905E-17,0.155962573473,0.987762965329)
  );
#2693 = ORIENTED_EDGE('',*,*,#2694,.T.);
#2694 = EDGE_CURVE('',#2687,#2653,#2695,.T.);
#2695 = LINE('',#2696,#2697);
#2696 = CARTESIAN_POINT('',(5.32,-2.E-02,-1.5));
#2697 = VECTOR('',#2698,1.);
#2698 = DIRECTION('',(-5.476786982641E-17,-0.4472135955,0.894427191));
#2699 = ORIENTED_EDGE('',*,*,#2652,.T.);
#2700 = ORIENTED_EDGE('',*,*,#2023,.F.);
#2701 = ORIENTED_EDGE('',*,*,#2702,.T.);
#2702 = EDGE_CURVE('',#2016,#2703,#2705,.T.);
#2703 = VERTEX_POINT('',#2704);
#2704 = CARTESIAN_POINT('',(5.32,0.32,-0.9));
#2705 = LINE('',#2706,#2707);
#2706 = CARTESIAN_POINT('',(5.32,0.32,6.5));
#2707 = VECTOR('',#2708,1.);
#2708 = DIRECTION('',(-0.,0.,-1.));
#2709 = ORIENTED_EDGE('',*,*,#2710,.T.);
#2710 = EDGE_CURVE('',#2703,#2711,#2713,.T.);
#2711 = VERTEX_POINT('',#2712);
#2712 = CARTESIAN_POINT('',(5.32,0.62,-1.5));
#2713 = LINE('',#2714,#2715);
#2714 = CARTESIAN_POINT('',(5.32,0.32,-0.9));
#2715 = VECTOR('',#2716,1.);
#2716 = DIRECTION('',(5.476786982641E-17,0.4472135955,-0.894427191));
#2717 = ORIENTED_EDGE('',*,*,#2718,.T.);
#2718 = EDGE_CURVE('',#2711,#2677,#2719,.T.);
#2719 = LINE('',#2720,#2721);
#2720 = CARTESIAN_POINT('',(5.32,0.62,-1.5));
#2721 = VECTOR('',#2722,1.);
#2722 = DIRECTION('',(-1.909990663905E-17,-0.155962573473,
    -0.987762965329));
#2723 = PLANE('',#2724);
#2724 = AXIS2_PLACEMENT_3D('',#2725,#2726,#2727);
#2725 = CARTESIAN_POINT('',(5.32,3.65940088399E-02,1.522832428212));
#2726 = DIRECTION('',(-1.,1.224646799147E-16,0.));
#2727 = DIRECTION('',(0.,0.,1.));
#2728 = ADVANCED_FACE('',(#2729),#2740,.F.);
#2729 = FACE_BOUND('',#2730,.F.);
#2730 = EDGE_LOOP('',(#2731,#2732,#2733,#2734));
#2731 = ORIENTED_EDGE('',*,*,#2702,.F.);
#2732 = ORIENTED_EDGE('',*,*,#2015,.F.);
#2733 = ORIENTED_EDGE('',*,*,#2622,.T.);
#2734 = ORIENTED_EDGE('',*,*,#2735,.F.);
#2735 = EDGE_CURVE('',#2703,#2623,#2736,.T.);
#2736 = LINE('',#2737,#2738);
#2737 = CARTESIAN_POINT('',(5.32,0.32,-0.9));
#2738 = VECTOR('',#2739,1.);
#2739 = DIRECTION('',(-1.,1.224646799147E-16,0.));
#2740 = PLANE('',#2741);
#2741 = AXIS2_PLACEMENT_3D('',#2742,#2743,#2744);
#2742 = CARTESIAN_POINT('',(5.32,0.32,6.5));
#2743 = DIRECTION('',(-1.224646799147E-16,-1.,0.));
#2744 = DIRECTION('',(-0.,0.,-1.));
#2745 = ADVANCED_FACE('',(#2746),#2771,.F.);
#2746 = FACE_BOUND('',#2747,.T.);
#2747 = EDGE_LOOP('',(#2748,#2756,#2764,#2770));
#2748 = ORIENTED_EDGE('',*,*,#2749,.F.);
#2749 = EDGE_CURVE('',#2750,#2047,#2752,.T.);
#2750 = VERTEX_POINT('',#2751);
#2751 = CARTESIAN_POINT('',(-0.12,-0.12,6.5));
#2752 = LINE('',#2753,#2754);
#2753 = CARTESIAN_POINT('',(-0.146666666667,-0.146666666667,
    6.473333333333));
#2754 = VECTOR('',#2755,1.);
#2755 = DIRECTION('',(-0.57735026919,-0.57735026919,-0.57735026919));
#2756 = ORIENTED_EDGE('',*,*,#2757,.T.);
#2757 = EDGE_CURVE('',#2750,#2758,#2760,.T.);
#2758 = VERTEX_POINT('',#2759);
#2759 = CARTESIAN_POINT('',(-0.12,0.12,6.5));
#2760 = LINE('',#2761,#2762);
#2761 = CARTESIAN_POINT('',(-0.12,-0.32,6.5));
#2762 = VECTOR('',#2763,1.);
#2763 = DIRECTION('',(1.224646799147E-16,1.,0.));
#2764 = ORIENTED_EDGE('',*,*,#2765,.T.);
#2765 = EDGE_CURVE('',#2758,#2055,#2766,.T.);
#2766 = LINE('',#2767,#2768);
#2767 = CARTESIAN_POINT('',(-4.E-02,4.E-02,6.58));
#2768 = VECTOR('',#2769,1.);
#2769 = DIRECTION('',(-0.57735026919,0.57735026919,-0.57735026919));
#2770 = ORIENTED_EDGE('',*,*,#2054,.F.);
#2771 = PLANE('',#2772);
#2772 = AXIS2_PLACEMENT_3D('',#2773,#2774,#2775);
#2773 = CARTESIAN_POINT('',(-0.22,-0.32,6.4));
#2774 = DIRECTION('',(0.707106781187,-8.486018839685E-17,-0.707106781187
    ));
#2775 = DIRECTION('',(-1.212375546256E-16,-1.,-1.227125289196E-18));
#2776 = ADVANCED_FACE('',(#2777),#2795,.T.);
#2777 = FACE_BOUND('',#2778,.F.);
#2778 = EDGE_LOOP('',(#2779,#2787,#2788,#2789));
#2779 = ORIENTED_EDGE('',*,*,#2780,.T.);
#2780 = EDGE_CURVE('',#2781,#2077,#2783,.T.);
#2781 = VERTEX_POINT('',#2782);
#2782 = CARTESIAN_POINT('',(0.12,-0.12,6.5));
#2783 = LINE('',#2784,#2785);
#2784 = CARTESIAN_POINT('',(0.253333333333,-0.253333333333,
    6.366666666667));
#2785 = VECTOR('',#2786,1.);
#2786 = DIRECTION('',(0.57735026919,-0.57735026919,-0.57735026919));
#2787 = ORIENTED_EDGE('',*,*,#2086,.T.);
#2788 = ORIENTED_EDGE('',*,*,#2749,.F.);
#2789 = ORIENTED_EDGE('',*,*,#2790,.F.);
#2790 = EDGE_CURVE('',#2781,#2750,#2791,.T.);
#2791 = LINE('',#2792,#2793);
#2792 = CARTESIAN_POINT('',(0.32,-0.12,6.5));
#2793 = VECTOR('',#2794,1.);
#2794 = DIRECTION('',(-1.,1.224646799147E-16,0.));
#2795 = PLANE('',#2796);
#2796 = AXIS2_PLACEMENT_3D('',#2797,#2798,#2799);
#2797 = CARTESIAN_POINT('',(0.32,-0.22,6.4));
#2798 = DIRECTION('',(-8.833102285013E-17,-0.707106781187,0.707106781187
    ));
#2799 = DIRECTION('',(1.,-1.236918052038E-16,1.227125289097E-18));
#2800 = ADVANCED_FACE('',(#2801),#2819,.T.);
#2801 = FACE_BOUND('',#2802,.F.);
#2802 = EDGE_LOOP('',(#2803,#2804,#2812,#2818));
#2803 = ORIENTED_EDGE('',*,*,#2780,.F.);
#2804 = ORIENTED_EDGE('',*,*,#2805,.T.);
#2805 = EDGE_CURVE('',#2781,#2806,#2808,.T.);
#2806 = VERTEX_POINT('',#2807);
#2807 = CARTESIAN_POINT('',(0.12,0.12,6.5));
#2808 = LINE('',#2809,#2810);
#2809 = CARTESIAN_POINT('',(0.12,-0.32,6.5));
#2810 = VECTOR('',#2811,1.);
#2811 = DIRECTION('',(1.224646799147E-16,1.,0.));
#2812 = ORIENTED_EDGE('',*,*,#2813,.T.);
#2813 = EDGE_CURVE('',#2806,#2103,#2814,.T.);
#2814 = LINE('',#2815,#2816);
#2815 = CARTESIAN_POINT('',(0.146666666667,0.146666666667,6.473333333333
    ));
#2816 = VECTOR('',#2817,1.);
#2817 = DIRECTION('',(0.57735026919,0.57735026919,-0.57735026919));
#2818 = ORIENTED_EDGE('',*,*,#2102,.F.);
#2819 = PLANE('',#2820);
#2820 = AXIS2_PLACEMENT_3D('',#2821,#2822,#2823);
#2821 = CARTESIAN_POINT('',(0.22,-0.32,6.4));
#2822 = DIRECTION('',(0.707106781187,-8.833102285013E-17,0.707106781187)
  );
#2823 = DIRECTION('',(-1.236918052038E-16,-1.,-1.227125289097E-18));
#2824 = ADVANCED_FACE('',(#2825),#2836,.T.);
#2825 = FACE_BOUND('',#2826,.F.);
#2826 = EDGE_LOOP('',(#2827,#2828,#2834,#2835));
#2827 = ORIENTED_EDGE('',*,*,#2813,.F.);
#2828 = ORIENTED_EDGE('',*,*,#2829,.T.);
#2829 = EDGE_CURVE('',#2806,#2758,#2830,.T.);
#2830 = LINE('',#2831,#2832);
#2831 = CARTESIAN_POINT('',(0.32,0.12,6.5));
#2832 = VECTOR('',#2833,1.);
#2833 = DIRECTION('',(-1.,1.224646799147E-16,0.));
#2834 = ORIENTED_EDGE('',*,*,#2765,.T.);
#2835 = ORIENTED_EDGE('',*,*,#2125,.F.);
#2836 = PLANE('',#2837);
#2837 = AXIS2_PLACEMENT_3D('',#2838,#2839,#2840);
#2838 = CARTESIAN_POINT('',(0.32,0.22,6.4));
#2839 = DIRECTION('',(8.833102285013E-17,0.707106781187,0.707106781187)
  );
#2840 = DIRECTION('',(1.,-1.236918052038E-16,-1.227125289097E-18));
#2841 = ADVANCED_FACE('',(#2842),#2867,.F.);
#2842 = FACE_BOUND('',#2843,.T.);
#2843 = EDGE_LOOP('',(#2844,#2852,#2860,#2866));
#2844 = ORIENTED_EDGE('',*,*,#2845,.F.);
#2845 = EDGE_CURVE('',#2846,#2143,#2848,.T.);
#2846 = VERTEX_POINT('',#2847);
#2847 = CARTESIAN_POINT('',(4.88,-0.12,6.5));
#2848 = LINE('',#2849,#2850);
#2849 = CARTESIAN_POINT('',(4.853333333333,-0.146666666667,
    6.473333333333));
#2850 = VECTOR('',#2851,1.);
#2851 = DIRECTION('',(-0.57735026919,-0.57735026919,-0.57735026919));
#2852 = ORIENTED_EDGE('',*,*,#2853,.T.);
#2853 = EDGE_CURVE('',#2846,#2854,#2856,.T.);
#2854 = VERTEX_POINT('',#2855);
#2855 = CARTESIAN_POINT('',(4.88,0.12,6.5));
#2856 = LINE('',#2857,#2858);
#2857 = CARTESIAN_POINT('',(4.88,-0.32,6.5));
#2858 = VECTOR('',#2859,1.);
#2859 = DIRECTION('',(1.224646799147E-16,1.,0.));
#2860 = ORIENTED_EDGE('',*,*,#2861,.T.);
#2861 = EDGE_CURVE('',#2854,#2151,#2862,.T.);
#2862 = LINE('',#2863,#2864);
#2863 = CARTESIAN_POINT('',(4.96,4.E-02,6.58));
#2864 = VECTOR('',#2865,1.);
#2865 = DIRECTION('',(-0.57735026919,0.57735026919,-0.57735026919));
#2866 = ORIENTED_EDGE('',*,*,#2150,.F.);
#2867 = PLANE('',#2868);
#2868 = AXIS2_PLACEMENT_3D('',#2869,#2870,#2871);
#2869 = CARTESIAN_POINT('',(4.78,-0.32,6.4));
#2870 = DIRECTION('',(0.707106781187,-8.486018839685E-17,-0.707106781187
    ));
#2871 = DIRECTION('',(-1.212375546256E-16,-1.,-1.227125289196E-18));
#2872 = ADVANCED_FACE('',(#2873),#2891,.T.);
#2873 = FACE_BOUND('',#2874,.F.);
#2874 = EDGE_LOOP('',(#2875,#2883,#2884,#2885));
#2875 = ORIENTED_EDGE('',*,*,#2876,.T.);
#2876 = EDGE_CURVE('',#2877,#2173,#2879,.T.);
#2877 = VERTEX_POINT('',#2878);
#2878 = CARTESIAN_POINT('',(5.12,-0.12,6.5));
#2879 = LINE('',#2880,#2881);
#2880 = CARTESIAN_POINT('',(5.253333333333,-0.253333333333,
    6.366666666667));
#2881 = VECTOR('',#2882,1.);
#2882 = DIRECTION('',(0.57735026919,-0.57735026919,-0.57735026919));
#2883 = ORIENTED_EDGE('',*,*,#2182,.T.);
#2884 = ORIENTED_EDGE('',*,*,#2845,.F.);
#2885 = ORIENTED_EDGE('',*,*,#2886,.F.);
#2886 = EDGE_CURVE('',#2877,#2846,#2887,.T.);
#2887 = LINE('',#2888,#2889);
#2888 = CARTESIAN_POINT('',(5.32,-0.12,6.5));
#2889 = VECTOR('',#2890,1.);
#2890 = DIRECTION('',(-1.,1.224646799147E-16,0.));
#2891 = PLANE('',#2892);
#2892 = AXIS2_PLACEMENT_3D('',#2893,#2894,#2895);
#2893 = CARTESIAN_POINT('',(5.32,-0.22,6.4));
#2894 = DIRECTION('',(-8.833102285013E-17,-0.707106781187,0.707106781187
    ));
#2895 = DIRECTION('',(1.,-1.236918052038E-16,1.227125289097E-18));
#2896 = ADVANCED_FACE('',(#2897),#2915,.T.);
#2897 = FACE_BOUND('',#2898,.F.);
#2898 = EDGE_LOOP('',(#2899,#2900,#2908,#2914));
#2899 = ORIENTED_EDGE('',*,*,#2876,.F.);
#2900 = ORIENTED_EDGE('',*,*,#2901,.T.);
#2901 = EDGE_CURVE('',#2877,#2902,#2904,.T.);
#2902 = VERTEX_POINT('',#2903);
#2903 = CARTESIAN_POINT('',(5.12,0.12,6.5));
#2904 = LINE('',#2905,#2906);
#2905 = CARTESIAN_POINT('',(5.12,-0.32,6.5));
#2906 = VECTOR('',#2907,1.);
#2907 = DIRECTION('',(1.224646799147E-16,1.,0.));
#2908 = ORIENTED_EDGE('',*,*,#2909,.T.);
#2909 = EDGE_CURVE('',#2902,#2199,#2910,.T.);
#2910 = LINE('',#2911,#2912);
#2911 = CARTESIAN_POINT('',(5.146666666667,0.146666666667,6.473333333333
    ));
#2912 = VECTOR('',#2913,1.);
#2913 = DIRECTION('',(0.57735026919,0.57735026919,-0.57735026919));
#2914 = ORIENTED_EDGE('',*,*,#2198,.F.);
#2915 = PLANE('',#2916);
#2916 = AXIS2_PLACEMENT_3D('',#2917,#2918,#2919);
#2917 = CARTESIAN_POINT('',(5.22,-0.32,6.4));
#2918 = DIRECTION('',(0.707106781187,-8.833102285013E-17,0.707106781187)
  );
#2919 = DIRECTION('',(-1.236918052038E-16,-1.,-1.227125289097E-18));
#2920 = ADVANCED_FACE('',(#2921),#2932,.T.);
#2921 = FACE_BOUND('',#2922,.F.);
#2922 = EDGE_LOOP('',(#2923,#2924,#2930,#2931));
#2923 = ORIENTED_EDGE('',*,*,#2909,.F.);
#2924 = ORIENTED_EDGE('',*,*,#2925,.T.);
#2925 = EDGE_CURVE('',#2902,#2854,#2926,.T.);
#2926 = LINE('',#2927,#2928);
#2927 = CARTESIAN_POINT('',(5.32,0.12,6.5));
#2928 = VECTOR('',#2929,1.);
#2929 = DIRECTION('',(-1.,1.224646799147E-16,0.));
#2930 = ORIENTED_EDGE('',*,*,#2861,.T.);
#2931 = ORIENTED_EDGE('',*,*,#2221,.F.);
#2932 = PLANE('',#2933);
#2933 = AXIS2_PLACEMENT_3D('',#2934,#2935,#2936);
#2934 = CARTESIAN_POINT('',(5.32,0.22,6.4));
#2935 = DIRECTION('',(8.833102285013E-17,0.707106781187,0.707106781187)
  );
#2936 = DIRECTION('',(1.,-1.236918052038E-16,-1.227125289097E-18));
#2937 = ADVANCED_FACE('',(#2938),#2963,.F.);
#2938 = FACE_BOUND('',#2939,.T.);
#2939 = EDGE_LOOP('',(#2940,#2948,#2956,#2962));
#2940 = ORIENTED_EDGE('',*,*,#2941,.F.);
#2941 = EDGE_CURVE('',#2942,#2239,#2944,.T.);
#2942 = VERTEX_POINT('',#2943);
#2943 = CARTESIAN_POINT('',(2.38,-0.12,6.5));
#2944 = LINE('',#2945,#2946);
#2945 = CARTESIAN_POINT('',(2.353333333333,-0.146666666667,
    6.473333333333));
#2946 = VECTOR('',#2947,1.);
#2947 = DIRECTION('',(-0.57735026919,-0.57735026919,-0.57735026919));
#2948 = ORIENTED_EDGE('',*,*,#2949,.T.);
#2949 = EDGE_CURVE('',#2942,#2950,#2952,.T.);
#2950 = VERTEX_POINT('',#2951);
#2951 = CARTESIAN_POINT('',(2.38,0.12,6.5));
#2952 = LINE('',#2953,#2954);
#2953 = CARTESIAN_POINT('',(2.38,-0.32,6.5));
#2954 = VECTOR('',#2955,1.);
#2955 = DIRECTION('',(1.224646799147E-16,1.,0.));
#2956 = ORIENTED_EDGE('',*,*,#2957,.T.);
#2957 = EDGE_CURVE('',#2950,#2247,#2958,.T.);
#2958 = LINE('',#2959,#2960);
#2959 = CARTESIAN_POINT('',(2.46,4.E-02,6.58));
#2960 = VECTOR('',#2961,1.);
#2961 = DIRECTION('',(-0.57735026919,0.57735026919,-0.57735026919));
#2962 = ORIENTED_EDGE('',*,*,#2246,.F.);
#2963 = PLANE('',#2964);
#2964 = AXIS2_PLACEMENT_3D('',#2965,#2966,#2967);
#2965 = CARTESIAN_POINT('',(2.28,-0.32,6.4));
#2966 = DIRECTION('',(0.707106781187,-8.486018839685E-17,-0.707106781187
    ));
#2967 = DIRECTION('',(-1.212375546256E-16,-1.,-1.227125289196E-18));
#2968 = ADVANCED_FACE('',(#2969),#2987,.T.);
#2969 = FACE_BOUND('',#2970,.F.);
#2970 = EDGE_LOOP('',(#2971,#2979,#2980,#2981));
#2971 = ORIENTED_EDGE('',*,*,#2972,.F.);
#2972 = EDGE_CURVE('',#2269,#2973,#2975,.T.);
#2973 = VERTEX_POINT('',#2974);
#2974 = CARTESIAN_POINT('',(2.62,-0.12,6.5));
#2975 = LINE('',#2976,#2977);
#2976 = CARTESIAN_POINT('',(2.753333333333,-0.253333333333,
    6.366666666667));
#2977 = VECTOR('',#2978,1.);
#2978 = DIRECTION('',(-0.57735026919,0.57735026919,0.57735026919));
#2979 = ORIENTED_EDGE('',*,*,#2278,.T.);
#2980 = ORIENTED_EDGE('',*,*,#2941,.F.);
#2981 = ORIENTED_EDGE('',*,*,#2982,.F.);
#2982 = EDGE_CURVE('',#2973,#2942,#2983,.T.);
#2983 = LINE('',#2984,#2985);
#2984 = CARTESIAN_POINT('',(2.82,-0.12,6.5));
#2985 = VECTOR('',#2986,1.);
#2986 = DIRECTION('',(-1.,1.224646799147E-16,0.));
#2987 = PLANE('',#2988);
#2988 = AXIS2_PLACEMENT_3D('',#2989,#2990,#2991);
#2989 = CARTESIAN_POINT('',(2.82,-0.22,6.4));
#2990 = DIRECTION('',(-8.833102285013E-17,-0.707106781187,0.707106781187
    ));
#2991 = DIRECTION('',(1.,-1.236918052038E-16,1.227125289097E-18));
#2992 = ADVANCED_FACE('',(#2993),#3011,.T.);
#2993 = FACE_BOUND('',#2994,.F.);
#2994 = EDGE_LOOP('',(#2995,#2996,#3004,#3010));
#2995 = ORIENTED_EDGE('',*,*,#2972,.T.);
#2996 = ORIENTED_EDGE('',*,*,#2997,.T.);
#2997 = EDGE_CURVE('',#2973,#2998,#3000,.T.);
#2998 = VERTEX_POINT('',#2999);
#2999 = CARTESIAN_POINT('',(2.62,0.12,6.5));
#3000 = LINE('',#3001,#3002);
#3001 = CARTESIAN_POINT('',(2.62,-0.32,6.5));
#3002 = VECTOR('',#3003,1.);
#3003 = DIRECTION('',(1.224646799147E-16,1.,0.));
#3004 = ORIENTED_EDGE('',*,*,#3005,.T.);
#3005 = EDGE_CURVE('',#2998,#2295,#3006,.T.);
#3006 = LINE('',#3007,#3008);
#3007 = CARTESIAN_POINT('',(2.646666666667,0.146666666667,6.473333333333
    ));
#3008 = VECTOR('',#3009,1.);
#3009 = DIRECTION('',(0.57735026919,0.57735026919,-0.57735026919));
#3010 = ORIENTED_EDGE('',*,*,#2294,.F.);
#3011 = PLANE('',#3012);
#3012 = AXIS2_PLACEMENT_3D('',#3013,#3014,#3015);
#3013 = CARTESIAN_POINT('',(2.72,-0.32,6.4));
#3014 = DIRECTION('',(0.707106781187,-8.833102285013E-17,0.707106781187)
  );
#3015 = DIRECTION('',(-1.236918052038E-16,-1.,-1.227125289097E-18));
#3016 = ADVANCED_FACE('',(#3017),#3028,.T.);
#3017 = FACE_BOUND('',#3018,.F.);
#3018 = EDGE_LOOP('',(#3019,#3020,#3026,#3027));
#3019 = ORIENTED_EDGE('',*,*,#3005,.F.);
#3020 = ORIENTED_EDGE('',*,*,#3021,.T.);
#3021 = EDGE_CURVE('',#2998,#2950,#3022,.T.);
#3022 = LINE('',#3023,#3024);
#3023 = CARTESIAN_POINT('',(2.82,0.12,6.5));
#3024 = VECTOR('',#3025,1.);
#3025 = DIRECTION('',(-1.,1.224646799147E-16,0.));
#3026 = ORIENTED_EDGE('',*,*,#2957,.T.);
#3027 = ORIENTED_EDGE('',*,*,#2317,.F.);
#3028 = PLANE('',#3029);
#3029 = AXIS2_PLACEMENT_3D('',#3030,#3031,#3032);
#3030 = CARTESIAN_POINT('',(2.82,0.22,6.4));
#3031 = DIRECTION('',(8.833102285013E-17,0.707106781187,0.707106781187)
  );
#3032 = DIRECTION('',(1.,-1.236918052038E-16,-1.227125289097E-18));
#3033 = ADVANCED_FACE('',(#3034),#3075,.F.);
#3034 = FACE_BOUND('',#3035,.T.);
#3035 = EDGE_LOOP('',(#3036,#3046,#3054,#3062,#3068,#3069));
#3036 = ORIENTED_EDGE('',*,*,#3037,.F.);
#3037 = EDGE_CURVE('',#3038,#3040,#3042,.T.);
#3038 = VERTEX_POINT('',#3039);
#3039 = CARTESIAN_POINT('',(-0.12,0.12,-3.4));
#3040 = VERTEX_POINT('',#3041);
#3041 = CARTESIAN_POINT('',(-0.317552593066,0.351192514695,
    -3.202447406934));
#3042 = LINE('',#3043,#3044);
#3043 = CARTESIAN_POINT('',(-0.153849098111,0.159613036666,
    -3.366150901889));
#3044 = VECTOR('',#3045,1.);
#3045 = DIRECTION('',(-0.544770019249,0.63753529491,0.544770019249));
#3046 = ORIENTED_EDGE('',*,*,#3047,.T.);
#3047 = EDGE_CURVE('',#3038,#3048,#3050,.T.);
#3048 = VERTEX_POINT('',#3049);
#3049 = CARTESIAN_POINT('',(-0.12,-0.12,-3.4));
#3050 = LINE('',#3051,#3052);
#3051 = CARTESIAN_POINT('',(-0.12,0.32,-3.4));
#3052 = VECTOR('',#3053,1.);
#3053 = DIRECTION('',(-1.224646799147E-16,-1.,0.));
#3054 = ORIENTED_EDGE('',*,*,#3055,.T.);
#3055 = EDGE_CURVE('',#3048,#3056,#3058,.T.);
#3056 = VERTEX_POINT('',#3057);
#3057 = CARTESIAN_POINT('',(-0.317552593066,-0.288807485305,
    -3.202447406934));
#3058 = LINE('',#3059,#3060);
#3059 = CARTESIAN_POINT('',(-3.848855660758E-02,-5.034896900541E-02,
    -3.481511443392));
#3060 = VECTOR('',#3061,1.);
#3061 = DIRECTION('',(-0.605209817607,-0.517148096144,0.605209817607));
#3062 = ORIENTED_EDGE('',*,*,#3063,.T.);
#3063 = EDGE_CURVE('',#3056,#2336,#3064,.T.);
#3064 = LINE('',#3065,#3066);
#3065 = CARTESIAN_POINT('',(-8.569083447332E-02,-0.325417236662,
    -3.434309165527));
#3066 = VECTOR('',#3067,1.);
#3067 = DIRECTION('',(-0.702740385383,0.110959008218,0.702740385383));
#3068 = ORIENTED_EDGE('',*,*,#2333,.F.);
#3069 = ORIENTED_EDGE('',*,*,#3070,.F.);
#3070 = EDGE_CURVE('',#3040,#2334,#3071,.T.);
#3071 = LINE('',#3072,#3073);
#3072 = CARTESIAN_POINT('',(-0.541586867305,0.386566347469,
    -2.978413132695));
#3073 = VECTOR('',#3074,1.);
#3074 = DIRECTION('',(-0.702740385383,0.110959008218,0.702740385383));
#3075 = PLANE('',#3076);
#3076 = AXIS2_PLACEMENT_3D('',#3077,#3078,#3079);
#3077 = CARTESIAN_POINT('',(-0.22,0.32,-3.3));
#3078 = DIRECTION('',(0.707106781187,-8.833102285013E-17,0.707106781187)
  );
#3079 = DIRECTION('',(1.236918052038E-16,1.,1.227125289097E-18));
#3080 = ADVANCED_FACE('',(#3081),#3106,.F.);
#3081 = FACE_BOUND('',#3082,.F.);
#3082 = EDGE_LOOP('',(#3083,#3084,#3090,#3091,#3092,#3100));
#3083 = ORIENTED_EDGE('',*,*,#2462,.F.);
#3084 = ORIENTED_EDGE('',*,*,#3085,.T.);
#3085 = EDGE_CURVE('',#2455,#2375,#3086,.T.);
#3086 = LINE('',#3087,#3088);
#3087 = CARTESIAN_POINT('',(0.32,0.62,-1.5));
#3088 = VECTOR('',#3089,1.);
#3089 = DIRECTION('',(-1.,1.224646799147E-16,0.));
#3090 = ORIENTED_EDGE('',*,*,#2382,.T.);
#3091 = ORIENTED_EDGE('',*,*,#3070,.F.);
#3092 = ORIENTED_EDGE('',*,*,#3093,.F.);
#3093 = EDGE_CURVE('',#3094,#3040,#3096,.T.);
#3094 = VERTEX_POINT('',#3095);
#3095 = CARTESIAN_POINT('',(0.317552593066,0.351192514695,
    -3.202447406934));
#3096 = LINE('',#3097,#3098);
#3097 = CARTESIAN_POINT('',(0.32,0.351192514695,-3.202447406934));
#3098 = VECTOR('',#3099,1.);
#3099 = DIRECTION('',(-1.,1.224646799147E-16,0.));
#3100 = ORIENTED_EDGE('',*,*,#3101,.T.);
#3101 = EDGE_CURVE('',#3094,#2421,#3102,.T.);
#3102 = LINE('',#3103,#3104);
#3103 = CARTESIAN_POINT('',(0.699616963064,0.411518467852,
    -2.820383036936));
#3104 = VECTOR('',#3105,1.);
#3105 = DIRECTION('',(0.702740385383,0.110959008218,0.702740385383));
#3106 = PLANE('',#3107);
#3107 = AXIS2_PLACEMENT_3D('',#3108,#3109,#3110);
#3108 = CARTESIAN_POINT('',(0.32,0.62,-1.5));
#3109 = DIRECTION('',(-1.209660753807E-16,-0.987762965329,0.155962573473
    ));
#3110 = DIRECTION('',(-1.909990663905E-17,-0.155962573473,
    -0.987762965329));
#3111 = ADVANCED_FACE('',(#3112),#3118,.F.);
#3112 = FACE_BOUND('',#3113,.F.);
#3113 = EDGE_LOOP('',(#3114,#3115,#3116,#3117));
#3114 = ORIENTED_EDGE('',*,*,#2479,.T.);
#3115 = ORIENTED_EDGE('',*,*,#2374,.T.);
#3116 = ORIENTED_EDGE('',*,*,#3085,.F.);
#3117 = ORIENTED_EDGE('',*,*,#2454,.F.);
#3118 = PLANE('',#3119);
#3119 = AXIS2_PLACEMENT_3D('',#3120,#3121,#3122);
#3120 = CARTESIAN_POINT('',(0.32,0.32,-0.9));
#3121 = DIRECTION('',(-1.095357396528E-16,-0.894427191,-0.4472135955));
#3122 = DIRECTION('',(5.476786982641E-17,0.4472135955,-0.894427191));
#3123 = ADVANCED_FACE('',(#3124),#3135,.F.);
#3124 = FACE_BOUND('',#3125,.F.);
#3125 = EDGE_LOOP('',(#3126,#3132,#3133,#3134));
#3126 = ORIENTED_EDGE('',*,*,#3127,.T.);
#3127 = EDGE_CURVE('',#2431,#2344,#3128,.T.);
#3128 = LINE('',#3129,#3130);
#3129 = CARTESIAN_POINT('',(0.32,-2.E-02,-1.5));
#3130 = VECTOR('',#3131,1.);
#3131 = DIRECTION('',(-1.,1.224646799147E-16,0.));
#3132 = ORIENTED_EDGE('',*,*,#2351,.T.);
#3133 = ORIENTED_EDGE('',*,*,#2404,.F.);
#3134 = ORIENTED_EDGE('',*,*,#2438,.F.);
#3135 = PLANE('',#3136);
#3136 = AXIS2_PLACEMENT_3D('',#3137,#3138,#3139);
#3137 = CARTESIAN_POINT('',(0.32,-2.E-02,-1.5));
#3138 = DIRECTION('',(1.095357396528E-16,0.894427191,0.4472135955));
#3139 = DIRECTION('',(-5.476786982641E-17,-0.4472135955,0.894427191));
#3140 = ADVANCED_FACE('',(#3141),#3161,.F.);
#3141 = FACE_BOUND('',#3142,.F.);
#3142 = EDGE_LOOP('',(#3143,#3144,#3152,#3158,#3159,#3160));
#3143 = ORIENTED_EDGE('',*,*,#2430,.F.);
#3144 = ORIENTED_EDGE('',*,*,#3145,.F.);
#3145 = EDGE_CURVE('',#3146,#2423,#3148,.T.);
#3146 = VERTEX_POINT('',#3147);
#3147 = CARTESIAN_POINT('',(0.317552593066,-0.288807485305,
    -3.202447406934));
#3148 = LINE('',#3149,#3150);
#3149 = CARTESIAN_POINT('',(0.243720930233,-0.300465116279,
    -3.276279069767));
#3150 = VECTOR('',#3151,1.);
#3151 = DIRECTION('',(0.702740385383,0.110959008218,0.702740385383));
#3152 = ORIENTED_EDGE('',*,*,#3153,.T.);
#3153 = EDGE_CURVE('',#3146,#3056,#3154,.T.);
#3154 = LINE('',#3155,#3156);
#3155 = CARTESIAN_POINT('',(0.32,-0.288807485305,-3.202447406934));
#3156 = VECTOR('',#3157,1.);
#3157 = DIRECTION('',(-1.,1.224646799147E-16,0.));
#3158 = ORIENTED_EDGE('',*,*,#3063,.T.);
#3159 = ORIENTED_EDGE('',*,*,#2343,.T.);
#3160 = ORIENTED_EDGE('',*,*,#3127,.F.);
#3161 = PLANE('',#3162);
#3162 = AXIS2_PLACEMENT_3D('',#3163,#3164,#3165);
#3163 = CARTESIAN_POINT('',(0.32,-0.32,-3.4));
#3164 = DIRECTION('',(1.209660753807E-16,0.987762965329,-0.155962573473)
  );
#3165 = DIRECTION('',(1.909990663905E-17,0.155962573473,0.987762965329)
  );
#3166 = ADVANCED_FACE('',(#3167),#3194,.T.);
#3167 = FACE_BOUND('',#3168,.F.);
#3168 = EDGE_LOOP('',(#3169,#3177,#3185,#3191,#3192,#3193));
#3169 = ORIENTED_EDGE('',*,*,#3170,.F.);
#3170 = EDGE_CURVE('',#3171,#3094,#3173,.T.);
#3171 = VERTEX_POINT('',#3172);
#3172 = CARTESIAN_POINT('',(0.12,0.12,-3.4));
#3173 = LINE('',#3174,#3175);
#3174 = CARTESIAN_POINT('',(0.24881689775,0.270752273427,-3.27118310225)
  );
#3175 = VECTOR('',#3176,1.);
#3176 = DIRECTION('',(0.544770019249,0.63753529491,0.544770019249));
#3177 = ORIENTED_EDGE('',*,*,#3178,.T.);
#3178 = EDGE_CURVE('',#3171,#3179,#3181,.T.);
#3179 = VERTEX_POINT('',#3180);
#3180 = CARTESIAN_POINT('',(0.12,-0.12,-3.4));
#3181 = LINE('',#3182,#3183);
#3182 = CARTESIAN_POINT('',(0.12,0.32,-3.4));
#3183 = VECTOR('',#3184,1.);
#3184 = DIRECTION('',(-1.224646799147E-16,-1.,0.));
#3185 = ORIENTED_EDGE('',*,*,#3186,.T.);
#3186 = EDGE_CURVE('',#3179,#3146,#3187,.T.);
#3187 = LINE('',#3188,#3189);
#3188 = CARTESIAN_POINT('',(0.155697812072,-0.150503562587,
    -3.364302187928));
#3189 = VECTOR('',#3190,1.);
#3190 = DIRECTION('',(0.605209817607,-0.517148096144,0.605209817607));
#3191 = ORIENTED_EDGE('',*,*,#3145,.T.);
#3192 = ORIENTED_EDGE('',*,*,#2420,.F.);
#3193 = ORIENTED_EDGE('',*,*,#3101,.F.);
#3194 = PLANE('',#3195);
#3195 = AXIS2_PLACEMENT_3D('',#3196,#3197,#3198);
#3196 = CARTESIAN_POINT('',(0.22,0.32,-3.3));
#3197 = DIRECTION('',(0.707106781187,-8.486018839685E-17,-0.707106781187
    ));
#3198 = DIRECTION('',(1.212375546256E-16,1.,1.227125289196E-18));
#3199 = ADVANCED_FACE('',(#3200),#3225,.F.);
#3200 = FACE_BOUND('',#3201,.T.);
#3201 = EDGE_LOOP('',(#3202,#3210,#3218,#3224));
#3202 = ORIENTED_EDGE('',*,*,#3203,.F.);
#3203 = EDGE_CURVE('',#3204,#2494,#3206,.T.);
#3204 = VERTEX_POINT('',#3205);
#3205 = CARTESIAN_POINT('',(2.38,0.12,-3.4));
#3206 = LINE('',#3207,#3208);
#3207 = CARTESIAN_POINT('',(2.353333333333,0.146666666667,
    -3.373333333333));
#3208 = VECTOR('',#3209,1.);
#3209 = DIRECTION('',(-0.57735026919,0.57735026919,0.57735026919));
#3210 = ORIENTED_EDGE('',*,*,#3211,.T.);
#3211 = EDGE_CURVE('',#3204,#3212,#3214,.T.);
#3212 = VERTEX_POINT('',#3213);
#3213 = CARTESIAN_POINT('',(2.38,-0.12,-3.4));
#3214 = LINE('',#3215,#3216);
#3215 = CARTESIAN_POINT('',(2.38,0.32,-3.4));
#3216 = VECTOR('',#3217,1.);
#3217 = DIRECTION('',(-1.224646799147E-16,-1.,0.));
#3218 = ORIENTED_EDGE('',*,*,#3219,.T.);
#3219 = EDGE_CURVE('',#3212,#2496,#3220,.T.);
#3220 = LINE('',#3221,#3222);
#3221 = CARTESIAN_POINT('',(2.46,-4.E-02,-3.48));
#3222 = VECTOR('',#3223,1.);
#3223 = DIRECTION('',(-0.57735026919,-0.57735026919,0.57735026919));
#3224 = ORIENTED_EDGE('',*,*,#2493,.F.);
#3225 = PLANE('',#3226);
#3226 = AXIS2_PLACEMENT_3D('',#3227,#3228,#3229);
#3227 = CARTESIAN_POINT('',(2.28,0.32,-3.3));
#3228 = DIRECTION('',(0.707106781187,-8.833102285013E-17,0.707106781187)
  );
#3229 = DIRECTION('',(1.236918052038E-16,1.,1.227125289097E-18));
#3230 = ADVANCED_FACE('',(#3231),#3249,.T.);
#3231 = FACE_BOUND('',#3232,.F.);
#3232 = EDGE_LOOP('',(#3233,#3241,#3247,#3248));
#3233 = ORIENTED_EDGE('',*,*,#3234,.F.);
#3234 = EDGE_CURVE('',#3235,#2525,#3237,.T.);
#3235 = VERTEX_POINT('',#3236);
#3236 = CARTESIAN_POINT('',(2.62,-0.12,-3.4));
#3237 = LINE('',#3238,#3239);
#3238 = CARTESIAN_POINT('',(2.646666666667,-0.146666666667,
    -3.373333333333));
#3239 = VECTOR('',#3240,1.);
#3240 = DIRECTION('',(0.57735026919,-0.57735026919,0.57735026919));
#3241 = ORIENTED_EDGE('',*,*,#3242,.T.);
#3242 = EDGE_CURVE('',#3235,#3212,#3243,.T.);
#3243 = LINE('',#3244,#3245);
#3244 = CARTESIAN_POINT('',(2.82,-0.12,-3.4));
#3245 = VECTOR('',#3246,1.);
#3246 = DIRECTION('',(-1.,1.224646799147E-16,0.));
#3247 = ORIENTED_EDGE('',*,*,#3219,.T.);
#3248 = ORIENTED_EDGE('',*,*,#2532,.F.);
#3249 = PLANE('',#3250);
#3250 = AXIS2_PLACEMENT_3D('',#3251,#3252,#3253);
#3251 = CARTESIAN_POINT('',(2.82,-0.22,-3.3));
#3252 = DIRECTION('',(-8.486018839685E-17,-0.707106781187,
    -0.707106781187));
#3253 = DIRECTION('',(1.,-1.212375546256E-16,1.227125289196E-18));
#3254 = ADVANCED_FACE('',(#3255),#3273,.T.);
#3255 = FACE_BOUND('',#3256,.F.);
#3256 = EDGE_LOOP('',(#3257,#3265,#3271,#3272));
#3257 = ORIENTED_EDGE('',*,*,#3258,.F.);
#3258 = EDGE_CURVE('',#3259,#2549,#3261,.T.);
#3259 = VERTEX_POINT('',#3260);
#3260 = CARTESIAN_POINT('',(2.62,0.12,-3.4));
#3261 = LINE('',#3262,#3263);
#3262 = CARTESIAN_POINT('',(2.753333333333,0.253333333333,
    -3.266666666667));
#3263 = VECTOR('',#3264,1.);
#3264 = DIRECTION('',(0.57735026919,0.57735026919,0.57735026919));
#3265 = ORIENTED_EDGE('',*,*,#3266,.T.);
#3266 = EDGE_CURVE('',#3259,#3235,#3267,.T.);
#3267 = LINE('',#3268,#3269);
#3268 = CARTESIAN_POINT('',(2.62,0.32,-3.4));
#3269 = VECTOR('',#3270,1.);
#3270 = DIRECTION('',(-1.224646799147E-16,-1.,0.));
#3271 = ORIENTED_EDGE('',*,*,#3234,.T.);
#3272 = ORIENTED_EDGE('',*,*,#2548,.F.);
#3273 = PLANE('',#3274);
#3274 = AXIS2_PLACEMENT_3D('',#3275,#3276,#3277);
#3275 = CARTESIAN_POINT('',(2.72,0.32,-3.3));
#3276 = DIRECTION('',(0.707106781187,-8.486018839685E-17,-0.707106781187
    ));
#3277 = DIRECTION('',(1.212375546256E-16,1.,1.227125289196E-18));
#3278 = ADVANCED_FACE('',(#3279),#3290,.T.);
#3279 = FACE_BOUND('',#3280,.T.);
#3280 = EDGE_LOOP('',(#3281,#3282,#3288,#3289));
#3281 = ORIENTED_EDGE('',*,*,#3258,.F.);
#3282 = ORIENTED_EDGE('',*,*,#3283,.T.);
#3283 = EDGE_CURVE('',#3259,#3204,#3284,.T.);
#3284 = LINE('',#3285,#3286);
#3285 = CARTESIAN_POINT('',(2.82,0.12,-3.4));
#3286 = VECTOR('',#3287,1.);
#3287 = DIRECTION('',(-1.,1.224646799147E-16,0.));
#3288 = ORIENTED_EDGE('',*,*,#3203,.T.);
#3289 = ORIENTED_EDGE('',*,*,#2575,.F.);
#3290 = PLANE('',#3291);
#3291 = AXIS2_PLACEMENT_3D('',#3292,#3293,#3294);
#3292 = CARTESIAN_POINT('',(2.82,0.22,-3.3));
#3293 = DIRECTION('',(8.486018839685E-17,0.707106781187,-0.707106781187)
  );
#3294 = DIRECTION('',(-1.,1.212375546256E-16,1.227125289196E-18));
#3295 = ADVANCED_FACE('',(#3296),#3337,.F.);
#3296 = FACE_BOUND('',#3297,.T.);
#3297 = EDGE_LOOP('',(#3298,#3308,#3316,#3324,#3330,#3331));
#3298 = ORIENTED_EDGE('',*,*,#3299,.F.);
#3299 = EDGE_CURVE('',#3300,#3302,#3304,.T.);
#3300 = VERTEX_POINT('',#3301);
#3301 = CARTESIAN_POINT('',(4.88,0.12,-3.4));
#3302 = VERTEX_POINT('',#3303);
#3303 = CARTESIAN_POINT('',(4.682447406934,0.351192514695,
    -3.202447406934));
#3304 = LINE('',#3305,#3306);
#3305 = CARTESIAN_POINT('',(4.846150901889,0.159613036666,
    -3.366150901889));
#3306 = VECTOR('',#3307,1.);
#3307 = DIRECTION('',(-0.544770019249,0.63753529491,0.544770019249));
#3308 = ORIENTED_EDGE('',*,*,#3309,.T.);
#3309 = EDGE_CURVE('',#3300,#3310,#3312,.T.);
#3310 = VERTEX_POINT('',#3311);
#3311 = CARTESIAN_POINT('',(4.88,-0.12,-3.4));
#3312 = LINE('',#3313,#3314);
#3313 = CARTESIAN_POINT('',(4.88,0.32,-3.4));
#3314 = VECTOR('',#3315,1.);
#3315 = DIRECTION('',(-1.224646799147E-16,-1.,0.));
#3316 = ORIENTED_EDGE('',*,*,#3317,.T.);
#3317 = EDGE_CURVE('',#3310,#3318,#3320,.T.);
#3318 = VERTEX_POINT('',#3319);
#3319 = CARTESIAN_POINT('',(4.682447406934,-0.288807485305,
    -3.202447406934));
#3320 = LINE('',#3321,#3322);
#3321 = CARTESIAN_POINT('',(4.961511443392,-5.034896900541E-02,
    -3.481511443392));
#3322 = VECTOR('',#3323,1.);
#3323 = DIRECTION('',(-0.605209817607,-0.517148096144,0.605209817607));
#3324 = ORIENTED_EDGE('',*,*,#3325,.T.);
#3325 = EDGE_CURVE('',#3318,#2592,#3326,.T.);
#3326 = LINE('',#3327,#3328);
#3327 = CARTESIAN_POINT('',(4.914309165527,-0.325417236662,
    -3.434309165527));
#3328 = VECTOR('',#3329,1.);
#3329 = DIRECTION('',(-0.702740385383,0.110959008218,0.702740385383));
#3330 = ORIENTED_EDGE('',*,*,#2589,.F.);
#3331 = ORIENTED_EDGE('',*,*,#3332,.F.);
#3332 = EDGE_CURVE('',#3302,#2590,#3333,.T.);
#3333 = LINE('',#3334,#3335);
#3334 = CARTESIAN_POINT('',(4.458413132695,0.386566347469,
    -2.978413132695));
#3335 = VECTOR('',#3336,1.);
#3336 = DIRECTION('',(-0.702740385383,0.110959008218,0.702740385383));
#3337 = PLANE('',#3338);
#3338 = AXIS2_PLACEMENT_3D('',#3339,#3340,#3341);
#3339 = CARTESIAN_POINT('',(4.78,0.32,-3.3));
#3340 = DIRECTION('',(0.707106781187,-8.833102285013E-17,0.707106781187)
  );
#3341 = DIRECTION('',(1.236918052038E-16,1.,1.227125289097E-18));
#3342 = ADVANCED_FACE('',(#3343),#3368,.F.);
#3343 = FACE_BOUND('',#3344,.F.);
#3344 = EDGE_LOOP('',(#3345,#3346,#3352,#3353,#3354,#3362));
#3345 = ORIENTED_EDGE('',*,*,#2718,.F.);
#3346 = ORIENTED_EDGE('',*,*,#3347,.T.);
#3347 = EDGE_CURVE('',#2711,#2631,#3348,.T.);
#3348 = LINE('',#3349,#3350);
#3349 = CARTESIAN_POINT('',(5.32,0.62,-1.5));
#3350 = VECTOR('',#3351,1.);
#3351 = DIRECTION('',(-1.,1.224646799147E-16,0.));
#3352 = ORIENTED_EDGE('',*,*,#2638,.T.);
#3353 = ORIENTED_EDGE('',*,*,#3332,.F.);
#3354 = ORIENTED_EDGE('',*,*,#3355,.F.);
#3355 = EDGE_CURVE('',#3356,#3302,#3358,.T.);
#3356 = VERTEX_POINT('',#3357);
#3357 = CARTESIAN_POINT('',(5.317552593066,0.351192514695,
    -3.202447406934));
#3358 = LINE('',#3359,#3360);
#3359 = CARTESIAN_POINT('',(5.32,0.351192514695,-3.202447406934));
#3360 = VECTOR('',#3361,1.);
#3361 = DIRECTION('',(-1.,1.224646799147E-16,0.));
#3362 = ORIENTED_EDGE('',*,*,#3363,.T.);
#3363 = EDGE_CURVE('',#3356,#2677,#3364,.T.);
#3364 = LINE('',#3365,#3366);
#3365 = CARTESIAN_POINT('',(5.699616963064,0.411518467852,
    -2.820383036936));
#3366 = VECTOR('',#3367,1.);
#3367 = DIRECTION('',(0.702740385383,0.110959008218,0.702740385383));
#3368 = PLANE('',#3369);
#3369 = AXIS2_PLACEMENT_3D('',#3370,#3371,#3372);
#3370 = CARTESIAN_POINT('',(5.32,0.62,-1.5));
#3371 = DIRECTION('',(-1.209660753807E-16,-0.987762965329,0.155962573473
    ));
#3372 = DIRECTION('',(-1.909990663905E-17,-0.155962573473,
    -0.987762965329));
#3373 = ADVANCED_FACE('',(#3374),#3380,.F.);
#3374 = FACE_BOUND('',#3375,.F.);
#3375 = EDGE_LOOP('',(#3376,#3377,#3378,#3379));
#3376 = ORIENTED_EDGE('',*,*,#2735,.T.);
#3377 = ORIENTED_EDGE('',*,*,#2630,.T.);
#3378 = ORIENTED_EDGE('',*,*,#3347,.F.);
#3379 = ORIENTED_EDGE('',*,*,#2710,.F.);
#3380 = PLANE('',#3381);
#3381 = AXIS2_PLACEMENT_3D('',#3382,#3383,#3384);
#3382 = CARTESIAN_POINT('',(5.32,0.32,-0.9));
#3383 = DIRECTION('',(-1.095357396528E-16,-0.894427191,-0.4472135955));
#3384 = DIRECTION('',(5.476786982641E-17,0.4472135955,-0.894427191));
#3385 = ADVANCED_FACE('',(#3386),#3397,.F.);
#3386 = FACE_BOUND('',#3387,.F.);
#3387 = EDGE_LOOP('',(#3388,#3394,#3395,#3396));
#3388 = ORIENTED_EDGE('',*,*,#3389,.T.);
#3389 = EDGE_CURVE('',#2687,#2600,#3390,.T.);
#3390 = LINE('',#3391,#3392);
#3391 = CARTESIAN_POINT('',(5.32,-2.E-02,-1.5));
#3392 = VECTOR('',#3393,1.);
#3393 = DIRECTION('',(-1.,1.224646799147E-16,0.));
#3394 = ORIENTED_EDGE('',*,*,#2607,.T.);
#3395 = ORIENTED_EDGE('',*,*,#2660,.F.);
#3396 = ORIENTED_EDGE('',*,*,#2694,.F.);
#3397 = PLANE('',#3398);
#3398 = AXIS2_PLACEMENT_3D('',#3399,#3400,#3401);
#3399 = CARTESIAN_POINT('',(5.32,-2.E-02,-1.5));
#3400 = DIRECTION('',(1.095357396528E-16,0.894427191,0.4472135955));
#3401 = DIRECTION('',(-5.476786982641E-17,-0.4472135955,0.894427191));
#3402 = ADVANCED_FACE('',(#3403),#3423,.F.);
#3403 = FACE_BOUND('',#3404,.F.);
#3404 = EDGE_LOOP('',(#3405,#3406,#3414,#3420,#3421,#3422));
#3405 = ORIENTED_EDGE('',*,*,#2686,.F.);
#3406 = ORIENTED_EDGE('',*,*,#3407,.F.);
#3407 = EDGE_CURVE('',#3408,#2679,#3410,.T.);
#3408 = VERTEX_POINT('',#3409);
#3409 = CARTESIAN_POINT('',(5.317552593066,-0.288807485305,
    -3.202447406934));
#3410 = LINE('',#3411,#3412);
#3411 = CARTESIAN_POINT('',(5.243720930233,-0.300465116279,
    -3.276279069767));
#3412 = VECTOR('',#3413,1.);
#3413 = DIRECTION('',(0.702740385383,0.110959008218,0.702740385383));
#3414 = ORIENTED_EDGE('',*,*,#3415,.T.);
#3415 = EDGE_CURVE('',#3408,#3318,#3416,.T.);
#3416 = LINE('',#3417,#3418);
#3417 = CARTESIAN_POINT('',(5.32,-0.288807485305,-3.202447406934));
#3418 = VECTOR('',#3419,1.);
#3419 = DIRECTION('',(-1.,1.224646799147E-16,0.));
#3420 = ORIENTED_EDGE('',*,*,#3325,.T.);
#3421 = ORIENTED_EDGE('',*,*,#2599,.T.);
#3422 = ORIENTED_EDGE('',*,*,#3389,.F.);
#3423 = PLANE('',#3424);
#3424 = AXIS2_PLACEMENT_3D('',#3425,#3426,#3427);
#3425 = CARTESIAN_POINT('',(5.32,-0.32,-3.4));
#3426 = DIRECTION('',(1.209660753807E-16,0.987762965329,-0.155962573473)
  );
#3427 = DIRECTION('',(1.909990663905E-17,0.155962573473,0.987762965329)
  );
#3428 = ADVANCED_FACE('',(#3429),#3456,.T.);
#3429 = FACE_BOUND('',#3430,.F.);
#3430 = EDGE_LOOP('',(#3431,#3439,#3447,#3453,#3454,#3455));
#3431 = ORIENTED_EDGE('',*,*,#3432,.F.);
#3432 = EDGE_CURVE('',#3433,#3356,#3435,.T.);
#3433 = VERTEX_POINT('',#3434);
#3434 = CARTESIAN_POINT('',(5.12,0.12,-3.4));
#3435 = LINE('',#3436,#3437);
#3436 = CARTESIAN_POINT('',(5.24881689775,0.270752273427,-3.27118310225)
  );
#3437 = VECTOR('',#3438,1.);
#3438 = DIRECTION('',(0.544770019249,0.63753529491,0.544770019249));
#3439 = ORIENTED_EDGE('',*,*,#3440,.T.);
#3440 = EDGE_CURVE('',#3433,#3441,#3443,.T.);
#3441 = VERTEX_POINT('',#3442);
#3442 = CARTESIAN_POINT('',(5.12,-0.12,-3.4));
#3443 = LINE('',#3444,#3445);
#3444 = CARTESIAN_POINT('',(5.12,0.32,-3.4));
#3445 = VECTOR('',#3446,1.);
#3446 = DIRECTION('',(-1.224646799147E-16,-1.,0.));
#3447 = ORIENTED_EDGE('',*,*,#3448,.T.);
#3448 = EDGE_CURVE('',#3441,#3408,#3449,.T.);
#3449 = LINE('',#3450,#3451);
#3450 = CARTESIAN_POINT('',(5.155697812072,-0.150503562587,
    -3.364302187928));
#3451 = VECTOR('',#3452,1.);
#3452 = DIRECTION('',(0.605209817607,-0.517148096144,0.605209817607));
#3453 = ORIENTED_EDGE('',*,*,#3407,.T.);
#3454 = ORIENTED_EDGE('',*,*,#2676,.F.);
#3455 = ORIENTED_EDGE('',*,*,#3363,.F.);
#3456 = PLANE('',#3457);
#3457 = AXIS2_PLACEMENT_3D('',#3458,#3459,#3460);
#3458 = CARTESIAN_POINT('',(5.22,0.32,-3.3));
#3459 = DIRECTION('',(0.707106781187,-8.486018839685E-17,-0.707106781187
    ));
#3460 = DIRECTION('',(1.212375546256E-16,1.,1.227125289196E-18));
#3461 = ADVANCED_FACE('',(#3462),#3468,.F.);
#3462 = FACE_BOUND('',#3463,.F.);
#3463 = EDGE_LOOP('',(#3464,#3465,#3466,#3467));
#3464 = ORIENTED_EDGE('',*,*,#2757,.T.);
#3465 = ORIENTED_EDGE('',*,*,#2829,.F.);
#3466 = ORIENTED_EDGE('',*,*,#2805,.F.);
#3467 = ORIENTED_EDGE('',*,*,#2790,.T.);
#3468 = PLANE('',#3469);
#3469 = AXIS2_PLACEMENT_3D('',#3470,#3471,#3472);
#3470 = CARTESIAN_POINT('',(0.32,-0.32,6.5));
#3471 = DIRECTION('',(-0.,0.,-1.));
#3472 = DIRECTION('',(1.224646799147E-16,1.,0.));
#3473 = ADVANCED_FACE('',(#3474),#3480,.F.);
#3474 = FACE_BOUND('',#3475,.F.);
#3475 = EDGE_LOOP('',(#3476,#3477,#3478,#3479));
#3476 = ORIENTED_EDGE('',*,*,#2853,.T.);
#3477 = ORIENTED_EDGE('',*,*,#2925,.F.);
#3478 = ORIENTED_EDGE('',*,*,#2901,.F.);
#3479 = ORIENTED_EDGE('',*,*,#2886,.T.);
#3480 = PLANE('',#3481);
#3481 = AXIS2_PLACEMENT_3D('',#3482,#3483,#3484);
#3482 = CARTESIAN_POINT('',(5.32,-0.32,6.5));
#3483 = DIRECTION('',(-0.,0.,-1.));
#3484 = DIRECTION('',(1.224646799147E-16,1.,0.));
#3485 = ADVANCED_FACE('',(#3486),#3492,.F.);
#3486 = FACE_BOUND('',#3487,.F.);
#3487 = EDGE_LOOP('',(#3488,#3489,#3490,#3491));
#3488 = ORIENTED_EDGE('',*,*,#3021,.F.);
#3489 = ORIENTED_EDGE('',*,*,#2997,.F.);
#3490 = ORIENTED_EDGE('',*,*,#2982,.T.);
#3491 = ORIENTED_EDGE('',*,*,#2949,.T.);
#3492 = PLANE('',#3493);
#3493 = AXIS2_PLACEMENT_3D('',#3494,#3495,#3496);
#3494 = CARTESIAN_POINT('',(2.82,-0.32,6.5));
#3495 = DIRECTION('',(-0.,0.,-1.));
#3496 = DIRECTION('',(1.224646799147E-16,1.,0.));
#3497 = ADVANCED_FACE('',(#3498),#3509,.T.);
#3498 = FACE_BOUND('',#3499,.T.);
#3499 = EDGE_LOOP('',(#3500,#3501,#3507,#3508));
#3500 = ORIENTED_EDGE('',*,*,#3170,.F.);
#3501 = ORIENTED_EDGE('',*,*,#3502,.T.);
#3502 = EDGE_CURVE('',#3171,#3038,#3503,.T.);
#3503 = LINE('',#3504,#3505);
#3504 = CARTESIAN_POINT('',(0.32,0.12,-3.4));
#3505 = VECTOR('',#3506,1.);
#3506 = DIRECTION('',(-1.,1.224646799147E-16,0.));
#3507 = ORIENTED_EDGE('',*,*,#3037,.T.);
#3508 = ORIENTED_EDGE('',*,*,#3093,.F.);
#3509 = PLANE('',#3510);
#3510 = AXIS2_PLACEMENT_3D('',#3511,#3512,#3513);
#3511 = CARTESIAN_POINT('',(0.32,0.235596257347,-3.301223703467));
#3512 = DIRECTION('',(8.302774088379E-17,0.64962967394,-0.760250805153)
  );
#3513 = DIRECTION('',(-1.,1.247195775152E-16,-2.638869166629E-18));
#3514 = ADVANCED_FACE('',(#3515),#3526,.F.);
#3515 = FACE_BOUND('',#3516,.F.);
#3516 = EDGE_LOOP('',(#3517,#3518,#3519,#3525));
#3517 = ORIENTED_EDGE('',*,*,#3502,.T.);
#3518 = ORIENTED_EDGE('',*,*,#3047,.T.);
#3519 = ORIENTED_EDGE('',*,*,#3520,.F.);
#3520 = EDGE_CURVE('',#3179,#3048,#3521,.T.);
#3521 = LINE('',#3522,#3523);
#3522 = CARTESIAN_POINT('',(0.32,-0.12,-3.4));
#3523 = VECTOR('',#3524,1.);
#3524 = DIRECTION('',(-1.,1.224646799147E-16,0.));
#3525 = ORIENTED_EDGE('',*,*,#3178,.F.);
#3526 = PLANE('',#3527);
#3527 = AXIS2_PLACEMENT_3D('',#3528,#3529,#3530);
#3528 = CARTESIAN_POINT('',(0.32,0.32,-3.4));
#3529 = DIRECTION('',(0.,0.,1.));
#3530 = DIRECTION('',(-1.224646799147E-16,-1.,0.));
#3531 = ADVANCED_FACE('',(#3532),#3538,.T.);
#3532 = FACE_BOUND('',#3533,.F.);
#3533 = EDGE_LOOP('',(#3534,#3535,#3536,#3537));
#3534 = ORIENTED_EDGE('',*,*,#3186,.F.);
#3535 = ORIENTED_EDGE('',*,*,#3520,.T.);
#3536 = ORIENTED_EDGE('',*,*,#3055,.T.);
#3537 = ORIENTED_EDGE('',*,*,#3153,.F.);
#3538 = PLANE('',#3539);
#3539 = AXIS2_PLACEMENT_3D('',#3540,#3541,#3542);
#3540 = CARTESIAN_POINT('',(0.32,-0.204403742653,-3.301223703467));
#3541 = DIRECTION('',(-9.310387150808E-17,-0.760250805153,-0.64962967394
    ));
#3542 = DIRECTION('',(1.,-1.224646799148E-16,-5.515863360725E-29));
#3543 = ADVANCED_FACE('',(#3544),#3550,.F.);
#3544 = FACE_BOUND('',#3545,.F.);
#3545 = EDGE_LOOP('',(#3546,#3547,#3548,#3549));
#3546 = ORIENTED_EDGE('',*,*,#3266,.F.);
#3547 = ORIENTED_EDGE('',*,*,#3283,.T.);
#3548 = ORIENTED_EDGE('',*,*,#3211,.T.);
#3549 = ORIENTED_EDGE('',*,*,#3242,.F.);
#3550 = PLANE('',#3551);
#3551 = AXIS2_PLACEMENT_3D('',#3552,#3553,#3554);
#3552 = CARTESIAN_POINT('',(2.82,0.32,-3.4));
#3553 = DIRECTION('',(0.,0.,1.));
#3554 = DIRECTION('',(-1.224646799147E-16,-1.,0.));
#3555 = ADVANCED_FACE('',(#3556),#3567,.T.);
#3556 = FACE_BOUND('',#3557,.T.);
#3557 = EDGE_LOOP('',(#3558,#3559,#3565,#3566));
#3558 = ORIENTED_EDGE('',*,*,#3432,.F.);
#3559 = ORIENTED_EDGE('',*,*,#3560,.T.);
#3560 = EDGE_CURVE('',#3433,#3300,#3561,.T.);
#3561 = LINE('',#3562,#3563);
#3562 = CARTESIAN_POINT('',(5.32,0.12,-3.4));
#3563 = VECTOR('',#3564,1.);
#3564 = DIRECTION('',(-1.,1.224646799147E-16,0.));
#3565 = ORIENTED_EDGE('',*,*,#3299,.T.);
#3566 = ORIENTED_EDGE('',*,*,#3355,.F.);
#3567 = PLANE('',#3568);
#3568 = AXIS2_PLACEMENT_3D('',#3569,#3570,#3571);
#3569 = CARTESIAN_POINT('',(5.32,0.235596257347,-3.301223703467));
#3570 = DIRECTION('',(8.302774088379E-17,0.64962967394,-0.760250805153)
  );
#3571 = DIRECTION('',(-1.,1.247195775152E-16,-2.638869166629E-18));
#3572 = ADVANCED_FACE('',(#3573),#3584,.F.);
#3573 = FACE_BOUND('',#3574,.F.);
#3574 = EDGE_LOOP('',(#3575,#3576,#3577,#3583));
#3575 = ORIENTED_EDGE('',*,*,#3560,.T.);
#3576 = ORIENTED_EDGE('',*,*,#3309,.T.);
#3577 = ORIENTED_EDGE('',*,*,#3578,.F.);
#3578 = EDGE_CURVE('',#3441,#3310,#3579,.T.);
#3579 = LINE('',#3580,#3581);
#3580 = CARTESIAN_POINT('',(5.32,-0.12,-3.4));
#3581 = VECTOR('',#3582,1.);
#3582 = DIRECTION('',(-1.,1.224646799147E-16,0.));
#3583 = ORIENTED_EDGE('',*,*,#3440,.F.);
#3584 = PLANE('',#3585);
#3585 = AXIS2_PLACEMENT_3D('',#3586,#3587,#3588);
#3586 = CARTESIAN_POINT('',(5.32,0.32,-3.4));
#3587 = DIRECTION('',(0.,0.,1.));
#3588 = DIRECTION('',(-1.224646799147E-16,-1.,0.));
#3589 = ADVANCED_FACE('',(#3590),#3596,.T.);
#3590 = FACE_BOUND('',#3591,.F.);
#3591 = EDGE_LOOP('',(#3592,#3593,#3594,#3595));
#3592 = ORIENTED_EDGE('',*,*,#3448,.F.);
#3593 = ORIENTED_EDGE('',*,*,#3578,.T.);
#3594 = ORIENTED_EDGE('',*,*,#3317,.T.);
#3595 = ORIENTED_EDGE('',*,*,#3415,.F.);
#3596 = PLANE('',#3597);
#3597 = AXIS2_PLACEMENT_3D('',#3598,#3599,#3600);
#3598 = CARTESIAN_POINT('',(5.32,-0.204403742653,-3.301223703467));
#3599 = DIRECTION('',(-9.310387150808E-17,-0.760250805153,-0.64962967394
    ));
#3600 = DIRECTION('',(1.,-1.224646799148E-16,-5.515863360725E-29));
#3601 = ( GEOMETRIC_REPRESENTATION_CONTEXT(3) 
GLOBAL_UNCERTAINTY_ASSIGNED_CONTEXT((#3605)) 
GLOBAL_UNIT_ASSIGNED_CONTEXT((#3602,#3603,#3604)) REPRESENTATION_CONTEXT
('Context #1','3D Context with UNIT and UNCERTAINTY') );
#3602 = ( LENGTH_UNIT() NAMED_UNIT(*) SI_UNIT(.MILLI.,.METRE.) );
#3603 = ( NAMED_UNIT(*) PLANE_ANGLE_UNIT() SI_UNIT($,.RADIAN.) );
#3604 = ( NAMED_UNIT(*) SI_UNIT($,.STERADIAN.) SOLID_ANGLE_UNIT() );
#3605 = UNCERTAINTY_MEASURE_WITH_UNIT(LENGTH_MEASURE(1.E-07),#3602,
  'distance_accuracy_value','confusion accuracy');
#3606 = CONTEXT_DEPENDENT_SHAPE_REPRESENTATION(#3607,#3609);
#3607 = ( REPRESENTATION_RELATIONSHIP('','',#79,#56) 
REPRESENTATION_RELATIONSHIP_WITH_TRANSFORMATION(#3608) 
SHAPE_REPRESENTATION_RELATIONSHIP() );
#3608 = ITEM_DEFINED_TRANSFORMATION('','',#11,#57);
#3609 = PRODUCT_DEFINITION_SHAPE('Placement','Placement of an item',
  #3610);
#3610 = NEXT_ASSEMBLY_USAGE_OCCURRENCE('1','=>[0:1:1:3]','',#51,#74,$);
#3611 = PRODUCT_RELATED_PRODUCT_CATEGORY('part',$,(#76));
#3612 = SHAPE_DEFINITION_REPRESENTATION(#3613,#3619);
#3613 = PRODUCT_DEFINITION_SHAPE('','',#3614);
#3614 = PRODUCT_DEFINITION('design','',#3615,#3618);
#3615 = PRODUCT_DEFINITION_FORMATION('','',#3616);
#3616 = PRODUCT('R_Axial_DIN0207_L6.3mm_D2.5mm_P7.62mm_Horizontal',
  'R_Axial_DIN0207_L6.3mm_D2.5mm_P7.62mm_Horizontal','',(#3617));
#3617 = PRODUCT_CONTEXT('',#2,'mechanical');
#3618 = PRODUCT_DEFINITION_CONTEXT('part definition',#2,'design');
#3619 = SHAPE_REPRESENTATION('',(#11,#3620),#3624);
#3620 = AXIS2_PLACEMENT_3D('',#3621,#3622,#3623);
#3621 = CARTESIAN_POINT('',(0.,0.,0.));
#3622 = DIRECTION('',(0.,0.,1.));
#3623 = DIRECTION('',(1.,0.,-0.));
#3624 = ( GEOMETRIC_REPRESENTATION_CONTEXT(3) 
GLOBAL_UNCERTAINTY_ASSIGNED_CONTEXT((#3628)) 
GLOBAL_UNIT_ASSIGNED_CONTEXT((#3625,#3626,#3627)) REPRESENTATION_CONTEXT
('Context #1','3D Context with UNIT and UNCERTAINTY') );
#3625 = ( LENGTH_UNIT() NAMED_UNIT(*) SI_UNIT(.MILLI.,.METRE.) );
#3626 = ( NAMED_UNIT(*) PLANE_ANGLE_UNIT() SI_UNIT($,.RADIAN.) );
#3627 = ( NAMED_UNIT(*) SI_UNIT($,.STERADIAN.) SOLID_ANGLE_UNIT() );
#3628 = UNCERTAINTY_MEASURE_WITH_UNIT(LENGTH_MEASURE(1.E-07),#3625,
  'distance_accuracy_value','confusion accuracy');
#3629 = CONTEXT_DEPENDENT_SHAPE_REPRESENTATION(#3630,#3632);
#3630 = ( REPRESENTATION_RELATIONSHIP('','',#3619,#10) 
REPRESENTATION_RELATIONSHIP_WITH_TRANSFORMATION(#3631) 
SHAPE_REPRESENTATION_RELATIONSHIP() );
#3631 = ITEM_DEFINED_TRANSFORMATION('','',#11,#19);
#3632 = PRODUCT_DEFINITION_SHAPE('Placement','Placement of an item',
  #3633);
#3633 = NEXT_ASSEMBLY_USAGE_OCCURRENCE('4','R1','',#5,#3614,$);
#3634 = PRODUCT_RELATED_PRODUCT_CATEGORY('part',$,(#3616));
#3635 = SHAPE_DEFINITION_REPRESENTATION(#3636,#3642);
#3636 = PRODUCT_DEFINITION_SHAPE('','',#3637);
#3637 = PRODUCT_DEFINITION('design','',#3638,#3641);
#3638 = PRODUCT_DEFINITION_FORMATION('','',#3639);
#3639 = PRODUCT('R_Axial_DIN0207_L63mm_D25mm_P762mm_Horizontal',
  'R_Axial_DIN0207_L63mm_D25mm_P762mm_Horizontal','',(#3640));
#3640 = PRODUCT_CONTEXT('',#2,'mechanical');
#3641 = PRODUCT_DEFINITION_CONTEXT('part definition',#2,'design');
#3642 = ADVANCED_BREP_SHAPE_REPRESENTATION('',(#11,#3643),#4306);
#3643 = MANIFOLD_SOLID_BREP('',#3644);
#3644 = CLOSED_SHELL('',(#3645,#3678,#3704,#3724,#3907,#3932,#3958,#3978
    ,#4003,#4028,#4037,#4063,#4246,#4272,#4297));
#3645 = ADVANCED_FACE('',(#3646),#3673,.T.);
#3646 = FACE_BOUND('',#3647,.T.);
#3647 = EDGE_LOOP('',(#3648,#3657,#3665,#3672));
#3648 = ORIENTED_EDGE('',*,*,#3649,.T.);
#3649 = EDGE_CURVE('',#3650,#3650,#3652,.T.);
#3650 = VERTEX_POINT('',#3651);
#3651 = CARTESIAN_POINT('',(1.285,1.25,1.25));
#3652 = CIRCLE('',#3653,1.25);
#3653 = AXIS2_PLACEMENT_3D('',#3654,#3655,#3656);
#3654 = CARTESIAN_POINT('',(1.285,0.,1.25));
#3655 = DIRECTION('',(1.,0.,0.));
#3656 = DIRECTION('',(-0.,1.,0.));
#3657 = ORIENTED_EDGE('',*,*,#3658,.T.);
#3658 = EDGE_CURVE('',#3650,#3659,#3661,.T.);
#3659 = VERTEX_POINT('',#3660);
#3660 = CARTESIAN_POINT('',(2.235,1.25,1.25));
#3661 = LINE('',#3662,#3663);
#3662 = CARTESIAN_POINT('',(0.66,1.25,1.25));
#3663 = VECTOR('',#3664,1.);
#3664 = DIRECTION('',(1.,0.,0.));
#3665 = ORIENTED_EDGE('',*,*,#3666,.F.);
#3666 = EDGE_CURVE('',#3659,#3659,#3667,.T.);
#3667 = CIRCLE('',#3668,1.25);
#3668 = AXIS2_PLACEMENT_3D('',#3669,#3670,#3671);
#3669 = CARTESIAN_POINT('',(2.235,0.,1.25));
#3670 = DIRECTION('',(1.,0.,0.));
#3671 = DIRECTION('',(-0.,1.,0.));
#3672 = ORIENTED_EDGE('',*,*,#3658,.F.);
#3673 = CYLINDRICAL_SURFACE('',#3674,1.25);
#3674 = AXIS2_PLACEMENT_3D('',#3675,#3676,#3677);
#3675 = CARTESIAN_POINT('',(0.66,0.,1.25));
#3676 = DIRECTION('',(-1.,-0.,-0.));
#3677 = DIRECTION('',(0.,1.,0.));
#3678 = ADVANCED_FACE('',(#3679),#3699,.T.);
#3679 = FACE_BOUND('',#3680,.T.);
#3680 = EDGE_LOOP('',(#3681,#3690,#3697,#3698));
#3681 = ORIENTED_EDGE('',*,*,#3682,.T.);
#3682 = EDGE_CURVE('',#3683,#3683,#3685,.T.);
#3683 = VERTEX_POINT('',#3684);
#3684 = CARTESIAN_POINT('',(0.66,0.625,1.25));
#3685 = CIRCLE('',#3686,0.625);
#3686 = AXIS2_PLACEMENT_3D('',#3687,#3688,#3689);
#3687 = CARTESIAN_POINT('',(0.66,0.,1.25));
#3688 = DIRECTION('',(1.,0.,0.));
#3689 = DIRECTION('',(-0.,1.,0.));
#3690 = ORIENTED_EDGE('',*,*,#3691,.F.);
#3691 = EDGE_CURVE('',#3650,#3683,#3692,.T.);
#3692 = CIRCLE('',#3693,0.625);
#3693 = AXIS2_PLACEMENT_3D('',#3694,#3695,#3696);
#3694 = CARTESIAN_POINT('',(1.285,0.625,1.25));
#3695 = DIRECTION('',(0.,-0.,1.));
#3696 = DIRECTION('',(0.,1.,0.));
#3697 = ORIENTED_EDGE('',*,*,#3649,.F.);
#3698 = ORIENTED_EDGE('',*,*,#3691,.T.);
#3699 = TOROIDAL_SURFACE('',#3700,0.625,0.625);
#3700 = AXIS2_PLACEMENT_3D('',#3701,#3702,#3703);
#3701 = CARTESIAN_POINT('',(1.285,0.,1.25));
#3702 = DIRECTION('',(-1.,0.,0.));
#3703 = DIRECTION('',(0.,1.,0.));
#3704 = ADVANCED_FACE('',(#3705,#3708),#3719,.F.);
#3705 = FACE_BOUND('',#3706,.F.);
#3706 = EDGE_LOOP('',(#3707));
#3707 = ORIENTED_EDGE('',*,*,#3666,.F.);
#3708 = FACE_BOUND('',#3709,.F.);
#3709 = EDGE_LOOP('',(#3710));
#3710 = ORIENTED_EDGE('',*,*,#3711,.F.);
#3711 = EDGE_CURVE('',#3712,#3712,#3714,.T.);
#3712 = VERTEX_POINT('',#3713);
#3713 = CARTESIAN_POINT('',(2.235,1.125,1.25));
#3714 = CIRCLE('',#3715,1.125);
#3715 = AXIS2_PLACEMENT_3D('',#3716,#3717,#3718);
#3716 = CARTESIAN_POINT('',(2.235,0.,1.25));
#3717 = DIRECTION('',(-1.,0.,0.));
#3718 = DIRECTION('',(0.,1.,0.));
#3719 = PLANE('',#3720);
#3720 = AXIS2_PLACEMENT_3D('',#3721,#3722,#3723);
#3721 = CARTESIAN_POINT('',(2.235,1.25,1.25));
#3722 = DIRECTION('',(-1.,0.,0.));
#3723 = DIRECTION('',(0.,0.,-1.));
#3724 = ADVANCED_FACE('',(#3725,#3728),#3902,.T.);
#3725 = FACE_BOUND('',#3726,.T.);
#3726 = EDGE_LOOP('',(#3727));
#3727 = ORIENTED_EDGE('',*,*,#3682,.F.);
#3728 = FACE_BOUND('',#3729,.T.);
#3729 = EDGE_LOOP('',(#3730));
#3730 = ORIENTED_EDGE('',*,*,#3731,.F.);
#3731 = EDGE_CURVE('',#3732,#3732,#3734,.T.);
#3732 = VERTEX_POINT('',#3733);
#3733 = CARTESIAN_POINT('',(0.66,1.102182119233E-16,0.899909083395));
#3734 = B_SPLINE_CURVE_WITH_KNOTS('',6,(#3735,#3736,#3737,#3738,#3739,
    #3740,#3741,#3742,#3743,#3744,#3745,#3746,#3747,#3748,#3749,#3750,
    #3751,#3752,#3753,#3754,#3755,#3756,#3757,#3758,#3759,#3760,#3761,
    #3762,#3763,#3764,#3765,#3766,#3767,#3768,#3769,#3770,#3771,#3772,
    #3773,#3774,#3775,#3776,#3777,#3778,#3779,#3780,#3781,#3782,#3783,
    #3784,#3785,#3786,#3787,#3788,#3789,#3790,#3791,#3792,#3793,#3794,
    #3795,#3796,#3797,#3798,#3799,#3800,#3801,#3802,#3803,#3804,#3805,
    #3806,#3807,#3808,#3809,#3810,#3811,#3812,#3813,#3814,#3815,#3816,
    #3817,#3818,#3819,#3820,#3821,#3822,#3823,#3824,#3825,#3826,#3827,
    #3828,#3829,#3830,#3831,#3832,#3833,#3834,#3835,#3836,#3837,#3838,
    #3839,#3840,#3841,#3842,#3843,#3844,#3845,#3846,#3847,#3848,#3849,
    #3850,#3851,#3852,#3853,#3854,#3855,#3856,#3857,#3858,#3859,#3860,
    #3861,#3862,#3863,#3864,#3865,#3866,#3867,#3868,#3869,#3870,#3871,
    #3872,#3873,#3874,#3875,#3876,#3877,#3878,#3879,#3880,#3881,#3882,
    #3883,#3884,#3885,#3886,#3887,#3888,#3889,#3890,#3891,#3892,#3893,
    #3894,#3895,#3896,#3897,#3898,#3899,#3900,#3901),.UNSPECIFIED.,.T.,
  .F.,(1,6,5,5,5,5,5,5,5,5,5,5,5,5,5,5,5,5,5,5,5,5,5,5,5,5,5,5,5,5,5,5,5
    ,5,6,1),(-3.7441643477E-02,0.,2.521870323933E-02,5.431496394384E-02,
    8.648919549843E-02,0.120700162351,0.155854554579,0.191019956077,
    0.22552099352,0.258944151729,0.291091798271,0.321919308947,
    0.351475044446,0.379851974729,0.407153625953,0.43347490921,
    0.458900868731,0.483545347382,0.505902822615,0.530283950565,
    0.555351989471,0.581274789002,0.608140584187,0.636038742308,
    0.665070462617,0.695336577837,0.72690990423,0.759792997252,
    0.79386262098,0.828806470397,0.864066503475,0.898816439436,
    0.932013287381,0.962558356523,1.,1.025218703239),.UNSPECIFIED.);
#3735 = CARTESIAN_POINT('',(0.66,0.,0.899909083395));
#3736 = CARTESIAN_POINT('',(0.66,-9.861963323296E-03,0.899909084471));
#3737 = CARTESIAN_POINT('',(0.66,-1.960383099012E-02,0.900333558971));
#3738 = CARTESIAN_POINT('',(0.66,-2.90667633729E-02,0.901163095205));
#3739 = CARTESIAN_POINT('',(0.66,-3.818473840012E-02,0.902336888075));
#3740 = CARTESIAN_POINT('',(0.66,-4.697555886318E-02,0.903805406252));
#3741 = CARTESIAN_POINT('',(0.66,-6.541217845247E-02,0.907588617289));
#3742 = CARTESIAN_POINT('',(0.66,-7.491989955217E-02,0.909985996381));
#3743 = CARTESIAN_POINT('',(0.66,-8.408858685729E-02,0.912709602459));
#3744 = CARTESIAN_POINT('',(0.66,-9.29431150905E-02,0.915726339128));
#3745 = CARTESIAN_POINT('',(0.66,-0.101504886237,0.919011492948));
#3746 = CARTESIAN_POINT('',(0.66,-0.118958160976,0.926453793498));
#3747 = CARTESIAN_POINT('',(0.66,-0.127787740677,0.930666021227));
#3748 = CARTESIAN_POINT('',(0.66,-0.136306213845,0.935155972835));
#3749 = CARTESIAN_POINT('',(0.66,-0.144532125259,0.939904061777));
#3750 = CARTESIAN_POINT('',(0.66,-0.152479834979,0.944895594586));
#3751 = CARTESIAN_POINT('',(0.66,-0.168328675181,0.955672717204));
#3752 = CARTESIAN_POINT('',(0.66,-0.176194628708,0.961488338811));
#3753 = CARTESIAN_POINT('',(0.66,-0.183772627725,0.967551590964));
#3754 = CARTESIAN_POINT('',(0.66,-0.191071921446,0.973851630909));
#3755 = CARTESIAN_POINT('',(0.66,-0.19809849539,0.980379998969));
#3756 = CARTESIAN_POINT('',(0.66,-0.211800252103,0.99406561399));
#3757 = CARTESIAN_POINT('',(0.66,-0.218460183619,1.001235038361));
#3758 = CARTESIAN_POINT('',(0.66,-0.224839916669,1.008630424477));
#3759 = CARTESIAN_POINT('',(0.66,-0.230940302033,1.016245317007));
#3760 = CARTESIAN_POINT('',(0.66,-0.236759778797,1.024074009311));
#3761 = CARTESIAN_POINT('',(0.66,-0.247832030244,1.040150827903));
#3762 = CARTESIAN_POINT('',(0.66,-0.253084597548,1.048398894868));
#3763 = CARTESIAN_POINT('',(0.66,-0.258049056373,1.056850063306));
#3764 = CARTESIAN_POINT('',(0.66,-0.262719990238,1.065498702059));
#3765 = CARTESIAN_POINT('',(0.66,-0.267090249501,1.07433884651));
#3766 = CARTESIAN_POINT('',(0.66,-0.275134936213,1.092219038761));
#3767 = CARTESIAN_POINT('',(0.66,-0.278821023102,1.101251941956));
#3768 = CARTESIAN_POINT('',(0.66,-0.282200792082,1.110456832947));
#3769 = CARTESIAN_POINT('',(0.66,-0.285264705632,1.119826546568));
#3770 = CARTESIAN_POINT('',(0.66,-0.288002108658,1.129352827713));
#3771 = CARTESIAN_POINT('',(0.66,-0.29272539517,1.148397615962));
#3772 = CARTESIAN_POINT('',(0.66,-0.29473218058,1.157906910826));
#3773 = CARTESIAN_POINT('',(0.66,-0.296410836061,1.167545600214));
#3774 = CARTESIAN_POINT('',(0.66,-0.297750151594,1.177303530334));
#3775 = CARTESIAN_POINT('',(0.66,-0.298738455802,1.187169009313));
#3776 = CARTESIAN_POINT('',(0.66,-0.299964918417,1.206708514181));
#3777 = CARTESIAN_POINT('',(0.66,-0.300230384291,1.216375379318));
#3778 = CARTESIAN_POINT('',(0.66,-0.300149186912,1.226117491764));
#3779 = CARTESIAN_POINT('',(0.66,-0.299710710819,1.235921272022));
#3780 = CARTESIAN_POINT('',(0.66,-0.298904551758,1.245771471938));
#3781 = CARTESIAN_POINT('',(0.66,-0.296585103724,1.265125169703));
#3782 = CARTESIAN_POINT('',(0.66,-0.295102339165,1.274626258325));
#3783 = CARTESIAN_POINT('',(0.66,-0.293263240337,1.284139377081));
#3784 = CARTESIAN_POINT('',(0.66,-0.291059628806,1.293647957516));
#3785 = CARTESIAN_POINT('',(0.66,-0.288484130363,1.303133926208));
#3786 = CARTESIAN_POINT('',(0.66,-0.282698083788,1.321631884472));
#3787 = CARTESIAN_POINT('',(0.66,-0.279518227914,1.330647303479));
#3788 = CARTESIAN_POINT('',(0.66,-0.275984860345,1.33960658093));
#3789 = CARTESIAN_POINT('',(0.66,-0.272093455342,1.348491200819));
#3790 = CARTESIAN_POINT('',(0.66,-0.267840708483,1.357281511993));
#3791 = CARTESIAN_POINT('',(0.66,-0.258792476906,1.374285940745));
#3792 = CARTESIAN_POINT('',(0.66,-0.254025481533,1.382509111114));
#3793 = CARTESIAN_POINT('',(0.66,-0.248921768643,1.390607755283));
#3794 = CARTESIAN_POINT('',(0.66,-0.243480982245,1.398562700734));
#3795 = CARTESIAN_POINT('',(0.66,-0.237704192262,1.406354086406));
#3796 = CARTESIAN_POINT('',(0.66,-0.22571513259,1.421280378602));
#3797 = CARTESIAN_POINT('',(0.66,-0.219527706492,1.428429037341));
#3798 = CARTESIAN_POINT('',(0.66,-0.213033892817,1.435388992124));
#3799 = CARTESIAN_POINT('',(0.66,-0.206237433156,1.442141613477));
#3800 = CARTESIAN_POINT('',(0.66,-0.199143534101,1.448667989237));
#3801 = CARTESIAN_POINT('',(0.66,-0.184639374507,1.46100431938));
#3802 = CARTESIAN_POINT('',(0.66,-0.177249666015,1.466831638372));
#3803 = CARTESIAN_POINT('',(0.66,-0.169595736209,1.472413656662));
#3804 = CARTESIAN_POINT('',(0.66,-0.161685054894,1.477733175901));
#3805 = CARTESIAN_POINT('',(0.66,-0.153526567249,1.482773024258));
#3806 = CARTESIAN_POINT('',(0.66,-0.137020407721,1.492097753386));
#3807 = CARTESIAN_POINT('',(0.66,-0.128688747003,1.496402530856));
#3808 = CARTESIAN_POINT('',(0.66,-0.12014499879,1.500414878928));
#3809 = CARTESIAN_POINT('',(0.66,-0.111400259626,1.504119593216));
#3810 = CARTESIAN_POINT('',(0.66,-0.102467435485,1.507501774849));
#3811 = CARTESIAN_POINT('',(0.66,-8.453493192811E-02,1.513498294635));
#3812 = CARTESIAN_POINT('',(0.66,-7.554639694304E-02,1.516132890753));
#3813 = CARTESIAN_POINT('',(0.66,-6.64085144705E-02,1.518437847791));
#3814 = CARTESIAN_POINT('',(0.66,-5.713783351899E-02,1.520400106432));
#3815 = CARTESIAN_POINT('',(0.66,-4.775488525608E-02,1.522007764907));
#3816 = CARTESIAN_POINT('',(0.66,-2.969295309097E-02,1.524379864025));
#3817 = CARTESIAN_POINT('',(0.66,-2.102888075484E-02,1.525208782901));
#3818 = CARTESIAN_POINT('',(0.66,-1.231401679426E-02,1.525730893697));
#3819 = CARTESIAN_POINT('',(0.66,-3.572675622322E-03,1.525941364018));
#3820 = CARTESIAN_POINT('',(0.66,5.168222805428E-03,1.525838983228));
#3821 = CARTESIAN_POINT('',(0.66,2.337847467049E-02,1.524978205181));
#3822 = CARTESIAN_POINT('',(0.66,3.284375814827E-02,1.524161190409));
#3823 = CARTESIAN_POINT('',(0.66,4.224166817951E-02,1.522980309203));
#3824 = CARTESIAN_POINT('',(0.66,5.154498116248E-02,1.52144453626));
#3825 = CARTESIAN_POINT('',(0.66,6.073223707979E-02,1.519565307122));
#3826 = CARTESIAN_POINT('',(0.66,7.909772773064E-02,1.515080653378));
#3827 = CARTESIAN_POINT('',(0.66,8.826753248322E-02,1.512456350085));
#3828 = CARTESIAN_POINT('',(0.66,9.727917108862E-02,1.509494369221));
#3829 = CARTESIAN_POINT('',(0.66,0.106117308319,1.506208374239));
#3830 = CARTESIAN_POINT('',(0.66,0.114768939441,1.502612541932));
#3831 = CARTESIAN_POINT('',(0.66,0.131966117695,1.494697909774));
#3832 = CARTESIAN_POINT('',(0.66,0.140497702999,1.490358571609));
#3833 = CARTESIAN_POINT('',(0.66,0.148806061897,1.485719660214));
#3834 = CARTESIAN_POINT('',(0.66,0.156880650792,1.480797427009));
#3835 = CARTESIAN_POINT('',(0.66,0.164712466725,1.47560826256));
#3836 = CARTESIAN_POINT('',(0.66,0.180151423764,1.464531255078));
#3837 = CARTESIAN_POINT('',(0.66,0.187739958872,1.458624810593));
#3838 = CARTESIAN_POINT('',(0.66,0.195051326582,1.452467732556));
#3839 = CARTESIAN_POINT('',(0.66,0.202078661493,1.446078253645));
#3840 = CARTESIAN_POINT('',(0.66,0.208816558921,1.439474469779));
#3841 = CARTESIAN_POINT('',(0.66,0.221953232148,1.425612904145));
#3842 = CARTESIAN_POINT('',(0.66,0.228328983313,1.41833967682));
#3843 = CARTESIAN_POINT('',(0.66,0.234383958936,1.410874731309));
#3844 = CARTESIAN_POINT('',(0.66,0.240115246881,1.403237638329));
#3845 = CARTESIAN_POINT('',(0.66,0.245521392347,1.395447466144));
#3846 = CARTESIAN_POINT('',(0.66,0.255889855564,1.379276097975));
#3847 = CARTESIAN_POINT('',(0.66,0.260825146013,1.370883681886));
#3848 = CARTESIAN_POINT('',(0.66,0.265408341569,1.362366377835));
#3849 = CARTESIAN_POINT('',(0.66,0.269640849736,1.353744088225));
#3850 = CARTESIAN_POINT('',(0.66,0.273525413156,1.345035772328));
#3851 = CARTESIAN_POINT('',(0.66,0.280757352367,1.327109961101));
#3852 = CARTESIAN_POINT('',(0.66,0.284074759274,1.317886517643));
#3853 = CARTESIAN_POINT('',(0.66,0.287023012024,1.308609403309));
#3854 = CARTESIAN_POINT('',(0.66,0.289607802772,1.299297542852));
#3855 = CARTESIAN_POINT('',(0.66,0.291835834134,1.289968498384));
#3856 = CARTESIAN_POINT('',(0.66,0.295674958709,1.270905470981));
#3857 = CARTESIAN_POINT('',(0.66,0.297255116553,1.261171411794));
#3858 = CARTESIAN_POINT('',(0.66,0.298464074992,1.251454521799));
#3859 = CARTESIAN_POINT('',(0.66,0.299311100714,1.241771401083));
#3860 = CARTESIAN_POINT('',(0.66,0.299805944827,1.232137019844));
#3861 = CARTESIAN_POINT('',(0.66,0.30011808361,1.212595326012));
#3862 = CARTESIAN_POINT('',(0.66,0.299906283631,1.202693348802));
#3863 = CARTESIAN_POINT('',(0.66,0.299334987113,1.192873693594));
#3864 = CARTESIAN_POINT('',(0.66,0.298415571185,1.183149633751));
#3865 = CARTESIAN_POINT('',(0.66,0.297159245916,1.173532809156));
#3866 = CARTESIAN_POINT('',(0.66,0.293937772017,1.154190866917));
#3867 = CARTESIAN_POINT('',(0.66,0.291948568133,1.144474505513));
#3868 = CARTESIAN_POINT('',(0.66,0.289621677512,1.134895129825));
#3869 = CARTESIAN_POINT('',(0.66,0.286968496105,1.125462405282));
#3870 = CARTESIAN_POINT('',(0.66,0.283999580964,1.116184674916));
#3871 = CARTESIAN_POINT('',(0.66,0.277365684897,1.097719334783));
#3872 = CARTESIAN_POINT('',(0.66,0.273684712853,1.08854034335));
#3873 = CARTESIAN_POINT('',(0.66,0.269692176119,1.079539433524));
#3874 = CARTESIAN_POINT('',(0.66,0.265397048483,1.07072335418));
#3875 = CARTESIAN_POINT('',(0.66,0.260806835513,1.062098154612));
#3876 = CARTESIAN_POINT('',(0.66,0.251004164416,1.045163946312));
#3877 = CARTESIAN_POINT('',(0.66,0.245786379559,1.036858764173));
#3878 = CARTESIAN_POINT('',(0.66,0.240280407048,1.028758964174));
#3879 = CARTESIAN_POINT('',(0.66,0.234490342534,1.020870115558));
#3880 = CARTESIAN_POINT('',(0.66,0.228418190257,1.013198030747));
#3881 = CARTESIAN_POINT('',(0.66,0.215801462132,0.998407266407));
#3882 = CARTESIAN_POINT('',(0.66,0.209265037039,0.991282398269));
#3883 = CARTESIAN_POINT('',(0.66,0.202454011648,0.98438004474));
#3884 = CARTESIAN_POINT('',(0.66,0.195365844133,0.977707070031));
#3885 = CARTESIAN_POINT('',(0.66,0.187995125017,0.971271927442));
#3886 = CARTESIAN_POINT('',(0.66,0.173012685338,0.959175110633));
#3887 = CARTESIAN_POINT('',(0.66,0.165426730288,0.953491920673));
#3888 = CARTESIAN_POINT('',(0.66,0.157566473117,0.948044968651));
#3889 = CARTESIAN_POINT('',(0.66,0.149421191466,0.9428457983));
#3890 = CARTESIAN_POINT('',(0.66,0.140976348171,0.937909629891));
#3891 = CARTESIAN_POINT('',(0.66,0.124148062588,0.928975570166));
#3892 = CARTESIAN_POINT('',(0.66,0.115814079383,0.924934455913));
#3893 = CARTESIAN_POINT('',(0.66,0.107194119667,0.921149233675));
#3894 = CARTESIAN_POINT('',(0.66,9.826941158436E-02,0.91763978502));
#3895 = CARTESIAN_POINT('',(0.66,8.901687105598E-02,0.914432779149));
#3896 = CARTESIAN_POINT('',(0.66,6.762842160337E-02,0.908048369916));
#3897 = CARTESIAN_POINT('',(0.66,5.540310162877E-02,0.905067930004));
#3898 = CARTESIAN_POINT('',(0.66,4.253150709481E-02,0.902628405907));
#3899 = CARTESIAN_POINT('',(0.66,2.893757304003E-02,0.900850137762));
#3900 = CARTESIAN_POINT('',(0.66,1.468319780375E-02,0.899909084997));
#3901 = CARTESIAN_POINT('',(0.66,0.,0.899909083395));
#3902 = PLANE('',#3903);
#3903 = AXIS2_PLACEMENT_3D('',#3904,#3905,#3906);
#3904 = CARTESIAN_POINT('',(0.66,1.25,1.25));
#3905 = DIRECTION('',(-1.,0.,0.));
#3906 = DIRECTION('',(0.,0.,-1.));
#3907 = ADVANCED_FACE('',(#3908),#3927,.T.);
#3908 = FACE_BOUND('',#3909,.T.);
#3909 = EDGE_LOOP('',(#3910,#3919,#3925,#3926));
#3910 = ORIENTED_EDGE('',*,*,#3911,.T.);
#3911 = EDGE_CURVE('',#3912,#3912,#3914,.T.);
#3912 = VERTEX_POINT('',#3913);
#3913 = CARTESIAN_POINT('',(5.385,1.125,1.25));
#3914 = CIRCLE('',#3915,1.125);
#3915 = AXIS2_PLACEMENT_3D('',#3916,#3917,#3918);
#3916 = CARTESIAN_POINT('',(5.385,0.,1.25));
#3917 = DIRECTION('',(-1.,0.,0.));
#3918 = DIRECTION('',(0.,1.,0.));
#3919 = ORIENTED_EDGE('',*,*,#3920,.F.);
#3920 = EDGE_CURVE('',#3712,#3912,#3921,.T.);
#3921 = LINE('',#3922,#3923);
#3922 = CARTESIAN_POINT('',(0.66,1.125,1.25));
#3923 = VECTOR('',#3924,1.);
#3924 = DIRECTION('',(1.,0.,0.));
#3925 = ORIENTED_EDGE('',*,*,#3711,.F.);
#3926 = ORIENTED_EDGE('',*,*,#3920,.T.);
#3927 = CYLINDRICAL_SURFACE('',#3928,1.125);
#3928 = AXIS2_PLACEMENT_3D('',#3929,#3930,#3931);
#3929 = CARTESIAN_POINT('',(0.66,0.,1.25));
#3930 = DIRECTION('',(-1.,-0.,-0.));
#3931 = DIRECTION('',(0.,1.,0.));
#3932 = ADVANCED_FACE('',(#3933),#3953,.T.);
#3933 = FACE_BOUND('',#3934,.T.);
#3934 = EDGE_LOOP('',(#3935,#3944,#3951,#3952));
#3935 = ORIENTED_EDGE('',*,*,#3936,.T.);
#3936 = EDGE_CURVE('',#3937,#3937,#3939,.T.);
#3937 = VERTEX_POINT('',#3938);
#3938 = CARTESIAN_POINT('',(0.3,0.,0.35));
#3939 = CIRCLE('',#3940,0.3);
#3940 = AXIS2_PLACEMENT_3D('',#3941,#3942,#3943);
#3941 = CARTESIAN_POINT('',(0.,0.,0.35));
#3942 = DIRECTION('',(0.,0.,1.));
#3943 = DIRECTION('',(1.,0.,-0.));
#3944 = ORIENTED_EDGE('',*,*,#3945,.T.);
#3945 = EDGE_CURVE('',#3937,#3732,#3946,.T.);
#3946 = CIRCLE('',#3947,0.6);
#3947 = AXIS2_PLACEMENT_3D('',#3948,#3949,#3950);
#3948 = CARTESIAN_POINT('',(0.9,1.102182119233E-16,0.35));
#3949 = DIRECTION('',(0.,1.,-0.));
#3950 = DIRECTION('',(-1.,0.,4.93432455389E-16));
#3951 = ORIENTED_EDGE('',*,*,#3731,.T.);
#3952 = ORIENTED_EDGE('',*,*,#3945,.F.);
#3953 = TOROIDAL_SURFACE('',#3954,0.9,0.3);
#3954 = AXIS2_PLACEMENT_3D('',#3955,#3956,#3957);
#3955 = CARTESIAN_POINT('',(0.9,0.,0.35));
#3956 = DIRECTION('',(0.,1.,0.));
#3957 = DIRECTION('',(-1.,0.,4.93432455389E-16));
#3958 = ADVANCED_FACE('',(#3959,#3970),#3973,.T.);
#3959 = FACE_BOUND('',#3960,.T.);
#3960 = EDGE_LOOP('',(#3961));
#3961 = ORIENTED_EDGE('',*,*,#3962,.F.);
#3962 = EDGE_CURVE('',#3963,#3963,#3965,.T.);
#3963 = VERTEX_POINT('',#3964);
#3964 = CARTESIAN_POINT('',(5.385,1.25,1.25));
#3965 = CIRCLE('',#3966,1.25);
#3966 = AXIS2_PLACEMENT_3D('',#3967,#3968,#3969);
#3967 = CARTESIAN_POINT('',(5.385,0.,1.25));
#3968 = DIRECTION('',(1.,0.,0.));
#3969 = DIRECTION('',(-0.,1.,0.));
#3970 = FACE_BOUND('',#3971,.T.);
#3971 = EDGE_LOOP('',(#3972));
#3972 = ORIENTED_EDGE('',*,*,#3911,.F.);
#3973 = PLANE('',#3974);
#3974 = AXIS2_PLACEMENT_3D('',#3975,#3976,#3977);
#3975 = CARTESIAN_POINT('',(5.385,1.25,1.25));
#3976 = DIRECTION('',(-1.,0.,0.));
#3977 = DIRECTION('',(0.,0.,-1.));
#3978 = ADVANCED_FACE('',(#3979),#3998,.T.);
#3979 = FACE_BOUND('',#3980,.T.);
#3980 = EDGE_LOOP('',(#3981,#3989,#3990,#3991));
#3981 = ORIENTED_EDGE('',*,*,#3982,.T.);
#3982 = EDGE_CURVE('',#3983,#3937,#3985,.T.);
#3983 = VERTEX_POINT('',#3984);
#3984 = CARTESIAN_POINT('',(0.3,-7.347880794884E-17,-3.));
#3985 = LINE('',#3986,#3987);
#3986 = CARTESIAN_POINT('',(0.3,0.,-3.));
#3987 = VECTOR('',#3988,1.);
#3988 = DIRECTION('',(0.,0.,1.));
#3989 = ORIENTED_EDGE('',*,*,#3936,.F.);
#3990 = ORIENTED_EDGE('',*,*,#3982,.F.);
#3991 = ORIENTED_EDGE('',*,*,#3992,.T.);
#3992 = EDGE_CURVE('',#3983,#3983,#3993,.T.);
#3993 = CIRCLE('',#3994,0.3);
#3994 = AXIS2_PLACEMENT_3D('',#3995,#3996,#3997);
#3995 = CARTESIAN_POINT('',(0.,0.,-3.));
#3996 = DIRECTION('',(0.,0.,1.));
#3997 = DIRECTION('',(1.,0.,-0.));
#3998 = CYLINDRICAL_SURFACE('',#3999,0.3);
#3999 = AXIS2_PLACEMENT_3D('',#4000,#4001,#4002);
#4000 = CARTESIAN_POINT('',(0.,0.,-3.));
#4001 = DIRECTION('',(0.,0.,1.));
#4002 = DIRECTION('',(1.,0.,-0.));
#4003 = ADVANCED_FACE('',(#4004),#4023,.T.);
#4004 = FACE_BOUND('',#4005,.T.);
#4005 = EDGE_LOOP('',(#4006,#4007,#4015,#4022));
#4006 = ORIENTED_EDGE('',*,*,#3962,.T.);
#4007 = ORIENTED_EDGE('',*,*,#4008,.T.);
#4008 = EDGE_CURVE('',#3963,#4009,#4011,.T.);
#4009 = VERTEX_POINT('',#4010);
#4010 = CARTESIAN_POINT('',(6.335,1.25,1.25));
#4011 = LINE('',#4012,#4013);
#4012 = CARTESIAN_POINT('',(5.385,1.25,1.25));
#4013 = VECTOR('',#4014,1.);
#4014 = DIRECTION('',(1.,0.,0.));
#4015 = ORIENTED_EDGE('',*,*,#4016,.F.);
#4016 = EDGE_CURVE('',#4009,#4009,#4017,.T.);
#4017 = CIRCLE('',#4018,1.25);
#4018 = AXIS2_PLACEMENT_3D('',#4019,#4020,#4021);
#4019 = CARTESIAN_POINT('',(6.335,0.,1.25));
#4020 = DIRECTION('',(1.,0.,0.));
#4021 = DIRECTION('',(-0.,1.,0.));
#4022 = ORIENTED_EDGE('',*,*,#4008,.F.);
#4023 = CYLINDRICAL_SURFACE('',#4024,1.25);
#4024 = AXIS2_PLACEMENT_3D('',#4025,#4026,#4027);
#4025 = CARTESIAN_POINT('',(5.385,0.,1.25));
#4026 = DIRECTION('',(-1.,-0.,-0.));
#4027 = DIRECTION('',(0.,1.,0.));
#4028 = ADVANCED_FACE('',(#4029),#4032,.T.);
#4029 = FACE_BOUND('',#4030,.F.);
#4030 = EDGE_LOOP('',(#4031));
#4031 = ORIENTED_EDGE('',*,*,#3992,.T.);
#4032 = PLANE('',#4033);
#4033 = AXIS2_PLACEMENT_3D('',#4034,#4035,#4036);
#4034 = CARTESIAN_POINT('',(0.3,0.,-3.));
#4035 = DIRECTION('',(0.,0.,-1.));
#4036 = DIRECTION('',(-1.,0.,0.));
#4037 = ADVANCED_FACE('',(#4038),#4058,.T.);
#4038 = FACE_BOUND('',#4039,.T.);
#4039 = EDGE_LOOP('',(#4040,#4049,#4050,#4051));
#4040 = ORIENTED_EDGE('',*,*,#4041,.F.);
#4041 = EDGE_CURVE('',#4009,#4042,#4044,.T.);
#4042 = VERTEX_POINT('',#4043);
#4043 = CARTESIAN_POINT('',(6.96,0.625,1.25));
#4044 = CIRCLE('',#4045,0.625);
#4045 = AXIS2_PLACEMENT_3D('',#4046,#4047,#4048);
#4046 = CARTESIAN_POINT('',(6.335,0.625,1.25));
#4047 = DIRECTION('',(0.,0.,-1.));
#4048 = DIRECTION('',(0.,1.,0.));
#4049 = ORIENTED_EDGE('',*,*,#4016,.T.);
#4050 = ORIENTED_EDGE('',*,*,#4041,.T.);
#4051 = ORIENTED_EDGE('',*,*,#4052,.F.);
#4052 = EDGE_CURVE('',#4042,#4042,#4053,.T.);
#4053 = CIRCLE('',#4054,0.625);
#4054 = AXIS2_PLACEMENT_3D('',#4055,#4056,#4057);
#4055 = CARTESIAN_POINT('',(6.96,0.,1.25));
#4056 = DIRECTION('',(1.,0.,0.));
#4057 = DIRECTION('',(-0.,1.,0.));
#4058 = TOROIDAL_SURFACE('',#4059,0.625,0.625);
#4059 = AXIS2_PLACEMENT_3D('',#4060,#4061,#4062);
#4060 = CARTESIAN_POINT('',(6.335,0.,1.25));
#4061 = DIRECTION('',(1.,0.,0.));
#4062 = DIRECTION('',(-0.,1.,0.));
#4063 = ADVANCED_FACE('',(#4064,#4067),#4241,.F.);
#4064 = FACE_BOUND('',#4065,.F.);
#4065 = EDGE_LOOP('',(#4066));
#4066 = ORIENTED_EDGE('',*,*,#4052,.F.);
#4067 = FACE_BOUND('',#4068,.F.);
#4068 = EDGE_LOOP('',(#4069));
#4069 = ORIENTED_EDGE('',*,*,#4070,.F.);
#4070 = EDGE_CURVE('',#4071,#4071,#4073,.T.);
#4071 = VERTEX_POINT('',#4072);
#4072 = CARTESIAN_POINT('',(6.96,1.102182119233E-16,0.899909083395));
#4073 = B_SPLINE_CURVE_WITH_KNOTS('',6,(#4074,#4075,#4076,#4077,#4078,
    #4079,#4080,#4081,#4082,#4083,#4084,#4085,#4086,#4087,#4088,#4089,
    #4090,#4091,#4092,#4093,#4094,#4095,#4096,#4097,#4098,#4099,#4100,
    #4101,#4102,#4103,#4104,#4105,#4106,#4107,#4108,#4109,#4110,#4111,
    #4112,#4113,#4114,#4115,#4116,#4117,#4118,#4119,#4120,#4121,#4122,
    #4123,#4124,#4125,#4126,#4127,#4128,#4129,#4130,#4131,#4132,#4133,
    #4134,#4135,#4136,#4137,#4138,#4139,#4140,#4141,#4142,#4143,#4144,
    #4145,#4146,#4147,#4148,#4149,#4150,#4151,#4152,#4153,#4154,#4155,
    #4156,#4157,#4158,#4159,#4160,#4161,#4162,#4163,#4164,#4165,#4166,
    #4167,#4168,#4169,#4170,#4171,#4172,#4173,#4174,#4175,#4176,#4177,
    #4178,#4179,#4180,#4181,#4182,#4183,#4184,#4185,#4186,#4187,#4188,
    #4189,#4190,#4191,#4192,#4193,#4194,#4195,#4196,#4197,#4198,#4199,
    #4200,#4201,#4202,#4203,#4204,#4205,#4206,#4207,#4208,#4209,#4210,
    #4211,#4212,#4213,#4214,#4215,#4216,#4217,#4218,#4219,#4220,#4221,
    #4222,#4223,#4224,#4225,#4226,#4227,#4228,#4229,#4230,#4231,#4232,
    #4233,#4234,#4235,#4236,#4237,#4238,#4239,#4240),.UNSPECIFIED.,.T.,
  .F.,(1,6,5,5,5,5,5,5,5,5,5,5,5,5,5,5,5,5,5,5,5,5,5,5,5,5,5,5,5,5,5,5,5
    ,5,6,1),(-3.7454922963E-02,0.,2.522151735631E-02,5.431626764274E-02,
    8.648932873413E-02,0.120698905604,0.15585219498,0.191016701755,
    0.225517033144,0.258939642143,0.291086884381,0.32191412294,
    0.351469698498,0.379846555914,0.407148198058,0.433469525493,
    0.458895614127,0.483540398702,0.505898369155,0.530279933853,
    0.555348100008,0.581270886766,0.608136607836,0.636034631737,
    0.665066137875,0.695331933304,0.726904811218,0.759787311372,
    0.793856187529,0.828799116201,0.864057997078,0.898806507422,
    0.932001552493,0.962545077037,1.,1.025221517356),.UNSPECIFIED.);
#4074 = CARTESIAN_POINT('',(6.96,0.,0.899909083395));
#4075 = CARTESIAN_POINT('',(6.96,-9.860167462582E-03,0.89990896861));
#4076 = CARTESIAN_POINT('',(6.96,-1.96044152314E-02,0.900333777569));
#4077 = CARTESIAN_POINT('',(6.96,-2.906856746895E-02,0.901162791225));
#4078 = CARTESIAN_POINT('',(6.96,-3.818494668051E-02,0.902337445313));
#4079 = CARTESIAN_POINT('',(6.96,-4.697397432956E-02,0.903804960014));
#4080 = CARTESIAN_POINT('',(6.96,-6.54122858756E-02,0.907588661461));
#4081 = CARTESIAN_POINT('',(6.96,-7.491985816654E-02,0.909985989386));
#4082 = CARTESIAN_POINT('',(6.96,-8.408849098391E-02,0.912709553602));
#4083 = CARTESIAN_POINT('',(6.96,-9.294310465939E-02,0.915726321464));
#4084 = CARTESIAN_POINT('',(6.96,-0.10150496885,0.919011549987));
#4085 = CARTESIAN_POINT('',(6.96,-0.118958221281,0.926453836747));
#4086 = CARTESIAN_POINT('',(6.96,-0.127787715696,0.930666010737));
#4087 = CARTESIAN_POINT('',(6.96,-0.136306161655,0.935155928941));
#4088 = CARTESIAN_POINT('',(6.96,-0.144532121634,0.939904049757));
#4089 = CARTESIAN_POINT('',(6.96,-0.152479877126,0.944895641374));
#4090 = CARTESIAN_POINT('',(6.96,-0.168328600516,0.955672815412));
#4091 = CARTESIAN_POINT('',(6.96,-0.176194773963,0.961488214941));
#4092 = CARTESIAN_POINT('',(6.96,-0.183772608747,0.967551566344));
#4093 = CARTESIAN_POINT('',(6.96,-0.191071765541,0.973851742068));
#4094 = CARTESIAN_POINT('',(6.96,-0.198098606692,0.980379951052));
#4095 = CARTESIAN_POINT('',(6.96,-0.211800202804,0.994065659178));
#4096 = CARTESIAN_POINT('',(6.96,-0.218460270558,1.001234983766));
#4097 = CARTESIAN_POINT('',(6.96,-0.224839910615,1.00863041136));
#4098 = CARTESIAN_POINT('',(6.96,-0.230940211566,1.016245364777));
#4099 = CARTESIAN_POINT('',(6.96,-0.236759839456,1.024073990789));
#4100 = CARTESIAN_POINT('',(6.96,-0.247832003876,1.040150861324));
#4101 = CARTESIAN_POINT('',(6.96,-0.253084568675,1.048398903269));
#4102 = CARTESIAN_POINT('',(6.96,-0.258049049185,1.05685004652));
#4103 = CARTESIAN_POINT('',(6.96,-0.2627200155,1.065498685566));
#4104 = CARTESIAN_POINT('',(6.96,-0.267090290802,1.074338848812));
#4105 = CARTESIAN_POINT('',(6.96,-0.275134913375,1.092219064394));
#4106 = CARTESIAN_POINT('',(6.96,-0.278821000575,1.10125194666));
#4107 = CARTESIAN_POINT('',(6.96,-0.282200788118,1.110456818481));
#4108 = CARTESIAN_POINT('',(6.96,-0.285264726102,1.119826534893));
#4109 = CARTESIAN_POINT('',(6.96,-0.288002139566,1.129352832871));
#4110 = CARTESIAN_POINT('',(6.96,-0.292725370416,1.148397637921));
#4111 = CARTESIAN_POINT('',(6.96,-0.29473215882,1.157906911838));
#4112 = CARTESIAN_POINT('',(6.96,-0.296410834199,1.16754558505));
#4113 = CARTESIAN_POINT('',(6.96,-0.297750172302,1.177303521997));
#4114 = CARTESIAN_POINT('',(6.96,-0.298738484134,1.187169019587));
#4115 = CARTESIAN_POINT('',(6.96,-0.29996489055,1.20670853133));
#4116 = CARTESIAN_POINT('',(6.96,-0.300230362775,1.216375375657));
#4117 = CARTESIAN_POINT('',(6.96,-0.300149187552,1.22611747583));
#4118 = CARTESIAN_POINT('',(6.96,-0.299710732489,1.235921267953));
#4119 = CARTESIAN_POINT('',(6.96,-0.298904577874,1.245771488577));
#4120 = CARTESIAN_POINT('',(6.96,-0.296585075031,1.265125180201));
#4121 = CARTESIAN_POINT('',(6.96,-0.295102319855,1.27462625024));
#4122 = CARTESIAN_POINT('',(6.96,-0.293263243612,1.284139361954));
#4123 = CARTESIAN_POINT('',(6.96,-0.29105964956,1.293647958229));
#4124 = CARTESIAN_POINT('',(6.96,-0.288484151749,1.303133947704));
#4125 = CARTESIAN_POINT('',(6.96,-0.282698057797,1.321631888118));
#4126 = CARTESIAN_POINT('',(6.96,-0.279518212828,1.330647292743));
#4127 = CARTESIAN_POINT('',(6.96,-0.275984865526,1.339606568389));
#4128 = CARTESIAN_POINT('',(6.96,-0.27209347283,1.348491205415));
#4129 = CARTESIAN_POINT('',(6.96,-0.26784072321,1.357281534804));
#4130 = CARTESIAN_POINT('',(6.96,-0.258792456003,1.374285939199));
#4131 = CARTESIAN_POINT('',(6.96,-0.254025471274,1.382509099941));
#4132 = CARTESIAN_POINT('',(6.96,-0.248921774536,1.390607746147));
#4133 = CARTESIAN_POINT('',(6.96,-0.24348099529,1.398562707415));
#4134 = CARTESIAN_POINT('',(6.96,-0.237704200488,1.406354107177));
#4135 = CARTESIAN_POINT('',(6.96,-0.225715116467,1.421280374005));
#4136 = CARTESIAN_POINT('',(6.96,-0.219527700064,1.428429026844));
#4137 = CARTESIAN_POINT('',(6.96,-0.213033898729,1.435388985848));
#4138 = CARTESIAN_POINT('',(6.96,-0.206237442407,1.442141620875));
#4139 = CARTESIAN_POINT('',(6.96,-0.199143537578,1.448668007007));
#4140 = CARTESIAN_POINT('',(6.96,-0.184639358866,1.461004311837));
#4141 = CARTESIAN_POINT('',(6.96,-0.177249661366,1.46683162664));
#4142 = CARTESIAN_POINT('',(6.96,-0.169595743404,1.472413651413));
#4143 = CARTESIAN_POINT('',(6.96,-0.161685063001,1.477733185029));
#4144 = CARTESIAN_POINT('',(6.96,-0.153526567552,1.482773042789));
#4145 = CARTESIAN_POINT('',(6.96,-0.137020377957,1.492097733275));
#4146 = CARTESIAN_POINT('',(6.96,-0.128688741655,1.496402506097));
#4147 = CARTESIAN_POINT('',(6.96,-0.120145015698,1.500414870926));
#4148 = CARTESIAN_POINT('',(6.96,-0.111400273136,1.504119613979));
#4149 = CARTESIAN_POINT('',(6.96,-0.102467429294,1.507501811642));
#4150 = CARTESIAN_POINT('',(6.96,-8.453487359643E-02,1.513498183633));
#4151 = CARTESIAN_POINT('',(6.96,-7.554644720911E-02,1.51613308184));
#4152 = CARTESIAN_POINT('',(6.96,-6.640854708582E-02,1.518437839156));
#4153 = CARTESIAN_POINT('',(6.96,-5.713780068804E-02,1.520399910874));
#4154 = CARTESIAN_POINT('',(6.96,-4.775487845774E-02,1.522007893513));
#4155 = CARTESIAN_POINT('',(6.96,-2.969292548283E-02,1.52437977876));
#4156 = CARTESIAN_POINT('',(6.96,-2.102889094976E-02,1.525208924822));
#4157 = CARTESIAN_POINT('',(6.96,-1.231404153143E-02,1.525730890851));
#4158 = CARTESIAN_POINT('',(6.96,-3.572679276074E-03,1.525941220805));
#4159 = CARTESIAN_POINT('',(6.96,5.168243033088E-03,1.52583907475));
#4160 = CARTESIAN_POINT('',(6.96,2.337844678287E-02,1.524978413229));
#4161 = CARTESIAN_POINT('',(6.96,3.284373024997E-02,1.524160868463));
#4162 = CARTESIAN_POINT('',(6.96,4.224172239025E-02,1.522980299422));
#4163 = CARTESIAN_POINT('',(6.96,5.154503802108E-02,1.521444853212));
#4164 = CARTESIAN_POINT('',(6.96,6.073215666605E-02,1.519565119195));
#4165 = CARTESIAN_POINT('',(6.96,7.909771199475E-02,1.515080715405));
#4166 = CARTESIAN_POINT('',(6.96,8.82675531125E-02,1.512456387335));
#4167 = CARTESIAN_POINT('',(6.96,9.727920151967E-02,1.509494357792));
#4168 = CARTESIAN_POINT('',(6.96,0.106117302403,1.506208331254));
#4169 = CARTESIAN_POINT('',(6.96,0.114768890523,1.502612503667));
#4170 = CARTESIAN_POINT('',(6.96,0.1319661163,1.494697932395));
#4171 = CARTESIAN_POINT('',(6.96,0.140497712216,1.490358583428));
#4172 = CARTESIAN_POINT('',(6.96,0.148806071355,1.485719654426));
#4173 = CARTESIAN_POINT('',(6.96,0.156880646133,1.480797412311));
#4174 = CARTESIAN_POINT('',(6.96,0.164712447986,1.475608252032));
#4175 = CARTESIAN_POINT('',(6.96,0.180151425777,1.46453127229));
#4176 = CARTESIAN_POINT('',(6.96,0.187739967164,1.45862481836));
#4177 = CARTESIAN_POINT('',(6.96,0.195051332691,1.452467727028));
#4178 = CARTESIAN_POINT('',(6.96,0.20207865613,1.446078243141));
#4179 = CARTESIAN_POINT('',(6.96,0.208816543867,1.439474464151));
#4180 = CARTESIAN_POINT('',(6.96,0.221953238059,1.425612923524));
#4181 = CARTESIAN_POINT('',(6.96,0.228328994524,1.418339683896));
#4182 = CARTESIAN_POINT('',(6.96,0.234383964852,1.410874723556));
#4183 = CARTESIAN_POINT('',(6.96,0.240115238483,1.403237627432));
#4184 = CARTESIAN_POINT('',(6.96,0.245521373748,1.395447463058));
#4185 = CARTESIAN_POINT('',(6.96,0.25588986733,1.379276120213));
#4186 = CARTESIAN_POINT('',(6.96,0.260825161615,1.370883687614));
#4187 = CARTESIAN_POINT('',(6.96,0.265408347201,1.362366366749));
#4188 = CARTESIAN_POINT('',(6.96,0.269640836772,1.353744077057));
#4189 = CARTESIAN_POINT('',(6.96,0.273525389215,1.345035773446));
#4190 = CARTESIAN_POINT('',(6.96,0.280757370989,1.327109983642));
#4191 = CARTESIAN_POINT('',(6.96,0.284074778857,1.317886520225));
#4192 = CARTESIAN_POINT('',(6.96,0.28702301626,1.308609389122));
#4193 = CARTESIAN_POINT('',(6.96,0.289607785113,1.29929753334));
#4194 = CARTESIAN_POINT('',(6.96,0.291835806202,1.289968505808));
#4195 = CARTESIAN_POINT('',(6.96,0.295674983107,1.270905490066));
#4196 = CARTESIAN_POINT('',(6.96,0.297255138129,1.261171409814));
#4197 = CARTESIAN_POINT('',(6.96,0.298464076807,1.251454505978));
#4198 = CARTESIAN_POINT('',(6.96,0.299311079865,1.241771395371));
#4199 = CARTESIAN_POINT('',(6.96,0.299805916194,1.232137034265));
#4200 = CARTESIAN_POINT('',(6.96,0.300118111197,1.212595339038));
#4201 = CARTESIAN_POINT('',(6.96,0.299906304864,1.202693342182));
#4202 = CARTESIAN_POINT('',(6.96,0.299334986276,1.192873677979));
#4203 = CARTESIAN_POINT('',(6.96,0.298415549391,1.183149632812));
#4204 = CARTESIAN_POINT('',(6.96,0.29715921972,1.173532829284));
#4205 = CARTESIAN_POINT('',(6.96,0.293937801394,1.154190874));
#4206 = CARTESIAN_POINT('',(6.96,0.291948588365,1.144474495238));
#4207 = CARTESIAN_POINT('',(6.96,0.28962167445,1.134895115228));
#4208 = CARTESIAN_POINT('',(6.96,0.286968474246,1.125462408515));
#4209 = CARTESIAN_POINT('',(6.96,0.283999557728,1.116184698885));
#4210 = CARTESIAN_POINT('',(6.96,0.277365720041,1.097719338125));
#4211 = CARTESIAN_POINT('',(6.96,0.273684735103,1.088540329457));
#4212 = CARTESIAN_POINT('',(6.96,0.269692170683,1.079539418357));
#4213 = CARTESIAN_POINT('',(6.96,0.265397023465,1.070723360764));
#4214 = CARTESIAN_POINT('',(6.96,0.260806811571,1.062098183552));
#4215 = CARTESIAN_POINT('',(6.96,0.251004219697,1.045163947022));
#4216 = CARTESIAN_POINT('',(6.96,0.245786411547,1.036858741787));
#4217 = CARTESIAN_POINT('',(6.96,0.240280395782,1.028758943151));
#4218 = CARTESIAN_POINT('',(6.96,0.234490304979,1.02087012779));
#4219 = CARTESIAN_POINT('',(6.96,0.22841815861,1.013198074729));
#4220 = CARTESIAN_POINT('',(6.96,0.215801547815,0.998407234883));
#4221 = CARTESIAN_POINT('',(6.96,0.209264913083,0.99128247471));
#4222 = CARTESIAN_POINT('',(6.96,0.202454000094,0.984380026053));
#4223 = CARTESIAN_POINT('',(6.96,0.195365961507,0.977706983911));
#4224 = CARTESIAN_POINT('',(6.96,0.187995061392,0.971271997058));
#4225 = CARTESIAN_POINT('',(6.96,0.173012837564,0.959175029375));
#4226 = CARTESIAN_POINT('',(6.96,0.165426529007,0.953492099376));
#4227 = CARTESIAN_POINT('',(6.96,0.157566437944,0.948044934321));
#4228 = CARTESIAN_POINT('',(6.96,0.149421373308,0.942845601948));
#4229 = CARTESIAN_POINT('',(6.96,0.140976264593,0.937909781461));
#4230 = CARTESIAN_POINT('',(6.96,0.124148131162,0.928975627958));
#4231 = CARTESIAN_POINT('',(6.96,0.115814071992,0.924934439518));
#4232 = CARTESIAN_POINT('',(6.96,0.107194037794,0.921149181784));
#4233 = CARTESIAN_POINT('',(6.96,9.826937450524E-02,0.917639774974));
#4234 = CARTESIAN_POINT('',(6.96,8.901696421491E-02,0.914432828225));
#4235 = CARTESIAN_POINT('',(6.96,6.762356037127E-02,0.908046964389));
#4236 = CARTESIAN_POINT('',(6.96,5.540377745077E-02,0.905068595899));
#4237 = CARTESIAN_POINT('',(6.96,4.253681255711E-02,0.902629529668));
#4238 = CARTESIAN_POINT('',(6.96,2.893994360873E-02,0.900849442899));
#4239 = CARTESIAN_POINT('',(6.96,1.46772221458E-02,0.899909046356));
#4240 = CARTESIAN_POINT('',(6.96,0.,0.899909083395));
#4241 = PLANE('',#4242);
#4242 = AXIS2_PLACEMENT_3D('',#4243,#4244,#4245);
#4243 = CARTESIAN_POINT('',(6.96,1.25,1.25));
#4244 = DIRECTION('',(-1.,0.,0.));
#4245 = DIRECTION('',(0.,0.,-1.));
#4246 = ADVANCED_FACE('',(#4247),#4267,.T.);
#4247 = FACE_BOUND('',#4248,.T.);
#4248 = EDGE_LOOP('',(#4249,#4250,#4259,#4266));
#4249 = ORIENTED_EDGE('',*,*,#4070,.F.);
#4250 = ORIENTED_EDGE('',*,*,#4251,.T.);
#4251 = EDGE_CURVE('',#4071,#4252,#4254,.T.);
#4252 = VERTEX_POINT('',#4253);
#4253 = CARTESIAN_POINT('',(7.32,0.,0.35));
#4254 = CIRCLE('',#4255,0.6);
#4255 = AXIS2_PLACEMENT_3D('',#4256,#4257,#4258);
#4256 = CARTESIAN_POINT('',(6.72,1.102182119233E-16,0.35));
#4257 = DIRECTION('',(0.,1.,0.));
#4258 = DIRECTION('',(0.,-0.,1.));
#4259 = ORIENTED_EDGE('',*,*,#4260,.T.);
#4260 = EDGE_CURVE('',#4252,#4252,#4261,.T.);
#4261 = CIRCLE('',#4262,0.3);
#4262 = AXIS2_PLACEMENT_3D('',#4263,#4264,#4265);
#4263 = CARTESIAN_POINT('',(7.62,0.,0.35));
#4264 = DIRECTION('',(3.828568698927E-16,-0.,1.));
#4265 = DIRECTION('',(1.,0.,-3.828568698927E-16));
#4266 = ORIENTED_EDGE('',*,*,#4251,.F.);
#4267 = TOROIDAL_SURFACE('',#4268,0.9,0.3);
#4268 = AXIS2_PLACEMENT_3D('',#4269,#4270,#4271);
#4269 = CARTESIAN_POINT('',(6.72,0.,0.35));
#4270 = DIRECTION('',(0.,1.,0.));
#4271 = DIRECTION('',(0.,-0.,1.));
#4272 = ADVANCED_FACE('',(#4273),#4292,.T.);
#4273 = FACE_BOUND('',#4274,.T.);
#4274 = EDGE_LOOP('',(#4275,#4283,#4290,#4291));
#4275 = ORIENTED_EDGE('',*,*,#4276,.T.);
#4276 = EDGE_CURVE('',#4252,#4277,#4279,.T.);
#4277 = VERTEX_POINT('',#4278);
#4278 = CARTESIAN_POINT('',(7.32,-7.347880794884E-17,-3.));
#4279 = LINE('',#4280,#4281);
#4280 = CARTESIAN_POINT('',(7.32,0.,0.35));
#4281 = VECTOR('',#4282,1.);
#4282 = DIRECTION('',(0.,0.,-1.));
#4283 = ORIENTED_EDGE('',*,*,#4284,.F.);
#4284 = EDGE_CURVE('',#4277,#4277,#4285,.T.);
#4285 = CIRCLE('',#4286,0.3);
#4286 = AXIS2_PLACEMENT_3D('',#4287,#4288,#4289);
#4287 = CARTESIAN_POINT('',(7.62,0.,-3.));
#4288 = DIRECTION('',(0.,0.,-1.));
#4289 = DIRECTION('',(-1.,0.,0.));
#4290 = ORIENTED_EDGE('',*,*,#4276,.F.);
#4291 = ORIENTED_EDGE('',*,*,#4260,.F.);
#4292 = CYLINDRICAL_SURFACE('',#4293,0.3);
#4293 = AXIS2_PLACEMENT_3D('',#4294,#4295,#4296);
#4294 = CARTESIAN_POINT('',(7.62,0.,0.35));
#4295 = DIRECTION('',(0.,0.,-1.));
#4296 = DIRECTION('',(-1.,0.,0.));
#4297 = ADVANCED_FACE('',(#4298),#4301,.F.);
#4298 = FACE_BOUND('',#4299,.T.);
#4299 = EDGE_LOOP('',(#4300));
#4300 = ORIENTED_EDGE('',*,*,#4284,.T.);
#4301 = PLANE('',#4302);
#4302 = AXIS2_PLACEMENT_3D('',#4303,#4304,#4305);
#4303 = CARTESIAN_POINT('',(7.32,0.,-3.));
#4304 = DIRECTION('',(0.,0.,1.));
#4305 = DIRECTION('',(1.,0.,-0.));
#4306 = ( GEOMETRIC_REPRESENTATION_CONTEXT(3) 
GLOBAL_UNCERTAINTY_ASSIGNED_CONTEXT((#4310)) 
GLOBAL_UNIT_ASSIGNED_CONTEXT((#4307,#4308,#4309)) REPRESENTATION_CONTEXT
('Context #1','3D Context with UNIT and UNCERTAINTY') );
#4307 = ( LENGTH_UNIT() NAMED_UNIT(*) SI_UNIT(.MILLI.,.METRE.) );
#4308 = ( NAMED_UNIT(*) PLANE_ANGLE_UNIT() SI_UNIT($,.RADIAN.) );
#4309 = ( NAMED_UNIT(*) SI_UNIT($,.STERADIAN.) SOLID_ANGLE_UNIT() );
#4310 = UNCERTAINTY_MEASURE_WITH_UNIT(LENGTH_MEASURE(1.E-07),#4307,
  'distance_accuracy_value','confusion accuracy');
#4311 = CONTEXT_DEPENDENT_SHAPE_REPRESENTATION(#4312,#4314);
#4312 = ( REPRESENTATION_RELATIONSHIP('','',#3642,#3619) 
REPRESENTATION_RELATIONSHIP_WITH_TRANSFORMATION(#4313) 
SHAPE_REPRESENTATION_RELATIONSHIP() );
#4313 = ITEM_DEFINED_TRANSFORMATION('','',#11,#3620);
#4314 = PRODUCT_DEFINITION_SHAPE('Placement','Placement of an item',
  #4315);
#4315 = NEXT_ASSEMBLY_USAGE_OCCURRENCE('3','=>[0:1:1:5]','',#3614,#3637,
  $);
#4316 = PRODUCT_RELATED_PRODUCT_CATEGORY('part',$,(#3639));
#4317 = SHAPE_DEFINITION_REPRESENTATION(#4318,#4324);
#4318 = PRODUCT_DEFINITION_SHAPE('','',#4319);
#4319 = PRODUCT_DEFINITION('design','',#4320,#4323);
#4320 = PRODUCT_DEFINITION_FORMATION('','',#4321);
#4321 = PRODUCT('C_Disc_D5.0mm_W2.5mm_P5.00mm',
  'C_Disc_D5.0mm_W2.5mm_P5.00mm','',(#4322));
#4322 = PRODUCT_CONTEXT('',#2,'mechanical');
#4323 = PRODUCT_DEFINITION_CONTEXT('part definition',#2,'design');
#4324 = SHAPE_REPRESENTATION('',(#11,#4325),#4329);
#4325 = AXIS2_PLACEMENT_3D('',#4326,#4327,#4328);
#4326 = CARTESIAN_POINT('',(0.,0.,0.));
#4327 = DIRECTION('',(0.,0.,1.));
#4328 = DIRECTION('',(1.,0.,-0.));
#4329 = ( GEOMETRIC_REPRESENTATION_CONTEXT(3) 
GLOBAL_UNCERTAINTY_ASSIGNED_CONTEXT((#4333)) 
GLOBAL_UNIT_ASSIGNED_CONTEXT((#4330,#4331,#4332)) REPRESENTATION_CONTEXT
('Context #1','3D Context with UNIT and UNCERTAINTY') );
#4330 = ( LENGTH_UNIT() NAMED_UNIT(*) SI_UNIT(.MILLI.,.METRE.) );
#4331 = ( NAMED_UNIT(*) PLANE_ANGLE_UNIT() SI_UNIT($,.RADIAN.) );
#4332 = ( NAMED_UNIT(*) SI_UNIT($,.STERADIAN.) SOLID_ANGLE_UNIT() );
#4333 = UNCERTAINTY_MEASURE_WITH_UNIT(LENGTH_MEASURE(2.E-07),#4330,
  'distance_accuracy_value','confusion accuracy');
#4334 = CONTEXT_DEPENDENT_SHAPE_REPRESENTATION(#4335,#4337);
#4335 = ( REPRESENTATION_RELATIONSHIP('','',#4324,#10) 
REPRESENTATION_RELATIONSHIP_WITH_TRANSFORMATION(#4336) 
SHAPE_REPRESENTATION_RELATIONSHIP() );
#4336 = ITEM_DEFINED_TRANSFORMATION('','',#11,#23);
#4337 = PRODUCT_DEFINITION_SHAPE('Placement','Placement of an item',
  #4338);
#4338 = NEXT_ASSEMBLY_USAGE_OCCURRENCE('6','C2','',#5,#4319,$);
#4339 = PRODUCT_RELATED_PRODUCT_CATEGORY('part',$,(#4321));
#4340 = SHAPE_DEFINITION_REPRESENTATION(#4341,#4347);
#4341 = PRODUCT_DEFINITION_SHAPE('','',#4342);
#4342 = PRODUCT_DEFINITION('design','',#4343,#4346);
#4343 = PRODUCT_DEFINITION_FORMATION('','',#4344);
#4344 = PRODUCT('C_Disc_D50mm_W25mm_P500mm','C_Disc_D50mm_W25mm_P500mm',
  '',(#4345));
#4345 = PRODUCT_CONTEXT('',#2,'mechanical');
#4346 = PRODUCT_DEFINITION_CONTEXT('part definition',#2,'design');
#4347 = ADVANCED_BREP_SHAPE_REPRESENTATION('',(#11,#4348),#4830);
#4348 = MANIFOLD_SOLID_BREP('',#4349);
#4349 = CLOSED_SHELL('',(#4350,#4367,#4392,#4422,#4556,#4657,#4739,#4766
    ,#4796,#4821));
#4350 = ADVANCED_FACE('',(#4351),#4362,.T.);
#4351 = FACE_BOUND('',#4352,.F.);
#4352 = EDGE_LOOP('',(#4353));
#4353 = ORIENTED_EDGE('',*,*,#4354,.T.);
#4354 = EDGE_CURVE('',#4355,#4355,#4357,.T.);
#4355 = VERTEX_POINT('',#4356);
#4356 = CARTESIAN_POINT('',(5.,0.25,-2.));
#4357 = CIRCLE('',#4358,0.25);
#4358 = AXIS2_PLACEMENT_3D('',#4359,#4360,#4361);
#4359 = CARTESIAN_POINT('',(5.,0.,-2.));
#4360 = DIRECTION('',(0.,-0.,1.));
#4361 = DIRECTION('',(1.144237745222E-17,1.,0.));
#4362 = PLANE('',#4363);
#4363 = AXIS2_PLACEMENT_3D('',#4364,#4365,#4366);
#4364 = CARTESIAN_POINT('',(5.,0.25,-2.));
#4365 = DIRECTION('',(-0.,0.,-1.));
#4366 = DIRECTION('',(-1.144237745222E-17,-1.,0.));
#4367 = ADVANCED_FACE('',(#4368),#4387,.T.);
#4368 = FACE_BOUND('',#4369,.T.);
#4369 = EDGE_LOOP('',(#4370,#4378,#4385,#4386));
#4370 = ORIENTED_EDGE('',*,*,#4371,.T.);
#4371 = EDGE_CURVE('',#4355,#4372,#4374,.T.);
#4372 = VERTEX_POINT('',#4373);
#4373 = CARTESIAN_POINT('',(5.,0.25,0.85));
#4374 = LINE('',#4375,#4376);
#4375 = CARTESIAN_POINT('',(5.,0.25,-2.));
#4376 = VECTOR('',#4377,1.);
#4377 = DIRECTION('',(0.,0.,1.));
#4378 = ORIENTED_EDGE('',*,*,#4379,.F.);
#4379 = EDGE_CURVE('',#4372,#4372,#4380,.T.);
#4380 = CIRCLE('',#4381,0.25);
#4381 = AXIS2_PLACEMENT_3D('',#4382,#4383,#4384);
#4382 = CARTESIAN_POINT('',(5.,0.,0.85));
#4383 = DIRECTION('',(0.,-0.,1.));
#4384 = DIRECTION('',(1.144237745222E-17,1.,0.));
#4385 = ORIENTED_EDGE('',*,*,#4371,.F.);
#4386 = ORIENTED_EDGE('',*,*,#4354,.T.);
#4387 = CYLINDRICAL_SURFACE('',#4388,0.25);
#4388 = AXIS2_PLACEMENT_3D('',#4389,#4390,#4391);
#4389 = CARTESIAN_POINT('',(5.,0.,-2.));
#4390 = DIRECTION('',(0.,-0.,-1.));
#4391 = DIRECTION('',(1.144237745222E-17,1.,0.));
#4392 = ADVANCED_FACE('',(#4393),#4413,.F.);
#4393 = FACE_BOUND('',#4394,.F.);
#4394 = EDGE_LOOP('',(#4395,#4404,#4405,#4406));
#4395 = ORIENTED_EDGE('',*,*,#4396,.F.);
#4396 = EDGE_CURVE('',#4372,#4397,#4399,.T.);
#4397 = VERTEX_POINT('',#4398);
#4398 = CARTESIAN_POINT('',(4.933012701892,0.25,1.1));
#4399 = CIRCLE('',#4400,0.5);
#4400 = AXIS2_PLACEMENT_3D('',#4401,#4402,#4403);
#4401 = CARTESIAN_POINT('',(4.5,0.25,0.85));
#4402 = DIRECTION('',(-1.144237745222E-17,-1.,0.));
#4403 = DIRECTION('',(1.,-1.144237745222E-17,0.));
#4404 = ORIENTED_EDGE('',*,*,#4379,.F.);
#4405 = ORIENTED_EDGE('',*,*,#4396,.T.);
#4406 = ORIENTED_EDGE('',*,*,#4407,.T.);
#4407 = EDGE_CURVE('',#4397,#4397,#4408,.T.);
#4408 = CIRCLE('',#4409,0.25);
#4409 = AXIS2_PLACEMENT_3D('',#4410,#4411,#4412);
#4410 = CARTESIAN_POINT('',(4.933012701892,5.500816221034E-34,1.1));
#4411 = DIRECTION('',(-0.5,5.721188726112E-18,0.866025403784));
#4412 = DIRECTION('',(1.144237745222E-17,1.,0.));
#4413 = SURFACE_OF_REVOLUTION('',#4414,#4419);
#4414 = CIRCLE('',#4415,0.25);
#4415 = AXIS2_PLACEMENT_3D('',#4416,#4417,#4418);
#4416 = CARTESIAN_POINT('',(5.,0.,0.85));
#4417 = DIRECTION('',(0.,-0.,1.));
#4418 = DIRECTION('',(1.144237745222E-17,1.,0.));
#4419 = AXIS1_PLACEMENT('',#4420,#4421);
#4420 = CARTESIAN_POINT('',(4.5,-4.,0.85));
#4421 = DIRECTION('',(-1.144237745222E-17,-1.,0.));
#4422 = ADVANCED_FACE('',(#4423),#4551,.T.);
#4423 = FACE_BOUND('',#4424,.T.);
#4424 = EDGE_LOOP('',(#4425,#4433,#4470,#4526,#4549,#4550));
#4425 = ORIENTED_EDGE('',*,*,#4426,.T.);
#4426 = EDGE_CURVE('',#4397,#4427,#4429,.T.);
#4427 = VERTEX_POINT('',#4428);
#4428 = CARTESIAN_POINT('',(4.598334876348,0.25,1.67967899801));
#4429 = LINE('',#4430,#4431);
#4430 = CARTESIAN_POINT('',(4.933012701892,0.25,1.1));
#4431 = VECTOR('',#4432,1.);
#4432 = DIRECTION('',(-0.5,5.721188726112E-18,0.866025403784));
#4433 = ORIENTED_EDGE('',*,*,#4434,.F.);
#4434 = EDGE_CURVE('',#4435,#4427,#4437,.T.);
#4435 = VERTEX_POINT('',#4436);
#4436 = CARTESIAN_POINT('',(4.849268064747,2.22044604925E-16,
    1.745049966396));
#4437 = B_SPLINE_CURVE_WITH_KNOTS('',7,(#4438,#4439,#4440,#4441,#4442,
    #4443,#4444,#4445,#4446,#4447,#4448,#4449,#4450,#4451,#4452,#4453,
    #4454,#4455,#4456,#4457,#4458,#4459,#4460,#4461,#4462,#4463,#4464,
    #4465,#4466,#4467,#4468,#4469),.UNSPECIFIED.,.F.,.F.,(8,6,6,6,6,8),(
    0.,0.241763709565,0.410219393977,0.53652090117,0.746819928834,1.),
  .UNSPECIFIED.);
#4438 = CARTESIAN_POINT('',(4.849268064747,2.22044604925E-16,
    1.745049966396));
#4439 = CARTESIAN_POINT('',(4.844364001498,1.001758874615E-02,
    1.753544053108));
#4440 = CARTESIAN_POINT('',(4.839050542048,2.032222277663E-02,
    1.761810882376));
#4441 = CARTESIAN_POINT('',(4.833282119644,3.09553234543E-02,
    1.769830860094));
#4442 = CARTESIAN_POINT('',(4.827007808277,4.19533636841E-02,
    1.777563706468));
#4443 = CARTESIAN_POINT('',(4.820156869887,5.335972239721E-02,
    1.784937757425));
#4444 = CARTESIAN_POINT('',(4.812654445026,6.521344490044E-02,
    1.791860790374));
#4445 = CARTESIAN_POINT('',(4.798541655418,8.626048624641E-02,
    1.802556496601));
#4446 = CARTESIAN_POINT('',(4.792502758244,9.494432076344E-02,
    1.80653384436));
#4447 = CARTESIAN_POINT('',(4.786214684815,0.103658414056,1.810054547962
    ));
#4448 = CARTESIAN_POINT('',(4.779676548822,0.112384519975,1.813070715723
    ));
#4449 = CARTESIAN_POINT('',(4.772892242487,0.121096801108,1.815528388152
    ));
#4450 = CARTESIAN_POINT('',(4.765870436561,0.129761828785,1.817367537947
    ));
#4451 = CARTESIAN_POINT('',(4.753191919698,0.144769099183,1.819387693132
    ));
#4452 = CARTESIAN_POINT('',(4.747633142674,0.151151003548,1.819870466346
    ));
#4453 = CARTESIAN_POINT('',(4.741957304551,0.157462287585,1.819940124931
    ));
#4454 = CARTESIAN_POINT('',(4.736177207874,0.16367854908,1.819570425239)
  );
#4455 = CARTESIAN_POINT('',(4.730309402433,0.169772992177,1.818739144678
    ));
#4456 = CARTESIAN_POINT('',(4.724374185264,0.175716427387,1.817428081711
    ));
#4457 = CARTESIAN_POINT('',(4.708440925053,0.191069397272,1.812617587517
    ));
#4458 = CARTESIAN_POINT('',(4.698342251762,0.200179567672,1.808239048518
    ));
#4459 = CARTESIAN_POINT('',(4.688276068011,0.208600246808,1.802446960471
    ));
#4460 = CARTESIAN_POINT('',(4.678382446843,0.216203663219,1.795293526394
    ));
#4461 = CARTESIAN_POINT('',(4.668780572755,0.222911046087,1.786901062703
    ));
#4462 = CARTESIAN_POINT('',(4.659576067045,0.228682208447,1.777454057665
    ));
#4463 = CARTESIAN_POINT('',(4.640366931202,0.239356313732,1.754867994485
    ));
#4464 = CARTESIAN_POINT('',(4.631423567489,0.24337539305,1.742360451828)
  );
#4465 = CARTESIAN_POINT('',(4.623444904041,0.246276217548,1.729806365285
    ));
#4466 = CARTESIAN_POINT('',(4.616297148448,0.248221538981,1.717250157528
    ));
#4467 = CARTESIAN_POINT('',(4.60978615485,0.249434404961,1.704718873159)
  );
#4468 = CARTESIAN_POINT('',(4.603828651289,0.249999998934,1.692204820721
    ));
#4469 = CARTESIAN_POINT('',(4.598334876348,0.25,1.67967899801));
#4470 = ORIENTED_EDGE('',*,*,#4471,.F.);
#4471 = EDGE_CURVE('',#4472,#4435,#4474,.T.);
#4472 = VERTEX_POINT('',#4473);
#4473 = CARTESIAN_POINT('',(4.579497089263,2.22044604925E-16,
    1.212307002343));
#4474 = B_SPLINE_CURVE_WITH_KNOTS('',8,(#4475,#4476,#4477,#4478,#4479,
    #4480,#4481,#4482,#4483,#4484,#4485,#4486,#4487,#4488,#4489,#4490,
    #4491,#4492,#4493,#4494,#4495,#4496,#4497,#4498,#4499,#4500,#4501,
    #4502,#4503,#4504,#4505,#4506,#4507,#4508,#4509,#4510,#4511,#4512,
    #4513,#4514,#4515,#4516,#4517,#4518,#4519,#4520,#4521,#4522,#4523,
    #4524,#4525),.UNSPECIFIED.,.F.,.F.,(9,7,7,7,7,7,7,9),(0.,
    0.19078736286,0.369786424479,0.513703292981,0.651485740399,
    0.719841574329,0.850671073529,1.),.UNSPECIFIED.);
#4475 = CARTESIAN_POINT('',(4.579497089263,2.498001805407E-16,
    1.212307002343));
#4476 = CARTESIAN_POINT('',(4.573387972941,-1.460665884341E-02,
    1.222888302202));
#4477 = CARTESIAN_POINT('',(4.567872793808,-2.901585421323E-02,
    1.234391492263));
#4478 = CARTESIAN_POINT('',(4.562924967853,-4.321614467519E-02,
    1.246770598809));
#4479 = CARTESIAN_POINT('',(4.558529269717,-5.719266388664E-02,
    1.259994825522));
#4480 = CARTESIAN_POINT('',(4.554678380237,-7.092786565873E-02,
    1.274043557557));
#4481 = CARTESIAN_POINT('',(4.551371358063,-8.440178729829E-02,
    1.288904308098));
#4482 = CARTESIAN_POINT('',(4.54861403534,-9.75918312297E-02,
    1.304573607428));
#4483 = CARTESIAN_POINT('',(4.544364121213,-0.122556459299,
    1.336529354653));
#4484 = CARTESIAN_POINT('',(4.54280525738,-0.134360058047,1.352707443955
    ));
#4485 = CARTESIAN_POINT('',(4.541755282839,-0.145866851387,
    1.369607709551));
#4486 = CARTESIAN_POINT('',(4.541233573854,-0.157050082566,
    1.387243425374));
#4487 = CARTESIAN_POINT('',(4.541269384929,-0.167871628778,
    1.405629460697));
#4488 = CARTESIAN_POINT('',(4.541900768006,-0.178282922567,
    1.424780748836));
#4489 = CARTESIAN_POINT('',(4.543178413136,-0.188223408141,
    1.444716731634));
#4490 = CARTESIAN_POINT('',(4.546791913086,-0.205161463833,
    1.482174244549));
#4491 = CARTESIAN_POINT('',(4.548867568358,-0.212336815491,
    1.499365112402));
#4492 = CARTESIAN_POINT('',(4.551449322994,-0.21911262951,1.517101248612
    ));
#4493 = CARTESIAN_POINT('',(4.554588949033,-0.225434790367,
    1.535405455025));
#4494 = CARTESIAN_POINT('',(4.558351203287,-0.23121980149,1.554273840107
    ));
#4495 = CARTESIAN_POINT('',(4.562809380792,-0.236360279408,1.57367194637
    ));
#4496 = CARTESIAN_POINT('',(4.56804938678,-0.240723818141,1.593536348114
    ));
#4497 = CARTESIAN_POINT('',(4.580083375897,-0.247394677691,
    1.633180338834));
#4498 = CARTESIAN_POINT('',(4.586845109335,-0.249805464857,1.65307009704
    ));
#4499 = CARTESIAN_POINT('',(4.594548081019,-0.25114837322,1.673181590757
    ));
#4500 = CARTESIAN_POINT('',(4.603234095602,-0.251199397317,
    1.693144207547));
#4501 = CARTESIAN_POINT('',(4.612904709005,-0.249766604459,
    1.712525487432));
#4502 = CARTESIAN_POINT('',(4.623510669589,-0.246703489644,
    1.730835828697));
#4503 = CARTESIAN_POINT('',(4.634913431764,-0.241958998128,
    1.747561890486));
#4504 = CARTESIAN_POINT('',(4.652674340329,-0.232636318869,
    1.769587500065));
#4505 = CARTESIAN_POINT('',(4.658793561142,-0.229121074946,
    1.776545002843));
#4506 = CARTESIAN_POINT('',(4.665132494898,-0.225165084099,1.78308873275
    ));
#4507 = CARTESIAN_POINT('',(4.671673437455,-0.220762392381,
    1.789157782984));
#4508 = CARTESIAN_POINT('',(4.678390938392,-0.215918012519,
    1.794697882872));
#4509 = CARTESIAN_POINT('',(4.685251801011,-0.210647923916,1.79966139787
    ));
#4510 = CARTESIAN_POINT('',(4.692215082337,-0.204979072648,1.80400732956
    ));
#4511 = CARTESIAN_POINT('',(4.712662285579,-0.187408838047,
    1.814771412284));
#4512 = CARTESIAN_POINT('',(4.725089984166,-0.175584738619,
    1.818840798146));
#4513 = CARTESIAN_POINT('',(4.736706919844,-0.16366938184,1.820787771474
    ));
#4514 = CARTESIAN_POINT('',(4.747577380936,-0.151759451498,
    1.821004004895));
#4515 = CARTESIAN_POINT('',(4.757786419455,-0.13992141729,1.819855513126
    ));
#4516 = CARTESIAN_POINT('',(4.767404145421,-0.128164571922,
    1.817548969936));
#4517 = CARTESIAN_POINT('',(4.776513227192,-0.116465113698,
    1.814245747812));
#4518 = CARTESIAN_POINT('',(4.795110133981,-9.138315207225E-02,
    1.805184241801));
#4519 = CARTESIAN_POINT('',(4.804401047084,-7.808906169928E-02,
    1.79917878212));
#4520 = CARTESIAN_POINT('',(4.813131750415,-6.487082818957E-02,
    1.792169953268));
#4521 = CARTESIAN_POINT('',(4.821336999308,-5.173108947652E-02,
    1.784267640052));
#4522 = CARTESIAN_POINT('',(4.829040151353,-3.867252726795E-02,
    1.77555243203));
#4523 = CARTESIAN_POINT('',(4.836257613555,-2.569717297862E-02,
    1.766085410303));
#4524 = CARTESIAN_POINT('',(4.842998828532,-1.280624391766E-02,
    1.755908602047));
#4525 = CARTESIAN_POINT('',(4.849268064747,2.498001805407E-16,
    1.745049966396));
#4526 = ORIENTED_EDGE('',*,*,#4527,.F.);
#4527 = EDGE_CURVE('',#4427,#4472,#4528,.T.);
#4528 = B_SPLINE_CURVE_WITH_KNOTS('',7,(#4529,#4530,#4531,#4532,#4533,
    #4534,#4535,#4536,#4537,#4538,#4539,#4540,#4541,#4542,#4543,#4544,
    #4545,#4546,#4547,#4548),.UNSPECIFIED.,.F.,.F.,(8,6,6,8),(0.,
    0.281994812219,0.607907449028,1.),.UNSPECIFIED.);
#4529 = CARTESIAN_POINT('',(4.598334876348,0.25,1.67967899801));
#4530 = CARTESIAN_POINT('',(4.59140316225,0.249999998655,1.663874664792)
  );
#4531 = CARTESIAN_POINT('',(4.584779319419,0.249097702928,1.647066430358
    ));
#4532 = CARTESIAN_POINT('',(4.57848797922,0.247237965056,1.629245900853)
  );
#4533 = CARTESIAN_POINT('',(4.572567416869,0.244351132052,1.610414633265
    ));
#4534 = CARTESIAN_POINT('',(4.567069136716,0.240354966676,1.590588712837
    ));
#4535 = CARTESIAN_POINT('',(4.562056059024,0.235162078935,1.569806567483
    ));
#4536 = CARTESIAN_POINT('',(4.552465184222,0.221156737986,1.523036611148
    ));
#4537 = CARTESIAN_POINT('',(4.548017978227,0.211820586954,1.496455272772
    ));
#4538 = CARTESIAN_POINT('',(4.544499521247,0.2005382536,1.468779146536)
  );
#4539 = CARTESIAN_POINT('',(4.542122564392,0.187310533223,1.440582892474
    ));
#4540 = CARTESIAN_POINT('',(4.541040445648,0.172323535548,1.41259935383)
  );
#4541 = CARTESIAN_POINT('',(4.541313919702,0.156017752716,1.385700124238
    ));
#4542 = CARTESIAN_POINT('',(4.54438761915,0.119293483306,1.331066240948)
  );
#4543 = CARTESIAN_POINT('',(4.547692372034,9.868060220454E-02,
    1.304224275262));
#4544 = CARTESIAN_POINT('',(4.552320107241,7.804002353955E-02,
    1.280481999293));
#4545 = CARTESIAN_POINT('',(4.557990364705,5.773102402524E-02,
    1.259686288118));
#4546 = CARTESIAN_POINT('',(4.564484824922,3.794535222575E-02,
    1.241582242932));
#4547 = CARTESIAN_POINT('',(4.571664728431,1.872686925256E-02,
    1.225873049248));
#4548 = CARTESIAN_POINT('',(4.579497089263,2.22044604925E-16,
    1.212307002343));
#4549 = ORIENTED_EDGE('',*,*,#4426,.F.);
#4550 = ORIENTED_EDGE('',*,*,#4407,.T.);
#4551 = CYLINDRICAL_SURFACE('',#4552,0.25);
#4552 = AXIS2_PLACEMENT_3D('',#4553,#4554,#4555);
#4553 = CARTESIAN_POINT('',(4.933012701892,0.,1.1));
#4554 = DIRECTION('',(0.5,-5.721188726112E-18,-0.866025403784));
#4555 = DIRECTION('',(1.144237745222E-17,1.,0.));
#4556 = ADVANCED_FACE('',(#4557),#4652,.T.);
#4557 = FACE_BOUND('',#4558,.T.);
#4558 = EDGE_LOOP('',(#4559,#4570,#4571,#4578,#4579,#4580,#4589,#4645));
#4559 = ORIENTED_EDGE('',*,*,#4560,.F.);
#4560 = EDGE_CURVE('',#4561,#4563,#4565,.T.);
#4561 = VERTEX_POINT('',#4562);
#4562 = CARTESIAN_POINT('',(2.5,1.25,2.6));
#4563 = VERTEX_POINT('',#4564);
#4564 = CARTESIAN_POINT('',(-8.881784197001E-16,2.22044604925E-16,2.6));
#4565 = CIRCLE('',#4566,3.125);
#4566 = AXIS2_PLACEMENT_3D('',#4567,#4568,#4569);
#4567 = CARTESIAN_POINT('',(2.5,-1.875,2.6));
#4568 = DIRECTION('',(0.,0.,1.));
#4569 = DIRECTION('',(-7.105427357601E-16,1.,0.));
#4570 = ORIENTED_EDGE('',*,*,#4560,.T.);
#4571 = ORIENTED_EDGE('',*,*,#4572,.F.);
#4572 = EDGE_CURVE('',#4435,#4563,#4573,.T.);
#4573 = CIRCLE('',#4574,2.5);
#4574 = AXIS2_PLACEMENT_3D('',#4575,#4576,#4577);
#4575 = CARTESIAN_POINT('',(2.5,2.22044604925E-16,2.6));
#4576 = DIRECTION('',(0.,-1.,0.));
#4577 = DIRECTION('',(-1.,0.,0.));
#4578 = ORIENTED_EDGE('',*,*,#4434,.T.);
#4579 = ORIENTED_EDGE('',*,*,#4527,.T.);
#4580 = ORIENTED_EDGE('',*,*,#4581,.F.);
#4581 = EDGE_CURVE('',#4582,#4472,#4584,.T.);
#4582 = VERTEX_POINT('',#4583);
#4583 = CARTESIAN_POINT('',(0.420502910737,2.22044604925E-16,
    1.212307002343));
#4584 = CIRCLE('',#4585,2.5);
#4585 = AXIS2_PLACEMENT_3D('',#4586,#4587,#4588);
#4586 = CARTESIAN_POINT('',(2.5,2.22044604925E-16,2.6));
#4587 = DIRECTION('',(0.,-1.,0.));
#4588 = DIRECTION('',(-1.,0.,0.));
#4589 = ORIENTED_EDGE('',*,*,#4590,.T.);
#4590 = EDGE_CURVE('',#4582,#4591,#4593,.T.);
#4591 = VERTEX_POINT('',#4592);
#4592 = CARTESIAN_POINT('',(0.150731935253,2.22044604925E-16,
    1.745049966396));
#4593 = B_SPLINE_CURVE_WITH_KNOTS('',8,(#4594,#4595,#4596,#4597,#4598,
    #4599,#4600,#4601,#4602,#4603,#4604,#4605,#4606,#4607,#4608,#4609,
    #4610,#4611,#4612,#4613,#4614,#4615,#4616,#4617,#4618,#4619,#4620,
    #4621,#4622,#4623,#4624,#4625,#4626,#4627,#4628,#4629,#4630,#4631,
    #4632,#4633,#4634,#4635,#4636,#4637,#4638,#4639,#4640,#4641,#4642,
    #4643,#4644),.UNSPECIFIED.,.F.,.F.,(9,7,7,7,7,7,7,9),(0.,
    0.190787362857,0.369786424466,0.513703292965,0.651485740381,
    0.719841574311,0.85067107352,1.),.UNSPECIFIED.);
#4594 = CARTESIAN_POINT('',(0.420502910737,2.22044604925E-16,
    1.212307002343));
#4595 = CARTESIAN_POINT('',(0.426612027059,1.460665884349E-02,
    1.222888302202));
#4596 = CARTESIAN_POINT('',(0.432127206192,2.90158542134E-02,
    1.234391492264));
#4597 = CARTESIAN_POINT('',(0.437075032147,4.321614467543E-02,
    1.246770598809));
#4598 = CARTESIAN_POINT('',(0.441470730283,5.719266388696E-02,
    1.259994825523));
#4599 = CARTESIAN_POINT('',(0.445321619763,7.092786565911E-02,
    1.274043557557));
#4600 = CARTESIAN_POINT('',(0.448628641937,8.440178729875E-02,
    1.288904308099));
#4601 = CARTESIAN_POINT('',(0.45138596466,9.759183123022E-02,
    1.304573607429));
#4602 = CARTESIAN_POINT('',(0.455635878787,0.122556459299,1.336529354654
    ));
#4603 = CARTESIAN_POINT('',(0.45719474262,0.134360058047,1.352707443955)
  );
#4604 = CARTESIAN_POINT('',(0.458244717161,0.145866851387,1.36960770955)
  );
#4605 = CARTESIAN_POINT('',(0.458766426146,0.157050082565,1.387243425373
    ));
#4606 = CARTESIAN_POINT('',(0.458730615071,0.167871628776,1.405629460695
    ));
#4607 = CARTESIAN_POINT('',(0.458099231994,0.178282922565,1.424780748833
    ));
#4608 = CARTESIAN_POINT('',(0.456821586864,0.188223408139,1.444716731629
    ));
#4609 = CARTESIAN_POINT('',(0.453208086915,0.205161463831,1.482174244543
    ));
#4610 = CARTESIAN_POINT('',(0.451132431643,0.212336815489,1.499365112397
    ));
#4611 = CARTESIAN_POINT('',(0.448550677007,0.219112629508,1.517101248607
    ));
#4612 = CARTESIAN_POINT('',(0.445411050968,0.225434790365,1.535405455019
    ));
#4613 = CARTESIAN_POINT('',(0.441648796714,0.231219801489,1.554273840102
    ));
#4614 = CARTESIAN_POINT('',(0.437190619209,0.236360279407,1.573671946365
    ));
#4615 = CARTESIAN_POINT('',(0.431950613221,0.24072381814,1.593536348108)
  );
#4616 = CARTESIAN_POINT('',(0.419916624105,0.24739467769,1.633180338828)
  );
#4617 = CARTESIAN_POINT('',(0.413154890668,0.249805464856,1.653070097035
    ));
#4618 = CARTESIAN_POINT('',(0.405451918983,0.25114837322,1.673181590751)
  );
#4619 = CARTESIAN_POINT('',(0.396765904401,0.251199397317,1.693144207542
    ));
#4620 = CARTESIAN_POINT('',(0.387095290998,0.249766604459,1.712525487427
    ));
#4621 = CARTESIAN_POINT('',(0.376489330414,0.246703489645,1.730835828693
    ));
#4622 = CARTESIAN_POINT('',(0.365086568239,0.24195899813,1.747561890482)
  );
#4623 = CARTESIAN_POINT('',(0.347325659674,0.232636318871,1.769587500061
    ));
#4624 = CARTESIAN_POINT('',(0.341206438861,0.229121074948,1.776545002841
    ));
#4625 = CARTESIAN_POINT('',(0.334867505104,0.225165084101,1.783088732748
    ));
#4626 = CARTESIAN_POINT('',(0.328326562548,0.220762392383,1.789157782982
    ));
#4627 = CARTESIAN_POINT('',(0.321609061611,0.215918012521,1.79469788287)
  );
#4628 = CARTESIAN_POINT('',(0.314748198992,0.210647923918,1.799661397867
    ));
#4629 = CARTESIAN_POINT('',(0.307784917667,0.204979072651,1.804007329558
    ));
#4630 = CARTESIAN_POINT('',(0.287337714424,0.187408838051,1.814771412283
    ));
#4631 = CARTESIAN_POINT('',(0.274910015837,0.175584738623,1.818840798145
    ));
#4632 = CARTESIAN_POINT('',(0.263293080159,0.163669381843,1.820787771474
    ));
#4633 = CARTESIAN_POINT('',(0.252422619066,0.151759451501,1.821004004895
    ));
#4634 = CARTESIAN_POINT('',(0.242213580548,0.139921417292,1.819855513126
    ));
#4635 = CARTESIAN_POINT('',(0.23259585458,0.128164571924,1.817548969937)
  );
#4636 = CARTESIAN_POINT('',(0.223486772809,0.1164651137,1.814245747813)
  );
#4637 = CARTESIAN_POINT('',(0.20488986602,9.138315207386E-02,
    1.805184241801));
#4638 = CARTESIAN_POINT('',(0.195598952917,7.808906170067E-02,
    1.799178782121));
#4639 = CARTESIAN_POINT('',(0.186868249586,6.487082819071E-02,
    1.792169953268));
#4640 = CARTESIAN_POINT('',(0.178663000692,5.173108947742E-02,
    1.784267640052));
#4641 = CARTESIAN_POINT('',(0.170959848647,3.867252726864E-02,
    1.775552432031));
#4642 = CARTESIAN_POINT('',(0.163742386445,2.569717297907E-02,
    1.766085410303));
#4643 = CARTESIAN_POINT('',(0.157001171468,1.280624391788E-02,
    1.755908602047));
#4644 = CARTESIAN_POINT('',(0.150731935253,2.22044604925E-16,
    1.745049966396));
#4645 = ORIENTED_EDGE('',*,*,#4646,.F.);
#4646 = EDGE_CURVE('',#4563,#4591,#4647,.T.);
#4647 = CIRCLE('',#4648,2.5);
#4648 = AXIS2_PLACEMENT_3D('',#4649,#4650,#4651);
#4649 = CARTESIAN_POINT('',(2.5,2.22044604925E-16,2.6));
#4650 = DIRECTION('',(0.,-1.,0.));
#4651 = DIRECTION('',(-1.,0.,0.));
#4652 = SPHERICAL_SURFACE('',#4653,3.125);
#4653 = AXIS2_PLACEMENT_3D('',#4654,#4655,#4656);
#4654 = CARTESIAN_POINT('',(2.5,-1.875,2.6));
#4655 = DIRECTION('',(0.,-1.,0.));
#4656 = DIRECTION('',(-1.,0.,0.));
#4657 = ADVANCED_FACE('',(#4658),#4734,.T.);
#4658 = FACE_BOUND('',#4659,.T.);
#4659 = EDGE_LOOP('',(#4660,#4669,#4670,#4707,#4730,#4731,#4732,#4733));
#4660 = ORIENTED_EDGE('',*,*,#4661,.F.);
#4661 = EDGE_CURVE('',#4563,#4662,#4664,.T.);
#4662 = VERTEX_POINT('',#4663);
#4663 = CARTESIAN_POINT('',(2.5,-1.25,2.6));
#4664 = CIRCLE('',#4665,3.125);
#4665 = AXIS2_PLACEMENT_3D('',#4666,#4667,#4668);
#4666 = CARTESIAN_POINT('',(2.5,1.875,2.6));
#4667 = DIRECTION('',(0.,0.,1.));
#4668 = DIRECTION('',(-0.8,-0.6,0.));
#4669 = ORIENTED_EDGE('',*,*,#4646,.T.);
#4670 = ORIENTED_EDGE('',*,*,#4671,.T.);
#4671 = EDGE_CURVE('',#4591,#4672,#4674,.T.);
#4672 = VERTEX_POINT('',#4673);
#4673 = CARTESIAN_POINT('',(0.401665123652,-0.25,1.67967899801));
#4674 = B_SPLINE_CURVE_WITH_KNOTS('',7,(#4675,#4676,#4677,#4678,#4679,
    #4680,#4681,#4682,#4683,#4684,#4685,#4686,#4687,#4688,#4689,#4690,
    #4691,#4692,#4693,#4694,#4695,#4696,#4697,#4698,#4699,#4700,#4701,
    #4702,#4703,#4704,#4705,#4706),.UNSPECIFIED.,.F.,.F.,(8,6,6,6,6,8),(
    0.,0.241763709606,0.410219394067,0.536520901234,0.746819928873,1.),
  .UNSPECIFIED.);
#4675 = CARTESIAN_POINT('',(0.150731935253,1.942890293094E-16,
    1.745049966396));
#4676 = CARTESIAN_POINT('',(0.155635998502,-1.00175887458E-02,
    1.753544053108));
#4677 = CARTESIAN_POINT('',(0.160949457952,-2.032222277588E-02,
    1.761810882375));
#4678 = CARTESIAN_POINT('',(0.166717880356,-3.095532345321E-02,
    1.769830860093));
#4679 = CARTESIAN_POINT('',(0.172992191722,-4.195336368249E-02,
    1.777563706467));
#4680 = CARTESIAN_POINT('',(0.179843130112,-5.335972239521E-02,
    1.784937757424));
#4681 = CARTESIAN_POINT('',(0.187345554972,-6.52134448979E-02,
    1.791860790373));
#4682 = CARTESIAN_POINT('',(0.20145834458,-8.626048624403E-02,
    1.8025564966));
#4683 = CARTESIAN_POINT('',(0.207497241755,-9.494432076174E-02,
    1.806533844359));
#4684 = CARTESIAN_POINT('',(0.213785315184,-0.103658414054,
    1.810054547961));
#4685 = CARTESIAN_POINT('',(0.220323451176,-0.112384519971,
    1.813070715722));
#4686 = CARTESIAN_POINT('',(0.227107757509,-0.121096801103,
    1.815528388151));
#4687 = CARTESIAN_POINT('',(0.234129563435,-0.129761828779,
    1.817367537946));
#4688 = CARTESIAN_POINT('',(0.246808080298,-0.14476909918,1.819387693132
    ));
#4689 = CARTESIAN_POINT('',(0.252366857324,-0.151151003546,
    1.819870466346));
#4690 = CARTESIAN_POINT('',(0.258042695449,-0.157462287585,
    1.819940124931));
#4691 = CARTESIAN_POINT('',(0.263822792127,-0.16367854908,1.819570425239
    ));
#4692 = CARTESIAN_POINT('',(0.269690597568,-0.169772992178,
    1.818739144678));
#4693 = CARTESIAN_POINT('',(0.275625814735,-0.175716427386,
    1.817428081711));
#4694 = CARTESIAN_POINT('',(0.291559074948,-0.191069397273,
    1.812617587517));
#4695 = CARTESIAN_POINT('',(0.301657748239,-0.200179567672,
    1.808239048518));
#4696 = CARTESIAN_POINT('',(0.311723931989,-0.208600246808,
    1.802446960471));
#4697 = CARTESIAN_POINT('',(0.321617553155,-0.216203663218,
    1.795293526394));
#4698 = CARTESIAN_POINT('',(0.331219427242,-0.222911046085,
    1.786901062705));
#4699 = CARTESIAN_POINT('',(0.340423932952,-0.228682208446,
    1.777454057668));
#4700 = CARTESIAN_POINT('',(0.359633068796,-0.239356313731,
    1.754867994488));
#4701 = CARTESIAN_POINT('',(0.368576432509,-0.24337539305,1.74236045183)
  );
#4702 = CARTESIAN_POINT('',(0.376555095958,-0.246276217548,
    1.729806365287));
#4703 = CARTESIAN_POINT('',(0.383702851552,-0.248221538981,
    1.717250157529));
#4704 = CARTESIAN_POINT('',(0.39021384515,-0.249434404961,1.70471887316)
  );
#4705 = CARTESIAN_POINT('',(0.396171348711,-0.249999998934,
    1.692204820721));
#4706 = CARTESIAN_POINT('',(0.401665123652,-0.25,1.67967899801));
#4707 = ORIENTED_EDGE('',*,*,#4708,.T.);
#4708 = EDGE_CURVE('',#4672,#4582,#4709,.T.);
#4709 = B_SPLINE_CURVE_WITH_KNOTS('',7,(#4710,#4711,#4712,#4713,#4714,
    #4715,#4716,#4717,#4718,#4719,#4720,#4721,#4722,#4723,#4724,#4725,
    #4726,#4727,#4728,#4729),.UNSPECIFIED.,.F.,.F.,(8,6,6,8),(0.,
    0.281994812224,0.607907449014,1.),.UNSPECIFIED.);
#4710 = CARTESIAN_POINT('',(0.401665123652,-0.25,1.67967899801));
#4711 = CARTESIAN_POINT('',(0.40859683775,-0.249999998655,1.663874664792
    ));
#4712 = CARTESIAN_POINT('',(0.415220680581,-0.249097702928,
    1.647066430357));
#4713 = CARTESIAN_POINT('',(0.42151202078,-0.247237965056,1.629245900852
    ));
#4714 = CARTESIAN_POINT('',(0.427432583132,-0.244351132051,
    1.610414633263));
#4715 = CARTESIAN_POINT('',(0.432930863285,-0.240354966676,
    1.590588712835));
#4716 = CARTESIAN_POINT('',(0.437943940976,-0.235162078934,
    1.569806567481));
#4717 = CARTESIAN_POINT('',(0.447534815778,-0.221156737985,
    1.523036611146));
#4718 = CARTESIAN_POINT('',(0.451982021773,-0.211820586954,
    1.496455272772));
#4719 = CARTESIAN_POINT('',(0.455500478753,-0.200538253601,
    1.468779146538));
#4720 = CARTESIAN_POINT('',(0.457877435607,-0.187310533225,
    1.440582892477));
#4721 = CARTESIAN_POINT('',(0.458959554352,-0.172323535551,
    1.412599353835));
#4722 = CARTESIAN_POINT('',(0.458686080298,-0.15601775272,1.385700124245
    ));
#4723 = CARTESIAN_POINT('',(0.45561238085,-0.119293483311,1.331066240954
    ));
#4724 = CARTESIAN_POINT('',(0.452307627967,-9.868060220835E-02,
    1.304224275266));
#4725 = CARTESIAN_POINT('',(0.44767989276,-7.804002354262E-02,
    1.280481999297));
#4726 = CARTESIAN_POINT('',(0.442009635296,-5.773102402739E-02,
    1.25968628812));
#4727 = CARTESIAN_POINT('',(0.435515175078,-3.79453522272E-02,
    1.241582242933));
#4728 = CARTESIAN_POINT('',(0.42833527157,-1.872686925325E-02,
    1.225873049248));
#4729 = CARTESIAN_POINT('',(0.420502910737,1.942890293094E-16,
    1.212307002343));
#4730 = ORIENTED_EDGE('',*,*,#4581,.T.);
#4731 = ORIENTED_EDGE('',*,*,#4471,.T.);
#4732 = ORIENTED_EDGE('',*,*,#4572,.T.);
#4733 = ORIENTED_EDGE('',*,*,#4661,.T.);
#4734 = SPHERICAL_SURFACE('',#4735,3.125);
#4735 = AXIS2_PLACEMENT_3D('',#4736,#4737,#4738);
#4736 = CARTESIAN_POINT('',(2.5,1.875,2.6));
#4737 = DIRECTION('',(0.,-1.,0.));
#4738 = DIRECTION('',(-1.,0.,0.));
#4739 = ADVANCED_FACE('',(#4740),#4761,.T.);
#4740 = FACE_BOUND('',#4741,.T.);
#4741 = EDGE_LOOP('',(#4742,#4750,#4751,#4752,#4753,#4754));
#4742 = ORIENTED_EDGE('',*,*,#4743,.T.);
#4743 = EDGE_CURVE('',#4744,#4672,#4746,.T.);
#4744 = VERTEX_POINT('',#4745);
#4745 = CARTESIAN_POINT('',(6.698729810778E-02,-0.25,1.1));
#4746 = LINE('',#4747,#4748);
#4747 = CARTESIAN_POINT('',(6.698729810778E-02,-0.25,1.1));
#4748 = VECTOR('',#4749,1.);
#4749 = DIRECTION('',(0.5,5.551115123128E-17,0.866025403784));
#4750 = ORIENTED_EDGE('',*,*,#4671,.F.);
#4751 = ORIENTED_EDGE('',*,*,#4590,.F.);
#4752 = ORIENTED_EDGE('',*,*,#4708,.F.);
#4753 = ORIENTED_EDGE('',*,*,#4743,.F.);
#4754 = ORIENTED_EDGE('',*,*,#4755,.T.);
#4755 = EDGE_CURVE('',#4744,#4744,#4756,.T.);
#4756 = CIRCLE('',#4757,0.25);
#4757 = AXIS2_PLACEMENT_3D('',#4758,#4759,#4760);
#4758 = CARTESIAN_POINT('',(6.698729810778E-02,5.337293624795E-33,1.1));
#4759 = DIRECTION('',(0.5,5.551115123128E-17,0.866025403784));
#4760 = DIRECTION('',(1.110223024625E-16,-1.,8.646655078321E-30));
#4761 = CYLINDRICAL_SURFACE('',#4762,0.25);
#4762 = AXIS2_PLACEMENT_3D('',#4763,#4764,#4765);
#4763 = CARTESIAN_POINT('',(6.698729810778E-02,0.,1.1));
#4764 = DIRECTION('',(-0.5,-5.551115123128E-17,-0.866025403784));
#4765 = DIRECTION('',(1.110223024625E-16,-1.,8.646655078321E-30));
#4766 = ADVANCED_FACE('',(#4767),#4787,.F.);
#4767 = FACE_BOUND('',#4768,.F.);
#4768 = EDGE_LOOP('',(#4769,#4778,#4785,#4786));
#4769 = ORIENTED_EDGE('',*,*,#4770,.F.);
#4770 = EDGE_CURVE('',#4771,#4744,#4773,.T.);
#4771 = VERTEX_POINT('',#4772);
#4772 = CARTESIAN_POINT('',(1.942890293094E-16,-0.25,0.85));
#4773 = CIRCLE('',#4774,0.5);
#4774 = AXIS2_PLACEMENT_3D('',#4775,#4776,#4777);
#4775 = CARTESIAN_POINT('',(0.5,-0.25,0.85));
#4776 = DIRECTION('',(-1.110223024625E-16,1.,0.));
#4777 = DIRECTION('',(-1.,-1.110223024625E-16,0.));
#4778 = ORIENTED_EDGE('',*,*,#4779,.F.);
#4779 = EDGE_CURVE('',#4771,#4771,#4780,.T.);
#4780 = CIRCLE('',#4781,0.25);
#4781 = AXIS2_PLACEMENT_3D('',#4782,#4783,#4784);
#4782 = CARTESIAN_POINT('',(1.665334536938E-16,0.,0.85));
#4783 = DIRECTION('',(-0.,0.,1.));
#4784 = DIRECTION('',(1.110223024625E-16,-1.,0.));
#4785 = ORIENTED_EDGE('',*,*,#4770,.T.);
#4786 = ORIENTED_EDGE('',*,*,#4755,.T.);
#4787 = SURFACE_OF_REVOLUTION('',#4788,#4793);
#4788 = CIRCLE('',#4789,0.25);
#4789 = AXIS2_PLACEMENT_3D('',#4790,#4791,#4792);
#4790 = CARTESIAN_POINT('',(1.665334536938E-16,0.,0.85));
#4791 = DIRECTION('',(-0.,0.,1.));
#4792 = DIRECTION('',(1.110223024625E-16,-1.,0.));
#4793 = AXIS1_PLACEMENT('',#4794,#4795);
#4794 = CARTESIAN_POINT('',(0.5,4.,0.85));
#4795 = DIRECTION('',(-1.110223024625E-16,1.,0.));
#4796 = ADVANCED_FACE('',(#4797),#4816,.T.);
#4797 = FACE_BOUND('',#4798,.T.);
#4798 = EDGE_LOOP('',(#4799,#4807,#4808,#4809));
#4799 = ORIENTED_EDGE('',*,*,#4800,.T.);
#4800 = EDGE_CURVE('',#4801,#4771,#4803,.T.);
#4801 = VERTEX_POINT('',#4802);
#4802 = CARTESIAN_POINT('',(1.942890293094E-16,-0.25,-2.));
#4803 = LINE('',#4804,#4805);
#4804 = CARTESIAN_POINT('',(1.942890293094E-16,-0.25,-2.));
#4805 = VECTOR('',#4806,1.);
#4806 = DIRECTION('',(0.,0.,1.));
#4807 = ORIENTED_EDGE('',*,*,#4779,.F.);
#4808 = ORIENTED_EDGE('',*,*,#4800,.F.);
#4809 = ORIENTED_EDGE('',*,*,#4810,.T.);
#4810 = EDGE_CURVE('',#4801,#4801,#4811,.T.);
#4811 = CIRCLE('',#4812,0.25);
#4812 = AXIS2_PLACEMENT_3D('',#4813,#4814,#4815);
#4813 = CARTESIAN_POINT('',(1.665334536938E-16,0.,-2.));
#4814 = DIRECTION('',(-0.,0.,1.));
#4815 = DIRECTION('',(1.110223024625E-16,-1.,0.));
#4816 = CYLINDRICAL_SURFACE('',#4817,0.25);
#4817 = AXIS2_PLACEMENT_3D('',#4818,#4819,#4820);
#4818 = CARTESIAN_POINT('',(1.665334536938E-16,0.,-2.));
#4819 = DIRECTION('',(-0.,0.,-1.));
#4820 = DIRECTION('',(1.110223024625E-16,-1.,-0.));
#4821 = ADVANCED_FACE('',(#4822),#4825,.T.);
#4822 = FACE_BOUND('',#4823,.F.);
#4823 = EDGE_LOOP('',(#4824));
#4824 = ORIENTED_EDGE('',*,*,#4810,.T.);
#4825 = PLANE('',#4826);
#4826 = AXIS2_PLACEMENT_3D('',#4827,#4828,#4829);
#4827 = CARTESIAN_POINT('',(1.942890293094E-16,-0.25,-2.));
#4828 = DIRECTION('',(0.,0.,-1.));
#4829 = DIRECTION('',(-1.110223024625E-16,1.,0.));
#4830 = ( GEOMETRIC_REPRESENTATION_CONTEXT(3) 
GLOBAL_UNCERTAINTY_ASSIGNED_CONTEXT((#4834)) 
GLOBAL_UNIT_ASSIGNED_CONTEXT((#4831,#4832,#4833)) REPRESENTATION_CONTEXT
('Context #1','3D Context with UNIT and UNCERTAINTY') );
#4831 = ( LENGTH_UNIT() NAMED_UNIT(*) SI_UNIT(.MILLI.,.METRE.) );
#4832 = ( NAMED_UNIT(*) PLANE_ANGLE_UNIT() SI_UNIT($,.RADIAN.) );
#4833 = ( NAMED_UNIT(*) SI_UNIT($,.STERADIAN.) SOLID_ANGLE_UNIT() );
#4834 = UNCERTAINTY_MEASURE_WITH_UNIT(LENGTH_MEASURE(2.E-07),#4831,
  'distance_accuracy_value','confusion accuracy');
#4835 = CONTEXT_DEPENDENT_SHAPE_REPRESENTATION(#4836,#4838);
#4836 = ( REPRESENTATION_RELATIONSHIP('','',#4347,#4324) 
REPRESENTATION_RELATIONSHIP_WITH_TRANSFORMATION(#4837) 
SHAPE_REPRESENTATION_RELATIONSHIP() );
#4837 = ITEM_DEFINED_TRANSFORMATION('','',#11,#4325);
#4838 = PRODUCT_DEFINITION_SHAPE('Placement','Placement of an item',
  #4839);
#4839 = NEXT_ASSEMBLY_USAGE_OCCURRENCE('5','=>[0:1:1:7]','',#4319,#4342,
  $);
#4840 = PRODUCT_RELATED_PRODUCT_CATEGORY('part',$,(#4344));
#4841 = SHAPE_DEFINITION_REPRESENTATION(#4842,#4848);
#4842 = PRODUCT_DEFINITION_SHAPE('','',#4843);
#4843 = PRODUCT_DEFINITION('design','',#4844,#4847);
#4844 = PRODUCT_DEFINITION_FORMATION('','',#4845);
#4845 = PRODUCT('DIP-8_W7.62mm','DIP-8_W7.62mm','',(#4846));
#4846 = PRODUCT_CONTEXT('',#2,'mechanical');
#4847 = PRODUCT_DEFINITION_CONTEXT('part definition',#2,'design');
#4848 = SHAPE_REPRESENTATION('',(#11,#4849),#4853);
#4849 = AXIS2_PLACEMENT_3D('',#4850,#4851,#4852);
#4850 = CARTESIAN_POINT('',(0.,0.,0.));
#4851 = DIRECTION('',(0.,0.,1.));
#4852 = DIRECTION('',(1.,0.,-0.));
#4853 = ( GEOMETRIC_REPRESENTATION_CONTEXT(3) 
GLOBAL_UNCERTAINTY_ASSIGNED_CONTEXT((#4857)) 
GLOBAL_UNIT_ASSIGNED_CONTEXT((#4854,#4855,#4856)) REPRESENTATION_CONTEXT
('Context #1','3D Context with UNIT and UNCERTAINTY') );
#4854 = ( LENGTH_UNIT() NAMED_UNIT(*) SI_UNIT(.MILLI.,.METRE.) );
#4855 = ( NAMED_UNIT(*) PLANE_ANGLE_UNIT() SI_UNIT($,.RADIAN.) );
#4856 = ( NAMED_UNIT(*) SI_UNIT($,.STERADIAN.) SOLID_ANGLE_UNIT() );
#4857 = UNCERTAINTY_MEASURE_WITH_UNIT(LENGTH_MEASURE(1.E-06),#4854,
  'distance_accuracy_value','confusion accuracy');
#4858 = CONTEXT_DEPENDENT_SHAPE_REPRESENTATION(#4859,#4861);
#4859 = ( REPRESENTATION_RELATIONSHIP('','',#4848,#10) 
REPRESENTATION_RELATIONSHIP_WITH_TRANSFORMATION(#4860) 
SHAPE_REPRESENTATION_RELATIONSHIP() );
#4860 = ITEM_DEFINED_TRANSFORMATION('','',#11,#27);
#4861 = PRODUCT_DEFINITION_SHAPE('Placement','Placement of an item',
  #4862);
#4862 = NEXT_ASSEMBLY_USAGE_OCCURRENCE('8','U1','',#5,#4843,$);
#4863 = PRODUCT_RELATED_PRODUCT_CATEGORY('part',$,(#4845));
#4864 = SHAPE_DEFINITION_REPRESENTATION(#4865,#4871);
#4865 = PRODUCT_DEFINITION_SHAPE('','',#4866);
#4866 = PRODUCT_DEFINITION('design','',#4867,#4870);
#4867 = PRODUCT_DEFINITION_FORMATION('','',#4868);
#4868 = PRODUCT('DIP-8_W7.62mm','DIP-8_W7.62mm','',(#4869));
#4869 = PRODUCT_CONTEXT('',#2,'mechanical');
#4870 = PRODUCT_DEFINITION_CONTEXT('part definition',#2,'design');
#4871 = ADVANCED_BREP_SHAPE_REPRESENTATION('',(#11,#4872),#9644);
#4872 = MANIFOLD_SOLID_BREP('',#4873);
#4873 = CLOSED_SHELL('',(#4874,#4914,#5007,#5030,#5117,#5134,#5164,#5194
    ,#5225,#5256,#5287,#5318,#5349,#5380,#5411,#5434,#5458,#5488,#5519,
    #5550,#5581,#5612,#5643,#5674,#5705,#5722,#5752,#5810,#5868,#5898,
    #5956,#5973,#5998,#6048,#6079,#6137,#6195,#6226,#6284,#6301,#6326,
    #6376,#6407,#6430,#6454,#6512,#6570,#6600,#6658,#6675,#6733,#6750,
    #6781,#6839,#6897,#6928,#6986,#7003,#7061,#7078,#7109,#7126,#7183,
    #7202,#7251,#7275,#7322,#7334,#7353,#7370,#7419,#7443,#7485,#7502,
    #7519,#7538,#7603,#7627,#7690,#7702,#7767,#7791,#7854,#7871,#7885,
    #7902,#7919,#8268,#8319,#8338,#8387,#8411,#8458,#8470,#8524,#8548,
    #8590,#8609,#8621,#8638,#8655,#8674,#8691,#8756,#8780,#8838,#8860,
    #8925,#8949,#9007,#9021,#9038,#9055,#9072,#9101,#9118,#9135,#9147,
    #9164,#9181,#9193,#9210,#9227,#9244,#9261,#9273,#9290,#9307,#9324,
    #9341,#9353,#9381,#9392,#9409,#9426,#9438,#9455,#9472,#9484,#9501,
    #9518,#9535,#9552,#9564,#9581,#9598,#9615,#9632));
#4874 = ADVANCED_FACE('',(#4875),#4909,.T.);
#4875 = FACE_BOUND('',#4876,.F.);
#4876 = EDGE_LOOP('',(#4877,#4887,#4895,#4903));
#4877 = ORIENTED_EDGE('',*,*,#4878,.T.);
#4878 = EDGE_CURVE('',#4879,#4881,#4883,.T.);
#4879 = VERTEX_POINT('',#4880);
#4880 = CARTESIAN_POINT('',(6.661276356577,-8.121276356577,0.38));
#4881 = VERTEX_POINT('',#4882);
#4882 = CARTESIAN_POINT('',(6.661276356577,0.501276356577,0.38));
#4883 = LINE('',#4884,#4885);
#4884 = CARTESIAN_POINT('',(6.661276356577,-8.121276356577,0.38));
#4885 = VECTOR('',#4886,1.);
#4886 = DIRECTION('',(-4.440892098501E-16,1.,0.));
#4887 = ORIENTED_EDGE('',*,*,#4888,.T.);
#4888 = EDGE_CURVE('',#4881,#4889,#4891,.T.);
#4889 = VERTEX_POINT('',#4890);
#4890 = CARTESIAN_POINT('',(0.958723643423,0.501276356577,0.38));
#4891 = LINE('',#4892,#4893);
#4892 = CARTESIAN_POINT('',(6.661276356577,0.501276356577,0.38));
#4893 = VECTOR('',#4894,1.);
#4894 = DIRECTION('',(-1.,-4.440892098501E-16,0.));
#4895 = ORIENTED_EDGE('',*,*,#4896,.T.);
#4896 = EDGE_CURVE('',#4889,#4897,#4899,.T.);
#4897 = VERTEX_POINT('',#4898);
#4898 = CARTESIAN_POINT('',(0.958723643423,-8.121276356577,0.38));
#4899 = LINE('',#4900,#4901);
#4900 = CARTESIAN_POINT('',(0.958723643423,0.501276356577,0.38));
#4901 = VECTOR('',#4902,1.);
#4902 = DIRECTION('',(4.440892098501E-16,-1.,0.));
#4903 = ORIENTED_EDGE('',*,*,#4904,.T.);
#4904 = EDGE_CURVE('',#4897,#4879,#4905,.T.);
#4905 = LINE('',#4906,#4907);
#4906 = CARTESIAN_POINT('',(0.958723643423,-8.121276356577,0.38));
#4907 = VECTOR('',#4908,1.);
#4908 = DIRECTION('',(1.,4.440892098501E-16,0.));
#4909 = PLANE('',#4910);
#4910 = AXIS2_PLACEMENT_3D('',#4911,#4912,#4913);
#4911 = CARTESIAN_POINT('',(6.661276356577,-8.121276356577,0.38));
#4912 = DIRECTION('',(-0.,0.,-1.));
#4913 = DIRECTION('',(-0.551628171486,0.834090139268,0.));
#4914 = ADVANCED_FACE('',(#4915),#5002,.T.);
#4915 = FACE_BOUND('',#4916,.T.);
#4916 = EDGE_LOOP('',(#4917,#4918,#4925,#4933,#4941,#4949,#4957,#4965,
    #4973,#4981,#4989,#4997));
#4917 = ORIENTED_EDGE('',*,*,#4878,.T.);
#4918 = ORIENTED_EDGE('',*,*,#4919,.T.);
#4919 = EDGE_CURVE('',#4881,#4920,#4922,.T.);
#4920 = VERTEX_POINT('',#4921);
#4921 = CARTESIAN_POINT('',(6.985,0.825,1.903));
#4922 = B_SPLINE_CURVE_WITH_KNOTS('',1,(#4923,#4924),.UNSPECIFIED.,.F.,
  .F.,(2,2),(0.,1.),.PIECEWISE_BEZIER_KNOTS.);
#4923 = CARTESIAN_POINT('',(6.661276356577,0.501276356577,0.38));
#4924 = CARTESIAN_POINT('',(6.985,0.825,1.903));
#4925 = ORIENTED_EDGE('',*,*,#4926,.F.);
#4926 = EDGE_CURVE('',#4927,#4920,#4929,.T.);
#4927 = VERTEX_POINT('',#4928);
#4928 = CARTESIAN_POINT('',(6.985,0.2285,1.903));
#4929 = LINE('',#4930,#4931);
#4930 = CARTESIAN_POINT('',(6.985,-8.445,1.903));
#4931 = VECTOR('',#4932,1.);
#4932 = DIRECTION('',(-4.440892098501E-16,1.,0.));
#4933 = ORIENTED_EDGE('',*,*,#4934,.F.);
#4934 = EDGE_CURVE('',#4935,#4927,#4937,.T.);
#4935 = VERTEX_POINT('',#4936);
#4936 = CARTESIAN_POINT('',(6.985,-0.762,1.903));
#4937 = LINE('',#4938,#4939);
#4938 = CARTESIAN_POINT('',(6.985,-8.445,1.903));
#4939 = VECTOR('',#4940,1.);
#4940 = DIRECTION('',(-4.440892098501E-16,1.,0.));
#4941 = ORIENTED_EDGE('',*,*,#4942,.F.);
#4942 = EDGE_CURVE('',#4943,#4935,#4945,.T.);
#4943 = VERTEX_POINT('',#4944);
#4944 = CARTESIAN_POINT('',(6.985,-1.778,1.903));
#4945 = LINE('',#4946,#4947);
#4946 = CARTESIAN_POINT('',(6.985,-8.445,1.903));
#4947 = VECTOR('',#4948,1.);
#4948 = DIRECTION('',(-4.440892098501E-16,1.,0.));
#4949 = ORIENTED_EDGE('',*,*,#4950,.F.);
#4950 = EDGE_CURVE('',#4951,#4943,#4953,.T.);
#4951 = VERTEX_POINT('',#4952);
#4952 = CARTESIAN_POINT('',(6.985,-3.302,1.903));
#4953 = LINE('',#4954,#4955);
#4954 = CARTESIAN_POINT('',(6.985,-8.445,1.903));
#4955 = VECTOR('',#4956,1.);
#4956 = DIRECTION('',(-4.440892098501E-16,1.,0.));
#4957 = ORIENTED_EDGE('',*,*,#4958,.F.);
#4958 = EDGE_CURVE('',#4959,#4951,#4961,.T.);
#4959 = VERTEX_POINT('',#4960);
#4960 = CARTESIAN_POINT('',(6.985,-4.318,1.903));
#4961 = LINE('',#4962,#4963);
#4962 = CARTESIAN_POINT('',(6.985,-8.445,1.903));
#4963 = VECTOR('',#4964,1.);
#4964 = DIRECTION('',(-4.440892098501E-16,1.,0.));
#4965 = ORIENTED_EDGE('',*,*,#4966,.F.);
#4966 = EDGE_CURVE('',#4967,#4959,#4969,.T.);
#4967 = VERTEX_POINT('',#4968);
#4968 = CARTESIAN_POINT('',(6.985,-5.842,1.903));
#4969 = LINE('',#4970,#4971);
#4970 = CARTESIAN_POINT('',(6.985,-8.445,1.903));
#4971 = VECTOR('',#4972,1.);
#4972 = DIRECTION('',(-4.440892098501E-16,1.,0.));
#4973 = ORIENTED_EDGE('',*,*,#4974,.F.);
#4974 = EDGE_CURVE('',#4975,#4967,#4977,.T.);
#4975 = VERTEX_POINT('',#4976);
#4976 = CARTESIAN_POINT('',(6.985,-6.858,1.903));
#4977 = LINE('',#4978,#4979);
#4978 = CARTESIAN_POINT('',(6.985,-8.445,1.903));
#4979 = VECTOR('',#4980,1.);
#4980 = DIRECTION('',(-4.440892098501E-16,1.,0.));
#4981 = ORIENTED_EDGE('',*,*,#4982,.F.);
#4982 = EDGE_CURVE('',#4983,#4975,#4985,.T.);
#4983 = VERTEX_POINT('',#4984);
#4984 = CARTESIAN_POINT('',(6.985,-7.8485,1.903));
#4985 = LINE('',#4986,#4987);
#4986 = CARTESIAN_POINT('',(6.985,-8.445,1.903));
#4987 = VECTOR('',#4988,1.);
#4988 = DIRECTION('',(-4.440892098501E-16,1.,0.));
#4989 = ORIENTED_EDGE('',*,*,#4990,.F.);
#4990 = EDGE_CURVE('',#4991,#4983,#4993,.T.);
#4991 = VERTEX_POINT('',#4992);
#4992 = CARTESIAN_POINT('',(6.985,-8.445,1.903));
#4993 = LINE('',#4994,#4995);
#4994 = CARTESIAN_POINT('',(6.985,-8.445,1.903));
#4995 = VECTOR('',#4996,1.);
#4996 = DIRECTION('',(-4.440892098501E-16,1.,0.));
#4997 = ORIENTED_EDGE('',*,*,#4998,.F.);
#4998 = EDGE_CURVE('',#4879,#4991,#4999,.T.);
#4999 = B_SPLINE_CURVE_WITH_KNOTS('',1,(#5000,#5001),.UNSPECIFIED.,.F.,
  .F.,(2,2),(0.,1.),.PIECEWISE_BEZIER_KNOTS.);
#5000 = CARTESIAN_POINT('',(6.661276356577,-8.121276356577,0.38));
#5001 = CARTESIAN_POINT('',(6.985,-8.445,1.903));
#5002 = B_SPLINE_SURFACE_WITH_KNOTS('',1,1,(
    (#5003,#5004)
    ,(#5005,#5006
    )),.UNSPECIFIED.,.F.,.F.,.F.,(2,2),(2,2),(0.,9.27),(0.,1.),
  .PIECEWISE_BEZIER_KNOTS.);
#5003 = CARTESIAN_POINT('',(6.661276356577,-8.121276356577,0.38));
#5004 = CARTESIAN_POINT('',(6.985,-8.445,1.903));
#5005 = CARTESIAN_POINT('',(6.661276356577,0.501276356577,0.38));
#5006 = CARTESIAN_POINT('',(6.985,0.825,1.903));
#5007 = ADVANCED_FACE('',(#5008),#5025,.T.);
#5008 = FACE_BOUND('',#5009,.T.);
#5009 = EDGE_LOOP('',(#5010,#5011,#5018,#5024));
#5010 = ORIENTED_EDGE('',*,*,#4888,.T.);
#5011 = ORIENTED_EDGE('',*,*,#5012,.T.);
#5012 = EDGE_CURVE('',#4889,#5013,#5015,.T.);
#5013 = VERTEX_POINT('',#5014);
#5014 = CARTESIAN_POINT('',(0.635,0.825,1.903));
#5015 = B_SPLINE_CURVE_WITH_KNOTS('',1,(#5016,#5017),.UNSPECIFIED.,.F.,
  .F.,(2,2),(0.,1.),.PIECEWISE_BEZIER_KNOTS.);
#5016 = CARTESIAN_POINT('',(0.958723643423,0.501276356577,0.38));
#5017 = CARTESIAN_POINT('',(0.635,0.825,1.903));
#5018 = ORIENTED_EDGE('',*,*,#5019,.F.);
#5019 = EDGE_CURVE('',#4920,#5013,#5020,.T.);
#5020 = LINE('',#5021,#5022);
#5021 = CARTESIAN_POINT('',(6.985,0.825,1.903));
#5022 = VECTOR('',#5023,1.);
#5023 = DIRECTION('',(-1.,-4.440892098501E-16,0.));
#5024 = ORIENTED_EDGE('',*,*,#4919,.F.);
#5025 = B_SPLINE_SURFACE_WITH_KNOTS('',1,1,(
    (#5026,#5027)
    ,(#5028,#5029
    )),.UNSPECIFIED.,.F.,.F.,.F.,(2,2),(2,2),(0.,6.35),(0.,1.),
  .PIECEWISE_BEZIER_KNOTS.);
#5026 = CARTESIAN_POINT('',(6.661276356577,0.501276356577,0.38));
#5027 = CARTESIAN_POINT('',(6.985,0.825,1.903));
#5028 = CARTESIAN_POINT('',(0.958723643423,0.501276356577,0.38));
#5029 = CARTESIAN_POINT('',(0.635,0.825,1.903));
#5030 = ADVANCED_FACE('',(#5031),#5112,.T.);
#5031 = FACE_BOUND('',#5032,.T.);
#5032 = EDGE_LOOP('',(#5033,#5034,#5041,#5049,#5057,#5065,#5073,#5081,
    #5089,#5097,#5105,#5111));
#5033 = ORIENTED_EDGE('',*,*,#4896,.T.);
#5034 = ORIENTED_EDGE('',*,*,#5035,.T.);
#5035 = EDGE_CURVE('',#4897,#5036,#5038,.T.);
#5036 = VERTEX_POINT('',#5037);
#5037 = CARTESIAN_POINT('',(0.635,-8.445,1.903));
#5038 = B_SPLINE_CURVE_WITH_KNOTS('',1,(#5039,#5040),.UNSPECIFIED.,.F.,
  .F.,(2,2),(0.,1.),.PIECEWISE_BEZIER_KNOTS.);
#5039 = CARTESIAN_POINT('',(0.958723643423,-8.121276356577,0.38));
#5040 = CARTESIAN_POINT('',(0.635,-8.445,1.903));
#5041 = ORIENTED_EDGE('',*,*,#5042,.F.);
#5042 = EDGE_CURVE('',#5043,#5036,#5045,.T.);
#5043 = VERTEX_POINT('',#5044);
#5044 = CARTESIAN_POINT('',(0.635,-7.8485,1.903));
#5045 = LINE('',#5046,#5047);
#5046 = CARTESIAN_POINT('',(0.635,0.825,1.903));
#5047 = VECTOR('',#5048,1.);
#5048 = DIRECTION('',(4.440892098501E-16,-1.,0.));
#5049 = ORIENTED_EDGE('',*,*,#5050,.F.);
#5050 = EDGE_CURVE('',#5051,#5043,#5053,.T.);
#5051 = VERTEX_POINT('',#5052);
#5052 = CARTESIAN_POINT('',(0.635,-6.858,1.903));
#5053 = LINE('',#5054,#5055);
#5054 = CARTESIAN_POINT('',(0.635,0.825,1.903));
#5055 = VECTOR('',#5056,1.);
#5056 = DIRECTION('',(4.440892098501E-16,-1.,0.));
#5057 = ORIENTED_EDGE('',*,*,#5058,.F.);
#5058 = EDGE_CURVE('',#5059,#5051,#5061,.T.);
#5059 = VERTEX_POINT('',#5060);
#5060 = CARTESIAN_POINT('',(0.635,-5.842,1.903));
#5061 = LINE('',#5062,#5063);
#5062 = CARTESIAN_POINT('',(0.635,0.825,1.903));
#5063 = VECTOR('',#5064,1.);
#5064 = DIRECTION('',(4.440892098501E-16,-1.,0.));
#5065 = ORIENTED_EDGE('',*,*,#5066,.F.);
#5066 = EDGE_CURVE('',#5067,#5059,#5069,.T.);
#5067 = VERTEX_POINT('',#5068);
#5068 = CARTESIAN_POINT('',(0.635,-4.318,1.903));
#5069 = LINE('',#5070,#5071);
#5070 = CARTESIAN_POINT('',(0.635,0.825,1.903));
#5071 = VECTOR('',#5072,1.);
#5072 = DIRECTION('',(4.440892098501E-16,-1.,0.));
#5073 = ORIENTED_EDGE('',*,*,#5074,.F.);
#5074 = EDGE_CURVE('',#5075,#5067,#5077,.T.);
#5075 = VERTEX_POINT('',#5076);
#5076 = CARTESIAN_POINT('',(0.635,-3.302,1.903));
#5077 = LINE('',#5078,#5079);
#5078 = CARTESIAN_POINT('',(0.635,0.825,1.903));
#5079 = VECTOR('',#5080,1.);
#5080 = DIRECTION('',(4.440892098501E-16,-1.,0.));
#5081 = ORIENTED_EDGE('',*,*,#5082,.F.);
#5082 = EDGE_CURVE('',#5083,#5075,#5085,.T.);
#5083 = VERTEX_POINT('',#5084);
#5084 = CARTESIAN_POINT('',(0.635,-1.778,1.903));
#5085 = LINE('',#5086,#5087);
#5086 = CARTESIAN_POINT('',(0.635,0.825,1.903));
#5087 = VECTOR('',#5088,1.);
#5088 = DIRECTION('',(4.440892098501E-16,-1.,0.));
#5089 = ORIENTED_EDGE('',*,*,#5090,.F.);
#5090 = EDGE_CURVE('',#5091,#5083,#5093,.T.);
#5091 = VERTEX_POINT('',#5092);
#5092 = CARTESIAN_POINT('',(0.635,-0.762,1.903));
#5093 = LINE('',#5094,#5095);
#5094 = CARTESIAN_POINT('',(0.635,0.825,1.903));
#5095 = VECTOR('',#5096,1.);
#5096 = DIRECTION('',(4.440892098501E-16,-1.,0.));
#5097 = ORIENTED_EDGE('',*,*,#5098,.F.);
#5098 = EDGE_CURVE('',#5099,#5091,#5101,.T.);
#5099 = VERTEX_POINT('',#5100);
#5100 = CARTESIAN_POINT('',(0.635,0.2285,1.903));
#5101 = LINE('',#5102,#5103);
#5102 = CARTESIAN_POINT('',(0.635,0.825,1.903));
#5103 = VECTOR('',#5104,1.);
#5104 = DIRECTION('',(4.440892098501E-16,-1.,0.));
#5105 = ORIENTED_EDGE('',*,*,#5106,.F.);
#5106 = EDGE_CURVE('',#5013,#5099,#5107,.T.);
#5107 = LINE('',#5108,#5109);
#5108 = CARTESIAN_POINT('',(0.635,0.825,1.903));
#5109 = VECTOR('',#5110,1.);
#5110 = DIRECTION('',(4.440892098501E-16,-1.,0.));
#5111 = ORIENTED_EDGE('',*,*,#5012,.F.);
#5112 = B_SPLINE_SURFACE_WITH_KNOTS('',1,1,(
    (#5113,#5114)
    ,(#5115,#5116
    )),.UNSPECIFIED.,.F.,.F.,.F.,(2,2),(2,2),(0.,9.27),(0.,1.),
  .PIECEWISE_BEZIER_KNOTS.);
#5113 = CARTESIAN_POINT('',(0.958723643423,0.501276356577,0.38));
#5114 = CARTESIAN_POINT('',(0.635,0.825,1.903));
#5115 = CARTESIAN_POINT('',(0.958723643423,-8.121276356577,0.38));
#5116 = CARTESIAN_POINT('',(0.635,-8.445,1.903));
#5117 = ADVANCED_FACE('',(#5118),#5129,.T.);
#5118 = FACE_BOUND('',#5119,.T.);
#5119 = EDGE_LOOP('',(#5120,#5121,#5122,#5128));
#5120 = ORIENTED_EDGE('',*,*,#4904,.T.);
#5121 = ORIENTED_EDGE('',*,*,#4998,.T.);
#5122 = ORIENTED_EDGE('',*,*,#5123,.F.);
#5123 = EDGE_CURVE('',#5036,#4991,#5124,.T.);
#5124 = LINE('',#5125,#5126);
#5125 = CARTESIAN_POINT('',(0.635,-8.445,1.903));
#5126 = VECTOR('',#5127,1.);
#5127 = DIRECTION('',(1.,4.440892098501E-16,0.));
#5128 = ORIENTED_EDGE('',*,*,#5035,.F.);
#5129 = B_SPLINE_SURFACE_WITH_KNOTS('',1,1,(
    (#5130,#5131)
    ,(#5132,#5133
    )),.UNSPECIFIED.,.F.,.F.,.F.,(2,2),(2,2),(0.,6.35),(0.,1.),
  .PIECEWISE_BEZIER_KNOTS.);
#5130 = CARTESIAN_POINT('',(0.958723643423,-8.121276356577,0.38));
#5131 = CARTESIAN_POINT('',(0.635,-8.445,1.903));
#5132 = CARTESIAN_POINT('',(6.661276356577,-8.121276356577,0.38));
#5133 = CARTESIAN_POINT('',(6.985,-8.445,1.903));
#5134 = ADVANCED_FACE('',(#5135),#5159,.T.);
#5135 = FACE_BOUND('',#5136,.T.);
#5136 = EDGE_LOOP('',(#5137,#5144,#5145,#5153));
#5137 = ORIENTED_EDGE('',*,*,#5138,.F.);
#5138 = EDGE_CURVE('',#4991,#5139,#5141,.T.);
#5139 = VERTEX_POINT('',#5140);
#5140 = CARTESIAN_POINT('',(6.985,-8.445,2.157));
#5141 = B_SPLINE_CURVE_WITH_KNOTS('',1,(#5142,#5143),.UNSPECIFIED.,.F.,
  .F.,(2,2),(0.,1.),.PIECEWISE_BEZIER_KNOTS.);
#5142 = CARTESIAN_POINT('',(6.985,-8.445,1.903));
#5143 = CARTESIAN_POINT('',(6.985,-8.445,2.157));
#5144 = ORIENTED_EDGE('',*,*,#4990,.T.);
#5145 = ORIENTED_EDGE('',*,*,#5146,.T.);
#5146 = EDGE_CURVE('',#4983,#5147,#5149,.T.);
#5147 = VERTEX_POINT('',#5148);
#5148 = CARTESIAN_POINT('',(6.985,-7.8485,2.157));
#5149 = LINE('',#5150,#5151);
#5150 = CARTESIAN_POINT('',(6.985,-7.8485,1.9665));
#5151 = VECTOR('',#5152,1.);
#5152 = DIRECTION('',(0.,0.,1.));
#5153 = ORIENTED_EDGE('',*,*,#5154,.F.);
#5154 = EDGE_CURVE('',#5139,#5147,#5155,.T.);
#5155 = LINE('',#5156,#5157);
#5156 = CARTESIAN_POINT('',(6.985,-8.445,2.157));
#5157 = VECTOR('',#5158,1.);
#5158 = DIRECTION('',(-4.440892098501E-16,1.,0.));
#5159 = PLANE('',#5160);
#5160 = AXIS2_PLACEMENT_3D('',#5161,#5162,#5163);
#5161 = CARTESIAN_POINT('',(6.985,-8.445,2.157));
#5162 = DIRECTION('',(1.,4.440892098501E-16,0.));
#5163 = DIRECTION('',(-4.440892098501E-16,1.,0.));
#5164 = ADVANCED_FACE('',(#5165),#5189,.T.);
#5165 = FACE_BOUND('',#5166,.T.);
#5166 = EDGE_LOOP('',(#5167,#5175,#5176,#5183));
#5167 = ORIENTED_EDGE('',*,*,#5168,.T.);
#5168 = EDGE_CURVE('',#5169,#4927,#5171,.T.);
#5169 = VERTEX_POINT('',#5170);
#5170 = CARTESIAN_POINT('',(6.985,0.2285,2.157));
#5171 = LINE('',#5172,#5173);
#5172 = CARTESIAN_POINT('',(6.985,0.2285,2.157));
#5173 = VECTOR('',#5174,1.);
#5174 = DIRECTION('',(1.035250531786E-30,-2.331176954594E-15,-1.));
#5175 = ORIENTED_EDGE('',*,*,#4926,.T.);
#5176 = ORIENTED_EDGE('',*,*,#5177,.T.);
#5177 = EDGE_CURVE('',#4920,#5178,#5180,.T.);
#5178 = VERTEX_POINT('',#5179);
#5179 = CARTESIAN_POINT('',(6.985,0.825,2.157));
#5180 = B_SPLINE_CURVE_WITH_KNOTS('',1,(#5181,#5182),.UNSPECIFIED.,.F.,
  .F.,(2,2),(0.,1.),.PIECEWISE_BEZIER_KNOTS.);
#5181 = CARTESIAN_POINT('',(6.985,0.825,1.903));
#5182 = CARTESIAN_POINT('',(6.985,0.825,2.157));
#5183 = ORIENTED_EDGE('',*,*,#5184,.F.);
#5184 = EDGE_CURVE('',#5169,#5178,#5185,.T.);
#5185 = LINE('',#5186,#5187);
#5186 = CARTESIAN_POINT('',(6.985,-8.445,2.157));
#5187 = VECTOR('',#5188,1.);
#5188 = DIRECTION('',(-4.440892098501E-16,1.,0.));
#5189 = PLANE('',#5190);
#5190 = AXIS2_PLACEMENT_3D('',#5191,#5192,#5193);
#5191 = CARTESIAN_POINT('',(6.985,-8.445,2.157));
#5192 = DIRECTION('',(1.,4.440892098501E-16,0.));
#5193 = DIRECTION('',(-4.440892098501E-16,1.,0.));
#5194 = ADVANCED_FACE('',(#5195),#5220,.F.);
#5195 = FACE_BOUND('',#5196,.F.);
#5196 = EDGE_LOOP('',(#5197,#5205,#5206,#5214));
#5197 = ORIENTED_EDGE('',*,*,#5198,.F.);
#5198 = EDGE_CURVE('',#4975,#5199,#5201,.T.);
#5199 = VERTEX_POINT('',#5200);
#5200 = CARTESIAN_POINT('',(7.366,-6.858,1.903));
#5201 = LINE('',#5202,#5203);
#5202 = CARTESIAN_POINT('',(3.81,-6.858,1.903));
#5203 = VECTOR('',#5204,1.);
#5204 = DIRECTION('',(1.,3.216245299353E-16,0.));
#5205 = ORIENTED_EDGE('',*,*,#4982,.F.);
#5206 = ORIENTED_EDGE('',*,*,#5207,.F.);
#5207 = EDGE_CURVE('',#5208,#4983,#5210,.T.);
#5208 = VERTEX_POINT('',#5209);
#5209 = CARTESIAN_POINT('',(7.366,-7.8485,1.903));
#5210 = LINE('',#5211,#5212);
#5211 = CARTESIAN_POINT('',(7.747,-7.8485,1.903));
#5212 = VECTOR('',#5213,1.);
#5213 = DIRECTION('',(-1.,-3.216245299353E-16,0.));
#5214 = ORIENTED_EDGE('',*,*,#5215,.T.);
#5215 = EDGE_CURVE('',#5208,#5199,#5216,.T.);
#5216 = LINE('',#5217,#5218);
#5217 = CARTESIAN_POINT('',(7.366,-7.8485,1.903));
#5218 = VECTOR('',#5219,1.);
#5219 = DIRECTION('',(-3.216245299353E-16,1.,0.));
#5220 = PLANE('',#5221);
#5221 = AXIS2_PLACEMENT_3D('',#5222,#5223,#5224);
#5222 = CARTESIAN_POINT('',(0.254,-6.858,1.903));
#5223 = DIRECTION('',(0.,0.,1.));
#5224 = DIRECTION('',(-4.440892098501E-16,1.,0.));
#5225 = ADVANCED_FACE('',(#5226),#5251,.F.);
#5226 = FACE_BOUND('',#5227,.F.);
#5227 = EDGE_LOOP('',(#5228,#5236,#5237,#5245));
#5228 = ORIENTED_EDGE('',*,*,#5229,.F.);
#5229 = EDGE_CURVE('',#4927,#5230,#5232,.T.);
#5230 = VERTEX_POINT('',#5231);
#5231 = CARTESIAN_POINT('',(7.366,0.2285,1.903));
#5232 = LINE('',#5233,#5234);
#5233 = CARTESIAN_POINT('',(3.81,0.2285,1.903));
#5234 = VECTOR('',#5235,1.);
#5235 = DIRECTION('',(1.,3.216245299353E-16,0.));
#5236 = ORIENTED_EDGE('',*,*,#4934,.F.);
#5237 = ORIENTED_EDGE('',*,*,#5238,.F.);
#5238 = EDGE_CURVE('',#5239,#4935,#5241,.T.);
#5239 = VERTEX_POINT('',#5240);
#5240 = CARTESIAN_POINT('',(7.366,-0.762,1.903));
#5241 = LINE('',#5242,#5243);
#5242 = CARTESIAN_POINT('',(7.747,-0.762,1.903));
#5243 = VECTOR('',#5244,1.);
#5244 = DIRECTION('',(-1.,-3.216245299353E-16,0.));
#5245 = ORIENTED_EDGE('',*,*,#5246,.F.);
#5246 = EDGE_CURVE('',#5230,#5239,#5247,.T.);
#5247 = LINE('',#5248,#5249);
#5248 = CARTESIAN_POINT('',(7.366,0.2285,1.903));
#5249 = VECTOR('',#5250,1.);
#5250 = DIRECTION('',(3.216245299353E-16,-1.,0.));
#5251 = PLANE('',#5252);
#5252 = AXIS2_PLACEMENT_3D('',#5253,#5254,#5255);
#5253 = CARTESIAN_POINT('',(0.254,0.2285,1.903));
#5254 = DIRECTION('',(0.,0.,1.));
#5255 = DIRECTION('',(-4.440892098501E-16,1.,0.));
#5256 = ADVANCED_FACE('',(#5257),#5282,.T.);
#5257 = FACE_BOUND('',#5258,.T.);
#5258 = EDGE_LOOP('',(#5259,#5267,#5268,#5276));
#5259 = ORIENTED_EDGE('',*,*,#5260,.T.);
#5260 = EDGE_CURVE('',#5261,#4975,#5263,.T.);
#5261 = VERTEX_POINT('',#5262);
#5262 = CARTESIAN_POINT('',(6.985,-6.858,2.157));
#5263 = LINE('',#5264,#5265);
#5264 = CARTESIAN_POINT('',(6.985,-6.858,2.157));
#5265 = VECTOR('',#5266,1.);
#5266 = DIRECTION('',(0.,0.,-1.));
#5267 = ORIENTED_EDGE('',*,*,#4974,.T.);
#5268 = ORIENTED_EDGE('',*,*,#5269,.T.);
#5269 = EDGE_CURVE('',#4967,#5270,#5272,.T.);
#5270 = VERTEX_POINT('',#5271);
#5271 = CARTESIAN_POINT('',(6.985,-5.842,2.157));
#5272 = LINE('',#5273,#5274);
#5273 = CARTESIAN_POINT('',(6.985,-5.842,2.157));
#5274 = VECTOR('',#5275,1.);
#5275 = DIRECTION('',(0.,0.,1.));
#5276 = ORIENTED_EDGE('',*,*,#5277,.F.);
#5277 = EDGE_CURVE('',#5261,#5270,#5278,.T.);
#5278 = LINE('',#5279,#5280);
#5279 = CARTESIAN_POINT('',(6.985,-8.445,2.157));
#5280 = VECTOR('',#5281,1.);
#5281 = DIRECTION('',(-4.440892098501E-16,1.,0.));
#5282 = PLANE('',#5283);
#5283 = AXIS2_PLACEMENT_3D('',#5284,#5285,#5286);
#5284 = CARTESIAN_POINT('',(6.985,-8.445,2.157));
#5285 = DIRECTION('',(1.,4.440892098501E-16,0.));
#5286 = DIRECTION('',(-4.440892098501E-16,1.,0.));
#5287 = ADVANCED_FACE('',(#5288),#5313,.T.);
#5288 = FACE_BOUND('',#5289,.T.);
#5289 = EDGE_LOOP('',(#5290,#5298,#5299,#5307));
#5290 = ORIENTED_EDGE('',*,*,#5291,.F.);
#5291 = EDGE_CURVE('',#4943,#5292,#5294,.T.);
#5292 = VERTEX_POINT('',#5293);
#5293 = CARTESIAN_POINT('',(6.985,-1.778,2.157));
#5294 = LINE('',#5295,#5296);
#5295 = CARTESIAN_POINT('',(6.985,-1.778,2.157));
#5296 = VECTOR('',#5297,1.);
#5297 = DIRECTION('',(0.,0.,1.));
#5298 = ORIENTED_EDGE('',*,*,#4942,.T.);
#5299 = ORIENTED_EDGE('',*,*,#5300,.F.);
#5300 = EDGE_CURVE('',#5301,#4935,#5303,.T.);
#5301 = VERTEX_POINT('',#5302);
#5302 = CARTESIAN_POINT('',(6.985,-0.762,2.157));
#5303 = LINE('',#5304,#5305);
#5304 = CARTESIAN_POINT('',(6.985,-0.762,1.0785));
#5305 = VECTOR('',#5306,1.);
#5306 = DIRECTION('',(0.,0.,-1.));
#5307 = ORIENTED_EDGE('',*,*,#5308,.F.);
#5308 = EDGE_CURVE('',#5292,#5301,#5309,.T.);
#5309 = LINE('',#5310,#5311);
#5310 = CARTESIAN_POINT('',(6.985,-8.445,2.157));
#5311 = VECTOR('',#5312,1.);
#5312 = DIRECTION('',(-4.440892098501E-16,1.,0.));
#5313 = PLANE('',#5314);
#5314 = AXIS2_PLACEMENT_3D('',#5315,#5316,#5317);
#5315 = CARTESIAN_POINT('',(6.985,-8.445,2.157));
#5316 = DIRECTION('',(1.,4.440892098501E-16,0.));
#5317 = DIRECTION('',(-4.440892098501E-16,1.,0.));
#5318 = ADVANCED_FACE('',(#5319),#5344,.F.);
#5319 = FACE_BOUND('',#5320,.F.);
#5320 = EDGE_LOOP('',(#5321,#5329,#5330,#5338));
#5321 = ORIENTED_EDGE('',*,*,#5322,.F.);
#5322 = EDGE_CURVE('',#4959,#5323,#5325,.T.);
#5323 = VERTEX_POINT('',#5324);
#5324 = CARTESIAN_POINT('',(7.366,-4.318,1.903));
#5325 = LINE('',#5326,#5327);
#5326 = CARTESIAN_POINT('',(3.683,-4.318,1.903));
#5327 = VECTOR('',#5328,1.);
#5328 = DIRECTION('',(1.,3.216245299353E-16,0.));
#5329 = ORIENTED_EDGE('',*,*,#4966,.F.);
#5330 = ORIENTED_EDGE('',*,*,#5331,.F.);
#5331 = EDGE_CURVE('',#5332,#4967,#5334,.T.);
#5332 = VERTEX_POINT('',#5333);
#5333 = CARTESIAN_POINT('',(7.366,-5.842,1.903));
#5334 = LINE('',#5335,#5336);
#5335 = CARTESIAN_POINT('',(7.62,-5.842,1.903));
#5336 = VECTOR('',#5337,1.);
#5337 = DIRECTION('',(-1.,-3.216245299353E-16,0.));
#5338 = ORIENTED_EDGE('',*,*,#5339,.T.);
#5339 = EDGE_CURVE('',#5332,#5323,#5340,.T.);
#5340 = LINE('',#5341,#5342);
#5341 = CARTESIAN_POINT('',(7.366,-5.842,1.903));
#5342 = VECTOR('',#5343,1.);
#5343 = DIRECTION('',(-3.216245299353E-16,1.,0.));
#5344 = PLANE('',#5345);
#5345 = AXIS2_PLACEMENT_3D('',#5346,#5347,#5348);
#5346 = CARTESIAN_POINT('',(0.254,-4.318,1.903));
#5347 = DIRECTION('',(0.,0.,1.));
#5348 = DIRECTION('',(-4.440892098501E-16,1.,0.));
#5349 = ADVANCED_FACE('',(#5350),#5375,.F.);
#5350 = FACE_BOUND('',#5351,.F.);
#5351 = EDGE_LOOP('',(#5352,#5360,#5361,#5369));
#5352 = ORIENTED_EDGE('',*,*,#5353,.F.);
#5353 = EDGE_CURVE('',#4943,#5354,#5356,.T.);
#5354 = VERTEX_POINT('',#5355);
#5355 = CARTESIAN_POINT('',(7.366,-1.778,1.903));
#5356 = LINE('',#5357,#5358);
#5357 = CARTESIAN_POINT('',(3.683,-1.778,1.903));
#5358 = VECTOR('',#5359,1.);
#5359 = DIRECTION('',(1.,3.216245299353E-16,0.));
#5360 = ORIENTED_EDGE('',*,*,#4950,.F.);
#5361 = ORIENTED_EDGE('',*,*,#5362,.F.);
#5362 = EDGE_CURVE('',#5363,#4951,#5365,.T.);
#5363 = VERTEX_POINT('',#5364);
#5364 = CARTESIAN_POINT('',(7.366,-3.302,1.903));
#5365 = LINE('',#5366,#5367);
#5366 = CARTESIAN_POINT('',(7.62,-3.302,1.903));
#5367 = VECTOR('',#5368,1.);
#5368 = DIRECTION('',(-1.,-3.216245299353E-16,0.));
#5369 = ORIENTED_EDGE('',*,*,#5370,.T.);
#5370 = EDGE_CURVE('',#5363,#5354,#5371,.T.);
#5371 = LINE('',#5372,#5373);
#5372 = CARTESIAN_POINT('',(7.366,-3.302,1.903));
#5373 = VECTOR('',#5374,1.);
#5374 = DIRECTION('',(-3.216245299353E-16,1.,0.));
#5375 = PLANE('',#5376);
#5376 = AXIS2_PLACEMENT_3D('',#5377,#5378,#5379);
#5377 = CARTESIAN_POINT('',(0.254,-1.778,1.903));
#5378 = DIRECTION('',(0.,0.,1.));
#5379 = DIRECTION('',(-4.440892098501E-16,1.,0.));
#5380 = ADVANCED_FACE('',(#5381),#5406,.T.);
#5381 = FACE_BOUND('',#5382,.T.);
#5382 = EDGE_LOOP('',(#5383,#5391,#5392,#5400));
#5383 = ORIENTED_EDGE('',*,*,#5384,.F.);
#5384 = EDGE_CURVE('',#4959,#5385,#5387,.T.);
#5385 = VERTEX_POINT('',#5386);
#5386 = CARTESIAN_POINT('',(6.985,-4.318,2.157));
#5387 = LINE('',#5388,#5389);
#5388 = CARTESIAN_POINT('',(6.985,-4.318,2.157));
#5389 = VECTOR('',#5390,1.);
#5390 = DIRECTION('',(0.,0.,1.));
#5391 = ORIENTED_EDGE('',*,*,#4958,.T.);
#5392 = ORIENTED_EDGE('',*,*,#5393,.T.);
#5393 = EDGE_CURVE('',#4951,#5394,#5396,.T.);
#5394 = VERTEX_POINT('',#5395);
#5395 = CARTESIAN_POINT('',(6.985,-3.302,2.157));
#5396 = LINE('',#5397,#5398);
#5397 = CARTESIAN_POINT('',(6.985,-3.302,2.157));
#5398 = VECTOR('',#5399,1.);
#5399 = DIRECTION('',(0.,0.,1.));
#5400 = ORIENTED_EDGE('',*,*,#5401,.F.);
#5401 = EDGE_CURVE('',#5385,#5394,#5402,.T.);
#5402 = LINE('',#5403,#5404);
#5403 = CARTESIAN_POINT('',(6.985,-8.445,2.157));
#5404 = VECTOR('',#5405,1.);
#5405 = DIRECTION('',(-4.440892098501E-16,1.,0.));
#5406 = PLANE('',#5407);
#5407 = AXIS2_PLACEMENT_3D('',#5408,#5409,#5410);
#5408 = CARTESIAN_POINT('',(6.985,-8.445,2.157));
#5409 = DIRECTION('',(1.,4.440892098501E-16,0.));
#5410 = DIRECTION('',(-4.440892098501E-16,1.,0.));
#5411 = ADVANCED_FACE('',(#5412),#5429,.T.);
#5412 = FACE_BOUND('',#5413,.T.);
#5413 = EDGE_LOOP('',(#5414,#5415,#5422,#5428));
#5414 = ORIENTED_EDGE('',*,*,#5019,.T.);
#5415 = ORIENTED_EDGE('',*,*,#5416,.T.);
#5416 = EDGE_CURVE('',#5013,#5417,#5419,.T.);
#5417 = VERTEX_POINT('',#5418);
#5418 = CARTESIAN_POINT('',(0.635,0.825,2.157));
#5419 = B_SPLINE_CURVE_WITH_KNOTS('',1,(#5420,#5421),.UNSPECIFIED.,.F.,
  .F.,(2,2),(0.,1.),.PIECEWISE_BEZIER_KNOTS.);
#5420 = CARTESIAN_POINT('',(0.635,0.825,1.903));
#5421 = CARTESIAN_POINT('',(0.635,0.825,2.157));
#5422 = ORIENTED_EDGE('',*,*,#5423,.F.);
#5423 = EDGE_CURVE('',#5178,#5417,#5424,.T.);
#5424 = LINE('',#5425,#5426);
#5425 = CARTESIAN_POINT('',(6.985,0.825,2.157));
#5426 = VECTOR('',#5427,1.);
#5427 = DIRECTION('',(-1.,-4.440892098501E-16,0.));
#5428 = ORIENTED_EDGE('',*,*,#5177,.F.);
#5429 = PLANE('',#5430);
#5430 = AXIS2_PLACEMENT_3D('',#5431,#5432,#5433);
#5431 = CARTESIAN_POINT('',(6.985,0.825,2.157));
#5432 = DIRECTION('',(-4.440892098501E-16,1.,0.));
#5433 = DIRECTION('',(-1.,-4.440892098501E-16,0.));
#5434 = ADVANCED_FACE('',(#5435),#5453,.T.);
#5435 = FACE_BOUND('',#5436,.T.);
#5436 = EDGE_LOOP('',(#5437,#5438,#5439,#5447));
#5437 = ORIENTED_EDGE('',*,*,#5416,.F.);
#5438 = ORIENTED_EDGE('',*,*,#5106,.T.);
#5439 = ORIENTED_EDGE('',*,*,#5440,.T.);
#5440 = EDGE_CURVE('',#5099,#5441,#5443,.T.);
#5441 = VERTEX_POINT('',#5442);
#5442 = CARTESIAN_POINT('',(0.635,0.2285,2.157));
#5443 = LINE('',#5444,#5445);
#5444 = CARTESIAN_POINT('',(0.635,0.2285,2.157));
#5445 = VECTOR('',#5446,1.);
#5446 = DIRECTION('',(-1.035250531786E-30,2.331176954594E-15,1.));
#5447 = ORIENTED_EDGE('',*,*,#5448,.F.);
#5448 = EDGE_CURVE('',#5417,#5441,#5449,.T.);
#5449 = LINE('',#5450,#5451);
#5450 = CARTESIAN_POINT('',(0.635,0.825,2.157));
#5451 = VECTOR('',#5452,1.);
#5452 = DIRECTION('',(4.440892098501E-16,-1.,0.));
#5453 = PLANE('',#5454);
#5454 = AXIS2_PLACEMENT_3D('',#5455,#5456,#5457);
#5455 = CARTESIAN_POINT('',(0.635,0.825,2.157));
#5456 = DIRECTION('',(-1.,-4.440892098501E-16,0.));
#5457 = DIRECTION('',(4.440892098501E-16,-1.,0.));
#5458 = ADVANCED_FACE('',(#5459),#5483,.T.);
#5459 = FACE_BOUND('',#5460,.T.);
#5460 = EDGE_LOOP('',(#5461,#5469,#5470,#5477));
#5461 = ORIENTED_EDGE('',*,*,#5462,.T.);
#5462 = EDGE_CURVE('',#5463,#5043,#5465,.T.);
#5463 = VERTEX_POINT('',#5464);
#5464 = CARTESIAN_POINT('',(0.635,-7.8485,2.157));
#5465 = LINE('',#5466,#5467);
#5466 = CARTESIAN_POINT('',(0.635,-7.8485,1.9665));
#5467 = VECTOR('',#5468,1.);
#5468 = DIRECTION('',(0.,0.,-1.));
#5469 = ORIENTED_EDGE('',*,*,#5042,.T.);
#5470 = ORIENTED_EDGE('',*,*,#5471,.T.);
#5471 = EDGE_CURVE('',#5036,#5472,#5474,.T.);
#5472 = VERTEX_POINT('',#5473);
#5473 = CARTESIAN_POINT('',(0.635,-8.445,2.157));
#5474 = B_SPLINE_CURVE_WITH_KNOTS('',1,(#5475,#5476),.UNSPECIFIED.,.F.,
  .F.,(2,2),(0.,1.),.PIECEWISE_BEZIER_KNOTS.);
#5475 = CARTESIAN_POINT('',(0.635,-8.445,1.903));
#5476 = CARTESIAN_POINT('',(0.635,-8.445,2.157));
#5477 = ORIENTED_EDGE('',*,*,#5478,.F.);
#5478 = EDGE_CURVE('',#5463,#5472,#5479,.T.);
#5479 = LINE('',#5480,#5481);
#5480 = CARTESIAN_POINT('',(0.635,0.825,2.157));
#5481 = VECTOR('',#5482,1.);
#5482 = DIRECTION('',(4.440892098501E-16,-1.,0.));
#5483 = PLANE('',#5484);
#5484 = AXIS2_PLACEMENT_3D('',#5485,#5486,#5487);
#5485 = CARTESIAN_POINT('',(0.635,0.825,2.157));
#5486 = DIRECTION('',(-1.,-4.440892098501E-16,0.));
#5487 = DIRECTION('',(4.440892098501E-16,-1.,0.));
#5488 = ADVANCED_FACE('',(#5489),#5514,.F.);
#5489 = FACE_BOUND('',#5490,.F.);
#5490 = EDGE_LOOP('',(#5491,#5499,#5507,#5513));
#5491 = ORIENTED_EDGE('',*,*,#5492,.F.);
#5492 = EDGE_CURVE('',#5493,#5099,#5495,.T.);
#5493 = VERTEX_POINT('',#5494);
#5494 = CARTESIAN_POINT('',(0.254,0.2285,1.903));
#5495 = LINE('',#5496,#5497);
#5496 = CARTESIAN_POINT('',(-0.127,0.2285,1.903));
#5497 = VECTOR('',#5498,1.);
#5498 = DIRECTION('',(1.,4.440892098501E-16,0.));
#5499 = ORIENTED_EDGE('',*,*,#5500,.T.);
#5500 = EDGE_CURVE('',#5493,#5501,#5503,.T.);
#5501 = VERTEX_POINT('',#5502);
#5502 = CARTESIAN_POINT('',(0.254,-0.762,1.903));
#5503 = LINE('',#5504,#5505);
#5504 = CARTESIAN_POINT('',(0.254,0.2285,1.903));
#5505 = VECTOR('',#5506,1.);
#5506 = DIRECTION('',(4.440892098501E-16,-1.,0.));
#5507 = ORIENTED_EDGE('',*,*,#5508,.F.);
#5508 = EDGE_CURVE('',#5091,#5501,#5509,.T.);
#5509 = LINE('',#5510,#5511);
#5510 = CARTESIAN_POINT('',(3.81,-0.762,1.903));
#5511 = VECTOR('',#5512,1.);
#5512 = DIRECTION('',(-1.,-4.440892098501E-16,0.));
#5513 = ORIENTED_EDGE('',*,*,#5098,.F.);
#5514 = PLANE('',#5515);
#5515 = AXIS2_PLACEMENT_3D('',#5516,#5517,#5518);
#5516 = CARTESIAN_POINT('',(0.254,0.2285,1.903));
#5517 = DIRECTION('',(0.,0.,1.));
#5518 = DIRECTION('',(-4.440892098501E-16,1.,0.));
#5519 = ADVANCED_FACE('',(#5520),#5545,.F.);
#5520 = FACE_BOUND('',#5521,.F.);
#5521 = EDGE_LOOP('',(#5522,#5530,#5538,#5544));
#5522 = ORIENTED_EDGE('',*,*,#5523,.F.);
#5523 = EDGE_CURVE('',#5524,#5051,#5526,.T.);
#5524 = VERTEX_POINT('',#5525);
#5525 = CARTESIAN_POINT('',(0.254,-6.858,1.903));
#5526 = LINE('',#5527,#5528);
#5527 = CARTESIAN_POINT('',(-0.127,-6.858,1.903));
#5528 = VECTOR('',#5529,1.);
#5529 = DIRECTION('',(1.,4.440892098501E-16,0.));
#5530 = ORIENTED_EDGE('',*,*,#5531,.F.);
#5531 = EDGE_CURVE('',#5532,#5524,#5534,.T.);
#5532 = VERTEX_POINT('',#5533);
#5533 = CARTESIAN_POINT('',(0.254,-7.8485,1.903));
#5534 = LINE('',#5535,#5536);
#5535 = CARTESIAN_POINT('',(0.254,-7.8485,1.903));
#5536 = VECTOR('',#5537,1.);
#5537 = DIRECTION('',(-4.440892098501E-16,1.,0.));
#5538 = ORIENTED_EDGE('',*,*,#5539,.F.);
#5539 = EDGE_CURVE('',#5043,#5532,#5540,.T.);
#5540 = LINE('',#5541,#5542);
#5541 = CARTESIAN_POINT('',(3.81,-7.8485,1.903));
#5542 = VECTOR('',#5543,1.);
#5543 = DIRECTION('',(-1.,-4.440892098501E-16,0.));
#5544 = ORIENTED_EDGE('',*,*,#5050,.F.);
#5545 = PLANE('',#5546);
#5546 = AXIS2_PLACEMENT_3D('',#5547,#5548,#5549);
#5547 = CARTESIAN_POINT('',(0.254,-6.858,1.903));
#5548 = DIRECTION('',(0.,0.,1.));
#5549 = DIRECTION('',(-4.440892098501E-16,1.,0.));
#5550 = ADVANCED_FACE('',(#5551),#5576,.T.);
#5551 = FACE_BOUND('',#5552,.T.);
#5552 = EDGE_LOOP('',(#5553,#5561,#5562,#5570));
#5553 = ORIENTED_EDGE('',*,*,#5554,.F.);
#5554 = EDGE_CURVE('',#5091,#5555,#5557,.T.);
#5555 = VERTEX_POINT('',#5556);
#5556 = CARTESIAN_POINT('',(0.635,-0.762,2.157));
#5557 = LINE('',#5558,#5559);
#5558 = CARTESIAN_POINT('',(0.635,-0.762,1.0785));
#5559 = VECTOR('',#5560,1.);
#5560 = DIRECTION('',(0.,0.,1.));
#5561 = ORIENTED_EDGE('',*,*,#5090,.T.);
#5562 = ORIENTED_EDGE('',*,*,#5563,.F.);
#5563 = EDGE_CURVE('',#5564,#5083,#5566,.T.);
#5564 = VERTEX_POINT('',#5565);
#5565 = CARTESIAN_POINT('',(0.635,-1.778,2.157));
#5566 = LINE('',#5567,#5568);
#5567 = CARTESIAN_POINT('',(0.635,-1.778,2.157));
#5568 = VECTOR('',#5569,1.);
#5569 = DIRECTION('',(0.,0.,-1.));
#5570 = ORIENTED_EDGE('',*,*,#5571,.F.);
#5571 = EDGE_CURVE('',#5555,#5564,#5572,.T.);
#5572 = LINE('',#5573,#5574);
#5573 = CARTESIAN_POINT('',(0.635,0.825,2.157));
#5574 = VECTOR('',#5575,1.);
#5575 = DIRECTION('',(4.440892098501E-16,-1.,0.));
#5576 = PLANE('',#5577);
#5577 = AXIS2_PLACEMENT_3D('',#5578,#5579,#5580);
#5578 = CARTESIAN_POINT('',(0.635,0.825,2.157));
#5579 = DIRECTION('',(-1.,-4.440892098501E-16,0.));
#5580 = DIRECTION('',(4.440892098501E-16,-1.,0.));
#5581 = ADVANCED_FACE('',(#5582),#5607,.T.);
#5582 = FACE_BOUND('',#5583,.T.);
#5583 = EDGE_LOOP('',(#5584,#5592,#5593,#5601));
#5584 = ORIENTED_EDGE('',*,*,#5585,.T.);
#5585 = EDGE_CURVE('',#5586,#5059,#5588,.T.);
#5586 = VERTEX_POINT('',#5587);
#5587 = CARTESIAN_POINT('',(0.635,-5.842,2.157));
#5588 = LINE('',#5589,#5590);
#5589 = CARTESIAN_POINT('',(0.635,-5.842,2.157));
#5590 = VECTOR('',#5591,1.);
#5591 = DIRECTION('',(0.,0.,-1.));
#5592 = ORIENTED_EDGE('',*,*,#5058,.T.);
#5593 = ORIENTED_EDGE('',*,*,#5594,.T.);
#5594 = EDGE_CURVE('',#5051,#5595,#5597,.T.);
#5595 = VERTEX_POINT('',#5596);
#5596 = CARTESIAN_POINT('',(0.635,-6.858,2.157));
#5597 = LINE('',#5598,#5599);
#5598 = CARTESIAN_POINT('',(0.635,-6.858,2.157));
#5599 = VECTOR('',#5600,1.);
#5600 = DIRECTION('',(0.,0.,1.));
#5601 = ORIENTED_EDGE('',*,*,#5602,.F.);
#5602 = EDGE_CURVE('',#5586,#5595,#5603,.T.);
#5603 = LINE('',#5604,#5605);
#5604 = CARTESIAN_POINT('',(0.635,0.825,2.157));
#5605 = VECTOR('',#5606,1.);
#5606 = DIRECTION('',(4.440892098501E-16,-1.,0.));
#5607 = PLANE('',#5608);
#5608 = AXIS2_PLACEMENT_3D('',#5609,#5610,#5611);
#5609 = CARTESIAN_POINT('',(0.635,0.825,2.157));
#5610 = DIRECTION('',(-1.,-4.440892098501E-16,0.));
#5611 = DIRECTION('',(4.440892098501E-16,-1.,0.));
#5612 = ADVANCED_FACE('',(#5613),#5638,.F.);
#5613 = FACE_BOUND('',#5614,.F.);
#5614 = EDGE_LOOP('',(#5615,#5623,#5631,#5637));
#5615 = ORIENTED_EDGE('',*,*,#5616,.F.);
#5616 = EDGE_CURVE('',#5617,#5083,#5619,.T.);
#5617 = VERTEX_POINT('',#5618);
#5618 = CARTESIAN_POINT('',(0.254,-1.778,1.903));
#5619 = LINE('',#5620,#5621);
#5620 = CARTESIAN_POINT('',(-2.442490654175E-15,-1.778,1.903));
#5621 = VECTOR('',#5622,1.);
#5622 = DIRECTION('',(1.,4.440892098501E-16,0.));
#5623 = ORIENTED_EDGE('',*,*,#5624,.T.);
#5624 = EDGE_CURVE('',#5617,#5625,#5627,.T.);
#5625 = VERTEX_POINT('',#5626);
#5626 = CARTESIAN_POINT('',(0.254,-3.302,1.903));
#5627 = LINE('',#5628,#5629);
#5628 = CARTESIAN_POINT('',(0.254,-1.778,1.903));
#5629 = VECTOR('',#5630,1.);
#5630 = DIRECTION('',(4.440892098501E-16,-1.,0.));
#5631 = ORIENTED_EDGE('',*,*,#5632,.F.);
#5632 = EDGE_CURVE('',#5075,#5625,#5633,.T.);
#5633 = LINE('',#5634,#5635);
#5634 = CARTESIAN_POINT('',(3.937,-3.302,1.903));
#5635 = VECTOR('',#5636,1.);
#5636 = DIRECTION('',(-1.,-4.440892098501E-16,0.));
#5637 = ORIENTED_EDGE('',*,*,#5082,.F.);
#5638 = PLANE('',#5639);
#5639 = AXIS2_PLACEMENT_3D('',#5640,#5641,#5642);
#5640 = CARTESIAN_POINT('',(0.254,-1.778,1.903));
#5641 = DIRECTION('',(0.,0.,1.));
#5642 = DIRECTION('',(-4.440892098501E-16,1.,0.));
#5643 = ADVANCED_FACE('',(#5644),#5669,.F.);
#5644 = FACE_BOUND('',#5645,.F.);
#5645 = EDGE_LOOP('',(#5646,#5654,#5662,#5668));
#5646 = ORIENTED_EDGE('',*,*,#5647,.F.);
#5647 = EDGE_CURVE('',#5648,#5067,#5650,.T.);
#5648 = VERTEX_POINT('',#5649);
#5649 = CARTESIAN_POINT('',(0.254,-4.318,1.903));
#5650 = LINE('',#5651,#5652);
#5651 = CARTESIAN_POINT('',(-1.110223024625E-15,-4.318,1.903));
#5652 = VECTOR('',#5653,1.);
#5653 = DIRECTION('',(1.,4.440892098501E-16,0.));
#5654 = ORIENTED_EDGE('',*,*,#5655,.T.);
#5655 = EDGE_CURVE('',#5648,#5656,#5658,.T.);
#5656 = VERTEX_POINT('',#5657);
#5657 = CARTESIAN_POINT('',(0.254,-5.842,1.903));
#5658 = LINE('',#5659,#5660);
#5659 = CARTESIAN_POINT('',(0.254,-4.318,1.903));
#5660 = VECTOR('',#5661,1.);
#5661 = DIRECTION('',(4.440892098501E-16,-1.,0.));
#5662 = ORIENTED_EDGE('',*,*,#5663,.F.);
#5663 = EDGE_CURVE('',#5059,#5656,#5664,.T.);
#5664 = LINE('',#5665,#5666);
#5665 = CARTESIAN_POINT('',(3.937,-5.842,1.903));
#5666 = VECTOR('',#5667,1.);
#5667 = DIRECTION('',(-1.,-4.440892098501E-16,0.));
#5668 = ORIENTED_EDGE('',*,*,#5066,.F.);
#5669 = PLANE('',#5670);
#5670 = AXIS2_PLACEMENT_3D('',#5671,#5672,#5673);
#5671 = CARTESIAN_POINT('',(0.254,-4.318,1.903));
#5672 = DIRECTION('',(0.,0.,1.));
#5673 = DIRECTION('',(-4.440892098501E-16,1.,0.));
#5674 = ADVANCED_FACE('',(#5675),#5700,.T.);
#5675 = FACE_BOUND('',#5676,.T.);
#5676 = EDGE_LOOP('',(#5677,#5685,#5686,#5694));
#5677 = ORIENTED_EDGE('',*,*,#5678,.T.);
#5678 = EDGE_CURVE('',#5679,#5075,#5681,.T.);
#5679 = VERTEX_POINT('',#5680);
#5680 = CARTESIAN_POINT('',(0.635,-3.302,2.157));
#5681 = LINE('',#5682,#5683);
#5682 = CARTESIAN_POINT('',(0.635,-3.302,2.157));
#5683 = VECTOR('',#5684,1.);
#5684 = DIRECTION('',(0.,0.,-1.));
#5685 = ORIENTED_EDGE('',*,*,#5074,.T.);
#5686 = ORIENTED_EDGE('',*,*,#5687,.F.);
#5687 = EDGE_CURVE('',#5688,#5067,#5690,.T.);
#5688 = VERTEX_POINT('',#5689);
#5689 = CARTESIAN_POINT('',(0.635,-4.318,2.157));
#5690 = LINE('',#5691,#5692);
#5691 = CARTESIAN_POINT('',(0.635,-4.318,2.157));
#5692 = VECTOR('',#5693,1.);
#5693 = DIRECTION('',(0.,0.,-1.));
#5694 = ORIENTED_EDGE('',*,*,#5695,.F.);
#5695 = EDGE_CURVE('',#5679,#5688,#5696,.T.);
#5696 = LINE('',#5697,#5698);
#5697 = CARTESIAN_POINT('',(0.635,0.825,2.157));
#5698 = VECTOR('',#5699,1.);
#5699 = DIRECTION('',(4.440892098501E-16,-1.,0.));
#5700 = PLANE('',#5701);
#5701 = AXIS2_PLACEMENT_3D('',#5702,#5703,#5704);
#5702 = CARTESIAN_POINT('',(0.635,0.825,2.157));
#5703 = DIRECTION('',(-1.,-4.440892098501E-16,0.));
#5704 = DIRECTION('',(4.440892098501E-16,-1.,0.));
#5705 = ADVANCED_FACE('',(#5706),#5717,.T.);
#5706 = FACE_BOUND('',#5707,.T.);
#5707 = EDGE_LOOP('',(#5708,#5709,#5710,#5716));
#5708 = ORIENTED_EDGE('',*,*,#5123,.T.);
#5709 = ORIENTED_EDGE('',*,*,#5138,.T.);
#5710 = ORIENTED_EDGE('',*,*,#5711,.F.);
#5711 = EDGE_CURVE('',#5472,#5139,#5712,.T.);
#5712 = LINE('',#5713,#5714);
#5713 = CARTESIAN_POINT('',(0.635,-8.445,2.157));
#5714 = VECTOR('',#5715,1.);
#5715 = DIRECTION('',(1.,4.440892098501E-16,0.));
#5716 = ORIENTED_EDGE('',*,*,#5471,.F.);
#5717 = PLANE('',#5718);
#5718 = AXIS2_PLACEMENT_3D('',#5719,#5720,#5721);
#5719 = CARTESIAN_POINT('',(0.635,-8.445,2.157));
#5720 = DIRECTION('',(4.440892098501E-16,-1.,0.));
#5721 = DIRECTION('',(1.,4.440892098501E-16,0.));
#5722 = ADVANCED_FACE('',(#5723),#5747,.T.);
#5723 = FACE_BOUND('',#5724,.T.);
#5724 = EDGE_LOOP('',(#5725,#5732,#5733,#5741));
#5725 = ORIENTED_EDGE('',*,*,#5726,.F.);
#5726 = EDGE_CURVE('',#5139,#5727,#5729,.T.);
#5727 = VERTEX_POINT('',#5728);
#5728 = CARTESIAN_POINT('',(6.91,-8.37,2.157));
#5729 = B_SPLINE_CURVE_WITH_KNOTS('',1,(#5730,#5731),.UNSPECIFIED.,.F.,
  .F.,(2,2),(0.,1.),.PIECEWISE_BEZIER_KNOTS.);
#5730 = CARTESIAN_POINT('',(6.985,-8.445,2.157));
#5731 = CARTESIAN_POINT('',(6.91,-8.37,2.157));
#5732 = ORIENTED_EDGE('',*,*,#5154,.T.);
#5733 = ORIENTED_EDGE('',*,*,#5734,.T.);
#5734 = EDGE_CURVE('',#5147,#5735,#5737,.T.);
#5735 = VERTEX_POINT('',#5736);
#5736 = CARTESIAN_POINT('',(6.91,-7.8485,2.157));
#5737 = LINE('',#5738,#5739);
#5738 = CARTESIAN_POINT('',(7.747,-7.8485,2.157));
#5739 = VECTOR('',#5740,1.);
#5740 = DIRECTION('',(-1.,-3.216245299353E-16,0.));
#5741 = ORIENTED_EDGE('',*,*,#5742,.F.);
#5742 = EDGE_CURVE('',#5727,#5735,#5743,.T.);
#5743 = LINE('',#5744,#5745);
#5744 = CARTESIAN_POINT('',(6.91,-8.37,2.157));
#5745 = VECTOR('',#5746,1.);
#5746 = DIRECTION('',(-4.440892098501E-16,1.,0.));
#5747 = B_SPLINE_SURFACE_WITH_KNOTS('',1,1,(
    (#5748,#5749)
    ,(#5750,#5751
    )),.UNSPECIFIED.,.F.,.F.,.F.,(2,2),(2,2),(0.,9.27),(0.,1.),
  .PIECEWISE_BEZIER_KNOTS.);
#5748 = CARTESIAN_POINT('',(6.985,-8.445,2.157));
#5749 = CARTESIAN_POINT('',(6.91,-8.37,2.157));
#5750 = CARTESIAN_POINT('',(6.985,0.825,2.157));
#5751 = CARTESIAN_POINT('',(6.91,0.75,2.157));
#5752 = ADVANCED_FACE('',(#5753),#5805,.F.);
#5753 = FACE_BOUND('',#5754,.F.);
#5754 = EDGE_LOOP('',(#5755,#5756,#5757,#5765,#5774,#5782,#5790,#5798));
#5755 = ORIENTED_EDGE('',*,*,#5207,.T.);
#5756 = ORIENTED_EDGE('',*,*,#5146,.T.);
#5757 = ORIENTED_EDGE('',*,*,#5758,.F.);
#5758 = EDGE_CURVE('',#5759,#5147,#5761,.T.);
#5759 = VERTEX_POINT('',#5760);
#5760 = CARTESIAN_POINT('',(7.366,-7.8485,2.157));
#5761 = LINE('',#5762,#5763);
#5762 = CARTESIAN_POINT('',(7.747,-7.8485,2.157));
#5763 = VECTOR('',#5764,1.);
#5764 = DIRECTION('',(-1.,-3.216245299353E-16,0.));
#5765 = ORIENTED_EDGE('',*,*,#5766,.T.);
#5766 = EDGE_CURVE('',#5759,#5767,#5769,.T.);
#5767 = VERTEX_POINT('',#5768);
#5768 = CARTESIAN_POINT('',(7.747,-7.8485,1.776));
#5769 = CIRCLE('',#5770,0.381);
#5770 = AXIS2_PLACEMENT_3D('',#5771,#5772,#5773);
#5771 = CARTESIAN_POINT('',(7.366,-7.8485,1.776));
#5772 = DIRECTION('',(-3.216245299353E-16,1.,0.));
#5773 = DIRECTION('',(0.,0.,1.));
#5774 = ORIENTED_EDGE('',*,*,#5775,.T.);
#5775 = EDGE_CURVE('',#5767,#5776,#5778,.T.);
#5776 = VERTEX_POINT('',#5777);
#5777 = CARTESIAN_POINT('',(7.747,-7.8485,-2.843));
#5778 = LINE('',#5779,#5780);
#5779 = CARTESIAN_POINT('',(7.747,-7.8485,2.157));
#5780 = VECTOR('',#5781,1.);
#5781 = DIRECTION('',(0.,0.,-1.));
#5782 = ORIENTED_EDGE('',*,*,#5783,.T.);
#5783 = EDGE_CURVE('',#5776,#5784,#5786,.T.);
#5784 = VERTEX_POINT('',#5785);
#5785 = CARTESIAN_POINT('',(7.493,-7.8485,-2.843));
#5786 = LINE('',#5787,#5788);
#5787 = CARTESIAN_POINT('',(7.747,-7.8485,-2.843));
#5788 = VECTOR('',#5789,1.);
#5789 = DIRECTION('',(-1.,-3.216245299353E-16,0.));
#5790 = ORIENTED_EDGE('',*,*,#5791,.F.);
#5791 = EDGE_CURVE('',#5792,#5784,#5794,.T.);
#5792 = VERTEX_POINT('',#5793);
#5793 = CARTESIAN_POINT('',(7.493,-7.8485,1.776));
#5794 = LINE('',#5795,#5796);
#5795 = CARTESIAN_POINT('',(7.493,-7.8485,2.157));
#5796 = VECTOR('',#5797,1.);
#5797 = DIRECTION('',(0.,0.,-1.));
#5798 = ORIENTED_EDGE('',*,*,#5799,.T.);
#5799 = EDGE_CURVE('',#5792,#5208,#5800,.T.);
#5800 = CIRCLE('',#5801,0.127);
#5801 = AXIS2_PLACEMENT_3D('',#5802,#5803,#5804);
#5802 = CARTESIAN_POINT('',(7.366,-7.8485,1.776));
#5803 = DIRECTION('',(3.216245299353E-16,-1.,0.));
#5804 = DIRECTION('',(0.,0.,-1.));
#5805 = PLANE('',#5806);
#5806 = AXIS2_PLACEMENT_3D('',#5807,#5808,#5809);
#5807 = CARTESIAN_POINT('',(-0.127,-7.8485,1.776));
#5808 = DIRECTION('',(-4.440892098501E-16,1.,0.));
#5809 = DIRECTION('',(0.,0.,1.));
#5810 = ADVANCED_FACE('',(#5811),#5863,.F.);
#5811 = FACE_BOUND('',#5812,.F.);
#5812 = EDGE_LOOP('',(#5813,#5814,#5815,#5824,#5832,#5840,#5848,#5857));
#5813 = ORIENTED_EDGE('',*,*,#5168,.T.);
#5814 = ORIENTED_EDGE('',*,*,#5229,.T.);
#5815 = ORIENTED_EDGE('',*,*,#5816,.F.);
#5816 = EDGE_CURVE('',#5817,#5230,#5819,.T.);
#5817 = VERTEX_POINT('',#5818);
#5818 = CARTESIAN_POINT('',(7.493,0.2285,1.776));
#5819 = CIRCLE('',#5820,0.127);
#5820 = AXIS2_PLACEMENT_3D('',#5821,#5822,#5823);
#5821 = CARTESIAN_POINT('',(7.366,0.2285,1.776));
#5822 = DIRECTION('',(3.216245299353E-16,-1.,0.));
#5823 = DIRECTION('',(0.,0.,1.));
#5824 = ORIENTED_EDGE('',*,*,#5825,.T.);
#5825 = EDGE_CURVE('',#5817,#5826,#5828,.T.);
#5826 = VERTEX_POINT('',#5827);
#5827 = CARTESIAN_POINT('',(7.493,0.2285,-2.843));
#5828 = LINE('',#5829,#5830);
#5829 = CARTESIAN_POINT('',(7.493,0.2285,2.157));
#5830 = VECTOR('',#5831,1.);
#5831 = DIRECTION('',(0.,0.,-1.));
#5832 = ORIENTED_EDGE('',*,*,#5833,.F.);
#5833 = EDGE_CURVE('',#5834,#5826,#5836,.T.);
#5834 = VERTEX_POINT('',#5835);
#5835 = CARTESIAN_POINT('',(7.747,0.2285,-2.843));
#5836 = LINE('',#5837,#5838);
#5837 = CARTESIAN_POINT('',(7.747,0.2285,-2.843));
#5838 = VECTOR('',#5839,1.);
#5839 = DIRECTION('',(-1.,-3.216245299353E-16,0.));
#5840 = ORIENTED_EDGE('',*,*,#5841,.F.);
#5841 = EDGE_CURVE('',#5842,#5834,#5844,.T.);
#5842 = VERTEX_POINT('',#5843);
#5843 = CARTESIAN_POINT('',(7.747,0.2285,1.776));
#5844 = LINE('',#5845,#5846);
#5845 = CARTESIAN_POINT('',(7.747,0.2285,2.157));
#5846 = VECTOR('',#5847,1.);
#5847 = DIRECTION('',(0.,0.,-1.));
#5848 = ORIENTED_EDGE('',*,*,#5849,.T.);
#5849 = EDGE_CURVE('',#5842,#5850,#5852,.T.);
#5850 = VERTEX_POINT('',#5851);
#5851 = CARTESIAN_POINT('',(7.366,0.2285,2.157));
#5852 = CIRCLE('',#5853,0.381);
#5853 = AXIS2_PLACEMENT_3D('',#5854,#5855,#5856);
#5854 = CARTESIAN_POINT('',(7.366,0.2285,1.776));
#5855 = DIRECTION('',(3.216245299353E-16,-1.,0.));
#5856 = DIRECTION('',(0.,0.,1.));
#5857 = ORIENTED_EDGE('',*,*,#5858,.F.);
#5858 = EDGE_CURVE('',#5169,#5850,#5859,.T.);
#5859 = LINE('',#5860,#5861);
#5860 = CARTESIAN_POINT('',(3.81,0.2285,2.157));
#5861 = VECTOR('',#5862,1.);
#5862 = DIRECTION('',(1.,3.216245299353E-16,0.));
#5863 = PLANE('',#5864);
#5864 = AXIS2_PLACEMENT_3D('',#5865,#5866,#5867);
#5865 = CARTESIAN_POINT('',(0.254,0.2285,2.157));
#5866 = DIRECTION('',(4.440892098501E-16,-1.,2.331176954594E-15));
#5867 = DIRECTION('',(1.035250531786E-30,-2.331176954594E-15,-1.));
#5868 = ADVANCED_FACE('',(#5869),#5893,.T.);
#5869 = FACE_BOUND('',#5870,.T.);
#5870 = EDGE_LOOP('',(#5871,#5879,#5880,#5887));
#5871 = ORIENTED_EDGE('',*,*,#5872,.T.);
#5872 = EDGE_CURVE('',#5873,#5169,#5875,.T.);
#5873 = VERTEX_POINT('',#5874);
#5874 = CARTESIAN_POINT('',(6.91,0.2285,2.157));
#5875 = LINE('',#5876,#5877);
#5876 = CARTESIAN_POINT('',(3.81,0.2285,2.157));
#5877 = VECTOR('',#5878,1.);
#5878 = DIRECTION('',(1.,3.216245299353E-16,0.));
#5879 = ORIENTED_EDGE('',*,*,#5184,.T.);
#5880 = ORIENTED_EDGE('',*,*,#5881,.T.);
#5881 = EDGE_CURVE('',#5178,#5882,#5884,.T.);
#5882 = VERTEX_POINT('',#5883);
#5883 = CARTESIAN_POINT('',(6.91,0.75,2.157));
#5884 = B_SPLINE_CURVE_WITH_KNOTS('',1,(#5885,#5886),.UNSPECIFIED.,.F.,
  .F.,(2,2),(0.,1.),.PIECEWISE_BEZIER_KNOTS.);
#5885 = CARTESIAN_POINT('',(6.985,0.825,2.157));
#5886 = CARTESIAN_POINT('',(6.91,0.75,2.157));
#5887 = ORIENTED_EDGE('',*,*,#5888,.F.);
#5888 = EDGE_CURVE('',#5873,#5882,#5889,.T.);
#5889 = LINE('',#5890,#5891);
#5890 = CARTESIAN_POINT('',(6.91,-8.37,2.157));
#5891 = VECTOR('',#5892,1.);
#5892 = DIRECTION('',(-4.440892098501E-16,1.,0.));
#5893 = B_SPLINE_SURFACE_WITH_KNOTS('',1,1,(
    (#5894,#5895)
    ,(#5896,#5897
    )),.UNSPECIFIED.,.F.,.F.,.F.,(2,2),(2,2),(0.,9.27),(0.,1.),
  .PIECEWISE_BEZIER_KNOTS.);
#5894 = CARTESIAN_POINT('',(6.985,-8.445,2.157));
#5895 = CARTESIAN_POINT('',(6.91,-8.37,2.157));
#5896 = CARTESIAN_POINT('',(6.985,0.825,2.157));
#5897 = CARTESIAN_POINT('',(6.91,0.75,2.157));
#5898 = ADVANCED_FACE('',(#5899),#5951,.F.);
#5899 = FACE_BOUND('',#5900,.F.);
#5900 = EDGE_LOOP('',(#5901,#5902,#5903,#5912,#5920,#5928,#5936,#5945));
#5901 = ORIENTED_EDGE('',*,*,#5260,.T.);
#5902 = ORIENTED_EDGE('',*,*,#5198,.T.);
#5903 = ORIENTED_EDGE('',*,*,#5904,.F.);
#5904 = EDGE_CURVE('',#5905,#5199,#5907,.T.);
#5905 = VERTEX_POINT('',#5906);
#5906 = CARTESIAN_POINT('',(7.493,-6.858,1.776));
#5907 = CIRCLE('',#5908,0.127);
#5908 = AXIS2_PLACEMENT_3D('',#5909,#5910,#5911);
#5909 = CARTESIAN_POINT('',(7.366,-6.858,1.776));
#5910 = DIRECTION('',(3.216245299353E-16,-1.,0.));
#5911 = DIRECTION('',(0.,0.,-1.));
#5912 = ORIENTED_EDGE('',*,*,#5913,.F.);
#5913 = EDGE_CURVE('',#5914,#5905,#5916,.T.);
#5914 = VERTEX_POINT('',#5915);
#5915 = CARTESIAN_POINT('',(7.493,-6.858,0.));
#5916 = LINE('',#5917,#5918);
#5917 = CARTESIAN_POINT('',(7.493,-6.858,0.));
#5918 = VECTOR('',#5919,1.);
#5919 = DIRECTION('',(0.,0.,1.));
#5920 = ORIENTED_EDGE('',*,*,#5921,.F.);
#5921 = EDGE_CURVE('',#5922,#5914,#5924,.T.);
#5922 = VERTEX_POINT('',#5923);
#5923 = CARTESIAN_POINT('',(7.747,-6.858,0.));
#5924 = LINE('',#5925,#5926);
#5925 = CARTESIAN_POINT('',(7.747,-6.858,0.));
#5926 = VECTOR('',#5927,1.);
#5927 = DIRECTION('',(-1.,-3.216245299353E-16,0.));
#5928 = ORIENTED_EDGE('',*,*,#5929,.T.);
#5929 = EDGE_CURVE('',#5922,#5930,#5932,.T.);
#5930 = VERTEX_POINT('',#5931);
#5931 = CARTESIAN_POINT('',(7.747,-6.858,1.776));
#5932 = LINE('',#5933,#5934);
#5933 = CARTESIAN_POINT('',(7.747,-6.858,0.));
#5934 = VECTOR('',#5935,1.);
#5935 = DIRECTION('',(0.,0.,1.));
#5936 = ORIENTED_EDGE('',*,*,#5937,.F.);
#5937 = EDGE_CURVE('',#5938,#5930,#5940,.T.);
#5938 = VERTEX_POINT('',#5939);
#5939 = CARTESIAN_POINT('',(7.366,-6.858,2.157));
#5940 = CIRCLE('',#5941,0.381);
#5941 = AXIS2_PLACEMENT_3D('',#5942,#5943,#5944);
#5942 = CARTESIAN_POINT('',(7.366,-6.858,1.776));
#5943 = DIRECTION('',(-3.216245299353E-16,1.,0.));
#5944 = DIRECTION('',(0.,0.,1.));
#5945 = ORIENTED_EDGE('',*,*,#5946,.F.);
#5946 = EDGE_CURVE('',#5261,#5938,#5947,.T.);
#5947 = LINE('',#5948,#5949);
#5948 = CARTESIAN_POINT('',(3.81,-6.858,2.157));
#5949 = VECTOR('',#5950,1.);
#5950 = DIRECTION('',(1.,3.216245299353E-16,0.));
#5951 = PLANE('',#5952);
#5952 = AXIS2_PLACEMENT_3D('',#5953,#5954,#5955);
#5953 = CARTESIAN_POINT('',(0.254,-6.858,2.157));
#5954 = DIRECTION('',(4.440892098501E-16,-1.,0.));
#5955 = DIRECTION('',(0.,-0.,-1.));
#5956 = ADVANCED_FACE('',(#5957),#5968,.F.);
#5957 = FACE_BOUND('',#5958,.F.);
#5958 = EDGE_LOOP('',(#5959,#5965,#5966,#5967));
#5959 = ORIENTED_EDGE('',*,*,#5960,.T.);
#5960 = EDGE_CURVE('',#5792,#5905,#5961,.T.);
#5961 = LINE('',#5962,#5963);
#5962 = CARTESIAN_POINT('',(7.493,-7.8485,1.776));
#5963 = VECTOR('',#5964,1.);
#5964 = DIRECTION('',(-3.216245299353E-16,1.,0.));
#5965 = ORIENTED_EDGE('',*,*,#5904,.T.);
#5966 = ORIENTED_EDGE('',*,*,#5215,.F.);
#5967 = ORIENTED_EDGE('',*,*,#5799,.F.);
#5968 = CYLINDRICAL_SURFACE('',#5969,0.127);
#5969 = AXIS2_PLACEMENT_3D('',#5970,#5971,#5972);
#5970 = CARTESIAN_POINT('',(7.366,-7.8485,1.776));
#5971 = DIRECTION('',(-3.216245299353E-16,1.,0.));
#5972 = DIRECTION('',(1.,3.216245299353E-16,0.));
#5973 = ADVANCED_FACE('',(#5974),#5993,.F.);
#5974 = FACE_BOUND('',#5975,.F.);
#5975 = EDGE_LOOP('',(#5976,#5977,#5978,#5987));
#5976 = ORIENTED_EDGE('',*,*,#5816,.T.);
#5977 = ORIENTED_EDGE('',*,*,#5246,.T.);
#5978 = ORIENTED_EDGE('',*,*,#5979,.F.);
#5979 = EDGE_CURVE('',#5980,#5239,#5982,.T.);
#5980 = VERTEX_POINT('',#5981);
#5981 = CARTESIAN_POINT('',(7.493,-0.762,1.776));
#5982 = CIRCLE('',#5983,0.127);
#5983 = AXIS2_PLACEMENT_3D('',#5984,#5985,#5986);
#5984 = CARTESIAN_POINT('',(7.366,-0.762,1.776));
#5985 = DIRECTION('',(3.216245299353E-16,-1.,0.));
#5986 = DIRECTION('',(0.,0.,1.));
#5987 = ORIENTED_EDGE('',*,*,#5988,.F.);
#5988 = EDGE_CURVE('',#5817,#5980,#5989,.T.);
#5989 = LINE('',#5990,#5991);
#5990 = CARTESIAN_POINT('',(7.493,0.2285,1.776));
#5991 = VECTOR('',#5992,1.);
#5992 = DIRECTION('',(3.216245299353E-16,-1.,0.));
#5993 = CYLINDRICAL_SURFACE('',#5994,0.127);
#5994 = AXIS2_PLACEMENT_3D('',#5995,#5996,#5997);
#5995 = CARTESIAN_POINT('',(7.366,0.2285,1.776));
#5996 = DIRECTION('',(3.216245299353E-16,-1.,0.));
#5997 = DIRECTION('',(1.,3.216245299353E-16,0.));
#5998 = ADVANCED_FACE('',(#5999),#6043,.T.);
#5999 = FACE_BOUND('',#6000,.T.);
#6000 = EDGE_LOOP('',(#6001,#6002,#6003,#6004,#6012,#6020,#6028,#6037));
#6001 = ORIENTED_EDGE('',*,*,#5300,.T.);
#6002 = ORIENTED_EDGE('',*,*,#5238,.F.);
#6003 = ORIENTED_EDGE('',*,*,#5979,.F.);
#6004 = ORIENTED_EDGE('',*,*,#6005,.F.);
#6005 = EDGE_CURVE('',#6006,#5980,#6008,.T.);
#6006 = VERTEX_POINT('',#6007);
#6007 = CARTESIAN_POINT('',(7.493,-0.762,0.));
#6008 = LINE('',#6009,#6010);
#6009 = CARTESIAN_POINT('',(7.493,-0.762,0.));
#6010 = VECTOR('',#6011,1.);
#6011 = DIRECTION('',(0.,0.,1.));
#6012 = ORIENTED_EDGE('',*,*,#6013,.F.);
#6013 = EDGE_CURVE('',#6014,#6006,#6016,.T.);
#6014 = VERTEX_POINT('',#6015);
#6015 = CARTESIAN_POINT('',(7.747,-0.762,0.));
#6016 = LINE('',#6017,#6018);
#6017 = CARTESIAN_POINT('',(7.747,-0.762,0.));
#6018 = VECTOR('',#6019,1.);
#6019 = DIRECTION('',(-1.,-3.216245299353E-16,0.));
#6020 = ORIENTED_EDGE('',*,*,#6021,.T.);
#6021 = EDGE_CURVE('',#6014,#6022,#6024,.T.);
#6022 = VERTEX_POINT('',#6023);
#6023 = CARTESIAN_POINT('',(7.747,-0.762,1.776));
#6024 = LINE('',#6025,#6026);
#6025 = CARTESIAN_POINT('',(7.747,-0.762,0.));
#6026 = VECTOR('',#6027,1.);
#6027 = DIRECTION('',(0.,0.,1.));
#6028 = ORIENTED_EDGE('',*,*,#6029,.T.);
#6029 = EDGE_CURVE('',#6022,#6030,#6032,.T.);
#6030 = VERTEX_POINT('',#6031);
#6031 = CARTESIAN_POINT('',(7.366,-0.762,2.157));
#6032 = CIRCLE('',#6033,0.381);
#6033 = AXIS2_PLACEMENT_3D('',#6034,#6035,#6036);
#6034 = CARTESIAN_POINT('',(7.366,-0.762,1.776));
#6035 = DIRECTION('',(3.216245299353E-16,-1.,0.));
#6036 = DIRECTION('',(0.,0.,1.));
#6037 = ORIENTED_EDGE('',*,*,#6038,.T.);
#6038 = EDGE_CURVE('',#6030,#5301,#6039,.T.);
#6039 = LINE('',#6040,#6041);
#6040 = CARTESIAN_POINT('',(7.747,-0.762,2.157));
#6041 = VECTOR('',#6042,1.);
#6042 = DIRECTION('',(-1.,-3.216245299353E-16,0.));
#6043 = PLANE('',#6044);
#6044 = AXIS2_PLACEMENT_3D('',#6045,#6046,#6047);
#6045 = CARTESIAN_POINT('',(-0.127,-0.762,0.));
#6046 = DIRECTION('',(4.440892098501E-16,-1.,0.));
#6047 = DIRECTION('',(0.,-0.,-1.));
#6048 = ADVANCED_FACE('',(#6049),#6074,.T.);
#6049 = FACE_BOUND('',#6050,.T.);
#6050 = EDGE_LOOP('',(#6051,#6059,#6060,#6068));
#6051 = ORIENTED_EDGE('',*,*,#6052,.T.);
#6052 = EDGE_CURVE('',#6053,#5261,#6055,.T.);
#6053 = VERTEX_POINT('',#6054);
#6054 = CARTESIAN_POINT('',(6.91,-6.858,2.157));
#6055 = LINE('',#6056,#6057);
#6056 = CARTESIAN_POINT('',(3.81,-6.858,2.157));
#6057 = VECTOR('',#6058,1.);
#6058 = DIRECTION('',(1.,3.216245299353E-16,0.));
#6059 = ORIENTED_EDGE('',*,*,#5277,.T.);
#6060 = ORIENTED_EDGE('',*,*,#6061,.T.);
#6061 = EDGE_CURVE('',#5270,#6062,#6064,.T.);
#6062 = VERTEX_POINT('',#6063);
#6063 = CARTESIAN_POINT('',(6.91,-5.842,2.157));
#6064 = LINE('',#6065,#6066);
#6065 = CARTESIAN_POINT('',(7.62,-5.842,2.157));
#6066 = VECTOR('',#6067,1.);
#6067 = DIRECTION('',(-1.,-3.216245299353E-16,0.));
#6068 = ORIENTED_EDGE('',*,*,#6069,.F.);
#6069 = EDGE_CURVE('',#6053,#6062,#6070,.T.);
#6070 = LINE('',#6071,#6072);
#6071 = CARTESIAN_POINT('',(6.91,-8.37,2.157));
#6072 = VECTOR('',#6073,1.);
#6073 = DIRECTION('',(-4.440892098501E-16,1.,0.));
#6074 = B_SPLINE_SURFACE_WITH_KNOTS('',1,1,(
    (#6075,#6076)
    ,(#6077,#6078
    )),.UNSPECIFIED.,.F.,.F.,.F.,(2,2),(2,2),(0.,9.27),(0.,1.),
  .PIECEWISE_BEZIER_KNOTS.);
#6075 = CARTESIAN_POINT('',(6.985,-8.445,2.157));
#6076 = CARTESIAN_POINT('',(6.91,-8.37,2.157));
#6077 = CARTESIAN_POINT('',(6.985,0.825,2.157));
#6078 = CARTESIAN_POINT('',(6.91,0.75,2.157));
#6079 = ADVANCED_FACE('',(#6080),#6132,.F.);
#6080 = FACE_BOUND('',#6081,.F.);
#6081 = EDGE_LOOP('',(#6082,#6083,#6084,#6092,#6101,#6109,#6117,#6125));
#6082 = ORIENTED_EDGE('',*,*,#5331,.T.);
#6083 = ORIENTED_EDGE('',*,*,#5269,.T.);
#6084 = ORIENTED_EDGE('',*,*,#6085,.F.);
#6085 = EDGE_CURVE('',#6086,#5270,#6088,.T.);
#6086 = VERTEX_POINT('',#6087);
#6087 = CARTESIAN_POINT('',(7.366,-5.842,2.157));
#6088 = LINE('',#6089,#6090);
#6089 = CARTESIAN_POINT('',(7.62,-5.842,2.157));
#6090 = VECTOR('',#6091,1.);
#6091 = DIRECTION('',(-1.,-3.216245299353E-16,0.));
#6092 = ORIENTED_EDGE('',*,*,#6093,.T.);
#6093 = EDGE_CURVE('',#6086,#6094,#6096,.T.);
#6094 = VERTEX_POINT('',#6095);
#6095 = CARTESIAN_POINT('',(7.747,-5.842,1.776));
#6096 = CIRCLE('',#6097,0.381);
#6097 = AXIS2_PLACEMENT_3D('',#6098,#6099,#6100);
#6098 = CARTESIAN_POINT('',(7.366,-5.842,1.776));
#6099 = DIRECTION('',(-3.216245299353E-16,1.,0.));
#6100 = DIRECTION('',(0.,0.,1.));
#6101 = ORIENTED_EDGE('',*,*,#6102,.T.);
#6102 = EDGE_CURVE('',#6094,#6103,#6105,.T.);
#6103 = VERTEX_POINT('',#6104);
#6104 = CARTESIAN_POINT('',(7.747,-5.842,0.));
#6105 = LINE('',#6106,#6107);
#6106 = CARTESIAN_POINT('',(7.747,-5.842,2.157));
#6107 = VECTOR('',#6108,1.);
#6108 = DIRECTION('',(0.,0.,-1.));
#6109 = ORIENTED_EDGE('',*,*,#6110,.T.);
#6110 = EDGE_CURVE('',#6103,#6111,#6113,.T.);
#6111 = VERTEX_POINT('',#6112);
#6112 = CARTESIAN_POINT('',(7.493,-5.842,0.));
#6113 = LINE('',#6114,#6115);
#6114 = CARTESIAN_POINT('',(7.747,-5.842,0.));
#6115 = VECTOR('',#6116,1.);
#6116 = DIRECTION('',(-1.,-3.216245299353E-16,0.));
#6117 = ORIENTED_EDGE('',*,*,#6118,.F.);
#6118 = EDGE_CURVE('',#6119,#6111,#6121,.T.);
#6119 = VERTEX_POINT('',#6120);
#6120 = CARTESIAN_POINT('',(7.493,-5.842,1.776));
#6121 = LINE('',#6122,#6123);
#6122 = CARTESIAN_POINT('',(7.493,-5.842,2.157));
#6123 = VECTOR('',#6124,1.);
#6124 = DIRECTION('',(0.,0.,-1.));
#6125 = ORIENTED_EDGE('',*,*,#6126,.T.);
#6126 = EDGE_CURVE('',#6119,#5332,#6127,.T.);
#6127 = CIRCLE('',#6128,0.127);
#6128 = AXIS2_PLACEMENT_3D('',#6129,#6130,#6131);
#6129 = CARTESIAN_POINT('',(7.366,-5.842,1.776));
#6130 = DIRECTION('',(3.216245299353E-16,-1.,0.));
#6131 = DIRECTION('',(0.,0.,-1.));
#6132 = PLANE('',#6133);
#6133 = AXIS2_PLACEMENT_3D('',#6134,#6135,#6136);
#6134 = CARTESIAN_POINT('',(0.254,-5.842,2.157));
#6135 = DIRECTION('',(-4.440892098501E-16,1.,0.));
#6136 = DIRECTION('',(0.,0.,1.));
#6137 = ADVANCED_FACE('',(#6138),#6190,.T.);
#6138 = FACE_BOUND('',#6139,.T.);
#6139 = EDGE_LOOP('',(#6140,#6141,#6142,#6150,#6159,#6167,#6175,#6183));
#6140 = ORIENTED_EDGE('',*,*,#5353,.F.);
#6141 = ORIENTED_EDGE('',*,*,#5291,.T.);
#6142 = ORIENTED_EDGE('',*,*,#6143,.T.);
#6143 = EDGE_CURVE('',#5292,#6144,#6146,.T.);
#6144 = VERTEX_POINT('',#6145);
#6145 = CARTESIAN_POINT('',(7.366,-1.778,2.157));
#6146 = LINE('',#6147,#6148);
#6147 = CARTESIAN_POINT('',(3.683,-1.778,2.157));
#6148 = VECTOR('',#6149,1.);
#6149 = DIRECTION('',(1.,3.216245299353E-16,0.));
#6150 = ORIENTED_EDGE('',*,*,#6151,.T.);
#6151 = EDGE_CURVE('',#6144,#6152,#6154,.T.);
#6152 = VERTEX_POINT('',#6153);
#6153 = CARTESIAN_POINT('',(7.747,-1.778,1.776));
#6154 = CIRCLE('',#6155,0.381);
#6155 = AXIS2_PLACEMENT_3D('',#6156,#6157,#6158);
#6156 = CARTESIAN_POINT('',(7.366,-1.778,1.776));
#6157 = DIRECTION('',(-3.216245299353E-16,1.,0.));
#6158 = DIRECTION('',(0.,0.,1.));
#6159 = ORIENTED_EDGE('',*,*,#6160,.F.);
#6160 = EDGE_CURVE('',#6161,#6152,#6163,.T.);
#6161 = VERTEX_POINT('',#6162);
#6162 = CARTESIAN_POINT('',(7.747,-1.778,0.));
#6163 = LINE('',#6164,#6165);
#6164 = CARTESIAN_POINT('',(7.747,-1.778,0.));
#6165 = VECTOR('',#6166,1.);
#6166 = DIRECTION('',(0.,0.,1.));
#6167 = ORIENTED_EDGE('',*,*,#6168,.T.);
#6168 = EDGE_CURVE('',#6161,#6169,#6171,.T.);
#6169 = VERTEX_POINT('',#6170);
#6170 = CARTESIAN_POINT('',(7.493,-1.778,0.));
#6171 = LINE('',#6172,#6173);
#6172 = CARTESIAN_POINT('',(7.747,-1.778,0.));
#6173 = VECTOR('',#6174,1.);
#6174 = DIRECTION('',(-1.,-3.216245299353E-16,0.));
#6175 = ORIENTED_EDGE('',*,*,#6176,.T.);
#6176 = EDGE_CURVE('',#6169,#6177,#6179,.T.);
#6177 = VERTEX_POINT('',#6178);
#6178 = CARTESIAN_POINT('',(7.493,-1.778,1.776));
#6179 = LINE('',#6180,#6181);
#6180 = CARTESIAN_POINT('',(7.493,-1.778,0.));
#6181 = VECTOR('',#6182,1.);
#6182 = DIRECTION('',(0.,0.,1.));
#6183 = ORIENTED_EDGE('',*,*,#6184,.T.);
#6184 = EDGE_CURVE('',#6177,#5354,#6185,.T.);
#6185 = CIRCLE('',#6186,0.127);
#6186 = AXIS2_PLACEMENT_3D('',#6187,#6188,#6189);
#6187 = CARTESIAN_POINT('',(7.366,-1.778,1.776));
#6188 = DIRECTION('',(3.216245299353E-16,-1.,0.));
#6189 = DIRECTION('',(0.,0.,-1.));
#6190 = PLANE('',#6191);
#6191 = AXIS2_PLACEMENT_3D('',#6192,#6193,#6194);
#6192 = CARTESIAN_POINT('',(0.254,-1.778,2.157));
#6193 = DIRECTION('',(-4.440892098501E-16,1.,0.));
#6194 = DIRECTION('',(0.,0.,1.));
#6195 = ADVANCED_FACE('',(#6196),#6221,.T.);
#6196 = FACE_BOUND('',#6197,.T.);
#6197 = EDGE_LOOP('',(#6198,#6206,#6207,#6215));
#6198 = ORIENTED_EDGE('',*,*,#6199,.T.);
#6199 = EDGE_CURVE('',#6200,#5292,#6202,.T.);
#6200 = VERTEX_POINT('',#6201);
#6201 = CARTESIAN_POINT('',(6.91,-1.778,2.157));
#6202 = LINE('',#6203,#6204);
#6203 = CARTESIAN_POINT('',(3.683,-1.778,2.157));
#6204 = VECTOR('',#6205,1.);
#6205 = DIRECTION('',(1.,3.216245299353E-16,0.));
#6206 = ORIENTED_EDGE('',*,*,#5308,.T.);
#6207 = ORIENTED_EDGE('',*,*,#6208,.T.);
#6208 = EDGE_CURVE('',#5301,#6209,#6211,.T.);
#6209 = VERTEX_POINT('',#6210);
#6210 = CARTESIAN_POINT('',(6.91,-0.762,2.157));
#6211 = LINE('',#6212,#6213);
#6212 = CARTESIAN_POINT('',(7.747,-0.762,2.157));
#6213 = VECTOR('',#6214,1.);
#6214 = DIRECTION('',(-1.,-3.216245299353E-16,0.));
#6215 = ORIENTED_EDGE('',*,*,#6216,.F.);
#6216 = EDGE_CURVE('',#6200,#6209,#6217,.T.);
#6217 = LINE('',#6218,#6219);
#6218 = CARTESIAN_POINT('',(6.91,-8.37,2.157));
#6219 = VECTOR('',#6220,1.);
#6220 = DIRECTION('',(-4.440892098501E-16,1.,0.));
#6221 = B_SPLINE_SURFACE_WITH_KNOTS('',1,1,(
    (#6222,#6223)
    ,(#6224,#6225
    )),.UNSPECIFIED.,.F.,.F.,.F.,(2,2),(2,2),(0.,9.27),(0.,1.),
  .PIECEWISE_BEZIER_KNOTS.);
#6222 = CARTESIAN_POINT('',(6.985,-8.445,2.157));
#6223 = CARTESIAN_POINT('',(6.91,-8.37,2.157));
#6224 = CARTESIAN_POINT('',(6.985,0.825,2.157));
#6225 = CARTESIAN_POINT('',(6.91,0.75,2.157));
#6226 = ADVANCED_FACE('',(#6227),#6279,.T.);
#6227 = FACE_BOUND('',#6228,.T.);
#6228 = EDGE_LOOP('',(#6229,#6230,#6231,#6239,#6248,#6256,#6264,#6272));
#6229 = ORIENTED_EDGE('',*,*,#5322,.F.);
#6230 = ORIENTED_EDGE('',*,*,#5384,.T.);
#6231 = ORIENTED_EDGE('',*,*,#6232,.T.);
#6232 = EDGE_CURVE('',#5385,#6233,#6235,.T.);
#6233 = VERTEX_POINT('',#6234);
#6234 = CARTESIAN_POINT('',(7.366,-4.318,2.157));
#6235 = LINE('',#6236,#6237);
#6236 = CARTESIAN_POINT('',(3.683,-4.318,2.157));
#6237 = VECTOR('',#6238,1.);
#6238 = DIRECTION('',(1.,3.216245299353E-16,0.));
#6239 = ORIENTED_EDGE('',*,*,#6240,.T.);
#6240 = EDGE_CURVE('',#6233,#6241,#6243,.T.);
#6241 = VERTEX_POINT('',#6242);
#6242 = CARTESIAN_POINT('',(7.747,-4.318,1.776));
#6243 = CIRCLE('',#6244,0.381);
#6244 = AXIS2_PLACEMENT_3D('',#6245,#6246,#6247);
#6245 = CARTESIAN_POINT('',(7.366,-4.318,1.776));
#6246 = DIRECTION('',(-3.216245299353E-16,1.,0.));
#6247 = DIRECTION('',(0.,0.,1.));
#6248 = ORIENTED_EDGE('',*,*,#6249,.F.);
#6249 = EDGE_CURVE('',#6250,#6241,#6252,.T.);
#6250 = VERTEX_POINT('',#6251);
#6251 = CARTESIAN_POINT('',(7.747,-4.318,0.));
#6252 = LINE('',#6253,#6254);
#6253 = CARTESIAN_POINT('',(7.747,-4.318,0.));
#6254 = VECTOR('',#6255,1.);
#6255 = DIRECTION('',(0.,0.,1.));
#6256 = ORIENTED_EDGE('',*,*,#6257,.T.);
#6257 = EDGE_CURVE('',#6250,#6258,#6260,.T.);
#6258 = VERTEX_POINT('',#6259);
#6259 = CARTESIAN_POINT('',(7.493,-4.318,0.));
#6260 = LINE('',#6261,#6262);
#6261 = CARTESIAN_POINT('',(7.747,-4.318,0.));
#6262 = VECTOR('',#6263,1.);
#6263 = DIRECTION('',(-1.,-3.216245299353E-16,0.));
#6264 = ORIENTED_EDGE('',*,*,#6265,.T.);
#6265 = EDGE_CURVE('',#6258,#6266,#6268,.T.);
#6266 = VERTEX_POINT('',#6267);
#6267 = CARTESIAN_POINT('',(7.493,-4.318,1.776));
#6268 = LINE('',#6269,#6270);
#6269 = CARTESIAN_POINT('',(7.493,-4.318,0.));
#6270 = VECTOR('',#6271,1.);
#6271 = DIRECTION('',(0.,0.,1.));
#6272 = ORIENTED_EDGE('',*,*,#6273,.T.);
#6273 = EDGE_CURVE('',#6266,#5323,#6274,.T.);
#6274 = CIRCLE('',#6275,0.127);
#6275 = AXIS2_PLACEMENT_3D('',#6276,#6277,#6278);
#6276 = CARTESIAN_POINT('',(7.366,-4.318,1.776));
#6277 = DIRECTION('',(3.216245299353E-16,-1.,0.));
#6278 = DIRECTION('',(0.,0.,-1.));
#6279 = PLANE('',#6280);
#6280 = AXIS2_PLACEMENT_3D('',#6281,#6282,#6283);
#6281 = CARTESIAN_POINT('',(0.254,-4.318,2.157));
#6282 = DIRECTION('',(-4.440892098501E-16,1.,0.));
#6283 = DIRECTION('',(0.,0.,1.));
#6284 = ADVANCED_FACE('',(#6285),#6296,.F.);
#6285 = FACE_BOUND('',#6286,.F.);
#6286 = EDGE_LOOP('',(#6287,#6293,#6294,#6295));
#6287 = ORIENTED_EDGE('',*,*,#6288,.T.);
#6288 = EDGE_CURVE('',#6119,#6266,#6289,.T.);
#6289 = LINE('',#6290,#6291);
#6290 = CARTESIAN_POINT('',(7.493,-5.842,1.776));
#6291 = VECTOR('',#6292,1.);
#6292 = DIRECTION('',(-3.216245299353E-16,1.,0.));
#6293 = ORIENTED_EDGE('',*,*,#6273,.T.);
#6294 = ORIENTED_EDGE('',*,*,#5339,.F.);
#6295 = ORIENTED_EDGE('',*,*,#6126,.F.);
#6296 = CYLINDRICAL_SURFACE('',#6297,0.127);
#6297 = AXIS2_PLACEMENT_3D('',#6298,#6299,#6300);
#6298 = CARTESIAN_POINT('',(7.366,-5.842,1.776));
#6299 = DIRECTION('',(-3.216245299353E-16,1.,0.));
#6300 = DIRECTION('',(1.,3.216245299353E-16,0.));
#6301 = ADVANCED_FACE('',(#6302),#6321,.F.);
#6302 = FACE_BOUND('',#6303,.F.);
#6303 = EDGE_LOOP('',(#6304,#6312,#6313,#6314));
#6304 = ORIENTED_EDGE('',*,*,#6305,.T.);
#6305 = EDGE_CURVE('',#6306,#6177,#6308,.T.);
#6306 = VERTEX_POINT('',#6307);
#6307 = CARTESIAN_POINT('',(7.493,-3.302,1.776));
#6308 = LINE('',#6309,#6310);
#6309 = CARTESIAN_POINT('',(7.493,-3.302,1.776));
#6310 = VECTOR('',#6311,1.);
#6311 = DIRECTION('',(-3.216245299353E-16,1.,0.));
#6312 = ORIENTED_EDGE('',*,*,#6184,.T.);
#6313 = ORIENTED_EDGE('',*,*,#5370,.F.);
#6314 = ORIENTED_EDGE('',*,*,#6315,.F.);
#6315 = EDGE_CURVE('',#6306,#5363,#6316,.T.);
#6316 = CIRCLE('',#6317,0.127);
#6317 = AXIS2_PLACEMENT_3D('',#6318,#6319,#6320);
#6318 = CARTESIAN_POINT('',(7.366,-3.302,1.776));
#6319 = DIRECTION('',(3.216245299353E-16,-1.,0.));
#6320 = DIRECTION('',(0.,0.,-1.));
#6321 = CYLINDRICAL_SURFACE('',#6322,0.127);
#6322 = AXIS2_PLACEMENT_3D('',#6323,#6324,#6325);
#6323 = CARTESIAN_POINT('',(7.366,-3.302,1.776));
#6324 = DIRECTION('',(-3.216245299353E-16,1.,0.));
#6325 = DIRECTION('',(1.,3.216245299353E-16,0.));
#6326 = ADVANCED_FACE('',(#6327),#6371,.F.);
#6327 = FACE_BOUND('',#6328,.F.);
#6328 = EDGE_LOOP('',(#6329,#6330,#6331,#6339,#6348,#6356,#6364,#6370));
#6329 = ORIENTED_EDGE('',*,*,#5362,.T.);
#6330 = ORIENTED_EDGE('',*,*,#5393,.T.);
#6331 = ORIENTED_EDGE('',*,*,#6332,.F.);
#6332 = EDGE_CURVE('',#6333,#5394,#6335,.T.);
#6333 = VERTEX_POINT('',#6334);
#6334 = CARTESIAN_POINT('',(7.366,-3.302,2.157));
#6335 = LINE('',#6336,#6337);
#6336 = CARTESIAN_POINT('',(7.62,-3.302,2.157));
#6337 = VECTOR('',#6338,1.);
#6338 = DIRECTION('',(-1.,-3.216245299353E-16,0.));
#6339 = ORIENTED_EDGE('',*,*,#6340,.T.);
#6340 = EDGE_CURVE('',#6333,#6341,#6343,.T.);
#6341 = VERTEX_POINT('',#6342);
#6342 = CARTESIAN_POINT('',(7.747,-3.302,1.776));
#6343 = CIRCLE('',#6344,0.381);
#6344 = AXIS2_PLACEMENT_3D('',#6345,#6346,#6347);
#6345 = CARTESIAN_POINT('',(7.366,-3.302,1.776));
#6346 = DIRECTION('',(-3.216245299353E-16,1.,0.));
#6347 = DIRECTION('',(0.,0.,1.));
#6348 = ORIENTED_EDGE('',*,*,#6349,.T.);
#6349 = EDGE_CURVE('',#6341,#6350,#6352,.T.);
#6350 = VERTEX_POINT('',#6351);
#6351 = CARTESIAN_POINT('',(7.747,-3.302,0.));
#6352 = LINE('',#6353,#6354);
#6353 = CARTESIAN_POINT('',(7.747,-3.302,2.157));
#6354 = VECTOR('',#6355,1.);
#6355 = DIRECTION('',(0.,0.,-1.));
#6356 = ORIENTED_EDGE('',*,*,#6357,.T.);
#6357 = EDGE_CURVE('',#6350,#6358,#6360,.T.);
#6358 = VERTEX_POINT('',#6359);
#6359 = CARTESIAN_POINT('',(7.493,-3.302,0.));
#6360 = LINE('',#6361,#6362);
#6361 = CARTESIAN_POINT('',(7.747,-3.302,0.));
#6362 = VECTOR('',#6363,1.);
#6363 = DIRECTION('',(-1.,-3.216245299353E-16,0.));
#6364 = ORIENTED_EDGE('',*,*,#6365,.F.);
#6365 = EDGE_CURVE('',#6306,#6358,#6366,.T.);
#6366 = LINE('',#6367,#6368);
#6367 = CARTESIAN_POINT('',(7.493,-3.302,2.157));
#6368 = VECTOR('',#6369,1.);
#6369 = DIRECTION('',(0.,0.,-1.));
#6370 = ORIENTED_EDGE('',*,*,#6315,.T.);
#6371 = PLANE('',#6372);
#6372 = AXIS2_PLACEMENT_3D('',#6373,#6374,#6375);
#6373 = CARTESIAN_POINT('',(0.254,-3.302,2.157));
#6374 = DIRECTION('',(-4.440892098501E-16,1.,0.));
#6375 = DIRECTION('',(0.,0.,1.));
#6376 = ADVANCED_FACE('',(#6377),#6402,.T.);
#6377 = FACE_BOUND('',#6378,.T.);
#6378 = EDGE_LOOP('',(#6379,#6387,#6388,#6396));
#6379 = ORIENTED_EDGE('',*,*,#6380,.T.);
#6380 = EDGE_CURVE('',#6381,#5385,#6383,.T.);
#6381 = VERTEX_POINT('',#6382);
#6382 = CARTESIAN_POINT('',(6.91,-4.318,2.157));
#6383 = LINE('',#6384,#6385);
#6384 = CARTESIAN_POINT('',(3.683,-4.318,2.157));
#6385 = VECTOR('',#6386,1.);
#6386 = DIRECTION('',(1.,3.216245299353E-16,0.));
#6387 = ORIENTED_EDGE('',*,*,#5401,.T.);
#6388 = ORIENTED_EDGE('',*,*,#6389,.T.);
#6389 = EDGE_CURVE('',#5394,#6390,#6392,.T.);
#6390 = VERTEX_POINT('',#6391);
#6391 = CARTESIAN_POINT('',(6.91,-3.302,2.157));
#6392 = LINE('',#6393,#6394);
#6393 = CARTESIAN_POINT('',(7.62,-3.302,2.157));
#6394 = VECTOR('',#6395,1.);
#6395 = DIRECTION('',(-1.,-3.216245299353E-16,0.));
#6396 = ORIENTED_EDGE('',*,*,#6397,.F.);
#6397 = EDGE_CURVE('',#6381,#6390,#6398,.T.);
#6398 = LINE('',#6399,#6400);
#6399 = CARTESIAN_POINT('',(6.91,-8.37,2.157));
#6400 = VECTOR('',#6401,1.);
#6401 = DIRECTION('',(-4.440892098501E-16,1.,0.));
#6402 = B_SPLINE_SURFACE_WITH_KNOTS('',1,1,(
    (#6403,#6404)
    ,(#6405,#6406
    )),.UNSPECIFIED.,.F.,.F.,.F.,(2,2),(2,2),(0.,9.27),(0.,1.),
  .PIECEWISE_BEZIER_KNOTS.);
#6403 = CARTESIAN_POINT('',(6.985,-8.445,2.157));
#6404 = CARTESIAN_POINT('',(6.91,-8.37,2.157));
#6405 = CARTESIAN_POINT('',(6.985,0.825,2.157));
#6406 = CARTESIAN_POINT('',(6.91,0.75,2.157));
#6407 = ADVANCED_FACE('',(#6408),#6425,.T.);
#6408 = FACE_BOUND('',#6409,.T.);
#6409 = EDGE_LOOP('',(#6410,#6411,#6418,#6424));
#6410 = ORIENTED_EDGE('',*,*,#5423,.T.);
#6411 = ORIENTED_EDGE('',*,*,#6412,.T.);
#6412 = EDGE_CURVE('',#5417,#6413,#6415,.T.);
#6413 = VERTEX_POINT('',#6414);
#6414 = CARTESIAN_POINT('',(0.71,0.75,2.157));
#6415 = B_SPLINE_CURVE_WITH_KNOTS('',1,(#6416,#6417),.UNSPECIFIED.,.F.,
  .F.,(2,2),(0.,1.),.PIECEWISE_BEZIER_KNOTS.);
#6416 = CARTESIAN_POINT('',(0.635,0.825,2.157));
#6417 = CARTESIAN_POINT('',(0.71,0.75,2.157));
#6418 = ORIENTED_EDGE('',*,*,#6419,.F.);
#6419 = EDGE_CURVE('',#5882,#6413,#6420,.T.);
#6420 = LINE('',#6421,#6422);
#6421 = CARTESIAN_POINT('',(6.91,0.75,2.157));
#6422 = VECTOR('',#6423,1.);
#6423 = DIRECTION('',(-1.,-4.440892098501E-16,0.));
#6424 = ORIENTED_EDGE('',*,*,#5881,.F.);
#6425 = B_SPLINE_SURFACE_WITH_KNOTS('',1,1,(
    (#6426,#6427)
    ,(#6428,#6429
    )),.UNSPECIFIED.,.F.,.F.,.F.,(2,2),(2,2),(0.,6.35),(0.,1.),
  .PIECEWISE_BEZIER_KNOTS.);
#6426 = CARTESIAN_POINT('',(6.985,0.825,2.157));
#6427 = CARTESIAN_POINT('',(6.91,0.75,2.157));
#6428 = CARTESIAN_POINT('',(0.635,0.825,2.157));
#6429 = CARTESIAN_POINT('',(0.71,0.75,2.157));
#6430 = ADVANCED_FACE('',(#6431),#6449,.T.);
#6431 = FACE_BOUND('',#6432,.T.);
#6432 = EDGE_LOOP('',(#6433,#6434,#6435,#6443));
#6433 = ORIENTED_EDGE('',*,*,#6412,.F.);
#6434 = ORIENTED_EDGE('',*,*,#5448,.T.);
#6435 = ORIENTED_EDGE('',*,*,#6436,.T.);
#6436 = EDGE_CURVE('',#5441,#6437,#6439,.T.);
#6437 = VERTEX_POINT('',#6438);
#6438 = CARTESIAN_POINT('',(0.71,0.2285,2.157));
#6439 = LINE('',#6440,#6441);
#6440 = CARTESIAN_POINT('',(-0.127,0.2285,2.157));
#6441 = VECTOR('',#6442,1.);
#6442 = DIRECTION('',(1.,4.440892098501E-16,0.));
#6443 = ORIENTED_EDGE('',*,*,#6444,.F.);
#6444 = EDGE_CURVE('',#6413,#6437,#6445,.T.);
#6445 = LINE('',#6446,#6447);
#6446 = CARTESIAN_POINT('',(0.71,0.75,2.157));
#6447 = VECTOR('',#6448,1.);
#6448 = DIRECTION('',(4.440892098501E-16,-1.,0.));
#6449 = B_SPLINE_SURFACE_WITH_KNOTS('',1,1,(
    (#6450,#6451)
    ,(#6452,#6453
    )),.UNSPECIFIED.,.F.,.F.,.F.,(2,2),(2,2),(0.,9.27),(0.,1.),
  .PIECEWISE_BEZIER_KNOTS.);
#6450 = CARTESIAN_POINT('',(0.635,0.825,2.157));
#6451 = CARTESIAN_POINT('',(0.71,0.75,2.157));
#6452 = CARTESIAN_POINT('',(0.635,-8.445,2.157));
#6453 = CARTESIAN_POINT('',(0.71,-8.37,2.157));
#6454 = ADVANCED_FACE('',(#6455),#6507,.F.);
#6455 = FACE_BOUND('',#6456,.F.);
#6456 = EDGE_LOOP('',(#6457,#6465,#6474,#6482,#6490,#6498,#6505,#6506));
#6457 = ORIENTED_EDGE('',*,*,#6458,.F.);
#6458 = EDGE_CURVE('',#6459,#5441,#6461,.T.);
#6459 = VERTEX_POINT('',#6460);
#6460 = CARTESIAN_POINT('',(0.254,0.2285,2.157));
#6461 = LINE('',#6462,#6463);
#6462 = CARTESIAN_POINT('',(-0.127,0.2285,2.157));
#6463 = VECTOR('',#6464,1.);
#6464 = DIRECTION('',(1.,4.440892098501E-16,0.));
#6465 = ORIENTED_EDGE('',*,*,#6466,.T.);
#6466 = EDGE_CURVE('',#6459,#6467,#6469,.T.);
#6467 = VERTEX_POINT('',#6468);
#6468 = CARTESIAN_POINT('',(-0.127,0.2285,1.776));
#6469 = CIRCLE('',#6470,0.381);
#6470 = AXIS2_PLACEMENT_3D('',#6471,#6472,#6473);
#6471 = CARTESIAN_POINT('',(0.254,0.2285,1.776));
#6472 = DIRECTION('',(4.440892098501E-16,-1.,0.));
#6473 = DIRECTION('',(0.,0.,1.));
#6474 = ORIENTED_EDGE('',*,*,#6475,.T.);
#6475 = EDGE_CURVE('',#6467,#6476,#6478,.T.);
#6476 = VERTEX_POINT('',#6477);
#6477 = CARTESIAN_POINT('',(-0.127,0.2285,-2.843));
#6478 = LINE('',#6479,#6480);
#6479 = CARTESIAN_POINT('',(-0.127,0.2285,2.157));
#6480 = VECTOR('',#6481,1.);
#6481 = DIRECTION('',(-0.,0.,-1.));
#6482 = ORIENTED_EDGE('',*,*,#6483,.T.);
#6483 = EDGE_CURVE('',#6476,#6484,#6486,.T.);
#6484 = VERTEX_POINT('',#6485);
#6485 = CARTESIAN_POINT('',(0.127,0.2285,-2.843));
#6486 = LINE('',#6487,#6488);
#6487 = CARTESIAN_POINT('',(-0.127,0.2285,-2.843));
#6488 = VECTOR('',#6489,1.);
#6489 = DIRECTION('',(1.,4.440892098501E-16,0.));
#6490 = ORIENTED_EDGE('',*,*,#6491,.F.);
#6491 = EDGE_CURVE('',#6492,#6484,#6494,.T.);
#6492 = VERTEX_POINT('',#6493);
#6493 = CARTESIAN_POINT('',(0.127,0.2285,1.776));
#6494 = LINE('',#6495,#6496);
#6495 = CARTESIAN_POINT('',(0.127,0.2285,2.157));
#6496 = VECTOR('',#6497,1.);
#6497 = DIRECTION('',(-0.,0.,-1.));
#6498 = ORIENTED_EDGE('',*,*,#6499,.T.);
#6499 = EDGE_CURVE('',#6492,#5493,#6500,.T.);
#6500 = CIRCLE('',#6501,0.127);
#6501 = AXIS2_PLACEMENT_3D('',#6502,#6503,#6504);
#6502 = CARTESIAN_POINT('',(0.254,0.2285,1.776));
#6503 = DIRECTION('',(-4.440892098501E-16,1.,0.));
#6504 = DIRECTION('',(0.,0.,-1.));
#6505 = ORIENTED_EDGE('',*,*,#5492,.T.);
#6506 = ORIENTED_EDGE('',*,*,#5440,.T.);
#6507 = PLANE('',#6508);
#6508 = AXIS2_PLACEMENT_3D('',#6509,#6510,#6511);
#6509 = CARTESIAN_POINT('',(0.254,0.2285,2.157));
#6510 = DIRECTION('',(4.440892098501E-16,-1.,2.331176954594E-15));
#6511 = DIRECTION('',(1.035250531786E-30,-2.331176954594E-15,-1.));
#6512 = ADVANCED_FACE('',(#6513),#6565,.F.);
#6513 = FACE_BOUND('',#6514,.F.);
#6514 = EDGE_LOOP('',(#6515,#6525,#6534,#6540,#6541,#6542,#6551,#6559));
#6515 = ORIENTED_EDGE('',*,*,#6516,.F.);
#6516 = EDGE_CURVE('',#6517,#6519,#6521,.T.);
#6517 = VERTEX_POINT('',#6518);
#6518 = CARTESIAN_POINT('',(-0.127,-7.8485,1.776));
#6519 = VERTEX_POINT('',#6520);
#6520 = CARTESIAN_POINT('',(-0.127,-7.8485,-2.843));
#6521 = LINE('',#6522,#6523);
#6522 = CARTESIAN_POINT('',(-0.127,-7.8485,2.157));
#6523 = VECTOR('',#6524,1.);
#6524 = DIRECTION('',(-0.,0.,-1.));
#6525 = ORIENTED_EDGE('',*,*,#6526,.T.);
#6526 = EDGE_CURVE('',#6517,#6527,#6529,.T.);
#6527 = VERTEX_POINT('',#6528);
#6528 = CARTESIAN_POINT('',(0.254,-7.8485,2.157));
#6529 = CIRCLE('',#6530,0.381);
#6530 = AXIS2_PLACEMENT_3D('',#6531,#6532,#6533);
#6531 = CARTESIAN_POINT('',(0.254,-7.8485,1.776));
#6532 = DIRECTION('',(-4.440892098501E-16,1.,0.));
#6533 = DIRECTION('',(0.,0.,1.));
#6534 = ORIENTED_EDGE('',*,*,#6535,.F.);
#6535 = EDGE_CURVE('',#5463,#6527,#6536,.T.);
#6536 = LINE('',#6537,#6538);
#6537 = CARTESIAN_POINT('',(3.81,-7.8485,2.157));
#6538 = VECTOR('',#6539,1.);
#6539 = DIRECTION('',(-1.,-4.440892098501E-16,0.));
#6540 = ORIENTED_EDGE('',*,*,#5462,.T.);
#6541 = ORIENTED_EDGE('',*,*,#5539,.T.);
#6542 = ORIENTED_EDGE('',*,*,#6543,.F.);
#6543 = EDGE_CURVE('',#6544,#5532,#6546,.T.);
#6544 = VERTEX_POINT('',#6545);
#6545 = CARTESIAN_POINT('',(0.127,-7.8485,1.776));
#6546 = CIRCLE('',#6547,0.127);
#6547 = AXIS2_PLACEMENT_3D('',#6548,#6549,#6550);
#6548 = CARTESIAN_POINT('',(0.254,-7.8485,1.776));
#6549 = DIRECTION('',(-4.440892098501E-16,1.,0.));
#6550 = DIRECTION('',(0.,0.,1.));
#6551 = ORIENTED_EDGE('',*,*,#6552,.T.);
#6552 = EDGE_CURVE('',#6544,#6553,#6555,.T.);
#6553 = VERTEX_POINT('',#6554);
#6554 = CARTESIAN_POINT('',(0.127,-7.8485,-2.843));
#6555 = LINE('',#6556,#6557);
#6556 = CARTESIAN_POINT('',(0.127,-7.8485,2.157));
#6557 = VECTOR('',#6558,1.);
#6558 = DIRECTION('',(-0.,0.,-1.));
#6559 = ORIENTED_EDGE('',*,*,#6560,.F.);
#6560 = EDGE_CURVE('',#6519,#6553,#6561,.T.);
#6561 = LINE('',#6562,#6563);
#6562 = CARTESIAN_POINT('',(-0.127,-7.8485,-2.843));
#6563 = VECTOR('',#6564,1.);
#6564 = DIRECTION('',(1.,4.440892098501E-16,0.));
#6565 = PLANE('',#6566);
#6566 = AXIS2_PLACEMENT_3D('',#6567,#6568,#6569);
#6567 = CARTESIAN_POINT('',(-0.127,-7.8485,1.776));
#6568 = DIRECTION('',(-4.440892098501E-16,1.,0.));
#6569 = DIRECTION('',(0.,0.,1.));
#6570 = ADVANCED_FACE('',(#6571),#6595,.T.);
#6571 = FACE_BOUND('',#6572,.T.);
#6572 = EDGE_LOOP('',(#6573,#6581,#6582,#6589));
#6573 = ORIENTED_EDGE('',*,*,#6574,.T.);
#6574 = EDGE_CURVE('',#6575,#5463,#6577,.T.);
#6575 = VERTEX_POINT('',#6576);
#6576 = CARTESIAN_POINT('',(0.71,-7.8485,2.157));
#6577 = LINE('',#6578,#6579);
#6578 = CARTESIAN_POINT('',(3.81,-7.8485,2.157));
#6579 = VECTOR('',#6580,1.);
#6580 = DIRECTION('',(-1.,-4.440892098501E-16,0.));
#6581 = ORIENTED_EDGE('',*,*,#5478,.T.);
#6582 = ORIENTED_EDGE('',*,*,#6583,.T.);
#6583 = EDGE_CURVE('',#5472,#6584,#6586,.T.);
#6584 = VERTEX_POINT('',#6585);
#6585 = CARTESIAN_POINT('',(0.71,-8.37,2.157));
#6586 = B_SPLINE_CURVE_WITH_KNOTS('',1,(#6587,#6588),.UNSPECIFIED.,.F.,
  .F.,(2,2),(0.,1.),.PIECEWISE_BEZIER_KNOTS.);
#6587 = CARTESIAN_POINT('',(0.635,-8.445,2.157));
#6588 = CARTESIAN_POINT('',(0.71,-8.37,2.157));
#6589 = ORIENTED_EDGE('',*,*,#6590,.F.);
#6590 = EDGE_CURVE('',#6575,#6584,#6591,.T.);
#6591 = LINE('',#6592,#6593);
#6592 = CARTESIAN_POINT('',(0.71,0.75,2.157));
#6593 = VECTOR('',#6594,1.);
#6594 = DIRECTION('',(4.440892098501E-16,-1.,0.));
#6595 = B_SPLINE_SURFACE_WITH_KNOTS('',1,1,(
    (#6596,#6597)
    ,(#6598,#6599
    )),.UNSPECIFIED.,.F.,.F.,.F.,(2,2),(2,2),(0.,9.27),(0.,1.),
  .PIECEWISE_BEZIER_KNOTS.);
#6596 = CARTESIAN_POINT('',(0.635,0.825,2.157));
#6597 = CARTESIAN_POINT('',(0.71,0.75,2.157));
#6598 = CARTESIAN_POINT('',(0.635,-8.445,2.157));
#6599 = CARTESIAN_POINT('',(0.71,-8.37,2.157));
#6600 = ADVANCED_FACE('',(#6601),#6653,.T.);
#6601 = FACE_BOUND('',#6602,.T.);
#6602 = EDGE_LOOP('',(#6603,#6614,#6622,#6630,#6638,#6645,#6646,#6647));
#6603 = ORIENTED_EDGE('',*,*,#6604,.T.);
#6604 = EDGE_CURVE('',#6605,#6607,#6609,.T.);
#6605 = VERTEX_POINT('',#6606);
#6606 = CARTESIAN_POINT('',(0.254,-0.762,2.157));
#6607 = VERTEX_POINT('',#6608);
#6608 = CARTESIAN_POINT('',(-0.127,-0.762,1.776));
#6609 = CIRCLE('',#6610,0.381);
#6610 = AXIS2_PLACEMENT_3D('',#6611,#6612,#6613);
#6611 = CARTESIAN_POINT('',(0.254,-0.762,1.776));
#6612 = DIRECTION('',(4.440892098501E-16,-1.,0.));
#6613 = DIRECTION('',(0.,0.,1.));
#6614 = ORIENTED_EDGE('',*,*,#6615,.F.);
#6615 = EDGE_CURVE('',#6616,#6607,#6618,.T.);
#6616 = VERTEX_POINT('',#6617);
#6617 = CARTESIAN_POINT('',(-0.127,-0.762,0.));
#6618 = LINE('',#6619,#6620);
#6619 = CARTESIAN_POINT('',(-0.127,-0.762,0.));
#6620 = VECTOR('',#6621,1.);
#6621 = DIRECTION('',(0.,0.,1.));
#6622 = ORIENTED_EDGE('',*,*,#6623,.T.);
#6623 = EDGE_CURVE('',#6616,#6624,#6626,.T.);
#6624 = VERTEX_POINT('',#6625);
#6625 = CARTESIAN_POINT('',(0.127,-0.762,0.));
#6626 = LINE('',#6627,#6628);
#6627 = CARTESIAN_POINT('',(-0.127,-0.762,0.));
#6628 = VECTOR('',#6629,1.);
#6629 = DIRECTION('',(1.,4.440892098501E-16,0.));
#6630 = ORIENTED_EDGE('',*,*,#6631,.T.);
#6631 = EDGE_CURVE('',#6624,#6632,#6634,.T.);
#6632 = VERTEX_POINT('',#6633);
#6633 = CARTESIAN_POINT('',(0.127,-0.762,1.776));
#6634 = LINE('',#6635,#6636);
#6635 = CARTESIAN_POINT('',(0.127,-0.762,0.));
#6636 = VECTOR('',#6637,1.);
#6637 = DIRECTION('',(0.,0.,1.));
#6638 = ORIENTED_EDGE('',*,*,#6639,.T.);
#6639 = EDGE_CURVE('',#6632,#5501,#6640,.T.);
#6640 = CIRCLE('',#6641,0.127);
#6641 = AXIS2_PLACEMENT_3D('',#6642,#6643,#6644);
#6642 = CARTESIAN_POINT('',(0.254,-0.762,1.776));
#6643 = DIRECTION('',(-4.440892098501E-16,1.,0.));
#6644 = DIRECTION('',(0.,0.,-1.));
#6645 = ORIENTED_EDGE('',*,*,#5508,.F.);
#6646 = ORIENTED_EDGE('',*,*,#5554,.T.);
#6647 = ORIENTED_EDGE('',*,*,#6648,.T.);
#6648 = EDGE_CURVE('',#5555,#6605,#6649,.T.);
#6649 = LINE('',#6650,#6651);
#6650 = CARTESIAN_POINT('',(3.81,-0.762,2.157));
#6651 = VECTOR('',#6652,1.);
#6652 = DIRECTION('',(-1.,-4.440892098501E-16,0.));
#6653 = PLANE('',#6654);
#6654 = AXIS2_PLACEMENT_3D('',#6655,#6656,#6657);
#6655 = CARTESIAN_POINT('',(-0.127,-0.762,0.));
#6656 = DIRECTION('',(4.440892098501E-16,-1.,0.));
#6657 = DIRECTION('',(0.,-0.,-1.));
#6658 = ADVANCED_FACE('',(#6659),#6670,.F.);
#6659 = FACE_BOUND('',#6660,.F.);
#6660 = EDGE_LOOP('',(#6661,#6667,#6668,#6669));
#6661 = ORIENTED_EDGE('',*,*,#6662,.T.);
#6662 = EDGE_CURVE('',#6492,#6632,#6663,.T.);
#6663 = LINE('',#6664,#6665);
#6664 = CARTESIAN_POINT('',(0.127,0.2285,1.776));
#6665 = VECTOR('',#6666,1.);
#6666 = DIRECTION('',(4.440892098501E-16,-1.,0.));
#6667 = ORIENTED_EDGE('',*,*,#6639,.T.);
#6668 = ORIENTED_EDGE('',*,*,#5500,.F.);
#6669 = ORIENTED_EDGE('',*,*,#6499,.F.);
#6670 = CYLINDRICAL_SURFACE('',#6671,0.127);
#6671 = AXIS2_PLACEMENT_3D('',#6672,#6673,#6674);
#6672 = CARTESIAN_POINT('',(0.254,0.2285,1.776));
#6673 = DIRECTION('',(4.440892098501E-16,-1.,0.));
#6674 = DIRECTION('',(-1.,-4.440892098501E-16,0.));
#6675 = ADVANCED_FACE('',(#6676),#6728,.F.);
#6676 = FACE_BOUND('',#6677,.F.);
#6677 = EDGE_LOOP('',(#6678,#6686,#6695,#6703,#6711,#6719,#6726,#6727));
#6678 = ORIENTED_EDGE('',*,*,#6679,.F.);
#6679 = EDGE_CURVE('',#6680,#5595,#6682,.T.);
#6680 = VERTEX_POINT('',#6681);
#6681 = CARTESIAN_POINT('',(0.254,-6.858,2.157));
#6682 = LINE('',#6683,#6684);
#6683 = CARTESIAN_POINT('',(-0.127,-6.858,2.157));
#6684 = VECTOR('',#6685,1.);
#6685 = DIRECTION('',(1.,4.440892098501E-16,0.));
#6686 = ORIENTED_EDGE('',*,*,#6687,.F.);
#6687 = EDGE_CURVE('',#6688,#6680,#6690,.T.);
#6688 = VERTEX_POINT('',#6689);
#6689 = CARTESIAN_POINT('',(-0.127,-6.858,1.776));
#6690 = CIRCLE('',#6691,0.381);
#6691 = AXIS2_PLACEMENT_3D('',#6692,#6693,#6694);
#6692 = CARTESIAN_POINT('',(0.254,-6.858,1.776));
#6693 = DIRECTION('',(-4.440892098501E-16,1.,0.));
#6694 = DIRECTION('',(0.,0.,1.));
#6695 = ORIENTED_EDGE('',*,*,#6696,.F.);
#6696 = EDGE_CURVE('',#6697,#6688,#6699,.T.);
#6697 = VERTEX_POINT('',#6698);
#6698 = CARTESIAN_POINT('',(-0.127,-6.858,0.));
#6699 = LINE('',#6700,#6701);
#6700 = CARTESIAN_POINT('',(-0.127,-6.858,0.));
#6701 = VECTOR('',#6702,1.);
#6702 = DIRECTION('',(0.,0.,1.));
#6703 = ORIENTED_EDGE('',*,*,#6704,.T.);
#6704 = EDGE_CURVE('',#6697,#6705,#6707,.T.);
#6705 = VERTEX_POINT('',#6706);
#6706 = CARTESIAN_POINT('',(0.127,-6.858,0.));
#6707 = LINE('',#6708,#6709);
#6708 = CARTESIAN_POINT('',(-0.127,-6.858,0.));
#6709 = VECTOR('',#6710,1.);
#6710 = DIRECTION('',(1.,4.440892098501E-16,0.));
#6711 = ORIENTED_EDGE('',*,*,#6712,.T.);
#6712 = EDGE_CURVE('',#6705,#6713,#6715,.T.);
#6713 = VERTEX_POINT('',#6714);
#6714 = CARTESIAN_POINT('',(0.127,-6.858,1.776));
#6715 = LINE('',#6716,#6717);
#6716 = CARTESIAN_POINT('',(0.127,-6.858,0.));
#6717 = VECTOR('',#6718,1.);
#6718 = DIRECTION('',(0.,0.,1.));
#6719 = ORIENTED_EDGE('',*,*,#6720,.T.);
#6720 = EDGE_CURVE('',#6713,#5524,#6721,.T.);
#6721 = CIRCLE('',#6722,0.127);
#6722 = AXIS2_PLACEMENT_3D('',#6723,#6724,#6725);
#6723 = CARTESIAN_POINT('',(0.254,-6.858,1.776));
#6724 = DIRECTION('',(-4.440892098501E-16,1.,0.));
#6725 = DIRECTION('',(0.,0.,1.));
#6726 = ORIENTED_EDGE('',*,*,#5523,.T.);
#6727 = ORIENTED_EDGE('',*,*,#5594,.T.);
#6728 = PLANE('',#6729);
#6729 = AXIS2_PLACEMENT_3D('',#6730,#6731,#6732);
#6730 = CARTESIAN_POINT('',(0.254,-6.858,2.157));
#6731 = DIRECTION('',(4.440892098501E-16,-1.,0.));
#6732 = DIRECTION('',(0.,-0.,-1.));
#6733 = ADVANCED_FACE('',(#6734),#6745,.F.);
#6734 = FACE_BOUND('',#6735,.F.);
#6735 = EDGE_LOOP('',(#6736,#6737,#6738,#6739));
#6736 = ORIENTED_EDGE('',*,*,#6543,.T.);
#6737 = ORIENTED_EDGE('',*,*,#5531,.T.);
#6738 = ORIENTED_EDGE('',*,*,#6720,.F.);
#6739 = ORIENTED_EDGE('',*,*,#6740,.F.);
#6740 = EDGE_CURVE('',#6544,#6713,#6741,.T.);
#6741 = LINE('',#6742,#6743);
#6742 = CARTESIAN_POINT('',(0.127,-7.8485,1.776));
#6743 = VECTOR('',#6744,1.);
#6744 = DIRECTION('',(-4.440892098501E-16,1.,0.));
#6745 = CYLINDRICAL_SURFACE('',#6746,0.127);
#6746 = AXIS2_PLACEMENT_3D('',#6747,#6748,#6749);
#6747 = CARTESIAN_POINT('',(0.254,-7.8485,1.776));
#6748 = DIRECTION('',(-4.440892098501E-16,1.,0.));
#6749 = DIRECTION('',(-1.,-4.440892098501E-16,0.));
#6750 = ADVANCED_FACE('',(#6751),#6776,.T.);
#6751 = FACE_BOUND('',#6752,.T.);
#6752 = EDGE_LOOP('',(#6753,#6761,#6762,#6770));
#6753 = ORIENTED_EDGE('',*,*,#6754,.T.);
#6754 = EDGE_CURVE('',#6755,#5555,#6757,.T.);
#6755 = VERTEX_POINT('',#6756);
#6756 = CARTESIAN_POINT('',(0.71,-0.762,2.157));
#6757 = LINE('',#6758,#6759);
#6758 = CARTESIAN_POINT('',(3.81,-0.762,2.157));
#6759 = VECTOR('',#6760,1.);
#6760 = DIRECTION('',(-1.,-4.440892098501E-16,0.));
#6761 = ORIENTED_EDGE('',*,*,#5571,.T.);
#6762 = ORIENTED_EDGE('',*,*,#6763,.T.);
#6763 = EDGE_CURVE('',#5564,#6764,#6766,.T.);
#6764 = VERTEX_POINT('',#6765);
#6765 = CARTESIAN_POINT('',(0.71,-1.778,2.157));
#6766 = LINE('',#6767,#6768);
#6767 = CARTESIAN_POINT('',(-2.442490654175E-15,-1.778,2.157));
#6768 = VECTOR('',#6769,1.);
#6769 = DIRECTION('',(1.,4.440892098501E-16,0.));
#6770 = ORIENTED_EDGE('',*,*,#6771,.F.);
#6771 = EDGE_CURVE('',#6755,#6764,#6772,.T.);
#6772 = LINE('',#6773,#6774);
#6773 = CARTESIAN_POINT('',(0.71,0.75,2.157));
#6774 = VECTOR('',#6775,1.);
#6775 = DIRECTION('',(4.440892098501E-16,-1.,0.));
#6776 = B_SPLINE_SURFACE_WITH_KNOTS('',1,1,(
    (#6777,#6778)
    ,(#6779,#6780
    )),.UNSPECIFIED.,.F.,.F.,.F.,(2,2),(2,2),(0.,9.27),(0.,1.),
  .PIECEWISE_BEZIER_KNOTS.);
#6777 = CARTESIAN_POINT('',(0.635,0.825,2.157));
#6778 = CARTESIAN_POINT('',(0.71,0.75,2.157));
#6779 = CARTESIAN_POINT('',(0.635,-8.445,2.157));
#6780 = CARTESIAN_POINT('',(0.71,-8.37,2.157));
#6781 = ADVANCED_FACE('',(#6782),#6834,.T.);
#6782 = FACE_BOUND('',#6783,.T.);
#6783 = EDGE_LOOP('',(#6784,#6795,#6801,#6802,#6803,#6812,#6820,#6828));
#6784 = ORIENTED_EDGE('',*,*,#6785,.F.);
#6785 = EDGE_CURVE('',#6786,#6788,#6790,.T.);
#6786 = VERTEX_POINT('',#6787);
#6787 = CARTESIAN_POINT('',(0.254,-1.778,2.157));
#6788 = VERTEX_POINT('',#6789);
#6789 = CARTESIAN_POINT('',(-0.127,-1.778,1.776));
#6790 = CIRCLE('',#6791,0.381);
#6791 = AXIS2_PLACEMENT_3D('',#6792,#6793,#6794);
#6792 = CARTESIAN_POINT('',(0.254,-1.778,1.776));
#6793 = DIRECTION('',(4.440892098501E-16,-1.,0.));
#6794 = DIRECTION('',(0.,0.,1.));
#6795 = ORIENTED_EDGE('',*,*,#6796,.T.);
#6796 = EDGE_CURVE('',#6786,#5564,#6797,.T.);
#6797 = LINE('',#6798,#6799);
#6798 = CARTESIAN_POINT('',(-2.442490654175E-15,-1.778,2.157));
#6799 = VECTOR('',#6800,1.);
#6800 = DIRECTION('',(1.,4.440892098501E-16,0.));
#6801 = ORIENTED_EDGE('',*,*,#5563,.T.);
#6802 = ORIENTED_EDGE('',*,*,#5616,.F.);
#6803 = ORIENTED_EDGE('',*,*,#6804,.F.);
#6804 = EDGE_CURVE('',#6805,#5617,#6807,.T.);
#6805 = VERTEX_POINT('',#6806);
#6806 = CARTESIAN_POINT('',(0.127,-1.778,1.776));
#6807 = CIRCLE('',#6808,0.127);
#6808 = AXIS2_PLACEMENT_3D('',#6809,#6810,#6811);
#6809 = CARTESIAN_POINT('',(0.254,-1.778,1.776));
#6810 = DIRECTION('',(-4.440892098501E-16,1.,0.));
#6811 = DIRECTION('',(0.,0.,-1.));
#6812 = ORIENTED_EDGE('',*,*,#6813,.T.);
#6813 = EDGE_CURVE('',#6805,#6814,#6816,.T.);
#6814 = VERTEX_POINT('',#6815);
#6815 = CARTESIAN_POINT('',(0.127,-1.778,0.));
#6816 = LINE('',#6817,#6818);
#6817 = CARTESIAN_POINT('',(0.127,-1.778,2.157));
#6818 = VECTOR('',#6819,1.);
#6819 = DIRECTION('',(-0.,0.,-1.));
#6820 = ORIENTED_EDGE('',*,*,#6821,.F.);
#6821 = EDGE_CURVE('',#6822,#6814,#6824,.T.);
#6822 = VERTEX_POINT('',#6823);
#6823 = CARTESIAN_POINT('',(-0.127,-1.778,0.));
#6824 = LINE('',#6825,#6826);
#6825 = CARTESIAN_POINT('',(-0.127,-1.778,0.));
#6826 = VECTOR('',#6827,1.);
#6827 = DIRECTION('',(1.,4.440892098501E-16,0.));
#6828 = ORIENTED_EDGE('',*,*,#6829,.F.);
#6829 = EDGE_CURVE('',#6788,#6822,#6830,.T.);
#6830 = LINE('',#6831,#6832);
#6831 = CARTESIAN_POINT('',(-0.127,-1.778,2.157));
#6832 = VECTOR('',#6833,1.);
#6833 = DIRECTION('',(-0.,0.,-1.));
#6834 = PLANE('',#6835);
#6835 = AXIS2_PLACEMENT_3D('',#6836,#6837,#6838);
#6836 = CARTESIAN_POINT('',(0.254,-1.778,2.157));
#6837 = DIRECTION('',(-4.440892098501E-16,1.,0.));
#6838 = DIRECTION('',(0.,0.,1.));
#6839 = ADVANCED_FACE('',(#6840),#6892,.F.);
#6840 = FACE_BOUND('',#6841,.F.);
#6841 = EDGE_LOOP('',(#6842,#6853,#6859,#6860,#6861,#6870,#6878,#6886));
#6842 = ORIENTED_EDGE('',*,*,#6843,.F.);
#6843 = EDGE_CURVE('',#6844,#6846,#6848,.T.);
#6844 = VERTEX_POINT('',#6845);
#6845 = CARTESIAN_POINT('',(0.254,-5.842,2.157));
#6846 = VERTEX_POINT('',#6847);
#6847 = CARTESIAN_POINT('',(-0.127,-5.842,1.776));
#6848 = CIRCLE('',#6849,0.381);
#6849 = AXIS2_PLACEMENT_3D('',#6850,#6851,#6852);
#6850 = CARTESIAN_POINT('',(0.254,-5.842,1.776));
#6851 = DIRECTION('',(4.440892098501E-16,-1.,0.));
#6852 = DIRECTION('',(0.,0.,1.));
#6853 = ORIENTED_EDGE('',*,*,#6854,.F.);
#6854 = EDGE_CURVE('',#5586,#6844,#6855,.T.);
#6855 = LINE('',#6856,#6857);
#6856 = CARTESIAN_POINT('',(3.937,-5.842,2.157));
#6857 = VECTOR('',#6858,1.);
#6858 = DIRECTION('',(-1.,-4.440892098501E-16,0.));
#6859 = ORIENTED_EDGE('',*,*,#5585,.T.);
#6860 = ORIENTED_EDGE('',*,*,#5663,.T.);
#6861 = ORIENTED_EDGE('',*,*,#6862,.F.);
#6862 = EDGE_CURVE('',#6863,#5656,#6865,.T.);
#6863 = VERTEX_POINT('',#6864);
#6864 = CARTESIAN_POINT('',(0.127,-5.842,1.776));
#6865 = CIRCLE('',#6866,0.127);
#6866 = AXIS2_PLACEMENT_3D('',#6867,#6868,#6869);
#6867 = CARTESIAN_POINT('',(0.254,-5.842,1.776));
#6868 = DIRECTION('',(-4.440892098501E-16,1.,0.));
#6869 = DIRECTION('',(0.,0.,-1.));
#6870 = ORIENTED_EDGE('',*,*,#6871,.F.);
#6871 = EDGE_CURVE('',#6872,#6863,#6874,.T.);
#6872 = VERTEX_POINT('',#6873);
#6873 = CARTESIAN_POINT('',(0.127,-5.842,0.));
#6874 = LINE('',#6875,#6876);
#6875 = CARTESIAN_POINT('',(0.127,-5.842,0.));
#6876 = VECTOR('',#6877,1.);
#6877 = DIRECTION('',(0.,0.,1.));
#6878 = ORIENTED_EDGE('',*,*,#6879,.F.);
#6879 = EDGE_CURVE('',#6880,#6872,#6882,.T.);
#6880 = VERTEX_POINT('',#6881);
#6881 = CARTESIAN_POINT('',(-0.127,-5.842,0.));
#6882 = LINE('',#6883,#6884);
#6883 = CARTESIAN_POINT('',(-0.127,-5.842,0.));
#6884 = VECTOR('',#6885,1.);
#6885 = DIRECTION('',(1.,4.440892098501E-16,0.));
#6886 = ORIENTED_EDGE('',*,*,#6887,.T.);
#6887 = EDGE_CURVE('',#6880,#6846,#6888,.T.);
#6888 = LINE('',#6889,#6890);
#6889 = CARTESIAN_POINT('',(-0.127,-5.842,0.));
#6890 = VECTOR('',#6891,1.);
#6891 = DIRECTION('',(0.,0.,1.));
#6892 = PLANE('',#6893);
#6893 = AXIS2_PLACEMENT_3D('',#6894,#6895,#6896);
#6894 = CARTESIAN_POINT('',(0.254,-5.842,2.157));
#6895 = DIRECTION('',(-4.440892098501E-16,1.,0.));
#6896 = DIRECTION('',(0.,0.,1.));
#6897 = ADVANCED_FACE('',(#6898),#6923,.T.);
#6898 = FACE_BOUND('',#6899,.T.);
#6899 = EDGE_LOOP('',(#6900,#6908,#6909,#6917));
#6900 = ORIENTED_EDGE('',*,*,#6901,.T.);
#6901 = EDGE_CURVE('',#6902,#5586,#6904,.T.);
#6902 = VERTEX_POINT('',#6903);
#6903 = CARTESIAN_POINT('',(0.71,-5.842,2.157));
#6904 = LINE('',#6905,#6906);
#6905 = CARTESIAN_POINT('',(3.937,-5.842,2.157));
#6906 = VECTOR('',#6907,1.);
#6907 = DIRECTION('',(-1.,-4.440892098501E-16,0.));
#6908 = ORIENTED_EDGE('',*,*,#5602,.T.);
#6909 = ORIENTED_EDGE('',*,*,#6910,.T.);
#6910 = EDGE_CURVE('',#5595,#6911,#6913,.T.);
#6911 = VERTEX_POINT('',#6912);
#6912 = CARTESIAN_POINT('',(0.71,-6.858,2.157));
#6913 = LINE('',#6914,#6915);
#6914 = CARTESIAN_POINT('',(-0.127,-6.858,2.157));
#6915 = VECTOR('',#6916,1.);
#6916 = DIRECTION('',(1.,4.440892098501E-16,0.));
#6917 = ORIENTED_EDGE('',*,*,#6918,.F.);
#6918 = EDGE_CURVE('',#6902,#6911,#6919,.T.);
#6919 = LINE('',#6920,#6921);
#6920 = CARTESIAN_POINT('',(0.71,0.75,2.157));
#6921 = VECTOR('',#6922,1.);
#6922 = DIRECTION('',(4.440892098501E-16,-1.,0.));
#6923 = B_SPLINE_SURFACE_WITH_KNOTS('',1,1,(
    (#6924,#6925)
    ,(#6926,#6927
    )),.UNSPECIFIED.,.F.,.F.,.F.,(2,2),(2,2),(0.,9.27),(0.,1.),
  .PIECEWISE_BEZIER_KNOTS.);
#6924 = CARTESIAN_POINT('',(0.635,0.825,2.157));
#6925 = CARTESIAN_POINT('',(0.71,0.75,2.157));
#6926 = CARTESIAN_POINT('',(0.635,-8.445,2.157));
#6927 = CARTESIAN_POINT('',(0.71,-8.37,2.157));
#6928 = ADVANCED_FACE('',(#6929),#6981,.F.);
#6929 = FACE_BOUND('',#6930,.F.);
#6930 = EDGE_LOOP('',(#6931,#6942,#6948,#6949,#6950,#6959,#6967,#6975));
#6931 = ORIENTED_EDGE('',*,*,#6932,.F.);
#6932 = EDGE_CURVE('',#6933,#6935,#6937,.T.);
#6933 = VERTEX_POINT('',#6934);
#6934 = CARTESIAN_POINT('',(0.254,-3.302,2.157));
#6935 = VERTEX_POINT('',#6936);
#6936 = CARTESIAN_POINT('',(-0.127,-3.302,1.776));
#6937 = CIRCLE('',#6938,0.381);
#6938 = AXIS2_PLACEMENT_3D('',#6939,#6940,#6941);
#6939 = CARTESIAN_POINT('',(0.254,-3.302,1.776));
#6940 = DIRECTION('',(4.440892098501E-16,-1.,0.));
#6941 = DIRECTION('',(0.,0.,1.));
#6942 = ORIENTED_EDGE('',*,*,#6943,.F.);
#6943 = EDGE_CURVE('',#5679,#6933,#6944,.T.);
#6944 = LINE('',#6945,#6946);
#6945 = CARTESIAN_POINT('',(3.937,-3.302,2.157));
#6946 = VECTOR('',#6947,1.);
#6947 = DIRECTION('',(-1.,-4.440892098501E-16,0.));
#6948 = ORIENTED_EDGE('',*,*,#5678,.T.);
#6949 = ORIENTED_EDGE('',*,*,#5632,.T.);
#6950 = ORIENTED_EDGE('',*,*,#6951,.F.);
#6951 = EDGE_CURVE('',#6952,#5625,#6954,.T.);
#6952 = VERTEX_POINT('',#6953);
#6953 = CARTESIAN_POINT('',(0.127,-3.302,1.776));
#6954 = CIRCLE('',#6955,0.127);
#6955 = AXIS2_PLACEMENT_3D('',#6956,#6957,#6958);
#6956 = CARTESIAN_POINT('',(0.254,-3.302,1.776));
#6957 = DIRECTION('',(-4.440892098501E-16,1.,0.));
#6958 = DIRECTION('',(0.,0.,-1.));
#6959 = ORIENTED_EDGE('',*,*,#6960,.F.);
#6960 = EDGE_CURVE('',#6961,#6952,#6963,.T.);
#6961 = VERTEX_POINT('',#6962);
#6962 = CARTESIAN_POINT('',(0.127,-3.302,0.));
#6963 = LINE('',#6964,#6965);
#6964 = CARTESIAN_POINT('',(0.127,-3.302,0.));
#6965 = VECTOR('',#6966,1.);
#6966 = DIRECTION('',(0.,0.,1.));
#6967 = ORIENTED_EDGE('',*,*,#6968,.F.);
#6968 = EDGE_CURVE('',#6969,#6961,#6971,.T.);
#6969 = VERTEX_POINT('',#6970);
#6970 = CARTESIAN_POINT('',(-0.127,-3.302,0.));
#6971 = LINE('',#6972,#6973);
#6972 = CARTESIAN_POINT('',(-0.127,-3.302,0.));
#6973 = VECTOR('',#6974,1.);
#6974 = DIRECTION('',(1.,4.440892098501E-16,0.));
#6975 = ORIENTED_EDGE('',*,*,#6976,.T.);
#6976 = EDGE_CURVE('',#6969,#6935,#6977,.T.);
#6977 = LINE('',#6978,#6979);
#6978 = CARTESIAN_POINT('',(-0.127,-3.302,0.));
#6979 = VECTOR('',#6980,1.);
#6980 = DIRECTION('',(0.,0.,1.));
#6981 = PLANE('',#6982);
#6982 = AXIS2_PLACEMENT_3D('',#6983,#6984,#6985);
#6983 = CARTESIAN_POINT('',(0.254,-3.302,2.157));
#6984 = DIRECTION('',(-4.440892098501E-16,1.,0.));
#6985 = DIRECTION('',(0.,0.,1.));
#6986 = ADVANCED_FACE('',(#6987),#6998,.F.);
#6987 = FACE_BOUND('',#6988,.F.);
#6988 = EDGE_LOOP('',(#6989,#6995,#6996,#6997));
#6989 = ORIENTED_EDGE('',*,*,#6990,.T.);
#6990 = EDGE_CURVE('',#6805,#6952,#6991,.T.);
#6991 = LINE('',#6992,#6993);
#6992 = CARTESIAN_POINT('',(0.127,-1.778,1.776));
#6993 = VECTOR('',#6994,1.);
#6994 = DIRECTION('',(4.440892098501E-16,-1.,0.));
#6995 = ORIENTED_EDGE('',*,*,#6951,.T.);
#6996 = ORIENTED_EDGE('',*,*,#5624,.F.);
#6997 = ORIENTED_EDGE('',*,*,#6804,.F.);
#6998 = CYLINDRICAL_SURFACE('',#6999,0.127);
#6999 = AXIS2_PLACEMENT_3D('',#7000,#7001,#7002);
#7000 = CARTESIAN_POINT('',(0.254,-1.778,1.776));
#7001 = DIRECTION('',(4.440892098501E-16,-1.,0.));
#7002 = DIRECTION('',(-1.,-4.440892098501E-16,0.));
#7003 = ADVANCED_FACE('',(#7004),#7056,.T.);
#7004 = FACE_BOUND('',#7005,.T.);
#7005 = EDGE_LOOP('',(#7006,#7017,#7023,#7024,#7025,#7034,#7042,#7050));
#7006 = ORIENTED_EDGE('',*,*,#7007,.F.);
#7007 = EDGE_CURVE('',#7008,#7010,#7012,.T.);
#7008 = VERTEX_POINT('',#7009);
#7009 = CARTESIAN_POINT('',(0.254,-4.318,2.157));
#7010 = VERTEX_POINT('',#7011);
#7011 = CARTESIAN_POINT('',(-0.127,-4.318,1.776));
#7012 = CIRCLE('',#7013,0.381);
#7013 = AXIS2_PLACEMENT_3D('',#7014,#7015,#7016);
#7014 = CARTESIAN_POINT('',(0.254,-4.318,1.776));
#7015 = DIRECTION('',(4.440892098501E-16,-1.,0.));
#7016 = DIRECTION('',(0.,0.,1.));
#7017 = ORIENTED_EDGE('',*,*,#7018,.T.);
#7018 = EDGE_CURVE('',#7008,#5688,#7019,.T.);
#7019 = LINE('',#7020,#7021);
#7020 = CARTESIAN_POINT('',(-1.110223024625E-15,-4.318,2.157));
#7021 = VECTOR('',#7022,1.);
#7022 = DIRECTION('',(1.,4.440892098501E-16,0.));
#7023 = ORIENTED_EDGE('',*,*,#5687,.T.);
#7024 = ORIENTED_EDGE('',*,*,#5647,.F.);
#7025 = ORIENTED_EDGE('',*,*,#7026,.F.);
#7026 = EDGE_CURVE('',#7027,#5648,#7029,.T.);
#7027 = VERTEX_POINT('',#7028);
#7028 = CARTESIAN_POINT('',(0.127,-4.318,1.776));
#7029 = CIRCLE('',#7030,0.127);
#7030 = AXIS2_PLACEMENT_3D('',#7031,#7032,#7033);
#7031 = CARTESIAN_POINT('',(0.254,-4.318,1.776));
#7032 = DIRECTION('',(-4.440892098501E-16,1.,0.));
#7033 = DIRECTION('',(0.,0.,-1.));
#7034 = ORIENTED_EDGE('',*,*,#7035,.T.);
#7035 = EDGE_CURVE('',#7027,#7036,#7038,.T.);
#7036 = VERTEX_POINT('',#7037);
#7037 = CARTESIAN_POINT('',(0.127,-4.318,0.));
#7038 = LINE('',#7039,#7040);
#7039 = CARTESIAN_POINT('',(0.127,-4.318,2.157));
#7040 = VECTOR('',#7041,1.);
#7041 = DIRECTION('',(-0.,0.,-1.));
#7042 = ORIENTED_EDGE('',*,*,#7043,.F.);
#7043 = EDGE_CURVE('',#7044,#7036,#7046,.T.);
#7044 = VERTEX_POINT('',#7045);
#7045 = CARTESIAN_POINT('',(-0.127,-4.318,0.));
#7046 = LINE('',#7047,#7048);
#7047 = CARTESIAN_POINT('',(-0.127,-4.318,0.));
#7048 = VECTOR('',#7049,1.);
#7049 = DIRECTION('',(1.,4.440892098501E-16,0.));
#7050 = ORIENTED_EDGE('',*,*,#7051,.F.);
#7051 = EDGE_CURVE('',#7010,#7044,#7052,.T.);
#7052 = LINE('',#7053,#7054);
#7053 = CARTESIAN_POINT('',(-0.127,-4.318,2.157));
#7054 = VECTOR('',#7055,1.);
#7055 = DIRECTION('',(-0.,0.,-1.));
#7056 = PLANE('',#7057);
#7057 = AXIS2_PLACEMENT_3D('',#7058,#7059,#7060);
#7058 = CARTESIAN_POINT('',(0.254,-4.318,2.157));
#7059 = DIRECTION('',(-4.440892098501E-16,1.,0.));
#7060 = DIRECTION('',(0.,0.,1.));
#7061 = ADVANCED_FACE('',(#7062),#7073,.F.);
#7062 = FACE_BOUND('',#7063,.F.);
#7063 = EDGE_LOOP('',(#7064,#7070,#7071,#7072));
#7064 = ORIENTED_EDGE('',*,*,#7065,.T.);
#7065 = EDGE_CURVE('',#7027,#6863,#7066,.T.);
#7066 = LINE('',#7067,#7068);
#7067 = CARTESIAN_POINT('',(0.127,-4.318,1.776));
#7068 = VECTOR('',#7069,1.);
#7069 = DIRECTION('',(4.440892098501E-16,-1.,0.));
#7070 = ORIENTED_EDGE('',*,*,#6862,.T.);
#7071 = ORIENTED_EDGE('',*,*,#5655,.F.);
#7072 = ORIENTED_EDGE('',*,*,#7026,.F.);
#7073 = CYLINDRICAL_SURFACE('',#7074,0.127);
#7074 = AXIS2_PLACEMENT_3D('',#7075,#7076,#7077);
#7075 = CARTESIAN_POINT('',(0.254,-4.318,1.776));
#7076 = DIRECTION('',(4.440892098501E-16,-1.,0.));
#7077 = DIRECTION('',(-1.,-4.440892098501E-16,0.));
#7078 = ADVANCED_FACE('',(#7079),#7104,.T.);
#7079 = FACE_BOUND('',#7080,.T.);
#7080 = EDGE_LOOP('',(#7081,#7089,#7090,#7098));
#7081 = ORIENTED_EDGE('',*,*,#7082,.T.);
#7082 = EDGE_CURVE('',#7083,#5679,#7085,.T.);
#7083 = VERTEX_POINT('',#7084);
#7084 = CARTESIAN_POINT('',(0.71,-3.302,2.157));
#7085 = LINE('',#7086,#7087);
#7086 = CARTESIAN_POINT('',(3.937,-3.302,2.157));
#7087 = VECTOR('',#7088,1.);
#7088 = DIRECTION('',(-1.,-4.440892098501E-16,0.));
#7089 = ORIENTED_EDGE('',*,*,#5695,.T.);
#7090 = ORIENTED_EDGE('',*,*,#7091,.T.);
#7091 = EDGE_CURVE('',#5688,#7092,#7094,.T.);
#7092 = VERTEX_POINT('',#7093);
#7093 = CARTESIAN_POINT('',(0.71,-4.318,2.157));
#7094 = LINE('',#7095,#7096);
#7095 = CARTESIAN_POINT('',(-1.110223024625E-15,-4.318,2.157));
#7096 = VECTOR('',#7097,1.);
#7097 = DIRECTION('',(1.,4.440892098501E-16,0.));
#7098 = ORIENTED_EDGE('',*,*,#7099,.F.);
#7099 = EDGE_CURVE('',#7083,#7092,#7100,.T.);
#7100 = LINE('',#7101,#7102);
#7101 = CARTESIAN_POINT('',(0.71,0.75,2.157));
#7102 = VECTOR('',#7103,1.);
#7103 = DIRECTION('',(4.440892098501E-16,-1.,0.));
#7104 = B_SPLINE_SURFACE_WITH_KNOTS('',1,1,(
    (#7105,#7106)
    ,(#7107,#7108
    )),.UNSPECIFIED.,.F.,.F.,.F.,(2,2),(2,2),(0.,9.27),(0.,1.),
  .PIECEWISE_BEZIER_KNOTS.);
#7105 = CARTESIAN_POINT('',(0.635,0.825,2.157));
#7106 = CARTESIAN_POINT('',(0.71,0.75,2.157));
#7107 = CARTESIAN_POINT('',(0.635,-8.445,2.157));
#7108 = CARTESIAN_POINT('',(0.71,-8.37,2.157));
#7109 = ADVANCED_FACE('',(#7110),#7121,.T.);
#7110 = FACE_BOUND('',#7111,.T.);
#7111 = EDGE_LOOP('',(#7112,#7113,#7114,#7120));
#7112 = ORIENTED_EDGE('',*,*,#5711,.T.);
#7113 = ORIENTED_EDGE('',*,*,#5726,.T.);
#7114 = ORIENTED_EDGE('',*,*,#7115,.F.);
#7115 = EDGE_CURVE('',#6584,#5727,#7116,.T.);
#7116 = LINE('',#7117,#7118);
#7117 = CARTESIAN_POINT('',(0.71,-8.37,2.157));
#7118 = VECTOR('',#7119,1.);
#7119 = DIRECTION('',(1.,4.440892098501E-16,0.));
#7120 = ORIENTED_EDGE('',*,*,#6583,.F.);
#7121 = B_SPLINE_SURFACE_WITH_KNOTS('',1,1,(
    (#7122,#7123)
    ,(#7124,#7125
    )),.UNSPECIFIED.,.F.,.F.,.F.,(2,2),(2,2),(0.,6.35),(0.,1.),
  .PIECEWISE_BEZIER_KNOTS.);
#7122 = CARTESIAN_POINT('',(0.635,-8.445,2.157));
#7123 = CARTESIAN_POINT('',(0.71,-8.37,2.157));
#7124 = CARTESIAN_POINT('',(6.985,-8.445,2.157));
#7125 = CARTESIAN_POINT('',(6.91,-8.37,2.157));
#7126 = ADVANCED_FACE('',(#7127),#7178,.T.);
#7127 = FACE_BOUND('',#7128,.T.);
#7128 = EDGE_LOOP('',(#7129,#7130,#7136,#7137,#7143,#7144,#7150,#7151,
    #7157,#7158,#7165,#7173));
#7129 = ORIENTED_EDGE('',*,*,#5742,.T.);
#7130 = ORIENTED_EDGE('',*,*,#7131,.T.);
#7131 = EDGE_CURVE('',#5735,#6053,#7132,.T.);
#7132 = LINE('',#7133,#7134);
#7133 = CARTESIAN_POINT('',(6.91,-8.37,2.157));
#7134 = VECTOR('',#7135,1.);
#7135 = DIRECTION('',(-4.440892098501E-16,1.,0.));
#7136 = ORIENTED_EDGE('',*,*,#6069,.T.);
#7137 = ORIENTED_EDGE('',*,*,#7138,.T.);
#7138 = EDGE_CURVE('',#6062,#6381,#7139,.T.);
#7139 = LINE('',#7140,#7141);
#7140 = CARTESIAN_POINT('',(6.91,-8.37,2.157));
#7141 = VECTOR('',#7142,1.);
#7142 = DIRECTION('',(-4.440892098501E-16,1.,0.));
#7143 = ORIENTED_EDGE('',*,*,#6397,.T.);
#7144 = ORIENTED_EDGE('',*,*,#7145,.T.);
#7145 = EDGE_CURVE('',#6390,#6200,#7146,.T.);
#7146 = LINE('',#7147,#7148);
#7147 = CARTESIAN_POINT('',(6.91,-8.37,2.157));
#7148 = VECTOR('',#7149,1.);
#7149 = DIRECTION('',(-4.440892098501E-16,1.,0.));
#7150 = ORIENTED_EDGE('',*,*,#6216,.T.);
#7151 = ORIENTED_EDGE('',*,*,#7152,.T.);
#7152 = EDGE_CURVE('',#6209,#5873,#7153,.T.);
#7153 = LINE('',#7154,#7155);
#7154 = CARTESIAN_POINT('',(6.91,-8.37,2.157));
#7155 = VECTOR('',#7156,1.);
#7156 = DIRECTION('',(-4.440892098501E-16,1.,0.));
#7157 = ORIENTED_EDGE('',*,*,#5888,.T.);
#7158 = ORIENTED_EDGE('',*,*,#7159,.T.);
#7159 = EDGE_CURVE('',#5882,#7160,#7162,.T.);
#7160 = VERTEX_POINT('',#7161);
#7161 = CARTESIAN_POINT('',(6.586276356577,0.426276356577,3.68));
#7162 = B_SPLINE_CURVE_WITH_KNOTS('',1,(#7163,#7164),.UNSPECIFIED.,.F.,
  .F.,(2,2),(0.,1.),.PIECEWISE_BEZIER_KNOTS.);
#7163 = CARTESIAN_POINT('',(6.91,0.75,2.157));
#7164 = CARTESIAN_POINT('',(6.586276356577,0.426276356577,3.68));
#7165 = ORIENTED_EDGE('',*,*,#7166,.F.);
#7166 = EDGE_CURVE('',#7167,#7160,#7169,.T.);
#7167 = VERTEX_POINT('',#7168);
#7168 = CARTESIAN_POINT('',(6.586276356577,-8.046276356577,3.68));
#7169 = LINE('',#7170,#7171);
#7170 = CARTESIAN_POINT('',(6.586276356577,-8.046276356577,3.68));
#7171 = VECTOR('',#7172,1.);
#7172 = DIRECTION('',(-4.440892098501E-16,1.,0.));
#7173 = ORIENTED_EDGE('',*,*,#7174,.F.);
#7174 = EDGE_CURVE('',#5727,#7167,#7175,.T.);
#7175 = B_SPLINE_CURVE_WITH_KNOTS('',1,(#7176,#7177),.UNSPECIFIED.,.F.,
  .F.,(2,2),(0.,1.),.PIECEWISE_BEZIER_KNOTS.);
#7176 = CARTESIAN_POINT('',(6.91,-8.37,2.157));
#7177 = CARTESIAN_POINT('',(6.586276356577,-8.046276356577,3.68));
#7178 = B_SPLINE_SURFACE_WITH_KNOTS('',1,1,(
    (#7179,#7180)
    ,(#7181,#7182
    )),.UNSPECIFIED.,.F.,.F.,.F.,(2,2),(2,2),(0.,9.12),(0.,1.),
  .PIECEWISE_BEZIER_KNOTS.);
#7179 = CARTESIAN_POINT('',(6.91,-8.37,2.157));
#7180 = CARTESIAN_POINT('',(6.586276356577,-8.046276356577,3.68));
#7181 = CARTESIAN_POINT('',(6.91,0.75,2.157));
#7182 = CARTESIAN_POINT('',(6.586276356577,0.426276356577,3.68));
#7183 = ADVANCED_FACE('',(#7184),#7197,.T.);
#7184 = FACE_BOUND('',#7185,.T.);
#7185 = EDGE_LOOP('',(#7186,#7187,#7188,#7189,#7195,#7196));
#7186 = ORIENTED_EDGE('',*,*,#7131,.F.);
#7187 = ORIENTED_EDGE('',*,*,#5734,.F.);
#7188 = ORIENTED_EDGE('',*,*,#5758,.F.);
#7189 = ORIENTED_EDGE('',*,*,#7190,.F.);
#7190 = EDGE_CURVE('',#5938,#5759,#7191,.T.);
#7191 = LINE('',#7192,#7193);
#7192 = CARTESIAN_POINT('',(7.366,-6.858,2.157));
#7193 = VECTOR('',#7194,1.);
#7194 = DIRECTION('',(3.216245299353E-16,-1.,0.));
#7195 = ORIENTED_EDGE('',*,*,#5946,.F.);
#7196 = ORIENTED_EDGE('',*,*,#6052,.F.);
#7197 = PLANE('',#7198);
#7198 = AXIS2_PLACEMENT_3D('',#7199,#7200,#7201);
#7199 = CARTESIAN_POINT('',(3.81,-7.8485,2.157));
#7200 = DIRECTION('',(0.,0.,1.));
#7201 = DIRECTION('',(-4.440892098501E-16,1.,0.));
#7202 = ADVANCED_FACE('',(#7203),#7246,.T.);
#7203 = FACE_BOUND('',#7204,.T.);
#7204 = EDGE_LOOP('',(#7205,#7206,#7207,#7208,#7216,#7224,#7232,#7240));
#7205 = ORIENTED_EDGE('',*,*,#5791,.F.);
#7206 = ORIENTED_EDGE('',*,*,#5960,.T.);
#7207 = ORIENTED_EDGE('',*,*,#5913,.F.);
#7208 = ORIENTED_EDGE('',*,*,#7209,.F.);
#7209 = EDGE_CURVE('',#7210,#5914,#7212,.T.);
#7210 = VERTEX_POINT('',#7211);
#7211 = CARTESIAN_POINT('',(7.493,-7.3915,0.));
#7212 = LINE('',#7213,#7214);
#7213 = CARTESIAN_POINT('',(7.493,-7.3915,0.));
#7214 = VECTOR('',#7215,1.);
#7215 = DIRECTION('',(-3.216245299353E-16,1.,0.));
#7216 = ORIENTED_EDGE('',*,*,#7217,.F.);
#7217 = EDGE_CURVE('',#7218,#7210,#7220,.T.);
#7218 = VERTEX_POINT('',#7219);
#7219 = CARTESIAN_POINT('',(7.493,-7.3915,-2.843));
#7220 = LINE('',#7221,#7222);
#7221 = CARTESIAN_POINT('',(7.493,-7.3915,-2.843));
#7222 = VECTOR('',#7223,1.);
#7223 = DIRECTION('',(0.,0.,1.));
#7224 = ORIENTED_EDGE('',*,*,#7225,.F.);
#7225 = EDGE_CURVE('',#7226,#7218,#7228,.T.);
#7226 = VERTEX_POINT('',#7227);
#7227 = CARTESIAN_POINT('',(7.493,-7.50575,-3.3));
#7228 = LINE('',#7229,#7230);
#7229 = CARTESIAN_POINT('',(7.493,-7.50575,-3.3));
#7230 = VECTOR('',#7231,1.);
#7231 = DIRECTION('',(-7.800540639491E-17,0.242535625036,0.970142500145)
  );
#7232 = ORIENTED_EDGE('',*,*,#7233,.F.);
#7233 = EDGE_CURVE('',#7234,#7226,#7236,.T.);
#7234 = VERTEX_POINT('',#7235);
#7235 = CARTESIAN_POINT('',(7.493,-7.73425,-3.3));
#7236 = LINE('',#7237,#7238);
#7237 = CARTESIAN_POINT('',(7.493,-7.73425,-3.3));
#7238 = VECTOR('',#7239,1.);
#7239 = DIRECTION('',(-3.216245299353E-16,1.,0.));
#7240 = ORIENTED_EDGE('',*,*,#7241,.F.);
#7241 = EDGE_CURVE('',#5784,#7234,#7242,.T.);
#7242 = LINE('',#7243,#7244);
#7243 = CARTESIAN_POINT('',(7.493,-7.8485,-2.843));
#7244 = VECTOR('',#7245,1.);
#7245 = DIRECTION('',(-7.800540639491E-17,0.242535625036,-0.970142500145
    ));
#7246 = PLANE('',#7247);
#7247 = AXIS2_PLACEMENT_3D('',#7248,#7249,#7250);
#7248 = CARTESIAN_POINT('',(7.493,-7.8485,2.157));
#7249 = DIRECTION('',(-1.,-3.216245299353E-16,0.));
#7250 = DIRECTION('',(-0.,0.,-1.));
#7251 = ADVANCED_FACE('',(#7252),#7270,.T.);
#7252 = FACE_BOUND('',#7253,.T.);
#7253 = EDGE_LOOP('',(#7254,#7255,#7256,#7264));
#7254 = ORIENTED_EDGE('',*,*,#5783,.T.);
#7255 = ORIENTED_EDGE('',*,*,#7241,.T.);
#7256 = ORIENTED_EDGE('',*,*,#7257,.F.);
#7257 = EDGE_CURVE('',#7258,#7234,#7260,.T.);
#7258 = VERTEX_POINT('',#7259);
#7259 = CARTESIAN_POINT('',(7.747,-7.73425,-3.3));
#7260 = LINE('',#7261,#7262);
#7261 = CARTESIAN_POINT('',(7.747,-7.73425,-3.3));
#7262 = VECTOR('',#7263,1.);
#7263 = DIRECTION('',(-1.,-3.216245299353E-16,0.));
#7264 = ORIENTED_EDGE('',*,*,#7265,.F.);
#7265 = EDGE_CURVE('',#5776,#7258,#7266,.T.);
#7266 = LINE('',#7267,#7268);
#7267 = CARTESIAN_POINT('',(7.747,-7.8485,-2.843));
#7268 = VECTOR('',#7269,1.);
#7269 = DIRECTION('',(-7.800540639491E-17,0.242535625036,-0.970142500145
    ));
#7270 = PLANE('',#7271);
#7271 = AXIS2_PLACEMENT_3D('',#7272,#7273,#7274);
#7272 = CARTESIAN_POINT('',(7.747,-7.8485,-2.843));
#7273 = DIRECTION('',(3.120216255796E-16,-0.970142500145,-0.242535625036
    ));
#7274 = DIRECTION('',(-7.800540639491E-17,0.242535625036,-0.970142500145
    ));
#7275 = ADVANCED_FACE('',(#7276),#7317,.F.);
#7276 = FACE_BOUND('',#7277,.F.);
#7277 = EDGE_LOOP('',(#7278,#7279,#7285,#7286,#7294,#7302,#7310,#7316));
#7278 = ORIENTED_EDGE('',*,*,#5775,.F.);
#7279 = ORIENTED_EDGE('',*,*,#7280,.F.);
#7280 = EDGE_CURVE('',#5930,#5767,#7281,.T.);
#7281 = LINE('',#7282,#7283);
#7282 = CARTESIAN_POINT('',(7.747,-6.858,1.776));
#7283 = VECTOR('',#7284,1.);
#7284 = DIRECTION('',(3.216245299353E-16,-1.,0.));
#7285 = ORIENTED_EDGE('',*,*,#5929,.F.);
#7286 = ORIENTED_EDGE('',*,*,#7287,.F.);
#7287 = EDGE_CURVE('',#7288,#5922,#7290,.T.);
#7288 = VERTEX_POINT('',#7289);
#7289 = CARTESIAN_POINT('',(7.747,-7.3915,0.));
#7290 = LINE('',#7291,#7292);
#7291 = CARTESIAN_POINT('',(7.747,-7.3915,0.));
#7292 = VECTOR('',#7293,1.);
#7293 = DIRECTION('',(-3.216245299353E-16,1.,0.));
#7294 = ORIENTED_EDGE('',*,*,#7295,.F.);
#7295 = EDGE_CURVE('',#7296,#7288,#7298,.T.);
#7296 = VERTEX_POINT('',#7297);
#7297 = CARTESIAN_POINT('',(7.747,-7.3915,-2.843));
#7298 = LINE('',#7299,#7300);
#7299 = CARTESIAN_POINT('',(7.747,-7.3915,-2.843));
#7300 = VECTOR('',#7301,1.);
#7301 = DIRECTION('',(0.,0.,1.));
#7302 = ORIENTED_EDGE('',*,*,#7303,.F.);
#7303 = EDGE_CURVE('',#7304,#7296,#7306,.T.);
#7304 = VERTEX_POINT('',#7305);
#7305 = CARTESIAN_POINT('',(7.747,-7.50575,-3.3));
#7306 = LINE('',#7307,#7308);
#7307 = CARTESIAN_POINT('',(7.747,-7.50575,-3.3));
#7308 = VECTOR('',#7309,1.);
#7309 = DIRECTION('',(-7.800540639491E-17,0.242535625036,0.970142500145)
  );
#7310 = ORIENTED_EDGE('',*,*,#7311,.F.);
#7311 = EDGE_CURVE('',#7258,#7304,#7312,.T.);
#7312 = LINE('',#7313,#7314);
#7313 = CARTESIAN_POINT('',(7.747,-7.73425,-3.3));
#7314 = VECTOR('',#7315,1.);
#7315 = DIRECTION('',(-3.216245299353E-16,1.,0.));
#7316 = ORIENTED_EDGE('',*,*,#7265,.F.);
#7317 = PLANE('',#7318);
#7318 = AXIS2_PLACEMENT_3D('',#7319,#7320,#7321);
#7319 = CARTESIAN_POINT('',(7.747,-7.8485,2.157));
#7320 = DIRECTION('',(-1.,-3.216245299353E-16,0.));
#7321 = DIRECTION('',(-0.,0.,-1.));
#7322 = ADVANCED_FACE('',(#7323),#7329,.T.);
#7323 = FACE_BOUND('',#7324,.T.);
#7324 = EDGE_LOOP('',(#7325,#7326,#7327,#7328));
#7325 = ORIENTED_EDGE('',*,*,#7190,.T.);
#7326 = ORIENTED_EDGE('',*,*,#5766,.T.);
#7327 = ORIENTED_EDGE('',*,*,#7280,.F.);
#7328 = ORIENTED_EDGE('',*,*,#5937,.F.);
#7329 = CYLINDRICAL_SURFACE('',#7330,0.381);
#7330 = AXIS2_PLACEMENT_3D('',#7331,#7332,#7333);
#7331 = CARTESIAN_POINT('',(7.366,-6.858,1.776));
#7332 = DIRECTION('',(3.216245299353E-16,-1.,0.));
#7333 = DIRECTION('',(0.,0.,1.));
#7334 = ADVANCED_FACE('',(#7335),#7348,.T.);
#7335 = FACE_BOUND('',#7336,.T.);
#7336 = EDGE_LOOP('',(#7337,#7338,#7339,#7340,#7346,#7347));
#7337 = ORIENTED_EDGE('',*,*,#7152,.F.);
#7338 = ORIENTED_EDGE('',*,*,#6208,.F.);
#7339 = ORIENTED_EDGE('',*,*,#6038,.F.);
#7340 = ORIENTED_EDGE('',*,*,#7341,.F.);
#7341 = EDGE_CURVE('',#5850,#6030,#7342,.T.);
#7342 = LINE('',#7343,#7344);
#7343 = CARTESIAN_POINT('',(7.366,0.2285,2.157));
#7344 = VECTOR('',#7345,1.);
#7345 = DIRECTION('',(3.216245299353E-16,-1.,0.));
#7346 = ORIENTED_EDGE('',*,*,#5858,.F.);
#7347 = ORIENTED_EDGE('',*,*,#5872,.F.);
#7348 = PLANE('',#7349);
#7349 = AXIS2_PLACEMENT_3D('',#7350,#7351,#7352);
#7350 = CARTESIAN_POINT('',(3.81,-0.762,2.157));
#7351 = DIRECTION('',(0.,0.,1.));
#7352 = DIRECTION('',(-4.440892098501E-16,1.,0.));
#7353 = ADVANCED_FACE('',(#7354),#7365,.T.);
#7354 = FACE_BOUND('',#7355,.T.);
#7355 = EDGE_LOOP('',(#7356,#7357,#7358,#7359));
#7356 = ORIENTED_EDGE('',*,*,#5849,.T.);
#7357 = ORIENTED_EDGE('',*,*,#7341,.T.);
#7358 = ORIENTED_EDGE('',*,*,#6029,.F.);
#7359 = ORIENTED_EDGE('',*,*,#7360,.F.);
#7360 = EDGE_CURVE('',#5842,#6022,#7361,.T.);
#7361 = LINE('',#7362,#7363);
#7362 = CARTESIAN_POINT('',(7.747,0.2285,1.776));
#7363 = VECTOR('',#7364,1.);
#7364 = DIRECTION('',(3.216245299353E-16,-1.,0.));
#7365 = CYLINDRICAL_SURFACE('',#7366,0.381);
#7366 = AXIS2_PLACEMENT_3D('',#7367,#7368,#7369);
#7367 = CARTESIAN_POINT('',(7.366,0.2285,1.776));
#7368 = DIRECTION('',(3.216245299353E-16,-1.,0.));
#7369 = DIRECTION('',(1.,3.216245299353E-16,0.));
#7370 = ADVANCED_FACE('',(#7371),#7414,.T.);
#7371 = FACE_BOUND('',#7372,.T.);
#7372 = EDGE_LOOP('',(#7373,#7374,#7375,#7376,#7384,#7392,#7400,#7408));
#7373 = ORIENTED_EDGE('',*,*,#5841,.F.);
#7374 = ORIENTED_EDGE('',*,*,#7360,.T.);
#7375 = ORIENTED_EDGE('',*,*,#6021,.F.);
#7376 = ORIENTED_EDGE('',*,*,#7377,.F.);
#7377 = EDGE_CURVE('',#7378,#6014,#7380,.T.);
#7378 = VERTEX_POINT('',#7379);
#7379 = CARTESIAN_POINT('',(7.747,-0.2285,0.));
#7380 = LINE('',#7381,#7382);
#7381 = CARTESIAN_POINT('',(7.747,-0.2285,0.));
#7382 = VECTOR('',#7383,1.);
#7383 = DIRECTION('',(3.216245299353E-16,-1.,0.));
#7384 = ORIENTED_EDGE('',*,*,#7385,.F.);
#7385 = EDGE_CURVE('',#7386,#7378,#7388,.T.);
#7386 = VERTEX_POINT('',#7387);
#7387 = CARTESIAN_POINT('',(7.747,-0.2285,-2.843));
#7388 = LINE('',#7389,#7390);
#7389 = CARTESIAN_POINT('',(7.747,-0.2285,-2.843));
#7390 = VECTOR('',#7391,1.);
#7391 = DIRECTION('',(0.,0.,1.));
#7392 = ORIENTED_EDGE('',*,*,#7393,.F.);
#7393 = EDGE_CURVE('',#7394,#7386,#7396,.T.);
#7394 = VERTEX_POINT('',#7395);
#7395 = CARTESIAN_POINT('',(7.747,-0.11425,-3.3));
#7396 = LINE('',#7397,#7398);
#7397 = CARTESIAN_POINT('',(7.747,-0.11425,-3.3));
#7398 = VECTOR('',#7399,1.);
#7399 = DIRECTION('',(7.800540639491E-17,-0.242535625036,0.970142500145)
  );
#7400 = ORIENTED_EDGE('',*,*,#7401,.F.);
#7401 = EDGE_CURVE('',#7402,#7394,#7404,.T.);
#7402 = VERTEX_POINT('',#7403);
#7403 = CARTESIAN_POINT('',(7.747,0.11425,-3.3));
#7404 = LINE('',#7405,#7406);
#7405 = CARTESIAN_POINT('',(7.747,0.11425,-3.3));
#7406 = VECTOR('',#7407,1.);
#7407 = DIRECTION('',(3.216245299353E-16,-1.,0.));
#7408 = ORIENTED_EDGE('',*,*,#7409,.F.);
#7409 = EDGE_CURVE('',#5834,#7402,#7410,.T.);
#7410 = LINE('',#7411,#7412);
#7411 = CARTESIAN_POINT('',(7.747,0.2285,-2.843));
#7412 = VECTOR('',#7413,1.);
#7413 = DIRECTION('',(7.800540639491E-17,-0.242535625036,-0.970142500145
    ));
#7414 = PLANE('',#7415);
#7415 = AXIS2_PLACEMENT_3D('',#7416,#7417,#7418);
#7416 = CARTESIAN_POINT('',(7.747,0.2285,2.157));
#7417 = DIRECTION('',(1.,3.216245299353E-16,0.));
#7418 = DIRECTION('',(0.,-0.,1.));
#7419 = ADVANCED_FACE('',(#7420),#7438,.F.);
#7420 = FACE_BOUND('',#7421,.F.);
#7421 = EDGE_LOOP('',(#7422,#7423,#7431,#7437));
#7422 = ORIENTED_EDGE('',*,*,#5833,.T.);
#7423 = ORIENTED_EDGE('',*,*,#7424,.T.);
#7424 = EDGE_CURVE('',#5826,#7425,#7427,.T.);
#7425 = VERTEX_POINT('',#7426);
#7426 = CARTESIAN_POINT('',(7.493,0.11425,-3.3));
#7427 = LINE('',#7428,#7429);
#7428 = CARTESIAN_POINT('',(7.493,0.2285,-2.843));
#7429 = VECTOR('',#7430,1.);
#7430 = DIRECTION('',(7.800540639491E-17,-0.242535625036,-0.970142500145
    ));
#7431 = ORIENTED_EDGE('',*,*,#7432,.F.);
#7432 = EDGE_CURVE('',#7402,#7425,#7433,.T.);
#7433 = LINE('',#7434,#7435);
#7434 = CARTESIAN_POINT('',(7.747,0.11425,-3.3));
#7435 = VECTOR('',#7436,1.);
#7436 = DIRECTION('',(-1.,-3.216245299353E-16,0.));
#7437 = ORIENTED_EDGE('',*,*,#7409,.F.);
#7438 = PLANE('',#7439);
#7439 = AXIS2_PLACEMENT_3D('',#7440,#7441,#7442);
#7440 = CARTESIAN_POINT('',(7.747,0.2285,-2.843));
#7441 = DIRECTION('',(3.120216255796E-16,-0.970142500145,0.242535625036)
  );
#7442 = DIRECTION('',(7.800540639491E-17,-0.242535625036,-0.970142500145
    ));
#7443 = ADVANCED_FACE('',(#7444),#7480,.F.);
#7444 = FACE_BOUND('',#7445,.F.);
#7445 = EDGE_LOOP('',(#7446,#7447,#7448,#7449,#7457,#7465,#7473,#7479));
#7446 = ORIENTED_EDGE('',*,*,#5825,.F.);
#7447 = ORIENTED_EDGE('',*,*,#5988,.T.);
#7448 = ORIENTED_EDGE('',*,*,#6005,.F.);
#7449 = ORIENTED_EDGE('',*,*,#7450,.F.);
#7450 = EDGE_CURVE('',#7451,#6006,#7453,.T.);
#7451 = VERTEX_POINT('',#7452);
#7452 = CARTESIAN_POINT('',(7.493,-0.2285,0.));
#7453 = LINE('',#7454,#7455);
#7454 = CARTESIAN_POINT('',(7.493,-0.2285,0.));
#7455 = VECTOR('',#7456,1.);
#7456 = DIRECTION('',(3.216245299353E-16,-1.,0.));
#7457 = ORIENTED_EDGE('',*,*,#7458,.F.);
#7458 = EDGE_CURVE('',#7459,#7451,#7461,.T.);
#7459 = VERTEX_POINT('',#7460);
#7460 = CARTESIAN_POINT('',(7.493,-0.2285,-2.843));
#7461 = LINE('',#7462,#7463);
#7462 = CARTESIAN_POINT('',(7.493,-0.2285,-2.843));
#7463 = VECTOR('',#7464,1.);
#7464 = DIRECTION('',(0.,0.,1.));
#7465 = ORIENTED_EDGE('',*,*,#7466,.F.);
#7466 = EDGE_CURVE('',#7467,#7459,#7469,.T.);
#7467 = VERTEX_POINT('',#7468);
#7468 = CARTESIAN_POINT('',(7.493,-0.11425,-3.3));
#7469 = LINE('',#7470,#7471);
#7470 = CARTESIAN_POINT('',(7.493,-0.11425,-3.3));
#7471 = VECTOR('',#7472,1.);
#7472 = DIRECTION('',(7.800540639491E-17,-0.242535625036,0.970142500145)
  );
#7473 = ORIENTED_EDGE('',*,*,#7474,.F.);
#7474 = EDGE_CURVE('',#7425,#7467,#7475,.T.);
#7475 = LINE('',#7476,#7477);
#7476 = CARTESIAN_POINT('',(7.493,0.11425,-3.3));
#7477 = VECTOR('',#7478,1.);
#7478 = DIRECTION('',(3.216245299353E-16,-1.,0.));
#7479 = ORIENTED_EDGE('',*,*,#7424,.F.);
#7480 = PLANE('',#7481);
#7481 = AXIS2_PLACEMENT_3D('',#7482,#7483,#7484);
#7482 = CARTESIAN_POINT('',(7.493,0.2285,2.157));
#7483 = DIRECTION('',(1.,3.216245299353E-16,0.));
#7484 = DIRECTION('',(0.,-0.,1.));
#7485 = ADVANCED_FACE('',(#7486),#7497,.T.);
#7486 = FACE_BOUND('',#7487,.T.);
#7487 = EDGE_LOOP('',(#7488,#7494,#7495,#7496));
#7488 = ORIENTED_EDGE('',*,*,#7489,.T.);
#7489 = EDGE_CURVE('',#7288,#7210,#7490,.T.);
#7490 = LINE('',#7491,#7492);
#7491 = CARTESIAN_POINT('',(7.747,-7.3915,0.));
#7492 = VECTOR('',#7493,1.);
#7493 = DIRECTION('',(-1.,-3.216245299353E-16,0.));
#7494 = ORIENTED_EDGE('',*,*,#7209,.T.);
#7495 = ORIENTED_EDGE('',*,*,#5921,.F.);
#7496 = ORIENTED_EDGE('',*,*,#7287,.F.);
#7497 = PLANE('',#7498);
#7498 = AXIS2_PLACEMENT_3D('',#7499,#7500,#7501);
#7499 = CARTESIAN_POINT('',(7.747,-7.3915,0.));
#7500 = DIRECTION('',(-0.,0.,-1.));
#7501 = DIRECTION('',(-3.216245299353E-16,1.,0.));
#7502 = ADVANCED_FACE('',(#7503),#7514,.F.);
#7503 = FACE_BOUND('',#7504,.F.);
#7504 = EDGE_LOOP('',(#7505,#7511,#7512,#7513));
#7505 = ORIENTED_EDGE('',*,*,#7506,.T.);
#7506 = EDGE_CURVE('',#7378,#7451,#7507,.T.);
#7507 = LINE('',#7508,#7509);
#7508 = CARTESIAN_POINT('',(7.747,-0.2285,0.));
#7509 = VECTOR('',#7510,1.);
#7510 = DIRECTION('',(-1.,-3.216245299353E-16,0.));
#7511 = ORIENTED_EDGE('',*,*,#7450,.T.);
#7512 = ORIENTED_EDGE('',*,*,#6013,.F.);
#7513 = ORIENTED_EDGE('',*,*,#7377,.F.);
#7514 = PLANE('',#7515);
#7515 = AXIS2_PLACEMENT_3D('',#7516,#7517,#7518);
#7516 = CARTESIAN_POINT('',(7.747,-0.2285,0.));
#7517 = DIRECTION('',(0.,0.,1.));
#7518 = DIRECTION('',(3.216245299353E-16,-1.,0.));
#7519 = ADVANCED_FACE('',(#7520),#7533,.T.);
#7520 = FACE_BOUND('',#7521,.T.);
#7521 = EDGE_LOOP('',(#7522,#7523,#7524,#7525,#7531,#7532));
#7522 = ORIENTED_EDGE('',*,*,#7138,.F.);
#7523 = ORIENTED_EDGE('',*,*,#6061,.F.);
#7524 = ORIENTED_EDGE('',*,*,#6085,.F.);
#7525 = ORIENTED_EDGE('',*,*,#7526,.F.);
#7526 = EDGE_CURVE('',#6233,#6086,#7527,.T.);
#7527 = LINE('',#7528,#7529);
#7528 = CARTESIAN_POINT('',(7.366,-4.318,2.157));
#7529 = VECTOR('',#7530,1.);
#7530 = DIRECTION('',(3.216245299353E-16,-1.,0.));
#7531 = ORIENTED_EDGE('',*,*,#6232,.F.);
#7532 = ORIENTED_EDGE('',*,*,#6380,.F.);
#7533 = PLANE('',#7534);
#7534 = AXIS2_PLACEMENT_3D('',#7535,#7536,#7537);
#7535 = CARTESIAN_POINT('',(3.683,-5.842,2.157));
#7536 = DIRECTION('',(0.,0.,1.));
#7537 = DIRECTION('',(-4.440892098501E-16,1.,0.));
#7538 = ADVANCED_FACE('',(#7539),#7598,.T.);
#7539 = FACE_BOUND('',#7540,.T.);
#7540 = EDGE_LOOP('',(#7541,#7542,#7543,#7544,#7552,#7560,#7568,#7576,
    #7584,#7592));
#7541 = ORIENTED_EDGE('',*,*,#6118,.F.);
#7542 = ORIENTED_EDGE('',*,*,#6288,.T.);
#7543 = ORIENTED_EDGE('',*,*,#6265,.F.);
#7544 = ORIENTED_EDGE('',*,*,#7545,.F.);
#7545 = EDGE_CURVE('',#7546,#6258,#7548,.T.);
#7546 = VERTEX_POINT('',#7547);
#7547 = CARTESIAN_POINT('',(7.493,-4.8515,0.));
#7548 = LINE('',#7549,#7550);
#7549 = CARTESIAN_POINT('',(7.493,-4.8515,0.));
#7550 = VECTOR('',#7551,1.);
#7551 = DIRECTION('',(-3.216245299353E-16,1.,0.));
#7552 = ORIENTED_EDGE('',*,*,#7553,.F.);
#7553 = EDGE_CURVE('',#7554,#7546,#7556,.T.);
#7554 = VERTEX_POINT('',#7555);
#7555 = CARTESIAN_POINT('',(7.493,-4.8515,-2.843));
#7556 = LINE('',#7557,#7558);
#7557 = CARTESIAN_POINT('',(7.493,-4.8515,-2.843));
#7558 = VECTOR('',#7559,1.);
#7559 = DIRECTION('',(0.,0.,1.));
#7560 = ORIENTED_EDGE('',*,*,#7561,.F.);
#7561 = EDGE_CURVE('',#7562,#7554,#7564,.T.);
#7562 = VERTEX_POINT('',#7563);
#7563 = CARTESIAN_POINT('',(7.493,-4.96575,-3.3));
#7564 = LINE('',#7565,#7566);
#7565 = CARTESIAN_POINT('',(7.493,-4.96575,-3.3));
#7566 = VECTOR('',#7567,1.);
#7567 = DIRECTION('',(-7.800540639491E-17,0.242535625036,0.970142500145)
  );
#7568 = ORIENTED_EDGE('',*,*,#7569,.F.);
#7569 = EDGE_CURVE('',#7570,#7562,#7572,.T.);
#7570 = VERTEX_POINT('',#7571);
#7571 = CARTESIAN_POINT('',(7.493,-5.19425,-3.3));
#7572 = LINE('',#7573,#7574);
#7573 = CARTESIAN_POINT('',(7.493,-5.19425,-3.3));
#7574 = VECTOR('',#7575,1.);
#7575 = DIRECTION('',(-3.216245299353E-16,1.,0.));
#7576 = ORIENTED_EDGE('',*,*,#7577,.F.);
#7577 = EDGE_CURVE('',#7578,#7570,#7580,.T.);
#7578 = VERTEX_POINT('',#7579);
#7579 = CARTESIAN_POINT('',(7.493,-5.3085,-2.843));
#7580 = LINE('',#7581,#7582);
#7581 = CARTESIAN_POINT('',(7.493,-5.3085,-2.843));
#7582 = VECTOR('',#7583,1.);
#7583 = DIRECTION('',(-7.800540639491E-17,0.242535625036,-0.970142500145
    ));
#7584 = ORIENTED_EDGE('',*,*,#7585,.F.);
#7585 = EDGE_CURVE('',#7586,#7578,#7588,.T.);
#7586 = VERTEX_POINT('',#7587);
#7587 = CARTESIAN_POINT('',(7.493,-5.3085,0.));
#7588 = LINE('',#7589,#7590);
#7589 = CARTESIAN_POINT('',(7.493,-5.3085,0.));
#7590 = VECTOR('',#7591,1.);
#7591 = DIRECTION('',(0.,0.,-1.));
#7592 = ORIENTED_EDGE('',*,*,#7593,.F.);
#7593 = EDGE_CURVE('',#6111,#7586,#7594,.T.);
#7594 = LINE('',#7595,#7596);
#7595 = CARTESIAN_POINT('',(7.493,-5.842,0.));
#7596 = VECTOR('',#7597,1.);
#7597 = DIRECTION('',(-3.216245299353E-16,1.,0.));
#7598 = PLANE('',#7599);
#7599 = AXIS2_PLACEMENT_3D('',#7600,#7601,#7602);
#7600 = CARTESIAN_POINT('',(7.493,-5.842,2.157));
#7601 = DIRECTION('',(-1.,-3.216245299353E-16,0.));
#7602 = DIRECTION('',(-0.,0.,-1.));
#7603 = ADVANCED_FACE('',(#7604),#7622,.T.);
#7604 = FACE_BOUND('',#7605,.T.);
#7605 = EDGE_LOOP('',(#7606,#7607,#7608,#7616));
#7606 = ORIENTED_EDGE('',*,*,#6110,.T.);
#7607 = ORIENTED_EDGE('',*,*,#7593,.T.);
#7608 = ORIENTED_EDGE('',*,*,#7609,.F.);
#7609 = EDGE_CURVE('',#7610,#7586,#7612,.T.);
#7610 = VERTEX_POINT('',#7611);
#7611 = CARTESIAN_POINT('',(7.747,-5.3085,0.));
#7612 = LINE('',#7613,#7614);
#7613 = CARTESIAN_POINT('',(7.747,-5.3085,0.));
#7614 = VECTOR('',#7615,1.);
#7615 = DIRECTION('',(-1.,-3.216245299353E-16,0.));
#7616 = ORIENTED_EDGE('',*,*,#7617,.F.);
#7617 = EDGE_CURVE('',#6103,#7610,#7618,.T.);
#7618 = LINE('',#7619,#7620);
#7619 = CARTESIAN_POINT('',(7.747,-5.842,0.));
#7620 = VECTOR('',#7621,1.);
#7621 = DIRECTION('',(-3.216245299353E-16,1.,0.));
#7622 = PLANE('',#7623);
#7623 = AXIS2_PLACEMENT_3D('',#7624,#7625,#7626);
#7624 = CARTESIAN_POINT('',(7.747,-5.842,0.));
#7625 = DIRECTION('',(-0.,0.,-1.));
#7626 = DIRECTION('',(-3.216245299353E-16,1.,0.));
#7627 = ADVANCED_FACE('',(#7628),#7685,.F.);
#7628 = FACE_BOUND('',#7629,.F.);
#7629 = EDGE_LOOP('',(#7630,#7631,#7637,#7638,#7646,#7654,#7662,#7670,
    #7678,#7684));
#7630 = ORIENTED_EDGE('',*,*,#6102,.F.);
#7631 = ORIENTED_EDGE('',*,*,#7632,.F.);
#7632 = EDGE_CURVE('',#6241,#6094,#7633,.T.);
#7633 = LINE('',#7634,#7635);
#7634 = CARTESIAN_POINT('',(7.747,-4.318,1.776));
#7635 = VECTOR('',#7636,1.);
#7636 = DIRECTION('',(3.216245299353E-16,-1.,0.));
#7637 = ORIENTED_EDGE('',*,*,#6249,.F.);
#7638 = ORIENTED_EDGE('',*,*,#7639,.F.);
#7639 = EDGE_CURVE('',#7640,#6250,#7642,.T.);
#7640 = VERTEX_POINT('',#7641);
#7641 = CARTESIAN_POINT('',(7.747,-4.8515,0.));
#7642 = LINE('',#7643,#7644);
#7643 = CARTESIAN_POINT('',(7.747,-4.8515,0.));
#7644 = VECTOR('',#7645,1.);
#7645 = DIRECTION('',(-3.216245299353E-16,1.,0.));
#7646 = ORIENTED_EDGE('',*,*,#7647,.F.);
#7647 = EDGE_CURVE('',#7648,#7640,#7650,.T.);
#7648 = VERTEX_POINT('',#7649);
#7649 = CARTESIAN_POINT('',(7.747,-4.8515,-2.843));
#7650 = LINE('',#7651,#7652);
#7651 = CARTESIAN_POINT('',(7.747,-4.8515,-2.843));
#7652 = VECTOR('',#7653,1.);
#7653 = DIRECTION('',(0.,0.,1.));
#7654 = ORIENTED_EDGE('',*,*,#7655,.F.);
#7655 = EDGE_CURVE('',#7656,#7648,#7658,.T.);
#7656 = VERTEX_POINT('',#7657);
#7657 = CARTESIAN_POINT('',(7.747,-4.96575,-3.3));
#7658 = LINE('',#7659,#7660);
#7659 = CARTESIAN_POINT('',(7.747,-4.96575,-3.3));
#7660 = VECTOR('',#7661,1.);
#7661 = DIRECTION('',(-7.800540639491E-17,0.242535625036,0.970142500145)
  );
#7662 = ORIENTED_EDGE('',*,*,#7663,.F.);
#7663 = EDGE_CURVE('',#7664,#7656,#7666,.T.);
#7664 = VERTEX_POINT('',#7665);
#7665 = CARTESIAN_POINT('',(7.747,-5.19425,-3.3));
#7666 = LINE('',#7667,#7668);
#7667 = CARTESIAN_POINT('',(7.747,-5.19425,-3.3));
#7668 = VECTOR('',#7669,1.);
#7669 = DIRECTION('',(-3.216245299353E-16,1.,0.));
#7670 = ORIENTED_EDGE('',*,*,#7671,.F.);
#7671 = EDGE_CURVE('',#7672,#7664,#7674,.T.);
#7672 = VERTEX_POINT('',#7673);
#7673 = CARTESIAN_POINT('',(7.747,-5.3085,-2.843));
#7674 = LINE('',#7675,#7676);
#7675 = CARTESIAN_POINT('',(7.747,-5.3085,-2.843));
#7676 = VECTOR('',#7677,1.);
#7677 = DIRECTION('',(-7.800540639491E-17,0.242535625036,-0.970142500145
    ));
#7678 = ORIENTED_EDGE('',*,*,#7679,.F.);
#7679 = EDGE_CURVE('',#7610,#7672,#7680,.T.);
#7680 = LINE('',#7681,#7682);
#7681 = CARTESIAN_POINT('',(7.747,-5.3085,0.));
#7682 = VECTOR('',#7683,1.);
#7683 = DIRECTION('',(0.,0.,-1.));
#7684 = ORIENTED_EDGE('',*,*,#7617,.F.);
#7685 = PLANE('',#7686);
#7686 = AXIS2_PLACEMENT_3D('',#7687,#7688,#7689);
#7687 = CARTESIAN_POINT('',(7.747,-5.842,2.157));
#7688 = DIRECTION('',(-1.,-3.216245299353E-16,0.));
#7689 = DIRECTION('',(-0.,0.,-1.));
#7690 = ADVANCED_FACE('',(#7691),#7697,.T.);
#7691 = FACE_BOUND('',#7692,.T.);
#7692 = EDGE_LOOP('',(#7693,#7694,#7695,#7696));
#7693 = ORIENTED_EDGE('',*,*,#7526,.T.);
#7694 = ORIENTED_EDGE('',*,*,#6093,.T.);
#7695 = ORIENTED_EDGE('',*,*,#7632,.F.);
#7696 = ORIENTED_EDGE('',*,*,#6240,.F.);
#7697 = CYLINDRICAL_SURFACE('',#7698,0.381);
#7698 = AXIS2_PLACEMENT_3D('',#7699,#7700,#7701);
#7699 = CARTESIAN_POINT('',(7.366,-4.318,1.776));
#7700 = DIRECTION('',(3.216245299353E-16,-1.,0.));
#7701 = DIRECTION('',(0.,0.,1.));
#7702 = ADVANCED_FACE('',(#7703),#7762,.T.);
#7703 = FACE_BOUND('',#7704,.T.);
#7704 = EDGE_LOOP('',(#7705,#7706,#7707,#7708,#7716,#7724,#7732,#7740,
    #7748,#7756));
#7705 = ORIENTED_EDGE('',*,*,#6365,.F.);
#7706 = ORIENTED_EDGE('',*,*,#6305,.T.);
#7707 = ORIENTED_EDGE('',*,*,#6176,.F.);
#7708 = ORIENTED_EDGE('',*,*,#7709,.F.);
#7709 = EDGE_CURVE('',#7710,#6169,#7712,.T.);
#7710 = VERTEX_POINT('',#7711);
#7711 = CARTESIAN_POINT('',(7.493,-2.3115,0.));
#7712 = LINE('',#7713,#7714);
#7713 = CARTESIAN_POINT('',(7.493,-2.3115,0.));
#7714 = VECTOR('',#7715,1.);
#7715 = DIRECTION('',(-3.216245299353E-16,1.,0.));
#7716 = ORIENTED_EDGE('',*,*,#7717,.F.);
#7717 = EDGE_CURVE('',#7718,#7710,#7720,.T.);
#7718 = VERTEX_POINT('',#7719);
#7719 = CARTESIAN_POINT('',(7.493,-2.3115,-2.843));
#7720 = LINE('',#7721,#7722);
#7721 = CARTESIAN_POINT('',(7.493,-2.3115,-2.843));
#7722 = VECTOR('',#7723,1.);
#7723 = DIRECTION('',(0.,0.,1.));
#7724 = ORIENTED_EDGE('',*,*,#7725,.F.);
#7725 = EDGE_CURVE('',#7726,#7718,#7728,.T.);
#7726 = VERTEX_POINT('',#7727);
#7727 = CARTESIAN_POINT('',(7.493,-2.42575,-3.3));
#7728 = LINE('',#7729,#7730);
#7729 = CARTESIAN_POINT('',(7.493,-2.42575,-3.3));
#7730 = VECTOR('',#7731,1.);
#7731 = DIRECTION('',(-7.800540639491E-17,0.242535625036,0.970142500145)
  );
#7732 = ORIENTED_EDGE('',*,*,#7733,.F.);
#7733 = EDGE_CURVE('',#7734,#7726,#7736,.T.);
#7734 = VERTEX_POINT('',#7735);
#7735 = CARTESIAN_POINT('',(7.493,-2.65425,-3.3));
#7736 = LINE('',#7737,#7738);
#7737 = CARTESIAN_POINT('',(7.493,-2.65425,-3.3));
#7738 = VECTOR('',#7739,1.);
#7739 = DIRECTION('',(-3.216245299353E-16,1.,0.));
#7740 = ORIENTED_EDGE('',*,*,#7741,.F.);
#7741 = EDGE_CURVE('',#7742,#7734,#7744,.T.);
#7742 = VERTEX_POINT('',#7743);
#7743 = CARTESIAN_POINT('',(7.493,-2.7685,-2.843));
#7744 = LINE('',#7745,#7746);
#7745 = CARTESIAN_POINT('',(7.493,-2.7685,-2.843));
#7746 = VECTOR('',#7747,1.);
#7747 = DIRECTION('',(-7.800540639491E-17,0.242535625036,-0.970142500145
    ));
#7748 = ORIENTED_EDGE('',*,*,#7749,.F.);
#7749 = EDGE_CURVE('',#7750,#7742,#7752,.T.);
#7750 = VERTEX_POINT('',#7751);
#7751 = CARTESIAN_POINT('',(7.493,-2.7685,0.));
#7752 = LINE('',#7753,#7754);
#7753 = CARTESIAN_POINT('',(7.493,-2.7685,0.));
#7754 = VECTOR('',#7755,1.);
#7755 = DIRECTION('',(0.,0.,-1.));
#7756 = ORIENTED_EDGE('',*,*,#7757,.F.);
#7757 = EDGE_CURVE('',#6358,#7750,#7758,.T.);
#7758 = LINE('',#7759,#7760);
#7759 = CARTESIAN_POINT('',(7.493,-3.302,0.));
#7760 = VECTOR('',#7761,1.);
#7761 = DIRECTION('',(-3.216245299353E-16,1.,0.));
#7762 = PLANE('',#7763);
#7763 = AXIS2_PLACEMENT_3D('',#7764,#7765,#7766);
#7764 = CARTESIAN_POINT('',(7.493,-3.302,2.157));
#7765 = DIRECTION('',(-1.,-3.216245299353E-16,0.));
#7766 = DIRECTION('',(-0.,0.,-1.));
#7767 = ADVANCED_FACE('',(#7768),#7786,.T.);
#7768 = FACE_BOUND('',#7769,.T.);
#7769 = EDGE_LOOP('',(#7770,#7778,#7779,#7780));
#7770 = ORIENTED_EDGE('',*,*,#7771,.T.);
#7771 = EDGE_CURVE('',#7772,#7710,#7774,.T.);
#7772 = VERTEX_POINT('',#7773);
#7773 = CARTESIAN_POINT('',(7.747,-2.3115,0.));
#7774 = LINE('',#7775,#7776);
#7775 = CARTESIAN_POINT('',(7.747,-2.3115,0.));
#7776 = VECTOR('',#7777,1.);
#7777 = DIRECTION('',(-1.,-3.216245299353E-16,0.));
#7778 = ORIENTED_EDGE('',*,*,#7709,.T.);
#7779 = ORIENTED_EDGE('',*,*,#6168,.F.);
#7780 = ORIENTED_EDGE('',*,*,#7781,.F.);
#7781 = EDGE_CURVE('',#7772,#6161,#7782,.T.);
#7782 = LINE('',#7783,#7784);
#7783 = CARTESIAN_POINT('',(7.747,-2.3115,0.));
#7784 = VECTOR('',#7785,1.);
#7785 = DIRECTION('',(-3.216245299353E-16,1.,0.));
#7786 = PLANE('',#7787);
#7787 = AXIS2_PLACEMENT_3D('',#7788,#7789,#7790);
#7788 = CARTESIAN_POINT('',(7.747,-2.3115,0.));
#7789 = DIRECTION('',(-0.,0.,-1.));
#7790 = DIRECTION('',(-3.216245299353E-16,1.,0.));
#7791 = ADVANCED_FACE('',(#7792),#7849,.F.);
#7792 = FACE_BOUND('',#7793,.F.);
#7793 = EDGE_LOOP('',(#7794,#7795,#7801,#7802,#7803,#7811,#7819,#7827,
    #7835,#7843));
#7794 = ORIENTED_EDGE('',*,*,#6349,.F.);
#7795 = ORIENTED_EDGE('',*,*,#7796,.F.);
#7796 = EDGE_CURVE('',#6152,#6341,#7797,.T.);
#7797 = LINE('',#7798,#7799);
#7798 = CARTESIAN_POINT('',(7.747,-1.778,1.776));
#7799 = VECTOR('',#7800,1.);
#7800 = DIRECTION('',(3.216245299353E-16,-1.,0.));
#7801 = ORIENTED_EDGE('',*,*,#6160,.F.);
#7802 = ORIENTED_EDGE('',*,*,#7781,.F.);
#7803 = ORIENTED_EDGE('',*,*,#7804,.F.);
#7804 = EDGE_CURVE('',#7805,#7772,#7807,.T.);
#7805 = VERTEX_POINT('',#7806);
#7806 = CARTESIAN_POINT('',(7.747,-2.3115,-2.843));
#7807 = LINE('',#7808,#7809);
#7808 = CARTESIAN_POINT('',(7.747,-2.3115,-2.843));
#7809 = VECTOR('',#7810,1.);
#7810 = DIRECTION('',(0.,0.,1.));
#7811 = ORIENTED_EDGE('',*,*,#7812,.F.);
#7812 = EDGE_CURVE('',#7813,#7805,#7815,.T.);
#7813 = VERTEX_POINT('',#7814);
#7814 = CARTESIAN_POINT('',(7.747,-2.42575,-3.3));
#7815 = LINE('',#7816,#7817);
#7816 = CARTESIAN_POINT('',(7.747,-2.42575,-3.3));
#7817 = VECTOR('',#7818,1.);
#7818 = DIRECTION('',(-7.800540639491E-17,0.242535625036,0.970142500145)
  );
#7819 = ORIENTED_EDGE('',*,*,#7820,.F.);
#7820 = EDGE_CURVE('',#7821,#7813,#7823,.T.);
#7821 = VERTEX_POINT('',#7822);
#7822 = CARTESIAN_POINT('',(7.747,-2.65425,-3.3));
#7823 = LINE('',#7824,#7825);
#7824 = CARTESIAN_POINT('',(7.747,-2.65425,-3.3));
#7825 = VECTOR('',#7826,1.);
#7826 = DIRECTION('',(-3.216245299353E-16,1.,0.));
#7827 = ORIENTED_EDGE('',*,*,#7828,.F.);
#7828 = EDGE_CURVE('',#7829,#7821,#7831,.T.);
#7829 = VERTEX_POINT('',#7830);
#7830 = CARTESIAN_POINT('',(7.747,-2.7685,-2.843));
#7831 = LINE('',#7832,#7833);
#7832 = CARTESIAN_POINT('',(7.747,-2.7685,-2.843));
#7833 = VECTOR('',#7834,1.);
#7834 = DIRECTION('',(-7.800540639491E-17,0.242535625036,-0.970142500145
    ));
#7835 = ORIENTED_EDGE('',*,*,#7836,.F.);
#7836 = EDGE_CURVE('',#7837,#7829,#7839,.T.);
#7837 = VERTEX_POINT('',#7838);
#7838 = CARTESIAN_POINT('',(7.747,-2.7685,0.));
#7839 = LINE('',#7840,#7841);
#7840 = CARTESIAN_POINT('',(7.747,-2.7685,0.));
#7841 = VECTOR('',#7842,1.);
#7842 = DIRECTION('',(0.,0.,-1.));
#7843 = ORIENTED_EDGE('',*,*,#7844,.F.);
#7844 = EDGE_CURVE('',#6350,#7837,#7845,.T.);
#7845 = LINE('',#7846,#7847);
#7846 = CARTESIAN_POINT('',(7.747,-3.302,0.));
#7847 = VECTOR('',#7848,1.);
#7848 = DIRECTION('',(-3.216245299353E-16,1.,0.));
#7849 = PLANE('',#7850);
#7850 = AXIS2_PLACEMENT_3D('',#7851,#7852,#7853);
#7851 = CARTESIAN_POINT('',(7.747,-3.302,2.157));
#7852 = DIRECTION('',(-1.,-3.216245299353E-16,0.));
#7853 = DIRECTION('',(-0.,0.,-1.));
#7854 = ADVANCED_FACE('',(#7855),#7866,.T.);
#7855 = FACE_BOUND('',#7856,.T.);
#7856 = EDGE_LOOP('',(#7857,#7863,#7864,#7865));
#7857 = ORIENTED_EDGE('',*,*,#7858,.T.);
#7858 = EDGE_CURVE('',#6144,#6333,#7859,.T.);
#7859 = LINE('',#7860,#7861);
#7860 = CARTESIAN_POINT('',(7.366,-1.778,2.157));
#7861 = VECTOR('',#7862,1.);
#7862 = DIRECTION('',(3.216245299353E-16,-1.,0.));
#7863 = ORIENTED_EDGE('',*,*,#6340,.T.);
#7864 = ORIENTED_EDGE('',*,*,#7796,.F.);
#7865 = ORIENTED_EDGE('',*,*,#6151,.F.);
#7866 = CYLINDRICAL_SURFACE('',#7867,0.381);
#7867 = AXIS2_PLACEMENT_3D('',#7868,#7869,#7870);
#7868 = CARTESIAN_POINT('',(7.366,-1.778,1.776));
#7869 = DIRECTION('',(3.216245299353E-16,-1.,0.));
#7870 = DIRECTION('',(0.,0.,1.));
#7871 = ADVANCED_FACE('',(#7872),#7880,.T.);
#7872 = FACE_BOUND('',#7873,.T.);
#7873 = EDGE_LOOP('',(#7874,#7875,#7876,#7877,#7878,#7879));
#7874 = ORIENTED_EDGE('',*,*,#7145,.F.);
#7875 = ORIENTED_EDGE('',*,*,#6389,.F.);
#7876 = ORIENTED_EDGE('',*,*,#6332,.F.);
#7877 = ORIENTED_EDGE('',*,*,#7858,.F.);
#7878 = ORIENTED_EDGE('',*,*,#6143,.F.);
#7879 = ORIENTED_EDGE('',*,*,#6199,.F.);
#7880 = PLANE('',#7881);
#7881 = AXIS2_PLACEMENT_3D('',#7882,#7883,#7884);
#7882 = CARTESIAN_POINT('',(3.683,-3.302,2.157));
#7883 = DIRECTION('',(0.,0.,1.));
#7884 = DIRECTION('',(-4.440892098501E-16,1.,0.));
#7885 = ADVANCED_FACE('',(#7886),#7897,.T.);
#7886 = FACE_BOUND('',#7887,.T.);
#7887 = EDGE_LOOP('',(#7888,#7894,#7895,#7896));
#7888 = ORIENTED_EDGE('',*,*,#7889,.T.);
#7889 = EDGE_CURVE('',#7640,#7546,#7890,.T.);
#7890 = LINE('',#7891,#7892);
#7891 = CARTESIAN_POINT('',(7.747,-4.8515,0.));
#7892 = VECTOR('',#7893,1.);
#7893 = DIRECTION('',(-1.,-3.216245299353E-16,0.));
#7894 = ORIENTED_EDGE('',*,*,#7545,.T.);
#7895 = ORIENTED_EDGE('',*,*,#6257,.F.);
#7896 = ORIENTED_EDGE('',*,*,#7639,.F.);
#7897 = PLANE('',#7898);
#7898 = AXIS2_PLACEMENT_3D('',#7899,#7900,#7901);
#7899 = CARTESIAN_POINT('',(7.747,-4.8515,0.));
#7900 = DIRECTION('',(-0.,0.,-1.));
#7901 = DIRECTION('',(-3.216245299353E-16,1.,0.));
#7902 = ADVANCED_FACE('',(#7903),#7914,.T.);
#7903 = FACE_BOUND('',#7904,.T.);
#7904 = EDGE_LOOP('',(#7905,#7906,#7907,#7913));
#7905 = ORIENTED_EDGE('',*,*,#6357,.T.);
#7906 = ORIENTED_EDGE('',*,*,#7757,.T.);
#7907 = ORIENTED_EDGE('',*,*,#7908,.F.);
#7908 = EDGE_CURVE('',#7837,#7750,#7909,.T.);
#7909 = LINE('',#7910,#7911);
#7910 = CARTESIAN_POINT('',(7.747,-2.7685,0.));
#7911 = VECTOR('',#7912,1.);
#7912 = DIRECTION('',(-1.,-3.216245299353E-16,0.));
#7913 = ORIENTED_EDGE('',*,*,#7844,.F.);
#7914 = PLANE('',#7915);
#7915 = AXIS2_PLACEMENT_3D('',#7916,#7917,#7918);
#7916 = CARTESIAN_POINT('',(7.747,-3.302,0.));
#7917 = DIRECTION('',(-0.,0.,-1.));
#7918 = DIRECTION('',(-3.216245299353E-16,1.,0.));
#7919 = ADVANCED_FACE('',(#7920),#8263,.T.);
#7920 = FACE_BOUND('',#7921,.T.);
#7921 = EDGE_LOOP('',(#7922,#7923,#7924,#7931,#7939,#8045,#8151,#8257));
#7922 = ORIENTED_EDGE('',*,*,#7159,.F.);
#7923 = ORIENTED_EDGE('',*,*,#6419,.T.);
#7924 = ORIENTED_EDGE('',*,*,#7925,.T.);
#7925 = EDGE_CURVE('',#6413,#7926,#7928,.T.);
#7926 = VERTEX_POINT('',#7927);
#7927 = CARTESIAN_POINT('',(1.033723643423,0.426276356577,3.68));
#7928 = B_SPLINE_CURVE_WITH_KNOTS('',1,(#7929,#7930),.UNSPECIFIED.,.F.,
  .F.,(2,2),(0.,1.),.PIECEWISE_BEZIER_KNOTS.);
#7929 = CARTESIAN_POINT('',(0.71,0.75,2.157));
#7930 = CARTESIAN_POINT('',(1.033723643423,0.426276356577,3.68));
#7931 = ORIENTED_EDGE('',*,*,#7932,.F.);
#7932 = EDGE_CURVE('',#7933,#7926,#7935,.T.);
#7933 = VERTEX_POINT('',#7934);
#7934 = CARTESIAN_POINT('',(3.06375942217,0.426276356577,3.68));
#7935 = LINE('',#7936,#7937);
#7936 = CARTESIAN_POINT('',(6.586276356577,0.426276356577,3.68));
#7937 = VECTOR('',#7938,1.);
#7938 = DIRECTION('',(-1.,-4.440892098501E-16,0.));
#7939 = ORIENTED_EDGE('',*,*,#7940,.F.);
#7940 = EDGE_CURVE('',#7941,#7933,#7943,.T.);
#7941 = VERTEX_POINT('',#7942);
#7942 = CARTESIAN_POINT('',(3.060652504409,0.532554637412,3.18));
#7943 = B_SPLINE_CURVE_WITH_KNOTS('',4,(#7944,#7945,#7946,#7947,#7948,
    #7949,#7950,#7951,#7952,#7953,#7954,#7955,#7956,#7957,#7958,#7959,
    #7960,#7961,#7962,#7963,#7964,#7965,#7966,#7967,#7968,#7969,#7970,
    #7971,#7972,#7973,#7974,#7975,#7976,#7977,#7978,#7979,#7980,#7981,
    #7982,#7983,#7984,#7985,#7986,#7987,#7988,#7989,#7990,#7991,#7992,
    #7993,#7994,#7995,#7996,#7997,#7998,#7999,#8000,#8001,#8002,#8003,
    #8004,#8005,#8006,#8007,#8008,#8009,#8010,#8011,#8012,#8013,#8014,
    #8015,#8016,#8017,#8018,#8019,#8020,#8021,#8022,#8023,#8024,#8025,
    #8026,#8027,#8028,#8029,#8030,#8031,#8032,#8033,#8034,#8035,#8036,
    #8037,#8038,#8039,#8040,#8041,#8042,#8043,#8044),.UNSPECIFIED.,.F.,
  .F.,(5,3,3,3,3,3,3,3,3,3,3,3,3,3,3,3,3,3,3,3,3,3,3,3,3,3,3,3,3,3,3,3,3
    ,5),(0.,3.832661857541E-02,7.588616027402E-02,0.112697851853,
    0.148780767068,0.184153940431,0.218836486671,0.252847727222,
    0.286207325059,0.318935429062,0.351052828922,0.382581121221,
    0.413542886787,0.443961878574,0.47386321812,0.503273596996,
    0.532221477517,0.560737284348,0.588853575632,0.616605179129,
    0.644029276191,0.671165414825,0.69805543375,0.723856466375,
    0.750392376563,0.776817491054,0.80317991565,0.829528157021,
    0.855910545381,0.882374672274,0.908966882882,0.935731854039,
    0.962712277262,1.),.UNSPECIFIED.);
#7944 = CARTESIAN_POINT('',(3.102443253723,0.75,2.157));
#7945 = CARTESIAN_POINT('',(3.10159836505,0.747596502417,2.168307567096)
  );
#7946 = CARTESIAN_POINT('',(3.100760043871,0.745176893235,2.179690933308
    ));
#7947 = CARTESIAN_POINT('',(3.099928470497,0.742740885558,2.191151448372
    ));
#7948 = CARTESIAN_POINT('',(3.098295716868,0.737884563992,2.213998645033
    ));
#7949 = CARTESIAN_POINT('',(3.097494261506,0.735464911842,2.225382213394
    ));
#7950 = CARTESIAN_POINT('',(3.096699660478,0.733028942322,2.236842548942
    ));
#7951 = CARTESIAN_POINT('',(3.095140251405,0.728172618361,2.259689756871
    ));
#7952 = CARTESIAN_POINT('',(3.094375165256,0.725752918822,2.271073548177
    ));
#7953 = CARTESIAN_POINT('',(3.093617046982,0.72331699024,2.282533691129)
  );
#7954 = CARTESIAN_POINT('',(3.092130026932,0.718460661398,2.305380922018
    ));
#7955 = CARTESIAN_POINT('',(3.091400843964,0.716040908555,2.316764964101
    ));
#7956 = CARTESIAN_POINT('',(3.090678749632,0.71360502492,2.328224895597)
  );
#7957 = CARTESIAN_POINT('',(3.089263222812,0.708748688464,2.351072162308
    ));
#7958 = CARTESIAN_POINT('',(3.088569506013,0.706328874704,2.362456490983
    ));
#7959 = CARTESIAN_POINT('',(3.087883006017,0.703893041415,2.373916185615
    ));
#7960 = CARTESIAN_POINT('',(3.08653813337,0.699036694321,2.396763502377)
  );
#7961 = CARTESIAN_POINT('',(3.085879473324,0.696616810106,2.408148162516
    ));
#7962 = CARTESIAN_POINT('',(3.085228165819,0.694181034144,2.419607587444
    ));
#7963 = CARTESIAN_POINT('',(3.083953162281,0.689324673051,2.442454970066
    ));
#7964 = CARTESIAN_POINT('',(3.08332917589,0.686904706661,2.453840016811)
  );
#7965 = CARTESIAN_POINT('',(3.08271268547,0.684468996804,2.465299130741)
  );
#7966 = CARTESIAN_POINT('',(3.081506817467,0.67961261797,2.488146596824)
  );
#7967 = CARTESIAN_POINT('',(3.080917146787,0.677192555215,2.499532096932
    ));
#7968 = CARTESIAN_POINT('',(3.080335123266,0.674756922283,2.510990848958
    ));
#7969 = CARTESIAN_POINT('',(3.079197706436,0.669900521543,2.533838418102
    ));
#7970 = CARTESIAN_POINT('',(3.078642017638,0.667480345451,2.545224451414
    ));
#7971 = CARTESIAN_POINT('',(3.078094134929,0.665044802583,2.556682779723
    ));
#7972 = CARTESIAN_POINT('',(3.07702453204,0.66018837531,2.579530473698)
  );
#7973 = CARTESIAN_POINT('',(3.07650251448,0.657768065798,2.590917134701)
  );
#7974 = CARTESIAN_POINT('',(3.075988469554,0.655332628757,2.602374965137
    ));
#7975 = CARTESIAN_POINT('',(3.074986088616,0.650476169835,2.625222808007
    ));
#7976 = CARTESIAN_POINT('',(3.074497454016,0.648055703366,2.636610207432
    ));
#7977 = CARTESIAN_POINT('',(3.074016965933,0.645620390865,2.64806745195)
  );
#7978 = CARTESIAN_POINT('',(3.073081258485,0.640763894688,2.670915470094
    ));
#7979 = CARTESIAN_POINT('',(3.072625740214,0.638343243943,2.682303736473
    ));
#7980 = CARTESIAN_POINT('',(3.072178549227,0.635908077994,2.693760291517
    ));
#7981 = CARTESIAN_POINT('',(3.071309008778,0.631051538489,2.716608513501
    ));
#7982 = CARTESIAN_POINT('',(3.070886361242,0.628630672067,2.727997794563
    ));
#7983 = CARTESIAN_POINT('',(3.070472227939,0.626195678326,2.739453539431
    ));
#7984 = CARTESIAN_POINT('',(3.069668388574,0.621339089031,2.762301995656
    ));
#7985 = CARTESIAN_POINT('',(3.069278386703,0.618917971229,2.773692459367
    ));
#7986 = CARTESIAN_POINT('',(3.068897091202,0.616483179322,2.785147254684
    ));
#7987 = CARTESIAN_POINT('',(3.068158526316,0.611626533526,2.807995976726
    ));
#7988 = CARTESIAN_POINT('',(3.067800965147,0.609205124242,2.81938781175)
  );
#7989 = CARTESIAN_POINT('',(3.067452306324,0.606770568034,2.83084149819)
  );
#7990 = CARTESIAN_POINT('',(3.066778627491,0.601913859003,2.85369051773)
  );
#7991 = CARTESIAN_POINT('',(3.066453321841,0.599492113826,2.865083933008
    ));
#7992 = CARTESIAN_POINT('',(3.066137116583,0.597057831594,2.876536330492
    ));
#7993 = CARTESIAN_POINT('',(3.065527972543,0.592201052906,2.899385677745
    ));
#7994 = CARTESIAN_POINT('',(3.065234756765,0.589778923466,2.910780900835
    ));
#7995 = CARTESIAN_POINT('',(3.064950839246,0.587344957907,2.922231808487
    ));
#7996 = CARTESIAN_POINT('',(3.064405914993,0.582488103904,2.945081510067
    ));
#7997 = CARTESIAN_POINT('',(3.064144642791,0.580065538575,2.956478783859
    ));
#7998 = CARTESIAN_POINT('',(3.063892863774,0.577631936579,2.967927981082
    ));
#7999 = CARTESIAN_POINT('',(3.063411879734,0.572775002947,2.99077805729)
  );
#8000 = CARTESIAN_POINT('',(3.063182424021,0.570351947956,3.002177634756
    ));
#8001 = CARTESIAN_POINT('',(3.062962650185,0.567918760056,3.01362488381)
  );
#8002 = CARTESIAN_POINT('',(3.062545361468,0.563061744495,3.036475345463
    ));
#8003 = CARTESIAN_POINT('',(3.062347614228,0.560638145511,3.047877482217
    ));
#8004 = CARTESIAN_POINT('',(3.062159727543,0.558205424932,3.059322532699
    ));
#8005 = CARTESIAN_POINT('',(3.061805923247,0.553348327874,3.082173377761
    ));
#8006 = CARTESIAN_POINT('',(3.06163979537,0.550924132049,3.093578322432)
  );
#8007 = CARTESIAN_POINT('',(3.061483692536,0.548491933287,3.105020917961
    ));
#8008 = CARTESIAN_POINT('',(3.061193195095,0.543634758563,3.127872128414
    ));
#8009 = CARTESIAN_POINT('',(3.061058616139,0.541209916965,3.139280111208
    ));
#8010 = CARTESIAN_POINT('',(3.060934208127,0.538778293878,3.150719998397
    ));
#8011 = CARTESIAN_POINT('',(3.060710635538,0.534001445917,3.173193301142
    ));
#8012 = CARTESIAN_POINT('',(3.060610652449,0.531656709793,3.184224417312
    ));
#8013 = CARTESIAN_POINT('',(3.060520286222,0.529306845248,3.195279660803
    ));
#8014 = CARTESIAN_POINT('',(3.060356690777,0.524531015986,3.217748170946
    ));
#8015 = CARTESIAN_POINT('',(3.060284022745,0.522104789354,3.229162669811
    ));
#8016 = CARTESIAN_POINT('',(3.060221741893,0.519674441603,3.240596557019
    ));
#8017 = CARTESIAN_POINT('',(3.060118326142,0.514817097121,3.26344856612)
  );
#8018 = CARTESIAN_POINT('',(3.060077103863,0.512390127828,3.274866558929
    ));
#8019 = CARTESIAN_POINT('',(3.060046335552,0.509960487816,3.286297116485
    ));
#8020 = CARTESIAN_POINT('',(3.060005839486,0.505103118425,3.309149242777
    ));
#8021 = CARTESIAN_POINT('',(3.059996061896,0.502675397106,3.320570773588
    ));
#8022 = CARTESIAN_POINT('',(3.059996772537,0.500246491538,3.331997875857
    ));
#8023 = CARTESIAN_POINT('',(3.060019176318,0.49538911742,3.354850024389)
  );
#8024 = CARTESIAN_POINT('',(3.060040858167,0.492960648212,3.366275073744
    ));
#8025 = CARTESIAN_POINT('',(3.060073028876,0.490532491387,3.37769865345)
  );
#8026 = CARTESIAN_POINT('',(3.060158343526,0.485675133035,3.400550727806
    ));
#8027 = CARTESIAN_POINT('',(3.060211514682,0.483245933163,3.411979214666
    ));
#8028 = CARTESIAN_POINT('',(3.060275141935,0.480818526053,3.423399267246
    ));
#8029 = CARTESIAN_POINT('',(3.060423409398,0.475961202735,3.446251176778
    ));
#8030 = CARTESIAN_POINT('',(3.060508114269,0.473531301133,3.457682965016
    ));
#8031 = CARTESIAN_POINT('',(3.06060321063,0.471104631472,3.469099548169)
  );
#8032 = CARTESIAN_POINT('',(3.060814503999,0.466247359896,3.491951214278
    ));
#8033 = CARTESIAN_POINT('',(3.060930801132,0.463816795086,3.503386122664
    ));
#8034 = CARTESIAN_POINT('',(3.061057395988,0.461390838462,3.514799351241
    ));
#8035 = CARTESIAN_POINT('',(3.061331819874,0.456533631832,3.537650711804
    ));
#8036 = CARTESIAN_POINT('',(3.06147978178,0.454102449372,3.549088526007)
  );
#8037 = CARTESIAN_POINT('',(3.061637921998,0.451677171116,3.560498563111
    ));
#8038 = CARTESIAN_POINT('',(3.061975613012,0.446820038677,3.583349574633
    ));
#8039 = CARTESIAN_POINT('',(3.062155326198,0.444388288514,3.594790059667
    ));
#8040 = CARTESIAN_POINT('',(3.062345076673,0.441963646102,3.606197105365
    ));
#8041 = CARTESIAN_POINT('',(3.062820569592,0.436206135645,3.633284062415
    ));
#8042 = CARTESIAN_POINT('',(3.063115291368,0.432880166482,3.64893151708)
  );
#8043 = CARTESIAN_POINT('',(3.063428406313,0.42956992391,3.664504983956)
  );
#8044 = CARTESIAN_POINT('',(3.06375942217,0.426276356577,3.68));
#8045 = ORIENTED_EDGE('',*,*,#8046,.T.);
#8046 = EDGE_CURVE('',#7941,#8047,#8049,.T.);
#8047 = VERTEX_POINT('',#8048);
#8048 = CARTESIAN_POINT('',(4.559347495591,0.532554637412,3.18));
#8049 = B_SPLINE_CURVE_WITH_KNOTS('',4,(#8050,#8051,#8052,#8053,#8054,
    #8055,#8056,#8057,#8058,#8059,#8060,#8061,#8062,#8063,#8064,#8065,
    #8066,#8067,#8068,#8069,#8070,#8071,#8072,#8073,#8074,#8075,#8076,
    #8077,#8078,#8079,#8080,#8081,#8082,#8083,#8084,#8085,#8086,#8087,
    #8088,#8089,#8090,#8091,#8092,#8093,#8094,#8095,#8096,#8097,#8098,
    #8099,#8100,#8101,#8102,#8103,#8104,#8105,#8106,#8107,#8108,#8109,
    #8110,#8111,#8112,#8113,#8114,#8115,#8116,#8117,#8118,#8119,#8120,
    #8121,#8122,#8123,#8124,#8125,#8126,#8127,#8128,#8129,#8130,#8131,
    #8132,#8133,#8134,#8135,#8136,#8137,#8138,#8139,#8140,#8141,#8142,
    #8143,#8144,#8145,#8146,#8147,#8148,#8149,#8150),.UNSPECIFIED.,.F.,
  .F.,(5,3,3,3,3,3,3,3,3,3,3,3,3,3,3,3,3,3,3,3,3,3,3,3,3,3,3,3,3,3,3,3,3
    ,5),(0.,3.000000000006E-02,6.000000000009E-02,9.000000000011E-02,
    0.12,0.15,0.18,0.21,0.24,0.27,0.3,0.33,0.36,0.389,0.419,0.449,0.479,
    0.509,0.539,0.569,0.599,0.629,0.658,0.688,0.718,0.748,0.778,0.808,
    0.838,0.868,0.898,0.928,0.958,1.),.UNSPECIFIED.);
#8050 = CARTESIAN_POINT('',(0.927445362588,0.532554637412,3.18));
#8051 = CARTESIAN_POINT('',(0.97068368215,0.532554637412,3.18));
#8052 = CARTESIAN_POINT('',(1.013922001711,0.532554637412,3.18));
#8053 = CARTESIAN_POINT('',(1.057160321272,0.532554637412,3.18));
#8054 = CARTESIAN_POINT('',(1.143636960394,0.532554637412,3.18));
#8055 = CARTESIAN_POINT('',(1.186875279956,0.532554637412,3.18));
#8056 = CARTESIAN_POINT('',(1.230113599517,0.532554637412,3.18));
#8057 = CARTESIAN_POINT('',(1.316590238639,0.532554637412,3.18));
#8058 = CARTESIAN_POINT('',(1.3598285582,0.532554637412,3.18));
#8059 = CARTESIAN_POINT('',(1.403066877761,0.532554637412,3.18));
#8060 = CARTESIAN_POINT('',(1.489543516884,0.532554637412,3.18));
#8061 = CARTESIAN_POINT('',(1.532781836445,0.532554637412,3.18));
#8062 = CARTESIAN_POINT('',(1.576020156006,0.532554637412,3.18));
#8063 = CARTESIAN_POINT('',(1.662496795128,0.532554637412,3.18));
#8064 = CARTESIAN_POINT('',(1.70573511469,0.532554637412,3.18));
#8065 = CARTESIAN_POINT('',(1.748973434251,0.532554637412,3.18));
#8066 = CARTESIAN_POINT('',(1.835450073373,0.532554637412,3.18));
#8067 = CARTESIAN_POINT('',(1.878688392934,0.532554637412,3.18));
#8068 = CARTESIAN_POINT('',(1.921926712495,0.532554637412,3.18));
#8069 = CARTESIAN_POINT('',(2.008403351618,0.532554637412,3.18));
#8070 = CARTESIAN_POINT('',(2.051641671179,0.532554637412,3.18));
#8071 = CARTESIAN_POINT('',(2.09487999074,0.532554637412,3.18));
#8072 = CARTESIAN_POINT('',(2.181356629862,0.532554637412,3.18));
#8073 = CARTESIAN_POINT('',(2.224594949424,0.532554637412,3.18));
#8074 = CARTESIAN_POINT('',(2.267833268985,0.532554637412,3.18));
#8075 = CARTESIAN_POINT('',(2.354309908107,0.532554637412,3.18));
#8076 = CARTESIAN_POINT('',(2.397548227668,0.532554637412,3.18));
#8077 = CARTESIAN_POINT('',(2.440786547229,0.532554637412,3.18));
#8078 = CARTESIAN_POINT('',(2.527263186352,0.532554637412,3.18));
#8079 = CARTESIAN_POINT('',(2.570501505913,0.532554637412,3.18));
#8080 = CARTESIAN_POINT('',(2.613739825474,0.532554637412,3.18));
#8081 = CARTESIAN_POINT('',(2.700216464596,0.532554637412,3.18));
#8082 = CARTESIAN_POINT('',(2.743454784158,0.532554637412,3.18));
#8083 = CARTESIAN_POINT('',(2.786693103719,0.532554637412,3.18));
#8084 = CARTESIAN_POINT('',(2.873169742841,0.532554637412,3.18));
#8085 = CARTESIAN_POINT('',(2.916408062402,0.532554637412,3.18));
#8086 = CARTESIAN_POINT('',(2.959646381963,0.532554637412,3.18));
#8087 = CARTESIAN_POINT('',(3.044681743767,0.532554637412,3.18));
#8088 = CARTESIAN_POINT('',(3.08647878601,0.532554637412,3.18));
#8089 = CARTESIAN_POINT('',(3.128275828252,0.532554637412,3.18));
#8090 = CARTESIAN_POINT('',(3.213311190056,0.532554637412,3.18));
#8091 = CARTESIAN_POINT('',(3.256549509617,0.532554637412,3.18));
#8092 = CARTESIAN_POINT('',(3.299787829178,0.532554637412,3.18));
#8093 = CARTESIAN_POINT('',(3.3862644683,0.532554637412,3.18));
#8094 = CARTESIAN_POINT('',(3.429502787862,0.532554637412,3.18));
#8095 = CARTESIAN_POINT('',(3.472741107423,0.532554637412,3.18));
#8096 = CARTESIAN_POINT('',(3.559217746545,0.532554637412,3.18));
#8097 = CARTESIAN_POINT('',(3.602456066106,0.532554637412,3.18));
#8098 = CARTESIAN_POINT('',(3.645694385667,0.532554637412,3.18));
#8099 = CARTESIAN_POINT('',(3.73217102479,0.532554637412,3.18));
#8100 = CARTESIAN_POINT('',(3.775409344351,0.532554637412,3.18));
#8101 = CARTESIAN_POINT('',(3.818647663912,0.532554637412,3.18));
#8102 = CARTESIAN_POINT('',(3.905124303035,0.532554637412,3.18));
#8103 = CARTESIAN_POINT('',(3.948362622596,0.532554637412,3.18));
#8104 = CARTESIAN_POINT('',(3.991600942157,0.532554637412,3.18));
#8105 = CARTESIAN_POINT('',(4.078077581279,0.532554637412,3.18));
#8106 = CARTESIAN_POINT('',(4.12131590084,0.532554637412,3.18));
#8107 = CARTESIAN_POINT('',(4.164554220402,0.532554637412,3.18));
#8108 = CARTESIAN_POINT('',(4.251030859524,0.532554637412,3.18));
#8109 = CARTESIAN_POINT('',(4.294269179085,0.532554637412,3.18));
#8110 = CARTESIAN_POINT('',(4.337507498646,0.532554637412,3.18));
#8111 = CARTESIAN_POINT('',(4.423984137769,0.532554637412,3.18));
#8112 = CARTESIAN_POINT('',(4.46722245733,0.532554637412,3.18));
#8113 = CARTESIAN_POINT('',(4.510460776891,0.532554637412,3.18));
#8114 = CARTESIAN_POINT('',(4.595496138695,0.532554637412,3.18));
#8115 = CARTESIAN_POINT('',(4.637293180937,0.532554637412,3.18));
#8116 = CARTESIAN_POINT('',(4.67909022318,0.532554637412,3.18));
#8117 = CARTESIAN_POINT('',(4.764125584983,0.532554637412,3.18));
#8118 = CARTESIAN_POINT('',(4.807363904544,0.532554637412,3.18));
#8119 = CARTESIAN_POINT('',(4.850602224106,0.532554637412,3.18));
#8120 = CARTESIAN_POINT('',(4.937078863228,0.532554637412,3.18));
#8121 = CARTESIAN_POINT('',(4.980317182789,0.532554637412,3.18));
#8122 = CARTESIAN_POINT('',(5.02355550235,0.532554637412,3.18));
#8123 = CARTESIAN_POINT('',(5.110032141473,0.532554637412,3.18));
#8124 = CARTESIAN_POINT('',(5.153270461034,0.532554637412,3.18));
#8125 = CARTESIAN_POINT('',(5.196508780595,0.532554637412,3.18));
#8126 = CARTESIAN_POINT('',(5.282985419717,0.532554637412,3.18));
#8127 = CARTESIAN_POINT('',(5.326223739278,0.532554637412,3.18));
#8128 = CARTESIAN_POINT('',(5.36946205884,0.532554637412,3.18));
#8129 = CARTESIAN_POINT('',(5.455938697962,0.532554637412,3.18));
#8130 = CARTESIAN_POINT('',(5.499177017523,0.532554637412,3.18));
#8131 = CARTESIAN_POINT('',(5.542415337084,0.532554637412,3.18));
#8132 = CARTESIAN_POINT('',(5.628891976207,0.532554637412,3.18));
#8133 = CARTESIAN_POINT('',(5.672130295768,0.532554637412,3.18));
#8134 = CARTESIAN_POINT('',(5.715368615329,0.532554637412,3.18));
#8135 = CARTESIAN_POINT('',(5.801845254451,0.532554637412,3.18));
#8136 = CARTESIAN_POINT('',(5.845083574013,0.532554637412,3.18));
#8137 = CARTESIAN_POINT('',(5.888321893574,0.532554637412,3.18));
#8138 = CARTESIAN_POINT('',(5.974798532696,0.532554637412,3.18));
#8139 = CARTESIAN_POINT('',(6.018036852257,0.532554637412,3.18));
#8140 = CARTESIAN_POINT('',(6.061275171818,0.532554637412,3.18));
#8141 = CARTESIAN_POINT('',(6.147751810941,0.532554637412,3.18));
#8142 = CARTESIAN_POINT('',(6.190990130502,0.532554637412,3.18));
#8143 = CARTESIAN_POINT('',(6.234228450063,0.532554637412,3.18));
#8144 = CARTESIAN_POINT('',(6.320705089185,0.532554637412,3.18));
#8145 = CARTESIAN_POINT('',(6.363943408747,0.532554637412,3.18));
#8146 = CARTESIAN_POINT('',(6.407181728308,0.532554637412,3.18));
#8147 = CARTESIAN_POINT('',(6.510953695255,0.532554637412,3.18));
#8148 = CARTESIAN_POINT('',(6.57148734264,0.532554637412,3.18));
#8149 = CARTESIAN_POINT('',(6.632020990026,0.532554637412,3.18));
#8150 = CARTESIAN_POINT('',(6.692554637412,0.532554637412,3.18));
#8151 = ORIENTED_EDGE('',*,*,#8152,.T.);
#8152 = EDGE_CURVE('',#8047,#8153,#8155,.T.);
#8153 = VERTEX_POINT('',#8154);
#8154 = CARTESIAN_POINT('',(4.55624057783,0.426276356577,3.68));
#8155 = B_SPLINE_CURVE_WITH_KNOTS('',4,(#8156,#8157,#8158,#8159,#8160,
    #8161,#8162,#8163,#8164,#8165,#8166,#8167,#8168,#8169,#8170,#8171,
    #8172,#8173,#8174,#8175,#8176,#8177,#8178,#8179,#8180,#8181,#8182,
    #8183,#8184,#8185,#8186,#8187,#8188,#8189,#8190,#8191,#8192,#8193,
    #8194,#8195,#8196,#8197,#8198,#8199,#8200,#8201,#8202,#8203,#8204,
    #8205,#8206,#8207,#8208,#8209,#8210,#8211,#8212,#8213,#8214,#8215,
    #8216,#8217,#8218,#8219,#8220,#8221,#8222,#8223,#8224,#8225,#8226,
    #8227,#8228,#8229,#8230,#8231,#8232,#8233,#8234,#8235,#8236,#8237,
    #8238,#8239,#8240,#8241,#8242,#8243,#8244,#8245,#8246,#8247,#8248,
    #8249,#8250,#8251,#8252,#8253,#8254,#8255,#8256),.UNSPECIFIED.,.F.,
  .F.,(5,3,3,3,3,3,3,3,3,3,3,3,3,3,3,3,3,3,3,3,3,3,3,3,3,3,3,3,3,3,3,3,3
    ,5),(0.,3.832661857541E-02,7.588616027406E-02,0.112697851853,
    0.148780767068,0.184153940431,0.218836486671,0.252847727222,
    0.286207325059,0.318935429062,0.351052828922,0.382581121221,
    0.413542886787,0.443961878574,0.47386321812,0.503273596997,
    0.532221477517,0.560737284349,0.588853575632,0.61660517913,
    0.644029276191,0.671165414826,0.69805543375,0.723856466375,
    0.750392376563,0.776817491055,0.803179915651,0.829528157022,
    0.855910545381,0.882374672274,0.908966882882,0.935731854039,
    0.962712277262,1.),.UNSPECIFIED.);
#8156 = CARTESIAN_POINT('',(4.517556746277,0.75,2.157));
#8157 = CARTESIAN_POINT('',(4.51840163495,0.747596502417,2.168307567096)
  );
#8158 = CARTESIAN_POINT('',(4.519239956129,0.745176893235,2.179690933308
    ));
#8159 = CARTESIAN_POINT('',(4.520071529503,0.742740885558,2.191151448372
    ));
#8160 = CARTESIAN_POINT('',(4.521704283132,0.737884563992,2.213998645033
    ));
#8161 = CARTESIAN_POINT('',(4.522505738494,0.735464911842,2.225382213394
    ));
#8162 = CARTESIAN_POINT('',(4.523300339522,0.733028942322,2.236842548942
    ));
#8163 = CARTESIAN_POINT('',(4.524859748595,0.728172618361,2.259689756871
    ));
#8164 = CARTESIAN_POINT('',(4.525624834744,0.725752918822,2.271073548177
    ));
#8165 = CARTESIAN_POINT('',(4.526382953018,0.72331699024,2.282533691129)
  );
#8166 = CARTESIAN_POINT('',(4.527869973068,0.718460661398,2.305380922018
    ));
#8167 = CARTESIAN_POINT('',(4.528599156036,0.716040908555,2.316764964101
    ));
#8168 = CARTESIAN_POINT('',(4.529321250368,0.71360502492,2.328224895597)
  );
#8169 = CARTESIAN_POINT('',(4.530736777188,0.708748688464,2.351072162308
    ));
#8170 = CARTESIAN_POINT('',(4.531430493987,0.706328874704,2.362456490983
    ));
#8171 = CARTESIAN_POINT('',(4.532116993983,0.703893041415,2.373916185615
    ));
#8172 = CARTESIAN_POINT('',(4.53346186663,0.699036694321,2.396763502377)
  );
#8173 = CARTESIAN_POINT('',(4.534120526676,0.696616810106,2.408148162516
    ));
#8174 = CARTESIAN_POINT('',(4.534771834181,0.694181034144,2.419607587444
    ));
#8175 = CARTESIAN_POINT('',(4.536046837719,0.689324673051,2.442454970066
    ));
#8176 = CARTESIAN_POINT('',(4.53667082411,0.686904706661,2.453840016811)
  );
#8177 = CARTESIAN_POINT('',(4.53728731453,0.684468996804,2.465299130741)
  );
#8178 = CARTESIAN_POINT('',(4.538493182533,0.67961261797,2.488146596824)
  );
#8179 = CARTESIAN_POINT('',(4.539082853213,0.677192555215,2.499532096932
    ));
#8180 = CARTESIAN_POINT('',(4.539664876734,0.674756922283,2.510990848958
    ));
#8181 = CARTESIAN_POINT('',(4.540802293564,0.669900521543,2.533838418102
    ));
#8182 = CARTESIAN_POINT('',(4.541357982362,0.667480345451,2.545224451414
    ));
#8183 = CARTESIAN_POINT('',(4.541905865071,0.665044802583,2.556682779723
    ));
#8184 = CARTESIAN_POINT('',(4.54297546796,0.66018837531,2.579530473698)
  );
#8185 = CARTESIAN_POINT('',(4.54349748552,0.657768065798,2.590917134701)
  );
#8186 = CARTESIAN_POINT('',(4.544011530446,0.655332628757,2.602374965137
    ));
#8187 = CARTESIAN_POINT('',(4.545013911384,0.650476169835,2.625222808007
    ));
#8188 = CARTESIAN_POINT('',(4.545502545984,0.648055703366,2.636610207432
    ));
#8189 = CARTESIAN_POINT('',(4.545983034067,0.645620390865,2.64806745195)
  );
#8190 = CARTESIAN_POINT('',(4.546918741515,0.640763894688,2.670915470094
    ));
#8191 = CARTESIAN_POINT('',(4.547374259786,0.638343243943,2.682303736473
    ));
#8192 = CARTESIAN_POINT('',(4.547821450773,0.635908077994,2.693760291517
    ));
#8193 = CARTESIAN_POINT('',(4.548690991222,0.631051538489,2.716608513501
    ));
#8194 = CARTESIAN_POINT('',(4.549113638758,0.628630672067,2.727997794563
    ));
#8195 = CARTESIAN_POINT('',(4.549527772061,0.626195678326,2.739453539431
    ));
#8196 = CARTESIAN_POINT('',(4.550331611426,0.621339089031,2.762301995656
    ));
#8197 = CARTESIAN_POINT('',(4.550721613297,0.618917971229,2.773692459367
    ));
#8198 = CARTESIAN_POINT('',(4.551102908798,0.616483179322,2.785147254684
    ));
#8199 = CARTESIAN_POINT('',(4.551841473684,0.611626533526,2.807995976726
    ));
#8200 = CARTESIAN_POINT('',(4.552199034853,0.609205124242,2.81938781175)
  );
#8201 = CARTESIAN_POINT('',(4.552547693676,0.606770568034,2.83084149819)
  );
#8202 = CARTESIAN_POINT('',(4.553221372509,0.601913859003,2.85369051773)
  );
#8203 = CARTESIAN_POINT('',(4.553546678159,0.599492113826,2.865083933008
    ));
#8204 = CARTESIAN_POINT('',(4.553862883417,0.597057831594,2.876536330492
    ));
#8205 = CARTESIAN_POINT('',(4.554472027457,0.592201052906,2.899385677745
    ));
#8206 = CARTESIAN_POINT('',(4.554765243235,0.589778923466,2.910780900835
    ));
#8207 = CARTESIAN_POINT('',(4.555049160754,0.587344957907,2.922231808488
    ));
#8208 = CARTESIAN_POINT('',(4.555594085007,0.582488103904,2.945081510067
    ));
#8209 = CARTESIAN_POINT('',(4.555855357209,0.580065538575,2.956478783859
    ));
#8210 = CARTESIAN_POINT('',(4.556107136226,0.577631936579,2.967927981082
    ));
#8211 = CARTESIAN_POINT('',(4.556588120266,0.572775002947,2.99077805729)
  );
#8212 = CARTESIAN_POINT('',(4.556817575979,0.570351947956,3.002177634756
    ));
#8213 = CARTESIAN_POINT('',(4.557037349815,0.567918760056,3.01362488381)
  );
#8214 = CARTESIAN_POINT('',(4.557454638532,0.563061744495,3.036475345463
    ));
#8215 = CARTESIAN_POINT('',(4.557652385772,0.560638145511,3.047877482217
    ));
#8216 = CARTESIAN_POINT('',(4.557840272457,0.558205424932,3.059322532699
    ));
#8217 = CARTESIAN_POINT('',(4.558194076753,0.553348327874,3.082173377761
    ));
#8218 = CARTESIAN_POINT('',(4.55836020463,0.550924132049,3.093578322432)
  );
#8219 = CARTESIAN_POINT('',(4.558516307464,0.548491933287,3.105020917961
    ));
#8220 = CARTESIAN_POINT('',(4.558806804905,0.543634758563,3.127872128414
    ));
#8221 = CARTESIAN_POINT('',(4.558941383861,0.541209916965,3.139280111208
    ));
#8222 = CARTESIAN_POINT('',(4.559065791873,0.538778293878,3.150719998397
    ));
#8223 = CARTESIAN_POINT('',(4.559289364462,0.534001445917,3.173193301142
    ));
#8224 = CARTESIAN_POINT('',(4.559389347551,0.531656709793,3.184224417312
    ));
#8225 = CARTESIAN_POINT('',(4.559479713778,0.529306845248,3.195279660803
    ));
#8226 = CARTESIAN_POINT('',(4.559643309223,0.524531015986,3.217748170946
    ));
#8227 = CARTESIAN_POINT('',(4.559715977255,0.522104789354,3.229162669811
    ));
#8228 = CARTESIAN_POINT('',(4.559778258107,0.519674441603,3.240596557019
    ));
#8229 = CARTESIAN_POINT('',(4.559881673858,0.514817097121,3.263448566119
    ));
#8230 = CARTESIAN_POINT('',(4.559922896137,0.512390127828,3.274866558929
    ));
#8231 = CARTESIAN_POINT('',(4.559953664448,0.509960487816,3.286297116485
    ));
#8232 = CARTESIAN_POINT('',(4.559994160514,0.505103118425,3.309149242777
    ));
#8233 = CARTESIAN_POINT('',(4.560003938104,0.502675397106,3.320570773588
    ));
#8234 = CARTESIAN_POINT('',(4.560003227463,0.500246491538,3.331997875857
    ));
#8235 = CARTESIAN_POINT('',(4.559980823682,0.49538911742,3.354850024389)
  );
#8236 = CARTESIAN_POINT('',(4.559959141833,0.492960648212,3.366275073744
    ));
#8237 = CARTESIAN_POINT('',(4.559926971124,0.490532491387,3.37769865345)
  );
#8238 = CARTESIAN_POINT('',(4.559841656474,0.485675133035,3.400550727806
    ));
#8239 = CARTESIAN_POINT('',(4.559788485318,0.483245933163,3.411979214666
    ));
#8240 = CARTESIAN_POINT('',(4.559724858065,0.480818526053,3.423399267246
    ));
#8241 = CARTESIAN_POINT('',(4.559576590602,0.475961202735,3.446251176778
    ));
#8242 = CARTESIAN_POINT('',(4.559491885731,0.473531301133,3.457682965016
    ));
#8243 = CARTESIAN_POINT('',(4.55939678937,0.471104631472,3.469099548169)
  );
#8244 = CARTESIAN_POINT('',(4.559185496001,0.466247359896,3.491951214278
    ));
#8245 = CARTESIAN_POINT('',(4.559069198868,0.463816795086,3.503386122664
    ));
#8246 = CARTESIAN_POINT('',(4.558942604012,0.461390838462,3.514799351241
    ));
#8247 = CARTESIAN_POINT('',(4.558668180126,0.456533631832,3.537650711804
    ));
#8248 = CARTESIAN_POINT('',(4.55852021822,0.454102449372,3.549088526007)
  );
#8249 = CARTESIAN_POINT('',(4.558362078002,0.451677171116,3.560498563111
    ));
#8250 = CARTESIAN_POINT('',(4.558024386988,0.446820038677,3.583349574633
    ));
#8251 = CARTESIAN_POINT('',(4.557844673802,0.444388288514,3.594790059667
    ));
#8252 = CARTESIAN_POINT('',(4.557654923327,0.441963646102,3.606197105365
    ));
#8253 = CARTESIAN_POINT('',(4.557179430408,0.436206135645,3.633284062415
    ));
#8254 = CARTESIAN_POINT('',(4.556884708632,0.432880166482,3.64893151708)
  );
#8255 = CARTESIAN_POINT('',(4.556571593687,0.42956992391,3.664504983956)
  );
#8256 = CARTESIAN_POINT('',(4.55624057783,0.426276356577,3.68));
#8257 = ORIENTED_EDGE('',*,*,#8258,.F.);
#8258 = EDGE_CURVE('',#7160,#8153,#8259,.T.);
#8259 = LINE('',#8260,#8261);
#8260 = CARTESIAN_POINT('',(6.586276356577,0.426276356577,3.68));
#8261 = VECTOR('',#8262,1.);
#8262 = DIRECTION('',(-1.,-4.440892098501E-16,0.));
#8263 = B_SPLINE_SURFACE_WITH_KNOTS('',1,1,(
    (#8264,#8265)
    ,(#8266,#8267
    )),.UNSPECIFIED.,.F.,.F.,.F.,(2,2),(2,2),(0.,6.2),(0.,1.),
  .PIECEWISE_BEZIER_KNOTS.);
#8264 = CARTESIAN_POINT('',(6.91,0.75,2.157));
#8265 = CARTESIAN_POINT('',(6.586276356577,0.426276356577,3.68));
#8266 = CARTESIAN_POINT('',(0.71,0.75,2.157));
#8267 = CARTESIAN_POINT('',(1.033723643423,0.426276356577,3.68));
#8268 = ADVANCED_FACE('',(#8269),#8314,.T.);
#8269 = FACE_BOUND('',#8270,.T.);
#8270 = EDGE_LOOP('',(#8271,#8272,#8278,#8279,#8285,#8286,#8292,#8293,
    #8299,#8300,#8307,#8313));
#8271 = ORIENTED_EDGE('',*,*,#6444,.T.);
#8272 = ORIENTED_EDGE('',*,*,#8273,.T.);
#8273 = EDGE_CURVE('',#6437,#6755,#8274,.T.);
#8274 = LINE('',#8275,#8276);
#8275 = CARTESIAN_POINT('',(0.71,0.75,2.157));
#8276 = VECTOR('',#8277,1.);
#8277 = DIRECTION('',(4.440892098501E-16,-1.,0.));
#8278 = ORIENTED_EDGE('',*,*,#6771,.T.);
#8279 = ORIENTED_EDGE('',*,*,#8280,.T.);
#8280 = EDGE_CURVE('',#6764,#7083,#8281,.T.);
#8281 = LINE('',#8282,#8283);
#8282 = CARTESIAN_POINT('',(0.71,0.75,2.157));
#8283 = VECTOR('',#8284,1.);
#8284 = DIRECTION('',(4.440892098501E-16,-1.,0.));
#8285 = ORIENTED_EDGE('',*,*,#7099,.T.);
#8286 = ORIENTED_EDGE('',*,*,#8287,.T.);
#8287 = EDGE_CURVE('',#7092,#6902,#8288,.T.);
#8288 = LINE('',#8289,#8290);
#8289 = CARTESIAN_POINT('',(0.71,0.75,2.157));
#8290 = VECTOR('',#8291,1.);
#8291 = DIRECTION('',(4.440892098501E-16,-1.,0.));
#8292 = ORIENTED_EDGE('',*,*,#6918,.T.);
#8293 = ORIENTED_EDGE('',*,*,#8294,.T.);
#8294 = EDGE_CURVE('',#6911,#6575,#8295,.T.);
#8295 = LINE('',#8296,#8297);
#8296 = CARTESIAN_POINT('',(0.71,0.75,2.157));
#8297 = VECTOR('',#8298,1.);
#8298 = DIRECTION('',(4.440892098501E-16,-1.,0.));
#8299 = ORIENTED_EDGE('',*,*,#6590,.T.);
#8300 = ORIENTED_EDGE('',*,*,#8301,.T.);
#8301 = EDGE_CURVE('',#6584,#8302,#8304,.T.);
#8302 = VERTEX_POINT('',#8303);
#8303 = CARTESIAN_POINT('',(1.033723643423,-8.046276356577,3.68));
#8304 = B_SPLINE_CURVE_WITH_KNOTS('',1,(#8305,#8306),.UNSPECIFIED.,.F.,
  .F.,(2,2),(0.,1.),.PIECEWISE_BEZIER_KNOTS.);
#8305 = CARTESIAN_POINT('',(0.71,-8.37,2.157));
#8306 = CARTESIAN_POINT('',(1.033723643423,-8.046276356577,3.68));
#8307 = ORIENTED_EDGE('',*,*,#8308,.F.);
#8308 = EDGE_CURVE('',#7926,#8302,#8309,.T.);
#8309 = LINE('',#8310,#8311);
#8310 = CARTESIAN_POINT('',(1.033723643423,0.426276356577,3.68));
#8311 = VECTOR('',#8312,1.);
#8312 = DIRECTION('',(4.440892098501E-16,-1.,0.));
#8313 = ORIENTED_EDGE('',*,*,#7925,.F.);
#8314 = B_SPLINE_SURFACE_WITH_KNOTS('',1,1,(
    (#8315,#8316)
    ,(#8317,#8318
    )),.UNSPECIFIED.,.F.,.F.,.F.,(2,2),(2,2),(0.,9.12),(0.,1.),
  .PIECEWISE_BEZIER_KNOTS.);
#8315 = CARTESIAN_POINT('',(0.71,0.75,2.157));
#8316 = CARTESIAN_POINT('',(1.033723643423,0.426276356577,3.68));
#8317 = CARTESIAN_POINT('',(0.71,-8.37,2.157));
#8318 = CARTESIAN_POINT('',(1.033723643423,-8.046276356577,3.68));
#8319 = ADVANCED_FACE('',(#8320),#8333,.T.);
#8320 = FACE_BOUND('',#8321,.T.);
#8321 = EDGE_LOOP('',(#8322,#8323,#8324,#8325,#8326,#8332));
#8322 = ORIENTED_EDGE('',*,*,#6754,.F.);
#8323 = ORIENTED_EDGE('',*,*,#8273,.F.);
#8324 = ORIENTED_EDGE('',*,*,#6436,.F.);
#8325 = ORIENTED_EDGE('',*,*,#6458,.F.);
#8326 = ORIENTED_EDGE('',*,*,#8327,.F.);
#8327 = EDGE_CURVE('',#6605,#6459,#8328,.T.);
#8328 = LINE('',#8329,#8330);
#8329 = CARTESIAN_POINT('',(0.254,-0.762,2.157));
#8330 = VECTOR('',#8331,1.);
#8331 = DIRECTION('',(-4.440892098501E-16,1.,0.));
#8332 = ORIENTED_EDGE('',*,*,#6648,.F.);
#8333 = PLANE('',#8334);
#8334 = AXIS2_PLACEMENT_3D('',#8335,#8336,#8337);
#8335 = CARTESIAN_POINT('',(3.81,-0.762,2.157));
#8336 = DIRECTION('',(0.,0.,1.));
#8337 = DIRECTION('',(-4.440892098501E-16,1.,0.));
#8338 = ADVANCED_FACE('',(#8339),#8382,.T.);
#8339 = FACE_BOUND('',#8340,.T.);
#8340 = EDGE_LOOP('',(#8341,#8342,#8343,#8344,#8352,#8360,#8368,#8376));
#8341 = ORIENTED_EDGE('',*,*,#6491,.F.);
#8342 = ORIENTED_EDGE('',*,*,#6662,.T.);
#8343 = ORIENTED_EDGE('',*,*,#6631,.F.);
#8344 = ORIENTED_EDGE('',*,*,#8345,.F.);
#8345 = EDGE_CURVE('',#8346,#6624,#8348,.T.);
#8346 = VERTEX_POINT('',#8347);
#8347 = CARTESIAN_POINT('',(0.127,-0.2285,0.));
#8348 = LINE('',#8349,#8350);
#8349 = CARTESIAN_POINT('',(0.127,-0.2285,0.));
#8350 = VECTOR('',#8351,1.);
#8351 = DIRECTION('',(4.440892098501E-16,-1.,0.));
#8352 = ORIENTED_EDGE('',*,*,#8353,.F.);
#8353 = EDGE_CURVE('',#8354,#8346,#8356,.T.);
#8354 = VERTEX_POINT('',#8355);
#8355 = CARTESIAN_POINT('',(0.127,-0.2285,-2.843));
#8356 = LINE('',#8357,#8358);
#8357 = CARTESIAN_POINT('',(0.127,-0.2285,-2.843));
#8358 = VECTOR('',#8359,1.);
#8359 = DIRECTION('',(0.,0.,1.));
#8360 = ORIENTED_EDGE('',*,*,#8361,.F.);
#8361 = EDGE_CURVE('',#8362,#8354,#8364,.T.);
#8362 = VERTEX_POINT('',#8363);
#8363 = CARTESIAN_POINT('',(0.127,-0.11425,-3.3));
#8364 = LINE('',#8365,#8366);
#8365 = CARTESIAN_POINT('',(0.127,-0.11425,-3.3));
#8366 = VECTOR('',#8367,1.);
#8367 = DIRECTION('',(1.077074540829E-16,-0.242535625036,0.970142500145)
  );
#8368 = ORIENTED_EDGE('',*,*,#8369,.F.);
#8369 = EDGE_CURVE('',#8370,#8362,#8372,.T.);
#8370 = VERTEX_POINT('',#8371);
#8371 = CARTESIAN_POINT('',(0.127,0.11425,-3.3));
#8372 = LINE('',#8373,#8374);
#8373 = CARTESIAN_POINT('',(0.127,0.11425,-3.3));
#8374 = VECTOR('',#8375,1.);
#8375 = DIRECTION('',(4.440892098501E-16,-1.,0.));
#8376 = ORIENTED_EDGE('',*,*,#8377,.F.);
#8377 = EDGE_CURVE('',#6484,#8370,#8378,.T.);
#8378 = LINE('',#8379,#8380);
#8379 = CARTESIAN_POINT('',(0.127,0.2285,-2.843));
#8380 = VECTOR('',#8381,1.);
#8381 = DIRECTION('',(1.077074540829E-16,-0.242535625036,-0.970142500145
    ));
#8382 = PLANE('',#8383);
#8383 = AXIS2_PLACEMENT_3D('',#8384,#8385,#8386);
#8384 = CARTESIAN_POINT('',(0.127,0.2285,2.157));
#8385 = DIRECTION('',(1.,4.440892098501E-16,0.));
#8386 = DIRECTION('',(0.,0.,-1.));
#8387 = ADVANCED_FACE('',(#8388),#8406,.T.);
#8388 = FACE_BOUND('',#8389,.T.);
#8389 = EDGE_LOOP('',(#8390,#8391,#8392,#8400));
#8390 = ORIENTED_EDGE('',*,*,#6483,.T.);
#8391 = ORIENTED_EDGE('',*,*,#8377,.T.);
#8392 = ORIENTED_EDGE('',*,*,#8393,.F.);
#8393 = EDGE_CURVE('',#8394,#8370,#8396,.T.);
#8394 = VERTEX_POINT('',#8395);
#8395 = CARTESIAN_POINT('',(-0.127,0.11425,-3.3));
#8396 = LINE('',#8397,#8398);
#8397 = CARTESIAN_POINT('',(-0.127,0.11425,-3.3));
#8398 = VECTOR('',#8399,1.);
#8399 = DIRECTION('',(1.,4.440892098501E-16,0.));
#8400 = ORIENTED_EDGE('',*,*,#8401,.F.);
#8401 = EDGE_CURVE('',#6476,#8394,#8402,.T.);
#8402 = LINE('',#8403,#8404);
#8403 = CARTESIAN_POINT('',(-0.127,0.2285,-2.843));
#8404 = VECTOR('',#8405,1.);
#8405 = DIRECTION('',(1.077074540829E-16,-0.242535625036,-0.970142500145
    ));
#8406 = PLANE('',#8407);
#8407 = AXIS2_PLACEMENT_3D('',#8408,#8409,#8410);
#8408 = CARTESIAN_POINT('',(-0.127,0.2285,-2.843));
#8409 = DIRECTION('',(-4.308298163317E-16,0.970142500145,-0.242535625036
    ));
#8410 = DIRECTION('',(1.077074540829E-16,-0.242535625036,-0.970142500145
    ));
#8411 = ADVANCED_FACE('',(#8412),#8453,.F.);
#8412 = FACE_BOUND('',#8413,.F.);
#8413 = EDGE_LOOP('',(#8414,#8415,#8421,#8422,#8430,#8438,#8446,#8452));
#8414 = ORIENTED_EDGE('',*,*,#6475,.F.);
#8415 = ORIENTED_EDGE('',*,*,#8416,.F.);
#8416 = EDGE_CURVE('',#6607,#6467,#8417,.T.);
#8417 = LINE('',#8418,#8419);
#8418 = CARTESIAN_POINT('',(-0.127,-0.762,1.776));
#8419 = VECTOR('',#8420,1.);
#8420 = DIRECTION('',(-4.440892098501E-16,1.,0.));
#8421 = ORIENTED_EDGE('',*,*,#6615,.F.);
#8422 = ORIENTED_EDGE('',*,*,#8423,.F.);
#8423 = EDGE_CURVE('',#8424,#6616,#8426,.T.);
#8424 = VERTEX_POINT('',#8425);
#8425 = CARTESIAN_POINT('',(-0.127,-0.2285,0.));
#8426 = LINE('',#8427,#8428);
#8427 = CARTESIAN_POINT('',(-0.127,-0.2285,0.));
#8428 = VECTOR('',#8429,1.);
#8429 = DIRECTION('',(4.440892098501E-16,-1.,0.));
#8430 = ORIENTED_EDGE('',*,*,#8431,.F.);
#8431 = EDGE_CURVE('',#8432,#8424,#8434,.T.);
#8432 = VERTEX_POINT('',#8433);
#8433 = CARTESIAN_POINT('',(-0.127,-0.2285,-2.843));
#8434 = LINE('',#8435,#8436);
#8435 = CARTESIAN_POINT('',(-0.127,-0.2285,-2.843));
#8436 = VECTOR('',#8437,1.);
#8437 = DIRECTION('',(0.,0.,1.));
#8438 = ORIENTED_EDGE('',*,*,#8439,.F.);
#8439 = EDGE_CURVE('',#8440,#8432,#8442,.T.);
#8440 = VERTEX_POINT('',#8441);
#8441 = CARTESIAN_POINT('',(-0.127,-0.11425,-3.3));
#8442 = LINE('',#8443,#8444);
#8443 = CARTESIAN_POINT('',(-0.127,-0.11425,-3.3));
#8444 = VECTOR('',#8445,1.);
#8445 = DIRECTION('',(1.077074540829E-16,-0.242535625036,0.970142500145)
  );
#8446 = ORIENTED_EDGE('',*,*,#8447,.F.);
#8447 = EDGE_CURVE('',#8394,#8440,#8448,.T.);
#8448 = LINE('',#8449,#8450);
#8449 = CARTESIAN_POINT('',(-0.127,0.11425,-3.3));
#8450 = VECTOR('',#8451,1.);
#8451 = DIRECTION('',(4.440892098501E-16,-1.,0.));
#8452 = ORIENTED_EDGE('',*,*,#8401,.F.);
#8453 = PLANE('',#8454);
#8454 = AXIS2_PLACEMENT_3D('',#8455,#8456,#8457);
#8455 = CARTESIAN_POINT('',(-0.127,0.2285,2.157));
#8456 = DIRECTION('',(1.,4.440892098501E-16,0.));
#8457 = DIRECTION('',(0.,0.,-1.));
#8458 = ADVANCED_FACE('',(#8459),#8465,.T.);
#8459 = FACE_BOUND('',#8460,.T.);
#8460 = EDGE_LOOP('',(#8461,#8462,#8463,#8464));
#8461 = ORIENTED_EDGE('',*,*,#8327,.T.);
#8462 = ORIENTED_EDGE('',*,*,#6466,.T.);
#8463 = ORIENTED_EDGE('',*,*,#8416,.F.);
#8464 = ORIENTED_EDGE('',*,*,#6604,.F.);
#8465 = CYLINDRICAL_SURFACE('',#8466,0.381);
#8466 = AXIS2_PLACEMENT_3D('',#8467,#8468,#8469);
#8467 = CARTESIAN_POINT('',(0.254,-0.762,1.776));
#8468 = DIRECTION('',(-4.440892098501E-16,1.,0.));
#8469 = DIRECTION('',(0.,0.,1.));
#8470 = ADVANCED_FACE('',(#8471),#8519,.T.);
#8471 = FACE_BOUND('',#8472,.T.);
#8472 = EDGE_LOOP('',(#8473,#8474,#8480,#8481,#8489,#8497,#8505,#8513));
#8473 = ORIENTED_EDGE('',*,*,#6516,.F.);
#8474 = ORIENTED_EDGE('',*,*,#8475,.T.);
#8475 = EDGE_CURVE('',#6517,#6688,#8476,.T.);
#8476 = LINE('',#8477,#8478);
#8477 = CARTESIAN_POINT('',(-0.127,-7.8485,1.776));
#8478 = VECTOR('',#8479,1.);
#8479 = DIRECTION('',(-4.440892098501E-16,1.,0.));
#8480 = ORIENTED_EDGE('',*,*,#6696,.F.);
#8481 = ORIENTED_EDGE('',*,*,#8482,.F.);
#8482 = EDGE_CURVE('',#8483,#6697,#8485,.T.);
#8483 = VERTEX_POINT('',#8484);
#8484 = CARTESIAN_POINT('',(-0.127,-7.3915,0.));
#8485 = LINE('',#8486,#8487);
#8486 = CARTESIAN_POINT('',(-0.127,-7.3915,0.));
#8487 = VECTOR('',#8488,1.);
#8488 = DIRECTION('',(-4.440892098501E-16,1.,0.));
#8489 = ORIENTED_EDGE('',*,*,#8490,.F.);
#8490 = EDGE_CURVE('',#8491,#8483,#8493,.T.);
#8491 = VERTEX_POINT('',#8492);
#8492 = CARTESIAN_POINT('',(-0.127,-7.3915,-2.843));
#8493 = LINE('',#8494,#8495);
#8494 = CARTESIAN_POINT('',(-0.127,-7.3915,-2.843));
#8495 = VECTOR('',#8496,1.);
#8496 = DIRECTION('',(0.,0.,1.));
#8497 = ORIENTED_EDGE('',*,*,#8498,.F.);
#8498 = EDGE_CURVE('',#8499,#8491,#8501,.T.);
#8499 = VERTEX_POINT('',#8500);
#8500 = CARTESIAN_POINT('',(-0.127,-7.50575,-3.3));
#8501 = LINE('',#8502,#8503);
#8502 = CARTESIAN_POINT('',(-0.127,-7.50575,-3.3));
#8503 = VECTOR('',#8504,1.);
#8504 = DIRECTION('',(-1.077074540829E-16,0.242535625036,0.970142500145)
  );
#8505 = ORIENTED_EDGE('',*,*,#8506,.F.);
#8506 = EDGE_CURVE('',#8507,#8499,#8509,.T.);
#8507 = VERTEX_POINT('',#8508);
#8508 = CARTESIAN_POINT('',(-0.127,-7.73425,-3.3));
#8509 = LINE('',#8510,#8511);
#8510 = CARTESIAN_POINT('',(-0.127,-7.73425,-3.3));
#8511 = VECTOR('',#8512,1.);
#8512 = DIRECTION('',(-4.440892098501E-16,1.,0.));
#8513 = ORIENTED_EDGE('',*,*,#8514,.F.);
#8514 = EDGE_CURVE('',#6519,#8507,#8515,.T.);
#8515 = LINE('',#8516,#8517);
#8516 = CARTESIAN_POINT('',(-0.127,-7.8485,-2.843));
#8517 = VECTOR('',#8518,1.);
#8518 = DIRECTION('',(-1.077074540829E-16,0.242535625036,-0.970142500145
    ));
#8519 = PLANE('',#8520);
#8520 = AXIS2_PLACEMENT_3D('',#8521,#8522,#8523);
#8521 = CARTESIAN_POINT('',(-0.127,-7.8485,2.157));
#8522 = DIRECTION('',(-1.,-4.440892098501E-16,0.));
#8523 = DIRECTION('',(0.,0.,1.));
#8524 = ADVANCED_FACE('',(#8525),#8543,.F.);
#8525 = FACE_BOUND('',#8526,.F.);
#8526 = EDGE_LOOP('',(#8527,#8528,#8536,#8542));
#8527 = ORIENTED_EDGE('',*,*,#6560,.T.);
#8528 = ORIENTED_EDGE('',*,*,#8529,.T.);
#8529 = EDGE_CURVE('',#6553,#8530,#8532,.T.);
#8530 = VERTEX_POINT('',#8531);
#8531 = CARTESIAN_POINT('',(0.127,-7.73425,-3.3));
#8532 = LINE('',#8533,#8534);
#8533 = CARTESIAN_POINT('',(0.127,-7.8485,-2.843));
#8534 = VECTOR('',#8535,1.);
#8535 = DIRECTION('',(-1.077074540829E-16,0.242535625036,-0.970142500145
    ));
#8536 = ORIENTED_EDGE('',*,*,#8537,.F.);
#8537 = EDGE_CURVE('',#8507,#8530,#8538,.T.);
#8538 = LINE('',#8539,#8540);
#8539 = CARTESIAN_POINT('',(-0.127,-7.73425,-3.3));
#8540 = VECTOR('',#8541,1.);
#8541 = DIRECTION('',(1.,4.440892098501E-16,0.));
#8542 = ORIENTED_EDGE('',*,*,#8514,.F.);
#8543 = PLANE('',#8544);
#8544 = AXIS2_PLACEMENT_3D('',#8545,#8546,#8547);
#8545 = CARTESIAN_POINT('',(-0.127,-7.8485,-2.843));
#8546 = DIRECTION('',(-4.308298163317E-16,0.970142500145,0.242535625036)
  );
#8547 = DIRECTION('',(-1.077074540829E-16,0.242535625036,-0.970142500145
    ));
#8548 = ADVANCED_FACE('',(#8549),#8585,.F.);
#8549 = FACE_BOUND('',#8550,.F.);
#8550 = EDGE_LOOP('',(#8551,#8552,#8553,#8554,#8562,#8570,#8578,#8584));
#8551 = ORIENTED_EDGE('',*,*,#6552,.F.);
#8552 = ORIENTED_EDGE('',*,*,#6740,.T.);
#8553 = ORIENTED_EDGE('',*,*,#6712,.F.);
#8554 = ORIENTED_EDGE('',*,*,#8555,.F.);
#8555 = EDGE_CURVE('',#8556,#6705,#8558,.T.);
#8556 = VERTEX_POINT('',#8557);
#8557 = CARTESIAN_POINT('',(0.127,-7.3915,0.));
#8558 = LINE('',#8559,#8560);
#8559 = CARTESIAN_POINT('',(0.127,-7.3915,0.));
#8560 = VECTOR('',#8561,1.);
#8561 = DIRECTION('',(-4.440892098501E-16,1.,0.));
#8562 = ORIENTED_EDGE('',*,*,#8563,.F.);
#8563 = EDGE_CURVE('',#8564,#8556,#8566,.T.);
#8564 = VERTEX_POINT('',#8565);
#8565 = CARTESIAN_POINT('',(0.127,-7.3915,-2.843));
#8566 = LINE('',#8567,#8568);
#8567 = CARTESIAN_POINT('',(0.127,-7.3915,-2.843));
#8568 = VECTOR('',#8569,1.);
#8569 = DIRECTION('',(0.,0.,1.));
#8570 = ORIENTED_EDGE('',*,*,#8571,.F.);
#8571 = EDGE_CURVE('',#8572,#8564,#8574,.T.);
#8572 = VERTEX_POINT('',#8573);
#8573 = CARTESIAN_POINT('',(0.127,-7.50575,-3.3));
#8574 = LINE('',#8575,#8576);
#8575 = CARTESIAN_POINT('',(0.127,-7.50575,-3.3));
#8576 = VECTOR('',#8577,1.);
#8577 = DIRECTION('',(-1.077074540829E-16,0.242535625036,0.970142500145)
  );
#8578 = ORIENTED_EDGE('',*,*,#8579,.F.);
#8579 = EDGE_CURVE('',#8530,#8572,#8580,.T.);
#8580 = LINE('',#8581,#8582);
#8581 = CARTESIAN_POINT('',(0.127,-7.73425,-3.3));
#8582 = VECTOR('',#8583,1.);
#8583 = DIRECTION('',(-4.440892098501E-16,1.,0.));
#8584 = ORIENTED_EDGE('',*,*,#8529,.F.);
#8585 = PLANE('',#8586);
#8586 = AXIS2_PLACEMENT_3D('',#8587,#8588,#8589);
#8587 = CARTESIAN_POINT('',(0.127,-7.8485,2.157));
#8588 = DIRECTION('',(-1.,-4.440892098501E-16,0.));
#8589 = DIRECTION('',(0.,0.,1.));
#8590 = ADVANCED_FACE('',(#8591),#8604,.T.);
#8591 = FACE_BOUND('',#8592,.T.);
#8592 = EDGE_LOOP('',(#8593,#8594,#8595,#8596,#8597,#8603));
#8593 = ORIENTED_EDGE('',*,*,#6574,.F.);
#8594 = ORIENTED_EDGE('',*,*,#8294,.F.);
#8595 = ORIENTED_EDGE('',*,*,#6910,.F.);
#8596 = ORIENTED_EDGE('',*,*,#6679,.F.);
#8597 = ORIENTED_EDGE('',*,*,#8598,.F.);
#8598 = EDGE_CURVE('',#6527,#6680,#8599,.T.);
#8599 = LINE('',#8600,#8601);
#8600 = CARTESIAN_POINT('',(0.254,-7.8485,2.157));
#8601 = VECTOR('',#8602,1.);
#8602 = DIRECTION('',(-4.440892098501E-16,1.,0.));
#8603 = ORIENTED_EDGE('',*,*,#6535,.F.);
#8604 = PLANE('',#8605);
#8605 = AXIS2_PLACEMENT_3D('',#8606,#8607,#8608);
#8606 = CARTESIAN_POINT('',(3.81,-7.8485,2.157));
#8607 = DIRECTION('',(0.,0.,1.));
#8608 = DIRECTION('',(-4.440892098501E-16,1.,0.));
#8609 = ADVANCED_FACE('',(#8610),#8616,.T.);
#8610 = FACE_BOUND('',#8611,.T.);
#8611 = EDGE_LOOP('',(#8612,#8613,#8614,#8615));
#8612 = ORIENTED_EDGE('',*,*,#6526,.T.);
#8613 = ORIENTED_EDGE('',*,*,#8598,.T.);
#8614 = ORIENTED_EDGE('',*,*,#6687,.F.);
#8615 = ORIENTED_EDGE('',*,*,#8475,.F.);
#8616 = CYLINDRICAL_SURFACE('',#8617,0.381);
#8617 = AXIS2_PLACEMENT_3D('',#8618,#8619,#8620);
#8618 = CARTESIAN_POINT('',(0.254,-7.8485,1.776));
#8619 = DIRECTION('',(-4.440892098501E-16,1.,0.));
#8620 = DIRECTION('',(-1.,-4.440892098501E-16,0.));
#8621 = ADVANCED_FACE('',(#8622),#8633,.T.);
#8622 = FACE_BOUND('',#8623,.T.);
#8623 = EDGE_LOOP('',(#8624,#8630,#8631,#8632));
#8624 = ORIENTED_EDGE('',*,*,#8625,.T.);
#8625 = EDGE_CURVE('',#8424,#8346,#8626,.T.);
#8626 = LINE('',#8627,#8628);
#8627 = CARTESIAN_POINT('',(-0.127,-0.2285,0.));
#8628 = VECTOR('',#8629,1.);
#8629 = DIRECTION('',(1.,4.440892098501E-16,0.));
#8630 = ORIENTED_EDGE('',*,*,#8345,.T.);
#8631 = ORIENTED_EDGE('',*,*,#6623,.F.);
#8632 = ORIENTED_EDGE('',*,*,#8423,.F.);
#8633 = PLANE('',#8634);
#8634 = AXIS2_PLACEMENT_3D('',#8635,#8636,#8637);
#8635 = CARTESIAN_POINT('',(-0.127,-0.2285,0.));
#8636 = DIRECTION('',(0.,0.,-1.));
#8637 = DIRECTION('',(4.440892098501E-16,-1.,0.));
#8638 = ADVANCED_FACE('',(#8639),#8650,.F.);
#8639 = FACE_BOUND('',#8640,.F.);
#8640 = EDGE_LOOP('',(#8641,#8647,#8648,#8649));
#8641 = ORIENTED_EDGE('',*,*,#8642,.T.);
#8642 = EDGE_CURVE('',#8483,#8556,#8643,.T.);
#8643 = LINE('',#8644,#8645);
#8644 = CARTESIAN_POINT('',(-0.127,-7.3915,0.));
#8645 = VECTOR('',#8646,1.);
#8646 = DIRECTION('',(1.,4.440892098501E-16,0.));
#8647 = ORIENTED_EDGE('',*,*,#8555,.T.);
#8648 = ORIENTED_EDGE('',*,*,#6704,.F.);
#8649 = ORIENTED_EDGE('',*,*,#8482,.F.);
#8650 = PLANE('',#8651);
#8651 = AXIS2_PLACEMENT_3D('',#8652,#8653,#8654);
#8652 = CARTESIAN_POINT('',(-0.127,-7.3915,0.));
#8653 = DIRECTION('',(0.,0.,1.));
#8654 = DIRECTION('',(-4.440892098501E-16,1.,0.));
#8655 = ADVANCED_FACE('',(#8656),#8669,.T.);
#8656 = FACE_BOUND('',#8657,.T.);
#8657 = EDGE_LOOP('',(#8658,#8659,#8660,#8661,#8662,#8668));
#8658 = ORIENTED_EDGE('',*,*,#7082,.F.);
#8659 = ORIENTED_EDGE('',*,*,#8280,.F.);
#8660 = ORIENTED_EDGE('',*,*,#6763,.F.);
#8661 = ORIENTED_EDGE('',*,*,#6796,.F.);
#8662 = ORIENTED_EDGE('',*,*,#8663,.F.);
#8663 = EDGE_CURVE('',#6933,#6786,#8664,.T.);
#8664 = LINE('',#8665,#8666);
#8665 = CARTESIAN_POINT('',(0.254,-3.302,2.157));
#8666 = VECTOR('',#8667,1.);
#8667 = DIRECTION('',(-4.440892098501E-16,1.,0.));
#8668 = ORIENTED_EDGE('',*,*,#6943,.F.);
#8669 = PLANE('',#8670);
#8670 = AXIS2_PLACEMENT_3D('',#8671,#8672,#8673);
#8671 = CARTESIAN_POINT('',(3.683,-3.302,2.157));
#8672 = DIRECTION('',(0.,0.,1.));
#8673 = DIRECTION('',(-4.440892098501E-16,1.,0.));
#8674 = ADVANCED_FACE('',(#8675),#8686,.T.);
#8675 = FACE_BOUND('',#8676,.T.);
#8676 = EDGE_LOOP('',(#8677,#8678,#8679,#8685));
#8677 = ORIENTED_EDGE('',*,*,#8663,.T.);
#8678 = ORIENTED_EDGE('',*,*,#6785,.T.);
#8679 = ORIENTED_EDGE('',*,*,#8680,.F.);
#8680 = EDGE_CURVE('',#6935,#6788,#8681,.T.);
#8681 = LINE('',#8682,#8683);
#8682 = CARTESIAN_POINT('',(-0.127,-3.302,1.776));
#8683 = VECTOR('',#8684,1.);
#8684 = DIRECTION('',(-4.440892098501E-16,1.,0.));
#8685 = ORIENTED_EDGE('',*,*,#6932,.F.);
#8686 = CYLINDRICAL_SURFACE('',#8687,0.381);
#8687 = AXIS2_PLACEMENT_3D('',#8688,#8689,#8690);
#8688 = CARTESIAN_POINT('',(0.254,-3.302,1.776));
#8689 = DIRECTION('',(-4.440892098501E-16,1.,0.));
#8690 = DIRECTION('',(0.,0.,1.));
#8691 = ADVANCED_FACE('',(#8692),#8751,.F.);
#8692 = FACE_BOUND('',#8693,.F.);
#8693 = EDGE_LOOP('',(#8694,#8695,#8696,#8697,#8705,#8713,#8721,#8729,
    #8737,#8745));
#8694 = ORIENTED_EDGE('',*,*,#6829,.F.);
#8695 = ORIENTED_EDGE('',*,*,#8680,.F.);
#8696 = ORIENTED_EDGE('',*,*,#6976,.F.);
#8697 = ORIENTED_EDGE('',*,*,#8698,.F.);
#8698 = EDGE_CURVE('',#8699,#6969,#8701,.T.);
#8699 = VERTEX_POINT('',#8700);
#8700 = CARTESIAN_POINT('',(-0.127,-2.7685,0.));
#8701 = LINE('',#8702,#8703);
#8702 = CARTESIAN_POINT('',(-0.127,-2.7685,0.));
#8703 = VECTOR('',#8704,1.);
#8704 = DIRECTION('',(4.440892098501E-16,-1.,0.));
#8705 = ORIENTED_EDGE('',*,*,#8706,.F.);
#8706 = EDGE_CURVE('',#8707,#8699,#8709,.T.);
#8707 = VERTEX_POINT('',#8708);
#8708 = CARTESIAN_POINT('',(-0.127,-2.7685,-2.843));
#8709 = LINE('',#8710,#8711);
#8710 = CARTESIAN_POINT('',(-0.127,-2.7685,-2.843));
#8711 = VECTOR('',#8712,1.);
#8712 = DIRECTION('',(0.,0.,1.));
#8713 = ORIENTED_EDGE('',*,*,#8714,.F.);
#8714 = EDGE_CURVE('',#8715,#8707,#8717,.T.);
#8715 = VERTEX_POINT('',#8716);
#8716 = CARTESIAN_POINT('',(-0.127,-2.65425,-3.3));
#8717 = LINE('',#8718,#8719);
#8718 = CARTESIAN_POINT('',(-0.127,-2.65425,-3.3));
#8719 = VECTOR('',#8720,1.);
#8720 = DIRECTION('',(1.077074540829E-16,-0.242535625036,0.970142500145)
  );
#8721 = ORIENTED_EDGE('',*,*,#8722,.F.);
#8722 = EDGE_CURVE('',#8723,#8715,#8725,.T.);
#8723 = VERTEX_POINT('',#8724);
#8724 = CARTESIAN_POINT('',(-0.127,-2.42575,-3.3));
#8725 = LINE('',#8726,#8727);
#8726 = CARTESIAN_POINT('',(-0.127,-2.42575,-3.3));
#8727 = VECTOR('',#8728,1.);
#8728 = DIRECTION('',(4.440892098501E-16,-1.,0.));
#8729 = ORIENTED_EDGE('',*,*,#8730,.F.);
#8730 = EDGE_CURVE('',#8731,#8723,#8733,.T.);
#8731 = VERTEX_POINT('',#8732);
#8732 = CARTESIAN_POINT('',(-0.127,-2.3115,-2.843));
#8733 = LINE('',#8734,#8735);
#8734 = CARTESIAN_POINT('',(-0.127,-2.3115,-2.843));
#8735 = VECTOR('',#8736,1.);
#8736 = DIRECTION('',(1.077074540829E-16,-0.242535625036,-0.970142500145
    ));
#8737 = ORIENTED_EDGE('',*,*,#8738,.F.);
#8738 = EDGE_CURVE('',#8739,#8731,#8741,.T.);
#8739 = VERTEX_POINT('',#8740);
#8740 = CARTESIAN_POINT('',(-0.127,-2.3115,0.));
#8741 = LINE('',#8742,#8743);
#8742 = CARTESIAN_POINT('',(-0.127,-2.3115,0.));
#8743 = VECTOR('',#8744,1.);
#8744 = DIRECTION('',(-0.,0.,-1.));
#8745 = ORIENTED_EDGE('',*,*,#8746,.F.);
#8746 = EDGE_CURVE('',#6822,#8739,#8747,.T.);
#8747 = LINE('',#8748,#8749);
#8748 = CARTESIAN_POINT('',(-0.127,-1.778,0.));
#8749 = VECTOR('',#8750,1.);
#8750 = DIRECTION('',(4.440892098501E-16,-1.,0.));
#8751 = PLANE('',#8752);
#8752 = AXIS2_PLACEMENT_3D('',#8753,#8754,#8755);
#8753 = CARTESIAN_POINT('',(-0.127,-1.778,2.157));
#8754 = DIRECTION('',(1.,4.440892098501E-16,0.));
#8755 = DIRECTION('',(0.,0.,-1.));
#8756 = ADVANCED_FACE('',(#8757),#8775,.T.);
#8757 = FACE_BOUND('',#8758,.T.);
#8758 = EDGE_LOOP('',(#8759,#8760,#8768,#8774));
#8759 = ORIENTED_EDGE('',*,*,#6821,.T.);
#8760 = ORIENTED_EDGE('',*,*,#8761,.T.);
#8761 = EDGE_CURVE('',#6814,#8762,#8764,.T.);
#8762 = VERTEX_POINT('',#8763);
#8763 = CARTESIAN_POINT('',(0.127,-2.3115,0.));
#8764 = LINE('',#8765,#8766);
#8765 = CARTESIAN_POINT('',(0.127,-1.778,0.));
#8766 = VECTOR('',#8767,1.);
#8767 = DIRECTION('',(4.440892098501E-16,-1.,0.));
#8768 = ORIENTED_EDGE('',*,*,#8769,.F.);
#8769 = EDGE_CURVE('',#8739,#8762,#8770,.T.);
#8770 = LINE('',#8771,#8772);
#8771 = CARTESIAN_POINT('',(-0.127,-2.3115,0.));
#8772 = VECTOR('',#8773,1.);
#8773 = DIRECTION('',(1.,4.440892098501E-16,0.));
#8774 = ORIENTED_EDGE('',*,*,#8746,.F.);
#8775 = PLANE('',#8776);
#8776 = AXIS2_PLACEMENT_3D('',#8777,#8778,#8779);
#8777 = CARTESIAN_POINT('',(-0.127,-1.778,0.));
#8778 = DIRECTION('',(0.,0.,-1.));
#8779 = DIRECTION('',(4.440892098501E-16,-1.,0.));
#8780 = ADVANCED_FACE('',(#8781),#8833,.T.);
#8781 = FACE_BOUND('',#8782,.T.);
#8782 = EDGE_LOOP('',(#8783,#8784,#8785,#8786,#8794,#8802,#8810,#8818,
    #8826,#8832));
#8783 = ORIENTED_EDGE('',*,*,#6813,.F.);
#8784 = ORIENTED_EDGE('',*,*,#6990,.T.);
#8785 = ORIENTED_EDGE('',*,*,#6960,.F.);
#8786 = ORIENTED_EDGE('',*,*,#8787,.F.);
#8787 = EDGE_CURVE('',#8788,#6961,#8790,.T.);
#8788 = VERTEX_POINT('',#8789);
#8789 = CARTESIAN_POINT('',(0.127,-2.7685,0.));
#8790 = LINE('',#8791,#8792);
#8791 = CARTESIAN_POINT('',(0.127,-2.7685,0.));
#8792 = VECTOR('',#8793,1.);
#8793 = DIRECTION('',(4.440892098501E-16,-1.,0.));
#8794 = ORIENTED_EDGE('',*,*,#8795,.F.);
#8795 = EDGE_CURVE('',#8796,#8788,#8798,.T.);
#8796 = VERTEX_POINT('',#8797);
#8797 = CARTESIAN_POINT('',(0.127,-2.7685,-2.843));
#8798 = LINE('',#8799,#8800);
#8799 = CARTESIAN_POINT('',(0.127,-2.7685,-2.843));
#8800 = VECTOR('',#8801,1.);
#8801 = DIRECTION('',(0.,0.,1.));
#8802 = ORIENTED_EDGE('',*,*,#8803,.F.);
#8803 = EDGE_CURVE('',#8804,#8796,#8806,.T.);
#8804 = VERTEX_POINT('',#8805);
#8805 = CARTESIAN_POINT('',(0.127,-2.65425,-3.3));
#8806 = LINE('',#8807,#8808);
#8807 = CARTESIAN_POINT('',(0.127,-2.65425,-3.3));
#8808 = VECTOR('',#8809,1.);
#8809 = DIRECTION('',(1.077074540829E-16,-0.242535625036,0.970142500145)
  );
#8810 = ORIENTED_EDGE('',*,*,#8811,.F.);
#8811 = EDGE_CURVE('',#8812,#8804,#8814,.T.);
#8812 = VERTEX_POINT('',#8813);
#8813 = CARTESIAN_POINT('',(0.127,-2.42575,-3.3));
#8814 = LINE('',#8815,#8816);
#8815 = CARTESIAN_POINT('',(0.127,-2.42575,-3.3));
#8816 = VECTOR('',#8817,1.);
#8817 = DIRECTION('',(4.440892098501E-16,-1.,0.));
#8818 = ORIENTED_EDGE('',*,*,#8819,.F.);
#8819 = EDGE_CURVE('',#8820,#8812,#8822,.T.);
#8820 = VERTEX_POINT('',#8821);
#8821 = CARTESIAN_POINT('',(0.127,-2.3115,-2.843));
#8822 = LINE('',#8823,#8824);
#8823 = CARTESIAN_POINT('',(0.127,-2.3115,-2.843));
#8824 = VECTOR('',#8825,1.);
#8825 = DIRECTION('',(1.077074540829E-16,-0.242535625036,-0.970142500145
    ));
#8826 = ORIENTED_EDGE('',*,*,#8827,.F.);
#8827 = EDGE_CURVE('',#8762,#8820,#8828,.T.);
#8828 = LINE('',#8829,#8830);
#8829 = CARTESIAN_POINT('',(0.127,-2.3115,0.));
#8830 = VECTOR('',#8831,1.);
#8831 = DIRECTION('',(-0.,0.,-1.));
#8832 = ORIENTED_EDGE('',*,*,#8761,.F.);
#8833 = PLANE('',#8834);
#8834 = AXIS2_PLACEMENT_3D('',#8835,#8836,#8837);
#8835 = CARTESIAN_POINT('',(0.127,-1.778,2.157));
#8836 = DIRECTION('',(1.,4.440892098501E-16,0.));
#8837 = DIRECTION('',(0.,0.,-1.));
#8838 = ADVANCED_FACE('',(#8839),#8855,.T.);
#8839 = FACE_BOUND('',#8840,.T.);
#8840 = EDGE_LOOP('',(#8841,#8847,#8848,#8854));
#8841 = ORIENTED_EDGE('',*,*,#8842,.T.);
#8842 = EDGE_CURVE('',#6844,#7008,#8843,.T.);
#8843 = LINE('',#8844,#8845);
#8844 = CARTESIAN_POINT('',(0.254,-5.842,2.157));
#8845 = VECTOR('',#8846,1.);
#8846 = DIRECTION('',(-4.440892098501E-16,1.,0.));
#8847 = ORIENTED_EDGE('',*,*,#7007,.T.);
#8848 = ORIENTED_EDGE('',*,*,#8849,.F.);
#8849 = EDGE_CURVE('',#6846,#7010,#8850,.T.);
#8850 = LINE('',#8851,#8852);
#8851 = CARTESIAN_POINT('',(-0.127,-5.842,1.776));
#8852 = VECTOR('',#8853,1.);
#8853 = DIRECTION('',(-4.440892098501E-16,1.,0.));
#8854 = ORIENTED_EDGE('',*,*,#6843,.F.);
#8855 = CYLINDRICAL_SURFACE('',#8856,0.381);
#8856 = AXIS2_PLACEMENT_3D('',#8857,#8858,#8859);
#8857 = CARTESIAN_POINT('',(0.254,-5.842,1.776));
#8858 = DIRECTION('',(-4.440892098501E-16,1.,0.));
#8859 = DIRECTION('',(0.,0.,1.));
#8860 = ADVANCED_FACE('',(#8861),#8920,.F.);
#8861 = FACE_BOUND('',#8862,.F.);
#8862 = EDGE_LOOP('',(#8863,#8864,#8865,#8866,#8874,#8882,#8890,#8898,
    #8906,#8914));
#8863 = ORIENTED_EDGE('',*,*,#7051,.F.);
#8864 = ORIENTED_EDGE('',*,*,#8849,.F.);
#8865 = ORIENTED_EDGE('',*,*,#6887,.F.);
#8866 = ORIENTED_EDGE('',*,*,#8867,.F.);
#8867 = EDGE_CURVE('',#8868,#6880,#8870,.T.);
#8868 = VERTEX_POINT('',#8869);
#8869 = CARTESIAN_POINT('',(-0.127,-5.3085,0.));
#8870 = LINE('',#8871,#8872);
#8871 = CARTESIAN_POINT('',(-0.127,-5.3085,0.));
#8872 = VECTOR('',#8873,1.);
#8873 = DIRECTION('',(4.440892098501E-16,-1.,0.));
#8874 = ORIENTED_EDGE('',*,*,#8875,.F.);
#8875 = EDGE_CURVE('',#8876,#8868,#8878,.T.);
#8876 = VERTEX_POINT('',#8877);
#8877 = CARTESIAN_POINT('',(-0.127,-5.3085,-2.843));
#8878 = LINE('',#8879,#8880);
#8879 = CARTESIAN_POINT('',(-0.127,-5.3085,-2.843));
#8880 = VECTOR('',#8881,1.);
#8881 = DIRECTION('',(0.,0.,1.));
#8882 = ORIENTED_EDGE('',*,*,#8883,.F.);
#8883 = EDGE_CURVE('',#8884,#8876,#8886,.T.);
#8884 = VERTEX_POINT('',#8885);
#8885 = CARTESIAN_POINT('',(-0.127,-5.19425,-3.3));
#8886 = LINE('',#8887,#8888);
#8887 = CARTESIAN_POINT('',(-0.127,-5.19425,-3.3));
#8888 = VECTOR('',#8889,1.);
#8889 = DIRECTION('',(1.077074540829E-16,-0.242535625036,0.970142500145)
  );
#8890 = ORIENTED_EDGE('',*,*,#8891,.F.);
#8891 = EDGE_CURVE('',#8892,#8884,#8894,.T.);
#8892 = VERTEX_POINT('',#8893);
#8893 = CARTESIAN_POINT('',(-0.127,-4.96575,-3.3));
#8894 = LINE('',#8895,#8896);
#8895 = CARTESIAN_POINT('',(-0.127,-4.96575,-3.3));
#8896 = VECTOR('',#8897,1.);
#8897 = DIRECTION('',(4.440892098501E-16,-1.,0.));
#8898 = ORIENTED_EDGE('',*,*,#8899,.F.);
#8899 = EDGE_CURVE('',#8900,#8892,#8902,.T.);
#8900 = VERTEX_POINT('',#8901);
#8901 = CARTESIAN_POINT('',(-0.127,-4.8515,-2.843));
#8902 = LINE('',#8903,#8904);
#8903 = CARTESIAN_POINT('',(-0.127,-4.8515,-2.843));
#8904 = VECTOR('',#8905,1.);
#8905 = DIRECTION('',(1.077074540829E-16,-0.242535625036,-0.970142500145
    ));
#8906 = ORIENTED_EDGE('',*,*,#8907,.F.);
#8907 = EDGE_CURVE('',#8908,#8900,#8910,.T.);
#8908 = VERTEX_POINT('',#8909);
#8909 = CARTESIAN_POINT('',(-0.127,-4.8515,0.));
#8910 = LINE('',#8911,#8912);
#8911 = CARTESIAN_POINT('',(-0.127,-4.8515,0.));
#8912 = VECTOR('',#8913,1.);
#8913 = DIRECTION('',(-0.,0.,-1.));
#8914 = ORIENTED_EDGE('',*,*,#8915,.F.);
#8915 = EDGE_CURVE('',#7044,#8908,#8916,.T.);
#8916 = LINE('',#8917,#8918);
#8917 = CARTESIAN_POINT('',(-0.127,-4.318,0.));
#8918 = VECTOR('',#8919,1.);
#8919 = DIRECTION('',(4.440892098501E-16,-1.,0.));
#8920 = PLANE('',#8921);
#8921 = AXIS2_PLACEMENT_3D('',#8922,#8923,#8924);
#8922 = CARTESIAN_POINT('',(-0.127,-4.318,2.157));
#8923 = DIRECTION('',(1.,4.440892098501E-16,0.));
#8924 = DIRECTION('',(0.,0.,-1.));
#8925 = ADVANCED_FACE('',(#8926),#8944,.T.);
#8926 = FACE_BOUND('',#8927,.T.);
#8927 = EDGE_LOOP('',(#8928,#8936,#8942,#8943));
#8928 = ORIENTED_EDGE('',*,*,#8929,.T.);
#8929 = EDGE_CURVE('',#8868,#8930,#8932,.T.);
#8930 = VERTEX_POINT('',#8931);
#8931 = CARTESIAN_POINT('',(0.127,-5.3085,0.));
#8932 = LINE('',#8933,#8934);
#8933 = CARTESIAN_POINT('',(-0.127,-5.3085,0.));
#8934 = VECTOR('',#8935,1.);
#8935 = DIRECTION('',(1.,4.440892098501E-16,0.));
#8936 = ORIENTED_EDGE('',*,*,#8937,.T.);
#8937 = EDGE_CURVE('',#8930,#6872,#8938,.T.);
#8938 = LINE('',#8939,#8940);
#8939 = CARTESIAN_POINT('',(0.127,-5.3085,0.));
#8940 = VECTOR('',#8941,1.);
#8941 = DIRECTION('',(4.440892098501E-16,-1.,0.));
#8942 = ORIENTED_EDGE('',*,*,#6879,.F.);
#8943 = ORIENTED_EDGE('',*,*,#8867,.F.);
#8944 = PLANE('',#8945);
#8945 = AXIS2_PLACEMENT_3D('',#8946,#8947,#8948);
#8946 = CARTESIAN_POINT('',(-0.127,-5.3085,0.));
#8947 = DIRECTION('',(0.,0.,-1.));
#8948 = DIRECTION('',(4.440892098501E-16,-1.,0.));
#8949 = ADVANCED_FACE('',(#8950),#9002,.T.);
#8950 = FACE_BOUND('',#8951,.T.);
#8951 = EDGE_LOOP('',(#8952,#8953,#8954,#8955,#8956,#8964,#8972,#8980,
    #8988,#8996));
#8952 = ORIENTED_EDGE('',*,*,#7035,.F.);
#8953 = ORIENTED_EDGE('',*,*,#7065,.T.);
#8954 = ORIENTED_EDGE('',*,*,#6871,.F.);
#8955 = ORIENTED_EDGE('',*,*,#8937,.F.);
#8956 = ORIENTED_EDGE('',*,*,#8957,.F.);
#8957 = EDGE_CURVE('',#8958,#8930,#8960,.T.);
#8958 = VERTEX_POINT('',#8959);
#8959 = CARTESIAN_POINT('',(0.127,-5.3085,-2.843));
#8960 = LINE('',#8961,#8962);
#8961 = CARTESIAN_POINT('',(0.127,-5.3085,-2.843));
#8962 = VECTOR('',#8963,1.);
#8963 = DIRECTION('',(0.,0.,1.));
#8964 = ORIENTED_EDGE('',*,*,#8965,.F.);
#8965 = EDGE_CURVE('',#8966,#8958,#8968,.T.);
#8966 = VERTEX_POINT('',#8967);
#8967 = CARTESIAN_POINT('',(0.127,-5.19425,-3.3));
#8968 = LINE('',#8969,#8970);
#8969 = CARTESIAN_POINT('',(0.127,-5.19425,-3.3));
#8970 = VECTOR('',#8971,1.);
#8971 = DIRECTION('',(1.077074540829E-16,-0.242535625036,0.970142500145)
  );
#8972 = ORIENTED_EDGE('',*,*,#8973,.F.);
#8973 = EDGE_CURVE('',#8974,#8966,#8976,.T.);
#8974 = VERTEX_POINT('',#8975);
#8975 = CARTESIAN_POINT('',(0.127,-4.96575,-3.3));
#8976 = LINE('',#8977,#8978);
#8977 = CARTESIAN_POINT('',(0.127,-4.96575,-3.3));
#8978 = VECTOR('',#8979,1.);
#8979 = DIRECTION('',(4.440892098501E-16,-1.,0.));
#8980 = ORIENTED_EDGE('',*,*,#8981,.F.);
#8981 = EDGE_CURVE('',#8982,#8974,#8984,.T.);
#8982 = VERTEX_POINT('',#8983);
#8983 = CARTESIAN_POINT('',(0.127,-4.8515,-2.843));
#8984 = LINE('',#8985,#8986);
#8985 = CARTESIAN_POINT('',(0.127,-4.8515,-2.843));
#8986 = VECTOR('',#8987,1.);
#8987 = DIRECTION('',(1.077074540829E-16,-0.242535625036,-0.970142500145
    ));
#8988 = ORIENTED_EDGE('',*,*,#8989,.F.);
#8989 = EDGE_CURVE('',#8990,#8982,#8992,.T.);
#8990 = VERTEX_POINT('',#8991);
#8991 = CARTESIAN_POINT('',(0.127,-4.8515,0.));
#8992 = LINE('',#8993,#8994);
#8993 = CARTESIAN_POINT('',(0.127,-4.8515,0.));
#8994 = VECTOR('',#8995,1.);
#8995 = DIRECTION('',(-0.,0.,-1.));
#8996 = ORIENTED_EDGE('',*,*,#8997,.F.);
#8997 = EDGE_CURVE('',#7036,#8990,#8998,.T.);
#8998 = LINE('',#8999,#9000);
#8999 = CARTESIAN_POINT('',(0.127,-4.318,0.));
#9000 = VECTOR('',#9001,1.);
#9001 = DIRECTION('',(4.440892098501E-16,-1.,0.));
#9002 = PLANE('',#9003);
#9003 = AXIS2_PLACEMENT_3D('',#9004,#9005,#9006);
#9004 = CARTESIAN_POINT('',(0.127,-4.318,2.157));
#9005 = DIRECTION('',(1.,4.440892098501E-16,0.));
#9006 = DIRECTION('',(0.,0.,-1.));
#9007 = ADVANCED_FACE('',(#9008),#9016,.T.);
#9008 = FACE_BOUND('',#9009,.T.);
#9009 = EDGE_LOOP('',(#9010,#9011,#9012,#9013,#9014,#9015));
#9010 = ORIENTED_EDGE('',*,*,#6901,.F.);
#9011 = ORIENTED_EDGE('',*,*,#8287,.F.);
#9012 = ORIENTED_EDGE('',*,*,#7091,.F.);
#9013 = ORIENTED_EDGE('',*,*,#7018,.F.);
#9014 = ORIENTED_EDGE('',*,*,#8842,.F.);
#9015 = ORIENTED_EDGE('',*,*,#6854,.F.);
#9016 = PLANE('',#9017);
#9017 = AXIS2_PLACEMENT_3D('',#9018,#9019,#9020);
#9018 = CARTESIAN_POINT('',(3.683,-5.842,2.157));
#9019 = DIRECTION('',(0.,0.,1.));
#9020 = DIRECTION('',(-4.440892098501E-16,1.,0.));
#9021 = ADVANCED_FACE('',(#9022),#9033,.T.);
#9022 = FACE_BOUND('',#9023,.T.);
#9023 = EDGE_LOOP('',(#9024,#9030,#9031,#9032));
#9024 = ORIENTED_EDGE('',*,*,#9025,.T.);
#9025 = EDGE_CURVE('',#8699,#8788,#9026,.T.);
#9026 = LINE('',#9027,#9028);
#9027 = CARTESIAN_POINT('',(-0.127,-2.7685,0.));
#9028 = VECTOR('',#9029,1.);
#9029 = DIRECTION('',(1.,4.440892098501E-16,0.));
#9030 = ORIENTED_EDGE('',*,*,#8787,.T.);
#9031 = ORIENTED_EDGE('',*,*,#6968,.F.);
#9032 = ORIENTED_EDGE('',*,*,#8698,.F.);
#9033 = PLANE('',#9034);
#9034 = AXIS2_PLACEMENT_3D('',#9035,#9036,#9037);
#9035 = CARTESIAN_POINT('',(-0.127,-2.7685,0.));
#9036 = DIRECTION('',(0.,0.,-1.));
#9037 = DIRECTION('',(4.440892098501E-16,-1.,0.));
#9038 = ADVANCED_FACE('',(#9039),#9050,.T.);
#9039 = FACE_BOUND('',#9040,.T.);
#9040 = EDGE_LOOP('',(#9041,#9042,#9043,#9049));
#9041 = ORIENTED_EDGE('',*,*,#7043,.T.);
#9042 = ORIENTED_EDGE('',*,*,#8997,.T.);
#9043 = ORIENTED_EDGE('',*,*,#9044,.F.);
#9044 = EDGE_CURVE('',#8908,#8990,#9045,.T.);
#9045 = LINE('',#9046,#9047);
#9046 = CARTESIAN_POINT('',(-0.127,-4.8515,0.));
#9047 = VECTOR('',#9048,1.);
#9048 = DIRECTION('',(1.,4.440892098501E-16,0.));
#9049 = ORIENTED_EDGE('',*,*,#8915,.F.);
#9050 = PLANE('',#9051);
#9051 = AXIS2_PLACEMENT_3D('',#9052,#9053,#9054);
#9052 = CARTESIAN_POINT('',(-0.127,-4.318,0.));
#9053 = DIRECTION('',(0.,0.,-1.));
#9054 = DIRECTION('',(4.440892098501E-16,-1.,0.));
#9055 = ADVANCED_FACE('',(#9056),#9067,.T.);
#9056 = FACE_BOUND('',#9057,.T.);
#9057 = EDGE_LOOP('',(#9058,#9059,#9060,#9066));
#9058 = ORIENTED_EDGE('',*,*,#7115,.T.);
#9059 = ORIENTED_EDGE('',*,*,#7174,.T.);
#9060 = ORIENTED_EDGE('',*,*,#9061,.F.);
#9061 = EDGE_CURVE('',#8302,#7167,#9062,.T.);
#9062 = LINE('',#9063,#9064);
#9063 = CARTESIAN_POINT('',(1.033723643423,-8.046276356577,3.68));
#9064 = VECTOR('',#9065,1.);
#9065 = DIRECTION('',(1.,4.440892098501E-16,0.));
#9066 = ORIENTED_EDGE('',*,*,#8301,.F.);
#9067 = B_SPLINE_SURFACE_WITH_KNOTS('',1,1,(
    (#9068,#9069)
    ,(#9070,#9071
    )),.UNSPECIFIED.,.F.,.F.,.F.,(2,2),(2,2),(0.,6.2),(0.,1.),
  .PIECEWISE_BEZIER_KNOTS.);
#9068 = CARTESIAN_POINT('',(0.71,-8.37,2.157));
#9069 = CARTESIAN_POINT('',(1.033723643423,-8.046276356577,3.68));
#9070 = CARTESIAN_POINT('',(6.91,-8.37,2.157));
#9071 = CARTESIAN_POINT('',(6.586276356577,-8.046276356577,3.68));
#9072 = ADVANCED_FACE('',(#9073),#9096,.F.);
#9073 = FACE_BOUND('',#9074,.F.);
#9074 = EDGE_LOOP('',(#9075,#9076,#9077,#9078,#9079,#9088,#9095));
#9075 = ORIENTED_EDGE('',*,*,#7166,.F.);
#9076 = ORIENTED_EDGE('',*,*,#9061,.F.);
#9077 = ORIENTED_EDGE('',*,*,#8308,.F.);
#9078 = ORIENTED_EDGE('',*,*,#7932,.F.);
#9079 = ORIENTED_EDGE('',*,*,#9080,.F.);
#9080 = EDGE_CURVE('',#9081,#7933,#9083,.T.);
#9081 = VERTEX_POINT('',#9082);
#9082 = CARTESIAN_POINT('',(3.81,-0.248723643423,3.68));
#9083 = CIRCLE('',#9084,0.75);
#9084 = AXIS2_PLACEMENT_3D('',#9085,#9086,#9087);
#9085 = CARTESIAN_POINT('',(3.81,0.501276356577,3.68));
#9086 = DIRECTION('',(0.,-0.,-1.));
#9087 = DIRECTION('',(4.440892098501E-16,-1.,0.));
#9088 = ORIENTED_EDGE('',*,*,#9089,.F.);
#9089 = EDGE_CURVE('',#8153,#9081,#9090,.T.);
#9090 = CIRCLE('',#9091,0.75);
#9091 = AXIS2_PLACEMENT_3D('',#9092,#9093,#9094);
#9092 = CARTESIAN_POINT('',(3.81,0.501276356577,3.68));
#9093 = DIRECTION('',(0.,-0.,-1.));
#9094 = DIRECTION('',(4.440892098501E-16,-1.,0.));
#9095 = ORIENTED_EDGE('',*,*,#8258,.F.);
#9096 = PLANE('',#9097);
#9097 = AXIS2_PLACEMENT_3D('',#9098,#9099,#9100);
#9098 = CARTESIAN_POINT('',(6.586276356577,-8.046276356577,3.68));
#9099 = DIRECTION('',(-0.,0.,-1.));
#9100 = DIRECTION('',(-0.548134684942,0.836390080742,0.));
#9101 = ADVANCED_FACE('',(#9102),#9113,.T.);
#9102 = FACE_BOUND('',#9103,.T.);
#9103 = EDGE_LOOP('',(#9104,#9105,#9106,#9112));
#9104 = ORIENTED_EDGE('',*,*,#7257,.T.);
#9105 = ORIENTED_EDGE('',*,*,#7233,.T.);
#9106 = ORIENTED_EDGE('',*,*,#9107,.F.);
#9107 = EDGE_CURVE('',#7304,#7226,#9108,.T.);
#9108 = LINE('',#9109,#9110);
#9109 = CARTESIAN_POINT('',(7.747,-7.50575,-3.3));
#9110 = VECTOR('',#9111,1.);
#9111 = DIRECTION('',(-1.,-3.216245299353E-16,0.));
#9112 = ORIENTED_EDGE('',*,*,#7311,.F.);
#9113 = PLANE('',#9114);
#9114 = AXIS2_PLACEMENT_3D('',#9115,#9116,#9117);
#9115 = CARTESIAN_POINT('',(7.747,-7.73425,-3.3));
#9116 = DIRECTION('',(-0.,0.,-1.));
#9117 = DIRECTION('',(-3.216245299353E-16,1.,0.));
#9118 = ADVANCED_FACE('',(#9119),#9130,.T.);
#9119 = FACE_BOUND('',#9120,.T.);
#9120 = EDGE_LOOP('',(#9121,#9122,#9123,#9129));
#9121 = ORIENTED_EDGE('',*,*,#9107,.T.);
#9122 = ORIENTED_EDGE('',*,*,#7225,.T.);
#9123 = ORIENTED_EDGE('',*,*,#9124,.F.);
#9124 = EDGE_CURVE('',#7296,#7218,#9125,.T.);
#9125 = LINE('',#9126,#9127);
#9126 = CARTESIAN_POINT('',(7.747,-7.3915,-2.843));
#9127 = VECTOR('',#9128,1.);
#9128 = DIRECTION('',(-1.,-3.216245299353E-16,0.));
#9129 = ORIENTED_EDGE('',*,*,#7303,.F.);
#9130 = PLANE('',#9131);
#9131 = AXIS2_PLACEMENT_3D('',#9132,#9133,#9134);
#9132 = CARTESIAN_POINT('',(7.747,-7.50575,-3.3));
#9133 = DIRECTION('',(-3.120216255796E-16,0.970142500145,-0.242535625036
    ));
#9134 = DIRECTION('',(-7.800540639491E-17,0.242535625036,0.970142500145)
  );
#9135 = ADVANCED_FACE('',(#9136),#9142,.T.);
#9136 = FACE_BOUND('',#9137,.T.);
#9137 = EDGE_LOOP('',(#9138,#9139,#9140,#9141));
#9138 = ORIENTED_EDGE('',*,*,#9124,.T.);
#9139 = ORIENTED_EDGE('',*,*,#7217,.T.);
#9140 = ORIENTED_EDGE('',*,*,#7489,.F.);
#9141 = ORIENTED_EDGE('',*,*,#7295,.F.);
#9142 = PLANE('',#9143);
#9143 = AXIS2_PLACEMENT_3D('',#9144,#9145,#9146);
#9144 = CARTESIAN_POINT('',(7.747,-7.3915,-2.843));
#9145 = DIRECTION('',(-3.216245299353E-16,1.,0.));
#9146 = DIRECTION('',(0.,0.,1.));
#9147 = ADVANCED_FACE('',(#9148),#9159,.F.);
#9148 = FACE_BOUND('',#9149,.F.);
#9149 = EDGE_LOOP('',(#9150,#9151,#9152,#9158));
#9150 = ORIENTED_EDGE('',*,*,#7432,.T.);
#9151 = ORIENTED_EDGE('',*,*,#7474,.T.);
#9152 = ORIENTED_EDGE('',*,*,#9153,.F.);
#9153 = EDGE_CURVE('',#7394,#7467,#9154,.T.);
#9154 = LINE('',#9155,#9156);
#9155 = CARTESIAN_POINT('',(7.747,-0.11425,-3.3));
#9156 = VECTOR('',#9157,1.);
#9157 = DIRECTION('',(-1.,-3.216245299353E-16,0.));
#9158 = ORIENTED_EDGE('',*,*,#7401,.F.);
#9159 = PLANE('',#9160);
#9160 = AXIS2_PLACEMENT_3D('',#9161,#9162,#9163);
#9161 = CARTESIAN_POINT('',(7.747,0.11425,-3.3));
#9162 = DIRECTION('',(0.,0.,1.));
#9163 = DIRECTION('',(3.216245299353E-16,-1.,0.));
#9164 = ADVANCED_FACE('',(#9165),#9176,.F.);
#9165 = FACE_BOUND('',#9166,.F.);
#9166 = EDGE_LOOP('',(#9167,#9168,#9169,#9175));
#9167 = ORIENTED_EDGE('',*,*,#9153,.T.);
#9168 = ORIENTED_EDGE('',*,*,#7466,.T.);
#9169 = ORIENTED_EDGE('',*,*,#9170,.F.);
#9170 = EDGE_CURVE('',#7386,#7459,#9171,.T.);
#9171 = LINE('',#9172,#9173);
#9172 = CARTESIAN_POINT('',(7.747,-0.2285,-2.843));
#9173 = VECTOR('',#9174,1.);
#9174 = DIRECTION('',(-1.,-3.216245299353E-16,0.));
#9175 = ORIENTED_EDGE('',*,*,#7393,.F.);
#9176 = PLANE('',#9177);
#9177 = AXIS2_PLACEMENT_3D('',#9178,#9179,#9180);
#9178 = CARTESIAN_POINT('',(7.747,-0.11425,-3.3));
#9179 = DIRECTION('',(-3.120216255796E-16,0.970142500145,0.242535625036)
  );
#9180 = DIRECTION('',(7.800540639491E-17,-0.242535625036,0.970142500145)
  );
#9181 = ADVANCED_FACE('',(#9182),#9188,.F.);
#9182 = FACE_BOUND('',#9183,.F.);
#9183 = EDGE_LOOP('',(#9184,#9185,#9186,#9187));
#9184 = ORIENTED_EDGE('',*,*,#9170,.T.);
#9185 = ORIENTED_EDGE('',*,*,#7458,.T.);
#9186 = ORIENTED_EDGE('',*,*,#7506,.F.);
#9187 = ORIENTED_EDGE('',*,*,#7385,.F.);
#9188 = PLANE('',#9189);
#9189 = AXIS2_PLACEMENT_3D('',#9190,#9191,#9192);
#9190 = CARTESIAN_POINT('',(7.747,-0.2285,-2.843));
#9191 = DIRECTION('',(-3.216245299353E-16,1.,0.));
#9192 = DIRECTION('',(0.,0.,1.));
#9193 = ADVANCED_FACE('',(#9194),#9205,.T.);
#9194 = FACE_BOUND('',#9195,.T.);
#9195 = EDGE_LOOP('',(#9196,#9197,#9198,#9204));
#9196 = ORIENTED_EDGE('',*,*,#7609,.T.);
#9197 = ORIENTED_EDGE('',*,*,#7585,.T.);
#9198 = ORIENTED_EDGE('',*,*,#9199,.F.);
#9199 = EDGE_CURVE('',#7672,#7578,#9200,.T.);
#9200 = LINE('',#9201,#9202);
#9201 = CARTESIAN_POINT('',(7.747,-5.3085,-2.843));
#9202 = VECTOR('',#9203,1.);
#9203 = DIRECTION('',(-1.,-3.216245299353E-16,0.));
#9204 = ORIENTED_EDGE('',*,*,#7679,.F.);
#9205 = PLANE('',#9206);
#9206 = AXIS2_PLACEMENT_3D('',#9207,#9208,#9209);
#9207 = CARTESIAN_POINT('',(7.747,-5.3085,0.));
#9208 = DIRECTION('',(3.216245299353E-16,-1.,0.));
#9209 = DIRECTION('',(0.,0.,-1.));
#9210 = ADVANCED_FACE('',(#9211),#9222,.T.);
#9211 = FACE_BOUND('',#9212,.T.);
#9212 = EDGE_LOOP('',(#9213,#9214,#9215,#9221));
#9213 = ORIENTED_EDGE('',*,*,#9199,.T.);
#9214 = ORIENTED_EDGE('',*,*,#7577,.T.);
#9215 = ORIENTED_EDGE('',*,*,#9216,.F.);
#9216 = EDGE_CURVE('',#7664,#7570,#9217,.T.);
#9217 = LINE('',#9218,#9219);
#9218 = CARTESIAN_POINT('',(7.747,-5.19425,-3.3));
#9219 = VECTOR('',#9220,1.);
#9220 = DIRECTION('',(-1.,-3.216245299353E-16,0.));
#9221 = ORIENTED_EDGE('',*,*,#7671,.F.);
#9222 = PLANE('',#9223);
#9223 = AXIS2_PLACEMENT_3D('',#9224,#9225,#9226);
#9224 = CARTESIAN_POINT('',(7.747,-5.3085,-2.843));
#9225 = DIRECTION('',(3.120216255796E-16,-0.970142500145,-0.242535625036
    ));
#9226 = DIRECTION('',(-7.800540639491E-17,0.242535625036,-0.970142500145
    ));
#9227 = ADVANCED_FACE('',(#9228),#9239,.T.);
#9228 = FACE_BOUND('',#9229,.T.);
#9229 = EDGE_LOOP('',(#9230,#9236,#9237,#9238));
#9230 = ORIENTED_EDGE('',*,*,#9231,.T.);
#9231 = EDGE_CURVE('',#7648,#7554,#9232,.T.);
#9232 = LINE('',#9233,#9234);
#9233 = CARTESIAN_POINT('',(7.747,-4.8515,-2.843));
#9234 = VECTOR('',#9235,1.);
#9235 = DIRECTION('',(-1.,-3.216245299353E-16,0.));
#9236 = ORIENTED_EDGE('',*,*,#7553,.T.);
#9237 = ORIENTED_EDGE('',*,*,#7889,.F.);
#9238 = ORIENTED_EDGE('',*,*,#7647,.F.);
#9239 = PLANE('',#9240);
#9240 = AXIS2_PLACEMENT_3D('',#9241,#9242,#9243);
#9241 = CARTESIAN_POINT('',(7.747,-4.8515,-2.843));
#9242 = DIRECTION('',(-3.216245299353E-16,1.,0.));
#9243 = DIRECTION('',(0.,0.,1.));
#9244 = ADVANCED_FACE('',(#9245),#9256,.T.);
#9245 = FACE_BOUND('',#9246,.T.);
#9246 = EDGE_LOOP('',(#9247,#9248,#9249,#9255));
#9247 = ORIENTED_EDGE('',*,*,#9216,.T.);
#9248 = ORIENTED_EDGE('',*,*,#7569,.T.);
#9249 = ORIENTED_EDGE('',*,*,#9250,.F.);
#9250 = EDGE_CURVE('',#7656,#7562,#9251,.T.);
#9251 = LINE('',#9252,#9253);
#9252 = CARTESIAN_POINT('',(7.747,-4.96575,-3.3));
#9253 = VECTOR('',#9254,1.);
#9254 = DIRECTION('',(-1.,-3.216245299353E-16,0.));
#9255 = ORIENTED_EDGE('',*,*,#7663,.F.);
#9256 = PLANE('',#9257);
#9257 = AXIS2_PLACEMENT_3D('',#9258,#9259,#9260);
#9258 = CARTESIAN_POINT('',(7.747,-5.19425,-3.3));
#9259 = DIRECTION('',(-0.,0.,-1.));
#9260 = DIRECTION('',(-3.216245299353E-16,1.,0.));
#9261 = ADVANCED_FACE('',(#9262),#9268,.T.);
#9262 = FACE_BOUND('',#9263,.T.);
#9263 = EDGE_LOOP('',(#9264,#9265,#9266,#9267));
#9264 = ORIENTED_EDGE('',*,*,#9250,.T.);
#9265 = ORIENTED_EDGE('',*,*,#7561,.T.);
#9266 = ORIENTED_EDGE('',*,*,#9231,.F.);
#9267 = ORIENTED_EDGE('',*,*,#7655,.F.);
#9268 = PLANE('',#9269);
#9269 = AXIS2_PLACEMENT_3D('',#9270,#9271,#9272);
#9270 = CARTESIAN_POINT('',(7.747,-4.96575,-3.3));
#9271 = DIRECTION('',(-3.120216255796E-16,0.970142500145,-0.242535625036
    ));
#9272 = DIRECTION('',(-7.800540639491E-17,0.242535625036,0.970142500145)
  );
#9273 = ADVANCED_FACE('',(#9274),#9285,.T.);
#9274 = FACE_BOUND('',#9275,.T.);
#9275 = EDGE_LOOP('',(#9276,#9277,#9278,#9284));
#9276 = ORIENTED_EDGE('',*,*,#7908,.T.);
#9277 = ORIENTED_EDGE('',*,*,#7749,.T.);
#9278 = ORIENTED_EDGE('',*,*,#9279,.F.);
#9279 = EDGE_CURVE('',#7829,#7742,#9280,.T.);
#9280 = LINE('',#9281,#9282);
#9281 = CARTESIAN_POINT('',(7.747,-2.7685,-2.843));
#9282 = VECTOR('',#9283,1.);
#9283 = DIRECTION('',(-1.,-3.216245299353E-16,0.));
#9284 = ORIENTED_EDGE('',*,*,#7836,.F.);
#9285 = PLANE('',#9286);
#9286 = AXIS2_PLACEMENT_3D('',#9287,#9288,#9289);
#9287 = CARTESIAN_POINT('',(7.747,-2.7685,0.));
#9288 = DIRECTION('',(3.216245299353E-16,-1.,0.));
#9289 = DIRECTION('',(0.,0.,-1.));
#9290 = ADVANCED_FACE('',(#9291),#9302,.T.);
#9291 = FACE_BOUND('',#9292,.T.);
#9292 = EDGE_LOOP('',(#9293,#9294,#9295,#9301));
#9293 = ORIENTED_EDGE('',*,*,#9279,.T.);
#9294 = ORIENTED_EDGE('',*,*,#7741,.T.);
#9295 = ORIENTED_EDGE('',*,*,#9296,.F.);
#9296 = EDGE_CURVE('',#7821,#7734,#9297,.T.);
#9297 = LINE('',#9298,#9299);
#9298 = CARTESIAN_POINT('',(7.747,-2.65425,-3.3));
#9299 = VECTOR('',#9300,1.);
#9300 = DIRECTION('',(-1.,-3.216245299353E-16,0.));
#9301 = ORIENTED_EDGE('',*,*,#7828,.F.);
#9302 = PLANE('',#9303);
#9303 = AXIS2_PLACEMENT_3D('',#9304,#9305,#9306);
#9304 = CARTESIAN_POINT('',(7.747,-2.7685,-2.843));
#9305 = DIRECTION('',(3.120216255796E-16,-0.970142500145,-0.242535625036
    ));
#9306 = DIRECTION('',(-7.800540639491E-17,0.242535625036,-0.970142500145
    ));
#9307 = ADVANCED_FACE('',(#9308),#9319,.T.);
#9308 = FACE_BOUND('',#9309,.T.);
#9309 = EDGE_LOOP('',(#9310,#9316,#9317,#9318));
#9310 = ORIENTED_EDGE('',*,*,#9311,.T.);
#9311 = EDGE_CURVE('',#7805,#7718,#9312,.T.);
#9312 = LINE('',#9313,#9314);
#9313 = CARTESIAN_POINT('',(7.747,-2.3115,-2.843));
#9314 = VECTOR('',#9315,1.);
#9315 = DIRECTION('',(-1.,-3.216245299353E-16,0.));
#9316 = ORIENTED_EDGE('',*,*,#7717,.T.);
#9317 = ORIENTED_EDGE('',*,*,#7771,.F.);
#9318 = ORIENTED_EDGE('',*,*,#7804,.F.);
#9319 = PLANE('',#9320);
#9320 = AXIS2_PLACEMENT_3D('',#9321,#9322,#9323);
#9321 = CARTESIAN_POINT('',(7.747,-2.3115,-2.843));
#9322 = DIRECTION('',(-3.216245299353E-16,1.,0.));
#9323 = DIRECTION('',(0.,0.,1.));
#9324 = ADVANCED_FACE('',(#9325),#9336,.T.);
#9325 = FACE_BOUND('',#9326,.T.);
#9326 = EDGE_LOOP('',(#9327,#9328,#9329,#9335));
#9327 = ORIENTED_EDGE('',*,*,#9296,.T.);
#9328 = ORIENTED_EDGE('',*,*,#7733,.T.);
#9329 = ORIENTED_EDGE('',*,*,#9330,.F.);
#9330 = EDGE_CURVE('',#7813,#7726,#9331,.T.);
#9331 = LINE('',#9332,#9333);
#9332 = CARTESIAN_POINT('',(7.747,-2.42575,-3.3));
#9333 = VECTOR('',#9334,1.);
#9334 = DIRECTION('',(-1.,-3.216245299353E-16,0.));
#9335 = ORIENTED_EDGE('',*,*,#7820,.F.);
#9336 = PLANE('',#9337);
#9337 = AXIS2_PLACEMENT_3D('',#9338,#9339,#9340);
#9338 = CARTESIAN_POINT('',(7.747,-2.65425,-3.3));
#9339 = DIRECTION('',(-0.,0.,-1.));
#9340 = DIRECTION('',(-3.216245299353E-16,1.,0.));
#9341 = ADVANCED_FACE('',(#9342),#9348,.T.);
#9342 = FACE_BOUND('',#9343,.T.);
#9343 = EDGE_LOOP('',(#9344,#9345,#9346,#9347));
#9344 = ORIENTED_EDGE('',*,*,#9330,.T.);
#9345 = ORIENTED_EDGE('',*,*,#7725,.T.);
#9346 = ORIENTED_EDGE('',*,*,#9311,.F.);
#9347 = ORIENTED_EDGE('',*,*,#7812,.F.);
#9348 = PLANE('',#9349);
#9349 = AXIS2_PLACEMENT_3D('',#9350,#9351,#9352);
#9350 = CARTESIAN_POINT('',(7.747,-2.42575,-3.3));
#9351 = DIRECTION('',(-3.120216255796E-16,0.970142500145,-0.242535625036
    ));
#9352 = DIRECTION('',(-7.800540639491E-17,0.242535625036,0.970142500145)
  );
#9353 = ADVANCED_FACE('',(#9354),#9376,.F.);
#9354 = FACE_BOUND('',#9355,.F.);
#9355 = EDGE_LOOP('',(#9356,#9357,#9366,#9373,#9374,#9375));
#9356 = ORIENTED_EDGE('',*,*,#7940,.F.);
#9357 = ORIENTED_EDGE('',*,*,#9358,.F.);
#9358 = EDGE_CURVE('',#9359,#7941,#9361,.T.);
#9359 = VERTEX_POINT('',#9360);
#9360 = CARTESIAN_POINT('',(3.81,-0.248723643423,3.18));
#9361 = CIRCLE('',#9362,0.75);
#9362 = AXIS2_PLACEMENT_3D('',#9363,#9364,#9365);
#9363 = CARTESIAN_POINT('',(3.81,0.501276356577,3.18));
#9364 = DIRECTION('',(0.,-0.,-1.));
#9365 = DIRECTION('',(4.440892098501E-16,-1.,0.));
#9366 = ORIENTED_EDGE('',*,*,#9367,.F.);
#9367 = EDGE_CURVE('',#8047,#9359,#9368,.T.);
#9368 = CIRCLE('',#9369,0.75);
#9369 = AXIS2_PLACEMENT_3D('',#9370,#9371,#9372);
#9370 = CARTESIAN_POINT('',(3.81,0.501276356577,3.18));
#9371 = DIRECTION('',(0.,-0.,-1.));
#9372 = DIRECTION('',(4.440892098501E-16,-1.,0.));
#9373 = ORIENTED_EDGE('',*,*,#8152,.T.);
#9374 = ORIENTED_EDGE('',*,*,#9089,.T.);
#9375 = ORIENTED_EDGE('',*,*,#9080,.T.);
#9376 = CYLINDRICAL_SURFACE('',#9377,0.75);
#9377 = AXIS2_PLACEMENT_3D('',#9378,#9379,#9380);
#9378 = CARTESIAN_POINT('',(3.81,0.501276356577,3.68));
#9379 = DIRECTION('',(-0.,0.,-1.));
#9380 = DIRECTION('',(4.440892098501E-16,-1.,-0.));
#9381 = ADVANCED_FACE('',(#9382),#9387,.F.);
#9382 = FACE_BOUND('',#9383,.F.);
#9383 = EDGE_LOOP('',(#9384,#9385,#9386));
#9384 = ORIENTED_EDGE('',*,*,#9367,.T.);
#9385 = ORIENTED_EDGE('',*,*,#9358,.T.);
#9386 = ORIENTED_EDGE('',*,*,#8046,.T.);
#9387 = PLANE('',#9388);
#9388 = AXIS2_PLACEMENT_3D('',#9389,#9390,#9391);
#9389 = CARTESIAN_POINT('',(3.81,0.501276356577,3.18));
#9390 = DIRECTION('',(-0.,0.,-1.));
#9391 = DIRECTION('',(4.440892098501E-16,-1.,-0.));
#9392 = ADVANCED_FACE('',(#9393),#9404,.T.);
#9393 = FACE_BOUND('',#9394,.T.);
#9394 = EDGE_LOOP('',(#9395,#9396,#9397,#9403));
#9395 = ORIENTED_EDGE('',*,*,#8393,.T.);
#9396 = ORIENTED_EDGE('',*,*,#8369,.T.);
#9397 = ORIENTED_EDGE('',*,*,#9398,.F.);
#9398 = EDGE_CURVE('',#8440,#8362,#9399,.T.);
#9399 = LINE('',#9400,#9401);
#9400 = CARTESIAN_POINT('',(-0.127,-0.11425,-3.3));
#9401 = VECTOR('',#9402,1.);
#9402 = DIRECTION('',(1.,4.440892098501E-16,0.));
#9403 = ORIENTED_EDGE('',*,*,#8447,.F.);
#9404 = PLANE('',#9405);
#9405 = AXIS2_PLACEMENT_3D('',#9406,#9407,#9408);
#9406 = CARTESIAN_POINT('',(-0.127,0.11425,-3.3));
#9407 = DIRECTION('',(0.,0.,-1.));
#9408 = DIRECTION('',(4.440892098501E-16,-1.,0.));
#9409 = ADVANCED_FACE('',(#9410),#9421,.T.);
#9410 = FACE_BOUND('',#9411,.T.);
#9411 = EDGE_LOOP('',(#9412,#9413,#9414,#9420));
#9412 = ORIENTED_EDGE('',*,*,#9398,.T.);
#9413 = ORIENTED_EDGE('',*,*,#8361,.T.);
#9414 = ORIENTED_EDGE('',*,*,#9415,.F.);
#9415 = EDGE_CURVE('',#8432,#8354,#9416,.T.);
#9416 = LINE('',#9417,#9418);
#9417 = CARTESIAN_POINT('',(-0.127,-0.2285,-2.843));
#9418 = VECTOR('',#9419,1.);
#9419 = DIRECTION('',(1.,4.440892098501E-16,0.));
#9420 = ORIENTED_EDGE('',*,*,#8439,.F.);
#9421 = PLANE('',#9422);
#9422 = AXIS2_PLACEMENT_3D('',#9423,#9424,#9425);
#9423 = CARTESIAN_POINT('',(-0.127,-0.11425,-3.3));
#9424 = DIRECTION('',(4.308298163317E-16,-0.970142500145,-0.242535625036
    ));
#9425 = DIRECTION('',(1.077074540829E-16,-0.242535625036,0.970142500145)
  );
#9426 = ADVANCED_FACE('',(#9427),#9433,.T.);
#9427 = FACE_BOUND('',#9428,.T.);
#9428 = EDGE_LOOP('',(#9429,#9430,#9431,#9432));
#9429 = ORIENTED_EDGE('',*,*,#9415,.T.);
#9430 = ORIENTED_EDGE('',*,*,#8353,.T.);
#9431 = ORIENTED_EDGE('',*,*,#8625,.F.);
#9432 = ORIENTED_EDGE('',*,*,#8431,.F.);
#9433 = PLANE('',#9434);
#9434 = AXIS2_PLACEMENT_3D('',#9435,#9436,#9437);
#9435 = CARTESIAN_POINT('',(-0.127,-0.2285,-2.843));
#9436 = DIRECTION('',(4.440892098501E-16,-1.,0.));
#9437 = DIRECTION('',(0.,0.,1.));
#9438 = ADVANCED_FACE('',(#9439),#9450,.F.);
#9439 = FACE_BOUND('',#9440,.F.);
#9440 = EDGE_LOOP('',(#9441,#9442,#9443,#9449));
#9441 = ORIENTED_EDGE('',*,*,#8537,.T.);
#9442 = ORIENTED_EDGE('',*,*,#8579,.T.);
#9443 = ORIENTED_EDGE('',*,*,#9444,.F.);
#9444 = EDGE_CURVE('',#8499,#8572,#9445,.T.);
#9445 = LINE('',#9446,#9447);
#9446 = CARTESIAN_POINT('',(-0.127,-7.50575,-3.3));
#9447 = VECTOR('',#9448,1.);
#9448 = DIRECTION('',(1.,4.440892098501E-16,0.));
#9449 = ORIENTED_EDGE('',*,*,#8506,.F.);
#9450 = PLANE('',#9451);
#9451 = AXIS2_PLACEMENT_3D('',#9452,#9453,#9454);
#9452 = CARTESIAN_POINT('',(-0.127,-7.73425,-3.3));
#9453 = DIRECTION('',(0.,0.,1.));
#9454 = DIRECTION('',(-4.440892098501E-16,1.,0.));
#9455 = ADVANCED_FACE('',(#9456),#9467,.F.);
#9456 = FACE_BOUND('',#9457,.F.);
#9457 = EDGE_LOOP('',(#9458,#9459,#9460,#9466));
#9458 = ORIENTED_EDGE('',*,*,#9444,.T.);
#9459 = ORIENTED_EDGE('',*,*,#8571,.T.);
#9460 = ORIENTED_EDGE('',*,*,#9461,.F.);
#9461 = EDGE_CURVE('',#8491,#8564,#9462,.T.);
#9462 = LINE('',#9463,#9464);
#9463 = CARTESIAN_POINT('',(-0.127,-7.3915,-2.843));
#9464 = VECTOR('',#9465,1.);
#9465 = DIRECTION('',(1.,4.440892098501E-16,0.));
#9466 = ORIENTED_EDGE('',*,*,#8498,.F.);
#9467 = PLANE('',#9468);
#9468 = AXIS2_PLACEMENT_3D('',#9469,#9470,#9471);
#9469 = CARTESIAN_POINT('',(-0.127,-7.50575,-3.3));
#9470 = DIRECTION('',(4.308298163317E-16,-0.970142500145,0.242535625036)
  );
#9471 = DIRECTION('',(-1.077074540829E-16,0.242535625036,0.970142500145)
  );
#9472 = ADVANCED_FACE('',(#9473),#9479,.F.);
#9473 = FACE_BOUND('',#9474,.F.);
#9474 = EDGE_LOOP('',(#9475,#9476,#9477,#9478));
#9475 = ORIENTED_EDGE('',*,*,#9461,.T.);
#9476 = ORIENTED_EDGE('',*,*,#8563,.T.);
#9477 = ORIENTED_EDGE('',*,*,#8642,.F.);
#9478 = ORIENTED_EDGE('',*,*,#8490,.F.);
#9479 = PLANE('',#9480);
#9480 = AXIS2_PLACEMENT_3D('',#9481,#9482,#9483);
#9481 = CARTESIAN_POINT('',(-0.127,-7.3915,-2.843));
#9482 = DIRECTION('',(4.440892098501E-16,-1.,0.));
#9483 = DIRECTION('',(0.,0.,1.));
#9484 = ADVANCED_FACE('',(#9485),#9496,.T.);
#9485 = FACE_BOUND('',#9486,.T.);
#9486 = EDGE_LOOP('',(#9487,#9488,#9489,#9495));
#9487 = ORIENTED_EDGE('',*,*,#8769,.T.);
#9488 = ORIENTED_EDGE('',*,*,#8827,.T.);
#9489 = ORIENTED_EDGE('',*,*,#9490,.F.);
#9490 = EDGE_CURVE('',#8731,#8820,#9491,.T.);
#9491 = LINE('',#9492,#9493);
#9492 = CARTESIAN_POINT('',(-0.127,-2.3115,-2.843));
#9493 = VECTOR('',#9494,1.);
#9494 = DIRECTION('',(1.,4.440892098501E-16,0.));
#9495 = ORIENTED_EDGE('',*,*,#8738,.F.);
#9496 = PLANE('',#9497);
#9497 = AXIS2_PLACEMENT_3D('',#9498,#9499,#9500);
#9498 = CARTESIAN_POINT('',(-0.127,-2.3115,0.));
#9499 = DIRECTION('',(-4.440892098501E-16,1.,0.));
#9500 = DIRECTION('',(0.,0.,-1.));
#9501 = ADVANCED_FACE('',(#9502),#9513,.T.);
#9502 = FACE_BOUND('',#9503,.T.);
#9503 = EDGE_LOOP('',(#9504,#9505,#9506,#9512));
#9504 = ORIENTED_EDGE('',*,*,#9490,.T.);
#9505 = ORIENTED_EDGE('',*,*,#8819,.T.);
#9506 = ORIENTED_EDGE('',*,*,#9507,.F.);
#9507 = EDGE_CURVE('',#8723,#8812,#9508,.T.);
#9508 = LINE('',#9509,#9510);
#9509 = CARTESIAN_POINT('',(-0.127,-2.42575,-3.3));
#9510 = VECTOR('',#9511,1.);
#9511 = DIRECTION('',(1.,4.440892098501E-16,0.));
#9512 = ORIENTED_EDGE('',*,*,#8730,.F.);
#9513 = PLANE('',#9514);
#9514 = AXIS2_PLACEMENT_3D('',#9515,#9516,#9517);
#9515 = CARTESIAN_POINT('',(-0.127,-2.3115,-2.843));
#9516 = DIRECTION('',(-4.308298163317E-16,0.970142500145,-0.242535625036
    ));
#9517 = DIRECTION('',(1.077074540829E-16,-0.242535625036,-0.970142500145
    ));
#9518 = ADVANCED_FACE('',(#9519),#9530,.T.);
#9519 = FACE_BOUND('',#9520,.T.);
#9520 = EDGE_LOOP('',(#9521,#9527,#9528,#9529));
#9521 = ORIENTED_EDGE('',*,*,#9522,.T.);
#9522 = EDGE_CURVE('',#8707,#8796,#9523,.T.);
#9523 = LINE('',#9524,#9525);
#9524 = CARTESIAN_POINT('',(-0.127,-2.7685,-2.843));
#9525 = VECTOR('',#9526,1.);
#9526 = DIRECTION('',(1.,4.440892098501E-16,0.));
#9527 = ORIENTED_EDGE('',*,*,#8795,.T.);
#9528 = ORIENTED_EDGE('',*,*,#9025,.F.);
#9529 = ORIENTED_EDGE('',*,*,#8706,.F.);
#9530 = PLANE('',#9531);
#9531 = AXIS2_PLACEMENT_3D('',#9532,#9533,#9534);
#9532 = CARTESIAN_POINT('',(-0.127,-2.7685,-2.843));
#9533 = DIRECTION('',(4.440892098501E-16,-1.,0.));
#9534 = DIRECTION('',(0.,0.,1.));
#9535 = ADVANCED_FACE('',(#9536),#9547,.T.);
#9536 = FACE_BOUND('',#9537,.T.);
#9537 = EDGE_LOOP('',(#9538,#9539,#9540,#9546));
#9538 = ORIENTED_EDGE('',*,*,#9507,.T.);
#9539 = ORIENTED_EDGE('',*,*,#8811,.T.);
#9540 = ORIENTED_EDGE('',*,*,#9541,.F.);
#9541 = EDGE_CURVE('',#8715,#8804,#9542,.T.);
#9542 = LINE('',#9543,#9544);
#9543 = CARTESIAN_POINT('',(-0.127,-2.65425,-3.3));
#9544 = VECTOR('',#9545,1.);
#9545 = DIRECTION('',(1.,4.440892098501E-16,0.));
#9546 = ORIENTED_EDGE('',*,*,#8722,.F.);
#9547 = PLANE('',#9548);
#9548 = AXIS2_PLACEMENT_3D('',#9549,#9550,#9551);
#9549 = CARTESIAN_POINT('',(-0.127,-2.42575,-3.3));
#9550 = DIRECTION('',(0.,0.,-1.));
#9551 = DIRECTION('',(4.440892098501E-16,-1.,0.));
#9552 = ADVANCED_FACE('',(#9553),#9559,.T.);
#9553 = FACE_BOUND('',#9554,.T.);
#9554 = EDGE_LOOP('',(#9555,#9556,#9557,#9558));
#9555 = ORIENTED_EDGE('',*,*,#9541,.T.);
#9556 = ORIENTED_EDGE('',*,*,#8803,.T.);
#9557 = ORIENTED_EDGE('',*,*,#9522,.F.);
#9558 = ORIENTED_EDGE('',*,*,#8714,.F.);
#9559 = PLANE('',#9560);
#9560 = AXIS2_PLACEMENT_3D('',#9561,#9562,#9563);
#9561 = CARTESIAN_POINT('',(-0.127,-2.65425,-3.3));
#9562 = DIRECTION('',(4.308298163317E-16,-0.970142500145,-0.242535625036
    ));
#9563 = DIRECTION('',(1.077074540829E-16,-0.242535625036,0.970142500145)
  );
#9564 = ADVANCED_FACE('',(#9565),#9576,.T.);
#9565 = FACE_BOUND('',#9566,.T.);
#9566 = EDGE_LOOP('',(#9567,#9568,#9569,#9575));
#9567 = ORIENTED_EDGE('',*,*,#9044,.T.);
#9568 = ORIENTED_EDGE('',*,*,#8989,.T.);
#9569 = ORIENTED_EDGE('',*,*,#9570,.F.);
#9570 = EDGE_CURVE('',#8900,#8982,#9571,.T.);
#9571 = LINE('',#9572,#9573);
#9572 = CARTESIAN_POINT('',(-0.127,-4.8515,-2.843));
#9573 = VECTOR('',#9574,1.);
#9574 = DIRECTION('',(1.,4.440892098501E-16,0.));
#9575 = ORIENTED_EDGE('',*,*,#8907,.F.);
#9576 = PLANE('',#9577);
#9577 = AXIS2_PLACEMENT_3D('',#9578,#9579,#9580);
#9578 = CARTESIAN_POINT('',(-0.127,-4.8515,0.));
#9579 = DIRECTION('',(-4.440892098501E-16,1.,0.));
#9580 = DIRECTION('',(0.,0.,-1.));
#9581 = ADVANCED_FACE('',(#9582),#9593,.T.);
#9582 = FACE_BOUND('',#9583,.T.);
#9583 = EDGE_LOOP('',(#9584,#9585,#9586,#9592));
#9584 = ORIENTED_EDGE('',*,*,#9570,.T.);
#9585 = ORIENTED_EDGE('',*,*,#8981,.T.);
#9586 = ORIENTED_EDGE('',*,*,#9587,.F.);
#9587 = EDGE_CURVE('',#8892,#8974,#9588,.T.);
#9588 = LINE('',#9589,#9590);
#9589 = CARTESIAN_POINT('',(-0.127,-4.96575,-3.3));
#9590 = VECTOR('',#9591,1.);
#9591 = DIRECTION('',(1.,4.440892098501E-16,0.));
#9592 = ORIENTED_EDGE('',*,*,#8899,.F.);
#9593 = PLANE('',#9594);
#9594 = AXIS2_PLACEMENT_3D('',#9595,#9596,#9597);
#9595 = CARTESIAN_POINT('',(-0.127,-4.8515,-2.843));
#9596 = DIRECTION('',(-4.308298163317E-16,0.970142500145,-0.242535625036
    ));
#9597 = DIRECTION('',(1.077074540829E-16,-0.242535625036,-0.970142500145
    ));
#9598 = ADVANCED_FACE('',(#9599),#9610,.T.);
#9599 = FACE_BOUND('',#9600,.T.);
#9600 = EDGE_LOOP('',(#9601,#9607,#9608,#9609));
#9601 = ORIENTED_EDGE('',*,*,#9602,.T.);
#9602 = EDGE_CURVE('',#8876,#8958,#9603,.T.);
#9603 = LINE('',#9604,#9605);
#9604 = CARTESIAN_POINT('',(-0.127,-5.3085,-2.843));
#9605 = VECTOR('',#9606,1.);
#9606 = DIRECTION('',(1.,4.440892098501E-16,0.));
#9607 = ORIENTED_EDGE('',*,*,#8957,.T.);
#9608 = ORIENTED_EDGE('',*,*,#8929,.F.);
#9609 = ORIENTED_EDGE('',*,*,#8875,.F.);
#9610 = PLANE('',#9611);
#9611 = AXIS2_PLACEMENT_3D('',#9612,#9613,#9614);
#9612 = CARTESIAN_POINT('',(-0.127,-5.3085,-2.843));
#9613 = DIRECTION('',(4.440892098501E-16,-1.,0.));
#9614 = DIRECTION('',(0.,0.,1.));
#9615 = ADVANCED_FACE('',(#9616),#9627,.T.);
#9616 = FACE_BOUND('',#9617,.T.);
#9617 = EDGE_LOOP('',(#9618,#9619,#9620,#9626));
#9618 = ORIENTED_EDGE('',*,*,#9587,.T.);
#9619 = ORIENTED_EDGE('',*,*,#8973,.T.);
#9620 = ORIENTED_EDGE('',*,*,#9621,.F.);
#9621 = EDGE_CURVE('',#8884,#8966,#9622,.T.);
#9622 = LINE('',#9623,#9624);
#9623 = CARTESIAN_POINT('',(-0.127,-5.19425,-3.3));
#9624 = VECTOR('',#9625,1.);
#9625 = DIRECTION('',(1.,4.440892098501E-16,0.));
#9626 = ORIENTED_EDGE('',*,*,#8891,.F.);
#9627 = PLANE('',#9628);
#9628 = AXIS2_PLACEMENT_3D('',#9629,#9630,#9631);
#9629 = CARTESIAN_POINT('',(-0.127,-4.96575,-3.3));
#9630 = DIRECTION('',(0.,0.,-1.));
#9631 = DIRECTION('',(4.440892098501E-16,-1.,0.));
#9632 = ADVANCED_FACE('',(#9633),#9639,.T.);
#9633 = FACE_BOUND('',#9634,.T.);
#9634 = EDGE_LOOP('',(#9635,#9636,#9637,#9638));
#9635 = ORIENTED_EDGE('',*,*,#9621,.T.);
#9636 = ORIENTED_EDGE('',*,*,#8965,.T.);
#9637 = ORIENTED_EDGE('',*,*,#9602,.F.);
#9638 = ORIENTED_EDGE('',*,*,#8883,.F.);
#9639 = PLANE('',#9640);
#9640 = AXIS2_PLACEMENT_3D('',#9641,#9642,#9643);
#9641 = CARTESIAN_POINT('',(-0.127,-5.19425,-3.3));
#9642 = DIRECTION('',(4.308298163317E-16,-0.970142500145,-0.242535625036
    ));
#9643 = DIRECTION('',(1.077074540829E-16,-0.242535625036,0.970142500145)
  );
#9644 = ( GEOMETRIC_REPRESENTATION_CONTEXT(3) 
GLOBAL_UNCERTAINTY_ASSIGNED_CONTEXT((#9648)) 
GLOBAL_UNIT_ASSIGNED_CONTEXT((#9645,#9646,#9647)) REPRESENTATION_CONTEXT
('Context #1','3D Context with UNIT and UNCERTAINTY') );
#9645 = ( LENGTH_UNIT() NAMED_UNIT(*) SI_UNIT(.MILLI.,.METRE.) );
#9646 = ( NAMED_UNIT(*) PLANE_ANGLE_UNIT() SI_UNIT($,.RADIAN.) );
#9647 = ( NAMED_UNIT(*) SI_UNIT($,.STERADIAN.) SOLID_ANGLE_UNIT() );
#9648 = UNCERTAINTY_MEASURE_WITH_UNIT(LENGTH_MEASURE(1.E-06),#9645,
  'distance_accuracy_value','confusion accuracy');
#9649 = CONTEXT_DEPENDENT_SHAPE_REPRESENTATION(#9650,#9652);
#9650 = ( REPRESENTATION_RELATIONSHIP('','',#4871,#4848) 
REPRESENTATION_RELATIONSHIP_WITH_TRANSFORMATION(#9651) 
SHAPE_REPRESENTATION_RELATIONSHIP() );
#9651 = ITEM_DEFINED_TRANSFORMATION('','',#11,#4849);
#9652 = PRODUCT_DEFINITION_SHAPE('Placement','Placement of an item',
  #9653);
#9653 = NEXT_ASSEMBLY_USAGE_OCCURRENCE('7','=>[0:1:1:9]','',#4843,#4866,
  $);
#9654 = PRODUCT_RELATED_PRODUCT_CATEGORY('part',$,(#4868));
#9655 = CONTEXT_DEPENDENT_SHAPE_REPRESENTATION(#9656,#9658);
#9656 = ( REPRESENTATION_RELATIONSHIP('','',#3619,#10) 
REPRESENTATION_RELATIONSHIP_WITH_TRANSFORMATION(#9657) 
SHAPE_REPRESENTATION_RELATIONSHIP() );
#9657 = ITEM_DEFINED_TRANSFORMATION('','',#11,#31);
#9658 = PRODUCT_DEFINITION_SHAPE('Placement','Placement of an item',
  #9659);
#9659 = NEXT_ASSEMBLY_USAGE_OCCURRENCE('9','R2','',#5,#3614,$);
#9660 = CONTEXT_DEPENDENT_SHAPE_REPRESENTATION(#9661,#9663);
#9661 = ( REPRESENTATION_RELATIONSHIP('','',#4324,#10) 
REPRESENTATION_RELATIONSHIP_WITH_TRANSFORMATION(#9662) 
SHAPE_REPRESENTATION_RELATIONSHIP() );
#9662 = ITEM_DEFINED_TRANSFORMATION('','',#11,#35);
#9663 = PRODUCT_DEFINITION_SHAPE('Placement','Placement of an item',
  #9664);
#9664 = NEXT_ASSEMBLY_USAGE_OCCURRENCE('10','C1','',#5,#4319,$);
#9665 = SHAPE_DEFINITION_REPRESENTATION(#9666,#9672);
#9666 = PRODUCT_DEFINITION_SHAPE('','',#9667);
#9667 = PRODUCT_DEFINITION('design','',#9668,#9671);
#9668 = PRODUCT_DEFINITION_FORMATION('','',#9669);
#9669 = PRODUCT('pd_amp_PCB','pd_amp_PCB','',(#9670));
#9670 = PRODUCT_CONTEXT('',#2,'mechanical');
#9671 = PRODUCT_DEFINITION_CONTEXT('part definition',#2,'design');
#9672 = ADVANCED_BREP_SHAPE_REPRESENTATION('',(#11,#9673),#10860);
#9673 = MANIFOLD_SOLID_BREP('',#9674);
#9674 = CLOSED_SHELL('',(#9675,#9717,#9748,#9779,#10084,#10389,#10406,
    #10423,#10440,#10457,#10469,#10486,#10503,#10520,#10537,#10554,
    #10571,#10588,#10605,#10622,#10639,#10656,#10673,#10690,#10707,
    #10724,#10741,#10758,#10775,#10792,#10809,#10826,#10843));
#9675 = ADVANCED_FACE('',(#9676),#9712,.T.);
#9676 = FACE_BOUND('',#9677,.T.);
#9677 = EDGE_LOOP('',(#9678,#9688,#9697,#9705));
#9678 = ORIENTED_EDGE('',*,*,#9679,.T.);
#9679 = EDGE_CURVE('',#9680,#9682,#9684,.T.);
#9680 = VERTEX_POINT('',#9681);
#9681 = CARTESIAN_POINT('',(32.79,1.221245327088E-15,0.));
#9682 = VERTEX_POINT('',#9683);
#9683 = CARTESIAN_POINT('',(32.79,1.221245327088E-15,1.51));
#9684 = LINE('',#9685,#9686);
#9685 = CARTESIAN_POINT('',(32.79,1.221245327088E-15,0.));
#9686 = VECTOR('',#9687,1.);
#9687 = DIRECTION('',(0.,0.,1.));
#9688 = ORIENTED_EDGE('',*,*,#9689,.T.);
#9689 = EDGE_CURVE('',#9682,#9690,#9692,.T.);
#9690 = VERTEX_POINT('',#9691);
#9691 = CARTESIAN_POINT('',(34.29,-1.5,1.51));
#9692 = CIRCLE('',#9693,1.500000586493);
#9693 = AXIS2_PLACEMENT_3D('',#9694,#9695,#9696);
#9694 = CARTESIAN_POINT('',(32.789999413507,-1.500000586493,1.51));
#9695 = DIRECTION('',(0.,0.,-1.));
#9696 = DIRECTION('',(3.909953663434E-07,1.,0.));
#9697 = ORIENTED_EDGE('',*,*,#9698,.F.);
#9698 = EDGE_CURVE('',#9699,#9690,#9701,.T.);
#9699 = VERTEX_POINT('',#9700);
#9700 = CARTESIAN_POINT('',(34.29,-1.5,0.));
#9701 = LINE('',#9702,#9703);
#9702 = CARTESIAN_POINT('',(34.29,-1.5,0.));
#9703 = VECTOR('',#9704,1.);
#9704 = DIRECTION('',(0.,0.,1.));
#9705 = ORIENTED_EDGE('',*,*,#9706,.F.);
#9706 = EDGE_CURVE('',#9680,#9699,#9707,.T.);
#9707 = CIRCLE('',#9708,1.500000586493);
#9708 = AXIS2_PLACEMENT_3D('',#9709,#9710,#9711);
#9709 = CARTESIAN_POINT('',(32.789999413507,-1.500000586493,0.));
#9710 = DIRECTION('',(0.,0.,-1.));
#9711 = DIRECTION('',(3.909953663434E-07,1.,0.));
#9712 = CYLINDRICAL_SURFACE('',#9713,1.500000586493);
#9713 = AXIS2_PLACEMENT_3D('',#9714,#9715,#9716);
#9714 = CARTESIAN_POINT('',(32.789999413507,-1.500000586493,0.));
#9715 = DIRECTION('',(0.,0.,-1.));
#9716 = DIRECTION('',(3.909953663434E-07,1.,0.));
#9717 = ADVANCED_FACE('',(#9718),#9743,.T.);
#9718 = FACE_BOUND('',#9719,.T.);
#9719 = EDGE_LOOP('',(#9720,#9730,#9736,#9737));
#9720 = ORIENTED_EDGE('',*,*,#9721,.T.);
#9721 = EDGE_CURVE('',#9722,#9724,#9726,.T.);
#9722 = VERTEX_POINT('',#9723);
#9723 = CARTESIAN_POINT('',(1.5,0.,0.));
#9724 = VERTEX_POINT('',#9725);
#9725 = CARTESIAN_POINT('',(1.5,0.,1.51));
#9726 = LINE('',#9727,#9728);
#9727 = CARTESIAN_POINT('',(1.5,0.,0.));
#9728 = VECTOR('',#9729,1.);
#9729 = DIRECTION('',(0.,0.,1.));
#9730 = ORIENTED_EDGE('',*,*,#9731,.T.);
#9731 = EDGE_CURVE('',#9724,#9682,#9732,.T.);
#9732 = LINE('',#9733,#9734);
#9733 = CARTESIAN_POINT('',(1.5,0.,1.51));
#9734 = VECTOR('',#9735,1.);
#9735 = DIRECTION('',(1.,0.,0.));
#9736 = ORIENTED_EDGE('',*,*,#9679,.F.);
#9737 = ORIENTED_EDGE('',*,*,#9738,.F.);
#9738 = EDGE_CURVE('',#9722,#9680,#9739,.T.);
#9739 = LINE('',#9740,#9741);
#9740 = CARTESIAN_POINT('',(1.5,-0.,0.));
#9741 = VECTOR('',#9742,1.);
#9742 = DIRECTION('',(1.,0.,0.));
#9743 = PLANE('',#9744);
#9744 = AXIS2_PLACEMENT_3D('',#9745,#9746,#9747);
#9745 = CARTESIAN_POINT('',(1.5,0.,0.));
#9746 = DIRECTION('',(0.,1.,0.));
#9747 = DIRECTION('',(1.,0.,0.));
#9748 = ADVANCED_FACE('',(#9749),#9774,.T.);
#9749 = FACE_BOUND('',#9750,.T.);
#9750 = EDGE_LOOP('',(#9751,#9752,#9760,#9768));
#9751 = ORIENTED_EDGE('',*,*,#9698,.T.);
#9752 = ORIENTED_EDGE('',*,*,#9753,.T.);
#9753 = EDGE_CURVE('',#9690,#9754,#9756,.T.);
#9754 = VERTEX_POINT('',#9755);
#9755 = CARTESIAN_POINT('',(34.29,-23.9,1.51));
#9756 = LINE('',#9757,#9758);
#9757 = CARTESIAN_POINT('',(34.29,-1.5,1.51));
#9758 = VECTOR('',#9759,1.);
#9759 = DIRECTION('',(0.,-1.,0.));
#9760 = ORIENTED_EDGE('',*,*,#9761,.F.);
#9761 = EDGE_CURVE('',#9762,#9754,#9764,.T.);
#9762 = VERTEX_POINT('',#9763);
#9763 = CARTESIAN_POINT('',(34.29,-23.9,0.));
#9764 = LINE('',#9765,#9766);
#9765 = CARTESIAN_POINT('',(34.29,-23.9,0.));
#9766 = VECTOR('',#9767,1.);
#9767 = DIRECTION('',(0.,0.,1.));
#9768 = ORIENTED_EDGE('',*,*,#9769,.F.);
#9769 = EDGE_CURVE('',#9699,#9762,#9770,.T.);
#9770 = LINE('',#9771,#9772);
#9771 = CARTESIAN_POINT('',(34.29,-1.5,0.));
#9772 = VECTOR('',#9773,1.);
#9773 = DIRECTION('',(0.,-1.,0.));
#9774 = PLANE('',#9775);
#9775 = AXIS2_PLACEMENT_3D('',#9776,#9777,#9778);
#9776 = CARTESIAN_POINT('',(34.29,-1.5,0.));
#9777 = DIRECTION('',(1.,0.,-0.));
#9778 = DIRECTION('',(0.,-1.,0.));
#9779 = ADVANCED_FACE('',(#9780,#9826,#9837,#9848,#9859,#9870,#9881,
    #9892,#9903,#9914,#9925,#9936,#9947,#9958,#9969,#9980,#9991,#10002,
    #10013,#10024,#10035,#10046,#10057,#10068),#10079,.F.);
#9780 = FACE_BOUND('',#9781,.F.);
#9781 = EDGE_LOOP('',(#9782,#9783,#9784,#9793,#9801,#9810,#9818,#9825));
#9782 = ORIENTED_EDGE('',*,*,#9706,.F.);
#9783 = ORIENTED_EDGE('',*,*,#9738,.F.);
#9784 = ORIENTED_EDGE('',*,*,#9785,.F.);
#9785 = EDGE_CURVE('',#9786,#9722,#9788,.T.);
#9786 = VERTEX_POINT('',#9787);
#9787 = CARTESIAN_POINT('',(-1.110223024625E-16,-1.5,0.));
#9788 = CIRCLE('',#9789,1.500000586493);
#9789 = AXIS2_PLACEMENT_3D('',#9790,#9791,#9792);
#9790 = CARTESIAN_POINT('',(1.500000586493,-1.500000586493,0.));
#9791 = DIRECTION('',(0.,0.,-1.));
#9792 = DIRECTION('',(-1.,3.909953624946E-07,0.));
#9793 = ORIENTED_EDGE('',*,*,#9794,.F.);
#9794 = EDGE_CURVE('',#9795,#9786,#9797,.T.);
#9795 = VERTEX_POINT('',#9796);
#9796 = CARTESIAN_POINT('',(-7.771561172376E-16,-23.9,0.));
#9797 = LINE('',#9798,#9799);
#9798 = CARTESIAN_POINT('',(0.,-23.9,0.));
#9799 = VECTOR('',#9800,1.);
#9800 = DIRECTION('',(0.,1.,0.));
#9801 = ORIENTED_EDGE('',*,*,#9802,.F.);
#9802 = EDGE_CURVE('',#9803,#9795,#9805,.T.);
#9803 = VERTEX_POINT('',#9804);
#9804 = CARTESIAN_POINT('',(1.5,-25.4,0.));
#9805 = CIRCLE('',#9806,1.500000586493);
#9806 = AXIS2_PLACEMENT_3D('',#9807,#9808,#9809);
#9807 = CARTESIAN_POINT('',(1.500000586493,-23.8999994135,0.));
#9808 = DIRECTION('',(0.,0.,-1.));
#9809 = DIRECTION('',(-3.909953598301E-07,-1.,-0.));
#9810 = ORIENTED_EDGE('',*,*,#9811,.F.);
#9811 = EDGE_CURVE('',#9812,#9803,#9814,.T.);
#9812 = VERTEX_POINT('',#9813);
#9813 = CARTESIAN_POINT('',(32.79,-25.4,0.));
#9814 = LINE('',#9815,#9816);
#9815 = CARTESIAN_POINT('',(32.79,-25.4,0.));
#9816 = VECTOR('',#9817,1.);
#9817 = DIRECTION('',(-1.,0.,0.));
#9818 = ORIENTED_EDGE('',*,*,#9819,.F.);
#9819 = EDGE_CURVE('',#9762,#9812,#9820,.T.);
#9820 = CIRCLE('',#9821,1.500000586493);
#9821 = AXIS2_PLACEMENT_3D('',#9822,#9823,#9824);
#9822 = CARTESIAN_POINT('',(32.789999413507,-23.8999994135,0.));
#9823 = DIRECTION('',(0.,0.,-1.));
#9824 = DIRECTION('',(1.,-3.909953616065E-07,0.));
#9825 = ORIENTED_EDGE('',*,*,#9769,.F.);
#9826 = FACE_BOUND('',#9827,.F.);
#9827 = EDGE_LOOP('',(#9828));
#9828 = ORIENTED_EDGE('',*,*,#9829,.T.);
#9829 = EDGE_CURVE('',#9830,#9830,#9832,.T.);
#9830 = VERTEX_POINT('',#9831);
#9831 = CARTESIAN_POINT('',(4.645,-21.92,0.));
#9832 = CIRCLE('',#9833,1.6);
#9833 = AXIS2_PLACEMENT_3D('',#9834,#9835,#9836);
#9834 = CARTESIAN_POINT('',(4.645,-20.32,0.));
#9835 = DIRECTION('',(-0.,0.,-1.));
#9836 = DIRECTION('',(-0.,-1.,0.));
#9837 = FACE_BOUND('',#9838,.F.);
#9838 = EDGE_LOOP('',(#9839));
#9839 = ORIENTED_EDGE('',*,*,#9840,.T.);
#9840 = EDGE_CURVE('',#9841,#9841,#9843,.T.);
#9841 = VERTEX_POINT('',#9842);
#9842 = CARTESIAN_POINT('',(14.605,-20.67,0.));
#9843 = CIRCLE('',#9844,0.35);
#9844 = AXIS2_PLACEMENT_3D('',#9845,#9846,#9847);
#9845 = CARTESIAN_POINT('',(14.605,-20.32,0.));
#9846 = DIRECTION('',(-0.,0.,-1.));
#9847 = DIRECTION('',(-0.,-1.,0.));
#9848 = FACE_BOUND('',#9849,.F.);
#9849 = EDGE_LOOP('',(#9850));
#9850 = ORIENTED_EDGE('',*,*,#9851,.T.);
#9851 = EDGE_CURVE('',#9852,#9852,#9854,.T.);
#9852 = VERTEX_POINT('',#9853);
#9853 = CARTESIAN_POINT('',(8.89,-15.64,0.));
#9854 = CIRCLE('',#9855,0.4);
#9855 = AXIS2_PLACEMENT_3D('',#9856,#9857,#9858);
#9856 = CARTESIAN_POINT('',(8.89,-15.24,0.));
#9857 = DIRECTION('',(-0.,0.,-1.));
#9858 = DIRECTION('',(-0.,-1.,0.));
#9859 = FACE_BOUND('',#9860,.F.);
#9860 = EDGE_LOOP('',(#9861));
#9861 = ORIENTED_EDGE('',*,*,#9862,.T.);
#9862 = EDGE_CURVE('',#9863,#9863,#9865,.T.);
#9863 = VERTEX_POINT('',#9864);
#9864 = CARTESIAN_POINT('',(4.445,-15.005,0.));
#9865 = CIRCLE('',#9866,0.4);
#9866 = AXIS2_PLACEMENT_3D('',#9867,#9868,#9869);
#9867 = CARTESIAN_POINT('',(4.445,-14.605,0.));
#9868 = DIRECTION('',(-0.,0.,-1.));
#9869 = DIRECTION('',(-0.,-1.,0.));
#9870 = FACE_BOUND('',#9871,.F.);
#9871 = EDGE_LOOP('',(#9872));
#9872 = ORIENTED_EDGE('',*,*,#9873,.T.);
#9873 = EDGE_CURVE('',#9874,#9874,#9876,.T.);
#9874 = VERTEX_POINT('',#9875);
#9875 = CARTESIAN_POINT('',(13.335,-13.1,0.));
#9876 = CIRCLE('',#9877,0.4);
#9877 = AXIS2_PLACEMENT_3D('',#9878,#9879,#9880);
#9878 = CARTESIAN_POINT('',(13.335,-12.7,0.));
#9879 = DIRECTION('',(-0.,0.,-1.));
#9880 = DIRECTION('',(-0.,-1.,0.));
#9881 = FACE_BOUND('',#9882,.F.);
#9882 = EDGE_LOOP('',(#9883));
#9883 = ORIENTED_EDGE('',*,*,#9884,.T.);
#9884 = EDGE_CURVE('',#9885,#9885,#9887,.T.);
#9885 = VERTEX_POINT('',#9886);
#9886 = CARTESIAN_POINT('',(15.875,-13.1,0.));
#9887 = CIRCLE('',#9888,0.4);
#9888 = AXIS2_PLACEMENT_3D('',#9889,#9890,#9891);
#9889 = CARTESIAN_POINT('',(15.875,-12.7,0.));
#9890 = DIRECTION('',(-0.,0.,-1.));
#9891 = DIRECTION('',(-0.,-1.,0.));
#9892 = FACE_BOUND('',#9893,.F.);
#9893 = EDGE_LOOP('',(#9894));
#9894 = ORIENTED_EDGE('',*,*,#9895,.T.);
#9895 = EDGE_CURVE('',#9896,#9896,#9898,.T.);
#9896 = VERTEX_POINT('',#9897);
#9897 = CARTESIAN_POINT('',(19.685,-20.67,0.));
#9898 = CIRCLE('',#9899,0.35);
#9899 = AXIS2_PLACEMENT_3D('',#9900,#9901,#9902);
#9900 = CARTESIAN_POINT('',(19.685,-20.32,0.));
#9901 = DIRECTION('',(-0.,0.,-1.));
#9902 = DIRECTION('',(-1.015061051086E-14,-1.,0.));
#9903 = FACE_BOUND('',#9904,.F.);
#9904 = EDGE_LOOP('',(#9905));
#9905 = ORIENTED_EDGE('',*,*,#9906,.T.);
#9906 = EDGE_CURVE('',#9907,#9907,#9909,.T.);
#9907 = VERTEX_POINT('',#9908);
#9908 = CARTESIAN_POINT('',(29.645,-21.92,0.));
#9909 = CIRCLE('',#9910,1.6);
#9910 = AXIS2_PLACEMENT_3D('',#9911,#9912,#9913);
#9911 = CARTESIAN_POINT('',(29.645,-20.32,0.));
#9912 = DIRECTION('',(-0.,0.,-1.));
#9913 = DIRECTION('',(-2.22044604925E-15,-1.,0.));
#9914 = FACE_BOUND('',#9915,.F.);
#9915 = EDGE_LOOP('',(#9916));
#9916 = ORIENTED_EDGE('',*,*,#9917,.T.);
#9917 = EDGE_CURVE('',#9918,#9918,#9920,.T.);
#9918 = VERTEX_POINT('',#9919);
#9919 = CARTESIAN_POINT('',(18.415,-13.1,0.));
#9920 = CIRCLE('',#9921,0.4);
#9921 = AXIS2_PLACEMENT_3D('',#9922,#9923,#9924);
#9922 = CARTESIAN_POINT('',(18.415,-12.7,0.));
#9923 = DIRECTION('',(-0.,0.,-1.));
#9924 = DIRECTION('',(-0.,-1.,0.));
#9925 = FACE_BOUND('',#9926,.F.);
#9926 = EDGE_LOOP('',(#9927));
#9927 = ORIENTED_EDGE('',*,*,#9928,.T.);
#9928 = EDGE_CURVE('',#9929,#9929,#9931,.T.);
#9929 = VERTEX_POINT('',#9930);
#9930 = CARTESIAN_POINT('',(20.955,-13.1,0.));
#9931 = CIRCLE('',#9932,0.4);
#9932 = AXIS2_PLACEMENT_3D('',#9933,#9934,#9935);
#9933 = CARTESIAN_POINT('',(20.955,-12.7,0.));
#9934 = DIRECTION('',(-0.,0.,-1.));
#9935 = DIRECTION('',(-0.,-1.,0.));
#9936 = FACE_BOUND('',#9937,.F.);
#9937 = EDGE_LOOP('',(#9938));
#9938 = ORIENTED_EDGE('',*,*,#9939,.T.);
#9939 = EDGE_CURVE('',#9940,#9940,#9942,.T.);
#9940 = VERTEX_POINT('',#9941);
#9941 = CARTESIAN_POINT('',(4.445,-10.005,0.));
#9942 = CIRCLE('',#9943,0.4);
#9943 = AXIS2_PLACEMENT_3D('',#9944,#9945,#9946);
#9944 = CARTESIAN_POINT('',(4.445,-9.605,0.));
#9945 = DIRECTION('',(-0.,0.,-1.));
#9946 = DIRECTION('',(-0.,-1.,0.));
#9947 = FACE_BOUND('',#9948,.F.);
#9948 = EDGE_LOOP('',(#9949));
#9949 = ORIENTED_EDGE('',*,*,#9950,.T.);
#9950 = EDGE_CURVE('',#9951,#9951,#9953,.T.);
#9951 = VERTEX_POINT('',#9952);
#9952 = CARTESIAN_POINT('',(8.89,-8.02,0.));
#9953 = CIRCLE('',#9954,0.4);
#9954 = AXIS2_PLACEMENT_3D('',#9955,#9956,#9957);
#9955 = CARTESIAN_POINT('',(8.89,-7.62,0.));
#9956 = DIRECTION('',(-0.,0.,-1.));
#9957 = DIRECTION('',(-0.,-1.,0.));
#9958 = FACE_BOUND('',#9959,.F.);
#9959 = EDGE_LOOP('',(#9960));
#9960 = ORIENTED_EDGE('',*,*,#9961,.T.);
#9961 = EDGE_CURVE('',#9962,#9962,#9964,.T.);
#9962 = VERTEX_POINT('',#9963);
#9963 = CARTESIAN_POINT('',(5.715,-4.21,0.));
#9964 = CIRCLE('',#9965,0.4);
#9965 = AXIS2_PLACEMENT_3D('',#9966,#9967,#9968);
#9966 = CARTESIAN_POINT('',(5.715,-3.81,0.));
#9967 = DIRECTION('',(-0.,0.,-1.));
#9968 = DIRECTION('',(-0.,-1.,0.));
#9969 = FACE_BOUND('',#9970,.F.);
#9970 = EDGE_LOOP('',(#9971));
#9971 = ORIENTED_EDGE('',*,*,#9972,.T.);
#9972 = EDGE_CURVE('',#9973,#9973,#9975,.T.);
#9973 = VERTEX_POINT('',#9974);
#9974 = CARTESIAN_POINT('',(13.335,-5.48,0.));
#9975 = CIRCLE('',#9976,0.4);
#9976 = AXIS2_PLACEMENT_3D('',#9977,#9978,#9979);
#9977 = CARTESIAN_POINT('',(13.335,-5.08,0.));
#9978 = DIRECTION('',(-0.,0.,-1.));
#9979 = DIRECTION('',(-0.,-1.,0.));
#9980 = FACE_BOUND('',#9981,.F.);
#9981 = EDGE_LOOP('',(#9982));
#9982 = ORIENTED_EDGE('',*,*,#9983,.T.);
#9983 = EDGE_CURVE('',#9984,#9984,#9986,.T.);
#9984 = VERTEX_POINT('',#9985);
#9985 = CARTESIAN_POINT('',(10.715,-4.21,0.));
#9986 = CIRCLE('',#9987,0.4);
#9987 = AXIS2_PLACEMENT_3D('',#9988,#9989,#9990);
#9988 = CARTESIAN_POINT('',(10.715,-3.81,0.));
#9989 = DIRECTION('',(-0.,0.,-1.));
#9990 = DIRECTION('',(-0.,-1.,0.));
#9991 = FACE_BOUND('',#9992,.F.);
#9992 = EDGE_LOOP('',(#9993));
#9993 = ORIENTED_EDGE('',*,*,#9994,.T.);
#9994 = EDGE_CURVE('',#9995,#9995,#9997,.T.);
#9995 = VERTEX_POINT('',#9996);
#9996 = CARTESIAN_POINT('',(15.875,-5.48,0.));
#9997 = CIRCLE('',#9998,0.4);
#9998 = AXIS2_PLACEMENT_3D('',#9999,#10000,#10001);
#9999 = CARTESIAN_POINT('',(15.875,-5.08,0.));
#10000 = DIRECTION('',(-0.,0.,-1.));
#10001 = DIRECTION('',(-0.,-1.,0.));
#10002 = FACE_BOUND('',#10003,.F.);
#10003 = EDGE_LOOP('',(#10004));
#10004 = ORIENTED_EDGE('',*,*,#10005,.T.);
#10005 = EDGE_CURVE('',#10006,#10006,#10008,.T.);
#10006 = VERTEX_POINT('',#10007);
#10007 = CARTESIAN_POINT('',(24.13,-12.465,0.));
#10008 = CIRCLE('',#10009,0.4);
#10009 = AXIS2_PLACEMENT_3D('',#10010,#10011,#10012);
#10010 = CARTESIAN_POINT('',(24.13,-12.065,0.));
#10011 = DIRECTION('',(-0.,0.,-1.));
#10012 = DIRECTION('',(-8.881784197001E-15,-1.,0.));
#10013 = FACE_BOUND('',#10014,.F.);
#10014 = EDGE_LOOP('',(#10015));
#10015 = ORIENTED_EDGE('',*,*,#10016,.T.);
#10016 = EDGE_CURVE('',#10017,#10017,#10019,.T.);
#10017 = VERTEX_POINT('',#10018);
#10018 = CARTESIAN_POINT('',(31.75,-12.465,0.));
#10019 = CIRCLE('',#10020,0.4);
#10020 = AXIS2_PLACEMENT_3D('',#10021,#10022,#10023);
#10021 = CARTESIAN_POINT('',(31.75,-12.065,0.));
#10022 = DIRECTION('',(-0.,0.,-1.));
#10023 = DIRECTION('',(-0.,-1.,0.));
#10024 = FACE_BOUND('',#10025,.F.);
#10025 = EDGE_LOOP('',(#10026));
#10026 = ORIENTED_EDGE('',*,*,#10027,.T.);
#10027 = EDGE_CURVE('',#10028,#10028,#10030,.T.);
#10028 = VERTEX_POINT('',#10029);
#10029 = CARTESIAN_POINT('',(18.415,-5.48,0.));
#10030 = CIRCLE('',#10031,0.4);
#10031 = AXIS2_PLACEMENT_3D('',#10032,#10033,#10034);
#10032 = CARTESIAN_POINT('',(18.415,-5.08,0.));
#10033 = DIRECTION('',(-0.,0.,-1.));
#10034 = DIRECTION('',(-0.,-1.,0.));
#10035 = FACE_BOUND('',#10036,.F.);
#10036 = EDGE_LOOP('',(#10037));
#10037 = ORIENTED_EDGE('',*,*,#10038,.T.);
#10038 = EDGE_CURVE('',#10039,#10039,#10041,.T.);
#10039 = VERTEX_POINT('',#10040);
#10040 = CARTESIAN_POINT('',(20.955,-5.48,0.));
#10041 = CIRCLE('',#10042,0.4);
#10042 = AXIS2_PLACEMENT_3D('',#10043,#10044,#10045);
#10043 = CARTESIAN_POINT('',(20.955,-5.08,0.));
#10044 = DIRECTION('',(-0.,0.,-1.));
#10045 = DIRECTION('',(-0.,-1.,0.));
#10046 = FACE_BOUND('',#10047,.F.);
#10047 = EDGE_LOOP('',(#10048));
#10048 = ORIENTED_EDGE('',*,*,#10049,.T.);
#10049 = EDGE_CURVE('',#10050,#10050,#10052,.T.);
#10050 = VERTEX_POINT('',#10051);
#10051 = CARTESIAN_POINT('',(26.035,-4.285,0.));
#10052 = CIRCLE('',#10053,0.475);
#10053 = AXIS2_PLACEMENT_3D('',#10054,#10055,#10056);
#10054 = CARTESIAN_POINT('',(26.035,-3.81,0.));
#10055 = DIRECTION('',(-0.,0.,-1.));
#10056 = DIRECTION('',(-0.,-1.,0.));
#10057 = FACE_BOUND('',#10058,.F.);
#10058 = EDGE_LOOP('',(#10059));
#10059 = ORIENTED_EDGE('',*,*,#10060,.T.);
#10060 = EDGE_CURVE('',#10061,#10061,#10063,.T.);
#10061 = VERTEX_POINT('',#10062);
#10062 = CARTESIAN_POINT('',(28.535,-4.285,0.));
#10063 = CIRCLE('',#10064,0.475);
#10064 = AXIS2_PLACEMENT_3D('',#10065,#10066,#10067);
#10065 = CARTESIAN_POINT('',(28.535,-3.81,0.));
#10066 = DIRECTION('',(-0.,0.,-1.));
#10067 = DIRECTION('',(-0.,-1.,0.));
#10068 = FACE_BOUND('',#10069,.F.);
#10069 = EDGE_LOOP('',(#10070));
#10070 = ORIENTED_EDGE('',*,*,#10071,.T.);
#10071 = EDGE_CURVE('',#10072,#10072,#10074,.T.);
#10072 = VERTEX_POINT('',#10073);
#10073 = CARTESIAN_POINT('',(31.035,-4.285,0.));
#10074 = CIRCLE('',#10075,0.475);
#10075 = AXIS2_PLACEMENT_3D('',#10076,#10077,#10078);
#10076 = CARTESIAN_POINT('',(31.035,-3.81,0.));
#10077 = DIRECTION('',(-0.,0.,-1.));
#10078 = DIRECTION('',(-0.,-1.,0.));
#10079 = PLANE('',#10080);
#10080 = AXIS2_PLACEMENT_3D('',#10081,#10082,#10083);
#10081 = CARTESIAN_POINT('',(0.,0.,0.));
#10082 = DIRECTION('',(0.,0.,1.));
#10083 = DIRECTION('',(1.,0.,-0.));
#10084 = ADVANCED_FACE('',(#10085,#10131,#10142,#10153,#10164,#10175,
    #10186,#10197,#10208,#10219,#10230,#10241,#10252,#10263,#10274,
    #10285,#10296,#10307,#10318,#10329,#10340,#10351,#10362,#10373),
  #10384,.T.);
#10085 = FACE_BOUND('',#10086,.T.);
#10086 = EDGE_LOOP('',(#10087,#10088,#10089,#10098,#10106,#10115,#10123,
    #10130));
#10087 = ORIENTED_EDGE('',*,*,#9689,.F.);
#10088 = ORIENTED_EDGE('',*,*,#9731,.F.);
#10089 = ORIENTED_EDGE('',*,*,#10090,.F.);
#10090 = EDGE_CURVE('',#10091,#9724,#10093,.T.);
#10091 = VERTEX_POINT('',#10092);
#10092 = CARTESIAN_POINT('',(-1.110223024625E-16,-1.5,1.51));
#10093 = CIRCLE('',#10094,1.500000586493);
#10094 = AXIS2_PLACEMENT_3D('',#10095,#10096,#10097);
#10095 = CARTESIAN_POINT('',(1.500000586493,-1.500000586493,1.51));
#10096 = DIRECTION('',(0.,0.,-1.));
#10097 = DIRECTION('',(-1.,3.909953624946E-07,0.));
#10098 = ORIENTED_EDGE('',*,*,#10099,.F.);
#10099 = EDGE_CURVE('',#10100,#10091,#10102,.T.);
#10100 = VERTEX_POINT('',#10101);
#10101 = CARTESIAN_POINT('',(-7.771561172376E-16,-23.9,1.51));
#10102 = LINE('',#10103,#10104);
#10103 = CARTESIAN_POINT('',(0.,-23.9,1.51));
#10104 = VECTOR('',#10105,1.);
#10105 = DIRECTION('',(0.,1.,0.));
#10106 = ORIENTED_EDGE('',*,*,#10107,.F.);
#10107 = EDGE_CURVE('',#10108,#10100,#10110,.T.);
#10108 = VERTEX_POINT('',#10109);
#10109 = CARTESIAN_POINT('',(1.5,-25.4,1.51));
#10110 = CIRCLE('',#10111,1.500000586493);
#10111 = AXIS2_PLACEMENT_3D('',#10112,#10113,#10114);
#10112 = CARTESIAN_POINT('',(1.500000586493,-23.8999994135,1.51));
#10113 = DIRECTION('',(0.,0.,-1.));
#10114 = DIRECTION('',(-3.909953598301E-07,-1.,-0.));
#10115 = ORIENTED_EDGE('',*,*,#10116,.F.);
#10116 = EDGE_CURVE('',#10117,#10108,#10119,.T.);
#10117 = VERTEX_POINT('',#10118);
#10118 = CARTESIAN_POINT('',(32.79,-25.4,1.51));
#10119 = LINE('',#10120,#10121);
#10120 = CARTESIAN_POINT('',(32.79,-25.4,1.51));
#10121 = VECTOR('',#10122,1.);
#10122 = DIRECTION('',(-1.,0.,0.));
#10123 = ORIENTED_EDGE('',*,*,#10124,.F.);
#10124 = EDGE_CURVE('',#9754,#10117,#10125,.T.);
#10125 = CIRCLE('',#10126,1.500000586493);
#10126 = AXIS2_PLACEMENT_3D('',#10127,#10128,#10129);
#10127 = CARTESIAN_POINT('',(32.789999413507,-23.8999994135,1.51));
#10128 = DIRECTION('',(0.,0.,-1.));
#10129 = DIRECTION('',(1.,-3.909953616065E-07,0.));
#10130 = ORIENTED_EDGE('',*,*,#9753,.F.);
#10131 = FACE_BOUND('',#10132,.T.);
#10132 = EDGE_LOOP('',(#10133));
#10133 = ORIENTED_EDGE('',*,*,#10134,.T.);
#10134 = EDGE_CURVE('',#10135,#10135,#10137,.T.);
#10135 = VERTEX_POINT('',#10136);
#10136 = CARTESIAN_POINT('',(4.645,-21.92,1.51));
#10137 = CIRCLE('',#10138,1.6);
#10138 = AXIS2_PLACEMENT_3D('',#10139,#10140,#10141);
#10139 = CARTESIAN_POINT('',(4.645,-20.32,1.51));
#10140 = DIRECTION('',(-0.,0.,-1.));
#10141 = DIRECTION('',(-0.,-1.,0.));
#10142 = FACE_BOUND('',#10143,.T.);
#10143 = EDGE_LOOP('',(#10144));
#10144 = ORIENTED_EDGE('',*,*,#10145,.T.);
#10145 = EDGE_CURVE('',#10146,#10146,#10148,.T.);
#10146 = VERTEX_POINT('',#10147);
#10147 = CARTESIAN_POINT('',(14.605,-20.67,1.51));
#10148 = CIRCLE('',#10149,0.35);
#10149 = AXIS2_PLACEMENT_3D('',#10150,#10151,#10152);
#10150 = CARTESIAN_POINT('',(14.605,-20.32,1.51));
#10151 = DIRECTION('',(-0.,0.,-1.));
#10152 = DIRECTION('',(-0.,-1.,0.));
#10153 = FACE_BOUND('',#10154,.T.);
#10154 = EDGE_LOOP('',(#10155));
#10155 = ORIENTED_EDGE('',*,*,#10156,.T.);
#10156 = EDGE_CURVE('',#10157,#10157,#10159,.T.);
#10157 = VERTEX_POINT('',#10158);
#10158 = CARTESIAN_POINT('',(8.89,-15.64,1.51));
#10159 = CIRCLE('',#10160,0.4);
#10160 = AXIS2_PLACEMENT_3D('',#10161,#10162,#10163);
#10161 = CARTESIAN_POINT('',(8.89,-15.24,1.51));
#10162 = DIRECTION('',(-0.,0.,-1.));
#10163 = DIRECTION('',(-0.,-1.,0.));
#10164 = FACE_BOUND('',#10165,.T.);
#10165 = EDGE_LOOP('',(#10166));
#10166 = ORIENTED_EDGE('',*,*,#10167,.T.);
#10167 = EDGE_CURVE('',#10168,#10168,#10170,.T.);
#10168 = VERTEX_POINT('',#10169);
#10169 = CARTESIAN_POINT('',(4.445,-15.005,1.51));
#10170 = CIRCLE('',#10171,0.4);
#10171 = AXIS2_PLACEMENT_3D('',#10172,#10173,#10174);
#10172 = CARTESIAN_POINT('',(4.445,-14.605,1.51));
#10173 = DIRECTION('',(-0.,0.,-1.));
#10174 = DIRECTION('',(-0.,-1.,0.));
#10175 = FACE_BOUND('',#10176,.T.);
#10176 = EDGE_LOOP('',(#10177));
#10177 = ORIENTED_EDGE('',*,*,#10178,.T.);
#10178 = EDGE_CURVE('',#10179,#10179,#10181,.T.);
#10179 = VERTEX_POINT('',#10180);
#10180 = CARTESIAN_POINT('',(13.335,-13.1,1.51));
#10181 = CIRCLE('',#10182,0.4);
#10182 = AXIS2_PLACEMENT_3D('',#10183,#10184,#10185);
#10183 = CARTESIAN_POINT('',(13.335,-12.7,1.51));
#10184 = DIRECTION('',(-0.,0.,-1.));
#10185 = DIRECTION('',(-0.,-1.,0.));
#10186 = FACE_BOUND('',#10187,.T.);
#10187 = EDGE_LOOP('',(#10188));
#10188 = ORIENTED_EDGE('',*,*,#10189,.T.);
#10189 = EDGE_CURVE('',#10190,#10190,#10192,.T.);
#10190 = VERTEX_POINT('',#10191);
#10191 = CARTESIAN_POINT('',(15.875,-13.1,1.51));
#10192 = CIRCLE('',#10193,0.4);
#10193 = AXIS2_PLACEMENT_3D('',#10194,#10195,#10196);
#10194 = CARTESIAN_POINT('',(15.875,-12.7,1.51));
#10195 = DIRECTION('',(-0.,0.,-1.));
#10196 = DIRECTION('',(-0.,-1.,0.));
#10197 = FACE_BOUND('',#10198,.T.);
#10198 = EDGE_LOOP('',(#10199));
#10199 = ORIENTED_EDGE('',*,*,#10200,.T.);
#10200 = EDGE_CURVE('',#10201,#10201,#10203,.T.);
#10201 = VERTEX_POINT('',#10202);
#10202 = CARTESIAN_POINT('',(19.685,-20.67,1.51));
#10203 = CIRCLE('',#10204,0.35);
#10204 = AXIS2_PLACEMENT_3D('',#10205,#10206,#10207);
#10205 = CARTESIAN_POINT('',(19.685,-20.32,1.51));
#10206 = DIRECTION('',(-0.,0.,-1.));
#10207 = DIRECTION('',(-1.015061051086E-14,-1.,0.));
#10208 = FACE_BOUND('',#10209,.T.);
#10209 = EDGE_LOOP('',(#10210));
#10210 = ORIENTED_EDGE('',*,*,#10211,.T.);
#10211 = EDGE_CURVE('',#10212,#10212,#10214,.T.);
#10212 = VERTEX_POINT('',#10213);
#10213 = CARTESIAN_POINT('',(29.645,-21.92,1.51));
#10214 = CIRCLE('',#10215,1.6);
#10215 = AXIS2_PLACEMENT_3D('',#10216,#10217,#10218);
#10216 = CARTESIAN_POINT('',(29.645,-20.32,1.51));
#10217 = DIRECTION('',(-0.,0.,-1.));
#10218 = DIRECTION('',(-2.22044604925E-15,-1.,0.));
#10219 = FACE_BOUND('',#10220,.T.);
#10220 = EDGE_LOOP('',(#10221));
#10221 = ORIENTED_EDGE('',*,*,#10222,.T.);
#10222 = EDGE_CURVE('',#10223,#10223,#10225,.T.);
#10223 = VERTEX_POINT('',#10224);
#10224 = CARTESIAN_POINT('',(18.415,-13.1,1.51));
#10225 = CIRCLE('',#10226,0.4);
#10226 = AXIS2_PLACEMENT_3D('',#10227,#10228,#10229);
#10227 = CARTESIAN_POINT('',(18.415,-12.7,1.51));
#10228 = DIRECTION('',(-0.,0.,-1.));
#10229 = DIRECTION('',(-0.,-1.,0.));
#10230 = FACE_BOUND('',#10231,.T.);
#10231 = EDGE_LOOP('',(#10232));
#10232 = ORIENTED_EDGE('',*,*,#10233,.T.);
#10233 = EDGE_CURVE('',#10234,#10234,#10236,.T.);
#10234 = VERTEX_POINT('',#10235);
#10235 = CARTESIAN_POINT('',(20.955,-13.1,1.51));
#10236 = CIRCLE('',#10237,0.4);
#10237 = AXIS2_PLACEMENT_3D('',#10238,#10239,#10240);
#10238 = CARTESIAN_POINT('',(20.955,-12.7,1.51));
#10239 = DIRECTION('',(-0.,0.,-1.));
#10240 = DIRECTION('',(-0.,-1.,0.));
#10241 = FACE_BOUND('',#10242,.T.);
#10242 = EDGE_LOOP('',(#10243));
#10243 = ORIENTED_EDGE('',*,*,#10244,.T.);
#10244 = EDGE_CURVE('',#10245,#10245,#10247,.T.);
#10245 = VERTEX_POINT('',#10246);
#10246 = CARTESIAN_POINT('',(4.445,-10.005,1.51));
#10247 = CIRCLE('',#10248,0.4);
#10248 = AXIS2_PLACEMENT_3D('',#10249,#10250,#10251);
#10249 = CARTESIAN_POINT('',(4.445,-9.605,1.51));
#10250 = DIRECTION('',(-0.,0.,-1.));
#10251 = DIRECTION('',(-0.,-1.,0.));
#10252 = FACE_BOUND('',#10253,.T.);
#10253 = EDGE_LOOP('',(#10254));
#10254 = ORIENTED_EDGE('',*,*,#10255,.T.);
#10255 = EDGE_CURVE('',#10256,#10256,#10258,.T.);
#10256 = VERTEX_POINT('',#10257);
#10257 = CARTESIAN_POINT('',(8.89,-8.02,1.51));
#10258 = CIRCLE('',#10259,0.4);
#10259 = AXIS2_PLACEMENT_3D('',#10260,#10261,#10262);
#10260 = CARTESIAN_POINT('',(8.89,-7.62,1.51));
#10261 = DIRECTION('',(-0.,0.,-1.));
#10262 = DIRECTION('',(-0.,-1.,0.));
#10263 = FACE_BOUND('',#10264,.T.);
#10264 = EDGE_LOOP('',(#10265));
#10265 = ORIENTED_EDGE('',*,*,#10266,.T.);
#10266 = EDGE_CURVE('',#10267,#10267,#10269,.T.);
#10267 = VERTEX_POINT('',#10268);
#10268 = CARTESIAN_POINT('',(5.715,-4.21,1.51));
#10269 = CIRCLE('',#10270,0.4);
#10270 = AXIS2_PLACEMENT_3D('',#10271,#10272,#10273);
#10271 = CARTESIAN_POINT('',(5.715,-3.81,1.51));
#10272 = DIRECTION('',(-0.,0.,-1.));
#10273 = DIRECTION('',(-0.,-1.,0.));
#10274 = FACE_BOUND('',#10275,.T.);
#10275 = EDGE_LOOP('',(#10276));
#10276 = ORIENTED_EDGE('',*,*,#10277,.T.);
#10277 = EDGE_CURVE('',#10278,#10278,#10280,.T.);
#10278 = VERTEX_POINT('',#10279);
#10279 = CARTESIAN_POINT('',(13.335,-5.48,1.51));
#10280 = CIRCLE('',#10281,0.4);
#10281 = AXIS2_PLACEMENT_3D('',#10282,#10283,#10284);
#10282 = CARTESIAN_POINT('',(13.335,-5.08,1.51));
#10283 = DIRECTION('',(-0.,0.,-1.));
#10284 = DIRECTION('',(-0.,-1.,0.));
#10285 = FACE_BOUND('',#10286,.T.);
#10286 = EDGE_LOOP('',(#10287));
#10287 = ORIENTED_EDGE('',*,*,#10288,.T.);
#10288 = EDGE_CURVE('',#10289,#10289,#10291,.T.);
#10289 = VERTEX_POINT('',#10290);
#10290 = CARTESIAN_POINT('',(10.715,-4.21,1.51));
#10291 = CIRCLE('',#10292,0.4);
#10292 = AXIS2_PLACEMENT_3D('',#10293,#10294,#10295);
#10293 = CARTESIAN_POINT('',(10.715,-3.81,1.51));
#10294 = DIRECTION('',(-0.,0.,-1.));
#10295 = DIRECTION('',(-0.,-1.,0.));
#10296 = FACE_BOUND('',#10297,.T.);
#10297 = EDGE_LOOP('',(#10298));
#10298 = ORIENTED_EDGE('',*,*,#10299,.T.);
#10299 = EDGE_CURVE('',#10300,#10300,#10302,.T.);
#10300 = VERTEX_POINT('',#10301);
#10301 = CARTESIAN_POINT('',(15.875,-5.48,1.51));
#10302 = CIRCLE('',#10303,0.4);
#10303 = AXIS2_PLACEMENT_3D('',#10304,#10305,#10306);
#10304 = CARTESIAN_POINT('',(15.875,-5.08,1.51));
#10305 = DIRECTION('',(-0.,0.,-1.));
#10306 = DIRECTION('',(-0.,-1.,0.));
#10307 = FACE_BOUND('',#10308,.T.);
#10308 = EDGE_LOOP('',(#10309));
#10309 = ORIENTED_EDGE('',*,*,#10310,.T.);
#10310 = EDGE_CURVE('',#10311,#10311,#10313,.T.);
#10311 = VERTEX_POINT('',#10312);
#10312 = CARTESIAN_POINT('',(24.13,-12.465,1.51));
#10313 = CIRCLE('',#10314,0.4);
#10314 = AXIS2_PLACEMENT_3D('',#10315,#10316,#10317);
#10315 = CARTESIAN_POINT('',(24.13,-12.065,1.51));
#10316 = DIRECTION('',(-0.,0.,-1.));
#10317 = DIRECTION('',(-8.881784197001E-15,-1.,0.));
#10318 = FACE_BOUND('',#10319,.T.);
#10319 = EDGE_LOOP('',(#10320));
#10320 = ORIENTED_EDGE('',*,*,#10321,.T.);
#10321 = EDGE_CURVE('',#10322,#10322,#10324,.T.);
#10322 = VERTEX_POINT('',#10323);
#10323 = CARTESIAN_POINT('',(31.75,-12.465,1.51));
#10324 = CIRCLE('',#10325,0.4);
#10325 = AXIS2_PLACEMENT_3D('',#10326,#10327,#10328);
#10326 = CARTESIAN_POINT('',(31.75,-12.065,1.51));
#10327 = DIRECTION('',(-0.,0.,-1.));
#10328 = DIRECTION('',(-0.,-1.,0.));
#10329 = FACE_BOUND('',#10330,.T.);
#10330 = EDGE_LOOP('',(#10331));
#10331 = ORIENTED_EDGE('',*,*,#10332,.T.);
#10332 = EDGE_CURVE('',#10333,#10333,#10335,.T.);
#10333 = VERTEX_POINT('',#10334);
#10334 = CARTESIAN_POINT('',(18.415,-5.48,1.51));
#10335 = CIRCLE('',#10336,0.4);
#10336 = AXIS2_PLACEMENT_3D('',#10337,#10338,#10339);
#10337 = CARTESIAN_POINT('',(18.415,-5.08,1.51));
#10338 = DIRECTION('',(-0.,0.,-1.));
#10339 = DIRECTION('',(-0.,-1.,0.));
#10340 = FACE_BOUND('',#10341,.T.);
#10341 = EDGE_LOOP('',(#10342));
#10342 = ORIENTED_EDGE('',*,*,#10343,.T.);
#10343 = EDGE_CURVE('',#10344,#10344,#10346,.T.);
#10344 = VERTEX_POINT('',#10345);
#10345 = CARTESIAN_POINT('',(20.955,-5.48,1.51));
#10346 = CIRCLE('',#10347,0.4);
#10347 = AXIS2_PLACEMENT_3D('',#10348,#10349,#10350);
#10348 = CARTESIAN_POINT('',(20.955,-5.08,1.51));
#10349 = DIRECTION('',(-0.,0.,-1.));
#10350 = DIRECTION('',(-0.,-1.,0.));
#10351 = FACE_BOUND('',#10352,.T.);
#10352 = EDGE_LOOP('',(#10353));
#10353 = ORIENTED_EDGE('',*,*,#10354,.T.);
#10354 = EDGE_CURVE('',#10355,#10355,#10357,.T.);
#10355 = VERTEX_POINT('',#10356);
#10356 = CARTESIAN_POINT('',(26.035,-4.285,1.51));
#10357 = CIRCLE('',#10358,0.475);
#10358 = AXIS2_PLACEMENT_3D('',#10359,#10360,#10361);
#10359 = CARTESIAN_POINT('',(26.035,-3.81,1.51));
#10360 = DIRECTION('',(-0.,0.,-1.));
#10361 = DIRECTION('',(-0.,-1.,0.));
#10362 = FACE_BOUND('',#10363,.T.);
#10363 = EDGE_LOOP('',(#10364));
#10364 = ORIENTED_EDGE('',*,*,#10365,.T.);
#10365 = EDGE_CURVE('',#10366,#10366,#10368,.T.);
#10366 = VERTEX_POINT('',#10367);
#10367 = CARTESIAN_POINT('',(28.535,-4.285,1.51));
#10368 = CIRCLE('',#10369,0.475);
#10369 = AXIS2_PLACEMENT_3D('',#10370,#10371,#10372);
#10370 = CARTESIAN_POINT('',(28.535,-3.81,1.51));
#10371 = DIRECTION('',(-0.,0.,-1.));
#10372 = DIRECTION('',(-0.,-1.,0.));
#10373 = FACE_BOUND('',#10374,.T.);
#10374 = EDGE_LOOP('',(#10375));
#10375 = ORIENTED_EDGE('',*,*,#10376,.T.);
#10376 = EDGE_CURVE('',#10377,#10377,#10379,.T.);
#10377 = VERTEX_POINT('',#10378);
#10378 = CARTESIAN_POINT('',(31.035,-4.285,1.51));
#10379 = CIRCLE('',#10380,0.475);
#10380 = AXIS2_PLACEMENT_3D('',#10381,#10382,#10383);
#10381 = CARTESIAN_POINT('',(31.035,-3.81,1.51));
#10382 = DIRECTION('',(-0.,0.,-1.));
#10383 = DIRECTION('',(-0.,-1.,0.));
#10384 = PLANE('',#10385);
#10385 = AXIS2_PLACEMENT_3D('',#10386,#10387,#10388);
#10386 = CARTESIAN_POINT('',(0.,0.,1.51));
#10387 = DIRECTION('',(0.,0.,1.));
#10388 = DIRECTION('',(1.,0.,-0.));
#10389 = ADVANCED_FACE('',(#10390),#10401,.T.);
#10390 = FACE_BOUND('',#10391,.T.);
#10391 = EDGE_LOOP('',(#10392,#10398,#10399,#10400));
#10392 = ORIENTED_EDGE('',*,*,#10393,.T.);
#10393 = EDGE_CURVE('',#9786,#10091,#10394,.T.);
#10394 = LINE('',#10395,#10396);
#10395 = CARTESIAN_POINT('',(-1.110223024625E-16,-1.5,0.));
#10396 = VECTOR('',#10397,1.);
#10397 = DIRECTION('',(0.,0.,1.));
#10398 = ORIENTED_EDGE('',*,*,#10090,.T.);
#10399 = ORIENTED_EDGE('',*,*,#9721,.F.);
#10400 = ORIENTED_EDGE('',*,*,#9785,.F.);
#10401 = CYLINDRICAL_SURFACE('',#10402,1.500000586493);
#10402 = AXIS2_PLACEMENT_3D('',#10403,#10404,#10405);
#10403 = CARTESIAN_POINT('',(1.500000586493,-1.500000586493,0.));
#10404 = DIRECTION('',(0.,0.,-1.));
#10405 = DIRECTION('',(-1.,3.909953624946E-07,0.));
#10406 = ADVANCED_FACE('',(#10407),#10418,.T.);
#10407 = FACE_BOUND('',#10408,.T.);
#10408 = EDGE_LOOP('',(#10409,#10410,#10411,#10417));
#10409 = ORIENTED_EDGE('',*,*,#9761,.T.);
#10410 = ORIENTED_EDGE('',*,*,#10124,.T.);
#10411 = ORIENTED_EDGE('',*,*,#10412,.F.);
#10412 = EDGE_CURVE('',#9812,#10117,#10413,.T.);
#10413 = LINE('',#10414,#10415);
#10414 = CARTESIAN_POINT('',(32.79,-25.4,0.));
#10415 = VECTOR('',#10416,1.);
#10416 = DIRECTION('',(0.,0.,1.));
#10417 = ORIENTED_EDGE('',*,*,#9819,.F.);
#10418 = CYLINDRICAL_SURFACE('',#10419,1.500000586493);
#10419 = AXIS2_PLACEMENT_3D('',#10420,#10421,#10422);
#10420 = CARTESIAN_POINT('',(32.789999413507,-23.8999994135,0.));
#10421 = DIRECTION('',(0.,0.,-1.));
#10422 = DIRECTION('',(1.,-3.909953616065E-07,0.));
#10423 = ADVANCED_FACE('',(#10424),#10435,.T.);
#10424 = FACE_BOUND('',#10425,.T.);
#10425 = EDGE_LOOP('',(#10426,#10432,#10433,#10434));
#10426 = ORIENTED_EDGE('',*,*,#10427,.T.);
#10427 = EDGE_CURVE('',#9795,#10100,#10428,.T.);
#10428 = LINE('',#10429,#10430);
#10429 = CARTESIAN_POINT('',(-7.771561172376E-16,-23.9,0.));
#10430 = VECTOR('',#10431,1.);
#10431 = DIRECTION('',(0.,0.,1.));
#10432 = ORIENTED_EDGE('',*,*,#10099,.T.);
#10433 = ORIENTED_EDGE('',*,*,#10393,.F.);
#10434 = ORIENTED_EDGE('',*,*,#9794,.F.);
#10435 = PLANE('',#10436);
#10436 = AXIS2_PLACEMENT_3D('',#10437,#10438,#10439);
#10437 = CARTESIAN_POINT('',(0.,-23.9,0.));
#10438 = DIRECTION('',(-1.,0.,0.));
#10439 = DIRECTION('',(0.,1.,0.));
#10440 = ADVANCED_FACE('',(#10441),#10452,.T.);
#10441 = FACE_BOUND('',#10442,.T.);
#10442 = EDGE_LOOP('',(#10443,#10444,#10445,#10451));
#10443 = ORIENTED_EDGE('',*,*,#10412,.T.);
#10444 = ORIENTED_EDGE('',*,*,#10116,.T.);
#10445 = ORIENTED_EDGE('',*,*,#10446,.F.);
#10446 = EDGE_CURVE('',#9803,#10108,#10447,.T.);
#10447 = LINE('',#10448,#10449);
#10448 = CARTESIAN_POINT('',(1.5,-25.4,0.));
#10449 = VECTOR('',#10450,1.);
#10450 = DIRECTION('',(0.,0.,1.));
#10451 = ORIENTED_EDGE('',*,*,#9811,.F.);
#10452 = PLANE('',#10453);
#10453 = AXIS2_PLACEMENT_3D('',#10454,#10455,#10456);
#10454 = CARTESIAN_POINT('',(32.79,-25.4,0.));
#10455 = DIRECTION('',(0.,-1.,0.));
#10456 = DIRECTION('',(-1.,0.,0.));
#10457 = ADVANCED_FACE('',(#10458),#10464,.T.);
#10458 = FACE_BOUND('',#10459,.T.);
#10459 = EDGE_LOOP('',(#10460,#10461,#10462,#10463));
#10460 = ORIENTED_EDGE('',*,*,#10446,.T.);
#10461 = ORIENTED_EDGE('',*,*,#10107,.T.);
#10462 = ORIENTED_EDGE('',*,*,#10427,.F.);
#10463 = ORIENTED_EDGE('',*,*,#9802,.F.);
#10464 = CYLINDRICAL_SURFACE('',#10465,1.500000586493);
#10465 = AXIS2_PLACEMENT_3D('',#10466,#10467,#10468);
#10466 = CARTESIAN_POINT('',(1.500000586493,-23.8999994135,0.));
#10467 = DIRECTION('',(0.,0.,-1.));
#10468 = DIRECTION('',(-3.909953598301E-07,-1.,-0.));
#10469 = ADVANCED_FACE('',(#10470),#10481,.F.);
#10470 = FACE_BOUND('',#10471,.T.);
#10471 = EDGE_LOOP('',(#10472,#10473,#10479,#10480));
#10472 = ORIENTED_EDGE('',*,*,#9829,.T.);
#10473 = ORIENTED_EDGE('',*,*,#10474,.T.);
#10474 = EDGE_CURVE('',#9830,#10135,#10475,.T.);
#10475 = LINE('',#10476,#10477);
#10476 = CARTESIAN_POINT('',(4.645,-21.92,-4.6E-02));
#10477 = VECTOR('',#10478,1.);
#10478 = DIRECTION('',(0.,0.,1.));
#10479 = ORIENTED_EDGE('',*,*,#10134,.F.);
#10480 = ORIENTED_EDGE('',*,*,#10474,.F.);
#10481 = CYLINDRICAL_SURFACE('',#10482,1.6);
#10482 = AXIS2_PLACEMENT_3D('',#10483,#10484,#10485);
#10483 = CARTESIAN_POINT('',(4.645,-20.32,-4.6E-02));
#10484 = DIRECTION('',(-0.,-0.,-1.));
#10485 = DIRECTION('',(-0.,-1.,0.));
#10486 = ADVANCED_FACE('',(#10487),#10498,.F.);
#10487 = FACE_BOUND('',#10488,.T.);
#10488 = EDGE_LOOP('',(#10489,#10490,#10496,#10497));
#10489 = ORIENTED_EDGE('',*,*,#9840,.T.);
#10490 = ORIENTED_EDGE('',*,*,#10491,.T.);
#10491 = EDGE_CURVE('',#9841,#10146,#10492,.T.);
#10492 = LINE('',#10493,#10494);
#10493 = CARTESIAN_POINT('',(14.605,-20.67,-4.6E-02));
#10494 = VECTOR('',#10495,1.);
#10495 = DIRECTION('',(0.,0.,1.));
#10496 = ORIENTED_EDGE('',*,*,#10145,.F.);
#10497 = ORIENTED_EDGE('',*,*,#10491,.F.);
#10498 = CYLINDRICAL_SURFACE('',#10499,0.35);
#10499 = AXIS2_PLACEMENT_3D('',#10500,#10501,#10502);
#10500 = CARTESIAN_POINT('',(14.605,-20.32,-4.6E-02));
#10501 = DIRECTION('',(-0.,-0.,-1.));
#10502 = DIRECTION('',(-0.,-1.,0.));
#10503 = ADVANCED_FACE('',(#10504),#10515,.F.);
#10504 = FACE_BOUND('',#10505,.T.);
#10505 = EDGE_LOOP('',(#10506,#10507,#10513,#10514));
#10506 = ORIENTED_EDGE('',*,*,#9851,.T.);
#10507 = ORIENTED_EDGE('',*,*,#10508,.T.);
#10508 = EDGE_CURVE('',#9852,#10157,#10509,.T.);
#10509 = LINE('',#10510,#10511);
#10510 = CARTESIAN_POINT('',(8.89,-15.64,-4.6E-02));
#10511 = VECTOR('',#10512,1.);
#10512 = DIRECTION('',(0.,0.,1.));
#10513 = ORIENTED_EDGE('',*,*,#10156,.F.);
#10514 = ORIENTED_EDGE('',*,*,#10508,.F.);
#10515 = CYLINDRICAL_SURFACE('',#10516,0.4);
#10516 = AXIS2_PLACEMENT_3D('',#10517,#10518,#10519);
#10517 = CARTESIAN_POINT('',(8.89,-15.24,-4.6E-02));
#10518 = DIRECTION('',(-0.,-0.,-1.));
#10519 = DIRECTION('',(-0.,-1.,0.));
#10520 = ADVANCED_FACE('',(#10521),#10532,.F.);
#10521 = FACE_BOUND('',#10522,.T.);
#10522 = EDGE_LOOP('',(#10523,#10524,#10530,#10531));
#10523 = ORIENTED_EDGE('',*,*,#9862,.T.);
#10524 = ORIENTED_EDGE('',*,*,#10525,.T.);
#10525 = EDGE_CURVE('',#9863,#10168,#10526,.T.);
#10526 = LINE('',#10527,#10528);
#10527 = CARTESIAN_POINT('',(4.445,-15.005,-4.6E-02));
#10528 = VECTOR('',#10529,1.);
#10529 = DIRECTION('',(0.,0.,1.));
#10530 = ORIENTED_EDGE('',*,*,#10167,.F.);
#10531 = ORIENTED_EDGE('',*,*,#10525,.F.);
#10532 = CYLINDRICAL_SURFACE('',#10533,0.4);
#10533 = AXIS2_PLACEMENT_3D('',#10534,#10535,#10536);
#10534 = CARTESIAN_POINT('',(4.445,-14.605,-4.6E-02));
#10535 = DIRECTION('',(-0.,-0.,-1.));
#10536 = DIRECTION('',(-0.,-1.,0.));
#10537 = ADVANCED_FACE('',(#10538),#10549,.F.);
#10538 = FACE_BOUND('',#10539,.T.);
#10539 = EDGE_LOOP('',(#10540,#10541,#10547,#10548));
#10540 = ORIENTED_EDGE('',*,*,#9873,.T.);
#10541 = ORIENTED_EDGE('',*,*,#10542,.T.);
#10542 = EDGE_CURVE('',#9874,#10179,#10543,.T.);
#10543 = LINE('',#10544,#10545);
#10544 = CARTESIAN_POINT('',(13.335,-13.1,-4.6E-02));
#10545 = VECTOR('',#10546,1.);
#10546 = DIRECTION('',(0.,0.,1.));
#10547 = ORIENTED_EDGE('',*,*,#10178,.F.);
#10548 = ORIENTED_EDGE('',*,*,#10542,.F.);
#10549 = CYLINDRICAL_SURFACE('',#10550,0.4);
#10550 = AXIS2_PLACEMENT_3D('',#10551,#10552,#10553);
#10551 = CARTESIAN_POINT('',(13.335,-12.7,-4.6E-02));
#10552 = DIRECTION('',(-0.,-0.,-1.));
#10553 = DIRECTION('',(-0.,-1.,0.));
#10554 = ADVANCED_FACE('',(#10555),#10566,.F.);
#10555 = FACE_BOUND('',#10556,.T.);
#10556 = EDGE_LOOP('',(#10557,#10558,#10564,#10565));
#10557 = ORIENTED_EDGE('',*,*,#9884,.T.);
#10558 = ORIENTED_EDGE('',*,*,#10559,.T.);
#10559 = EDGE_CURVE('',#9885,#10190,#10560,.T.);
#10560 = LINE('',#10561,#10562);
#10561 = CARTESIAN_POINT('',(15.875,-13.1,-4.6E-02));
#10562 = VECTOR('',#10563,1.);
#10563 = DIRECTION('',(0.,0.,1.));
#10564 = ORIENTED_EDGE('',*,*,#10189,.F.);
#10565 = ORIENTED_EDGE('',*,*,#10559,.F.);
#10566 = CYLINDRICAL_SURFACE('',#10567,0.4);
#10567 = AXIS2_PLACEMENT_3D('',#10568,#10569,#10570);
#10568 = CARTESIAN_POINT('',(15.875,-12.7,-4.6E-02));
#10569 = DIRECTION('',(-0.,-0.,-1.));
#10570 = DIRECTION('',(-0.,-1.,0.));
#10571 = ADVANCED_FACE('',(#10572),#10583,.F.);
#10572 = FACE_BOUND('',#10573,.T.);
#10573 = EDGE_LOOP('',(#10574,#10575,#10581,#10582));
#10574 = ORIENTED_EDGE('',*,*,#9895,.T.);
#10575 = ORIENTED_EDGE('',*,*,#10576,.T.);
#10576 = EDGE_CURVE('',#9896,#10201,#10577,.T.);
#10577 = LINE('',#10578,#10579);
#10578 = CARTESIAN_POINT('',(19.685,-20.67,-4.6E-02));
#10579 = VECTOR('',#10580,1.);
#10580 = DIRECTION('',(0.,0.,1.));
#10581 = ORIENTED_EDGE('',*,*,#10200,.F.);
#10582 = ORIENTED_EDGE('',*,*,#10576,.F.);
#10583 = CYLINDRICAL_SURFACE('',#10584,0.35);
#10584 = AXIS2_PLACEMENT_3D('',#10585,#10586,#10587);
#10585 = CARTESIAN_POINT('',(19.685,-20.32,-4.6E-02));
#10586 = DIRECTION('',(-0.,-0.,-1.));
#10587 = DIRECTION('',(-1.015061051086E-14,-1.,0.));
#10588 = ADVANCED_FACE('',(#10589),#10600,.F.);
#10589 = FACE_BOUND('',#10590,.T.);
#10590 = EDGE_LOOP('',(#10591,#10592,#10598,#10599));
#10591 = ORIENTED_EDGE('',*,*,#9906,.T.);
#10592 = ORIENTED_EDGE('',*,*,#10593,.T.);
#10593 = EDGE_CURVE('',#9907,#10212,#10594,.T.);
#10594 = LINE('',#10595,#10596);
#10595 = CARTESIAN_POINT('',(29.645,-21.92,-4.6E-02));
#10596 = VECTOR('',#10597,1.);
#10597 = DIRECTION('',(0.,0.,1.));
#10598 = ORIENTED_EDGE('',*,*,#10211,.F.);
#10599 = ORIENTED_EDGE('',*,*,#10593,.F.);
#10600 = CYLINDRICAL_SURFACE('',#10601,1.6);
#10601 = AXIS2_PLACEMENT_3D('',#10602,#10603,#10604);
#10602 = CARTESIAN_POINT('',(29.645,-20.32,-4.6E-02));
#10603 = DIRECTION('',(-0.,-0.,-1.));
#10604 = DIRECTION('',(-2.22044604925E-15,-1.,0.));
#10605 = ADVANCED_FACE('',(#10606),#10617,.F.);
#10606 = FACE_BOUND('',#10607,.T.);
#10607 = EDGE_LOOP('',(#10608,#10609,#10615,#10616));
#10608 = ORIENTED_EDGE('',*,*,#9917,.T.);
#10609 = ORIENTED_EDGE('',*,*,#10610,.T.);
#10610 = EDGE_CURVE('',#9918,#10223,#10611,.T.);
#10611 = LINE('',#10612,#10613);
#10612 = CARTESIAN_POINT('',(18.415,-13.1,-4.6E-02));
#10613 = VECTOR('',#10614,1.);
#10614 = DIRECTION('',(0.,0.,1.));
#10615 = ORIENTED_EDGE('',*,*,#10222,.F.);
#10616 = ORIENTED_EDGE('',*,*,#10610,.F.);
#10617 = CYLINDRICAL_SURFACE('',#10618,0.4);
#10618 = AXIS2_PLACEMENT_3D('',#10619,#10620,#10621);
#10619 = CARTESIAN_POINT('',(18.415,-12.7,-4.6E-02));
#10620 = DIRECTION('',(-0.,-0.,-1.));
#10621 = DIRECTION('',(-0.,-1.,0.));
#10622 = ADVANCED_FACE('',(#10623),#10634,.F.);
#10623 = FACE_BOUND('',#10624,.T.);
#10624 = EDGE_LOOP('',(#10625,#10626,#10632,#10633));
#10625 = ORIENTED_EDGE('',*,*,#9928,.T.);
#10626 = ORIENTED_EDGE('',*,*,#10627,.T.);
#10627 = EDGE_CURVE('',#9929,#10234,#10628,.T.);
#10628 = LINE('',#10629,#10630);
#10629 = CARTESIAN_POINT('',(20.955,-13.1,-4.6E-02));
#10630 = VECTOR('',#10631,1.);
#10631 = DIRECTION('',(0.,0.,1.));
#10632 = ORIENTED_EDGE('',*,*,#10233,.F.);
#10633 = ORIENTED_EDGE('',*,*,#10627,.F.);
#10634 = CYLINDRICAL_SURFACE('',#10635,0.4);
#10635 = AXIS2_PLACEMENT_3D('',#10636,#10637,#10638);
#10636 = CARTESIAN_POINT('',(20.955,-12.7,-4.6E-02));
#10637 = DIRECTION('',(-0.,-0.,-1.));
#10638 = DIRECTION('',(-0.,-1.,0.));
#10639 = ADVANCED_FACE('',(#10640),#10651,.F.);
#10640 = FACE_BOUND('',#10641,.T.);
#10641 = EDGE_LOOP('',(#10642,#10643,#10649,#10650));
#10642 = ORIENTED_EDGE('',*,*,#9939,.T.);
#10643 = ORIENTED_EDGE('',*,*,#10644,.T.);
#10644 = EDGE_CURVE('',#9940,#10245,#10645,.T.);
#10645 = LINE('',#10646,#10647);
#10646 = CARTESIAN_POINT('',(4.445,-10.005,-4.6E-02));
#10647 = VECTOR('',#10648,1.);
#10648 = DIRECTION('',(0.,0.,1.));
#10649 = ORIENTED_EDGE('',*,*,#10244,.F.);
#10650 = ORIENTED_EDGE('',*,*,#10644,.F.);
#10651 = CYLINDRICAL_SURFACE('',#10652,0.4);
#10652 = AXIS2_PLACEMENT_3D('',#10653,#10654,#10655);
#10653 = CARTESIAN_POINT('',(4.445,-9.605,-4.6E-02));
#10654 = DIRECTION('',(-0.,-0.,-1.));
#10655 = DIRECTION('',(-0.,-1.,0.));
#10656 = ADVANCED_FACE('',(#10657),#10668,.F.);
#10657 = FACE_BOUND('',#10658,.T.);
#10658 = EDGE_LOOP('',(#10659,#10660,#10666,#10667));
#10659 = ORIENTED_EDGE('',*,*,#9950,.T.);
#10660 = ORIENTED_EDGE('',*,*,#10661,.T.);
#10661 = EDGE_CURVE('',#9951,#10256,#10662,.T.);
#10662 = LINE('',#10663,#10664);
#10663 = CARTESIAN_POINT('',(8.89,-8.02,-4.6E-02));
#10664 = VECTOR('',#10665,1.);
#10665 = DIRECTION('',(0.,0.,1.));
#10666 = ORIENTED_EDGE('',*,*,#10255,.F.);
#10667 = ORIENTED_EDGE('',*,*,#10661,.F.);
#10668 = CYLINDRICAL_SURFACE('',#10669,0.4);
#10669 = AXIS2_PLACEMENT_3D('',#10670,#10671,#10672);
#10670 = CARTESIAN_POINT('',(8.89,-7.62,-4.6E-02));
#10671 = DIRECTION('',(-0.,-0.,-1.));
#10672 = DIRECTION('',(-0.,-1.,0.));
#10673 = ADVANCED_FACE('',(#10674),#10685,.F.);
#10674 = FACE_BOUND('',#10675,.T.);
#10675 = EDGE_LOOP('',(#10676,#10677,#10683,#10684));
#10676 = ORIENTED_EDGE('',*,*,#9961,.T.);
#10677 = ORIENTED_EDGE('',*,*,#10678,.T.);
#10678 = EDGE_CURVE('',#9962,#10267,#10679,.T.);
#10679 = LINE('',#10680,#10681);
#10680 = CARTESIAN_POINT('',(5.715,-4.21,-4.6E-02));
#10681 = VECTOR('',#10682,1.);
#10682 = DIRECTION('',(0.,0.,1.));
#10683 = ORIENTED_EDGE('',*,*,#10266,.F.);
#10684 = ORIENTED_EDGE('',*,*,#10678,.F.);
#10685 = CYLINDRICAL_SURFACE('',#10686,0.4);
#10686 = AXIS2_PLACEMENT_3D('',#10687,#10688,#10689);
#10687 = CARTESIAN_POINT('',(5.715,-3.81,-4.6E-02));
#10688 = DIRECTION('',(-0.,-0.,-1.));
#10689 = DIRECTION('',(-0.,-1.,0.));
#10690 = ADVANCED_FACE('',(#10691),#10702,.F.);
#10691 = FACE_BOUND('',#10692,.T.);
#10692 = EDGE_LOOP('',(#10693,#10694,#10700,#10701));
#10693 = ORIENTED_EDGE('',*,*,#9972,.T.);
#10694 = ORIENTED_EDGE('',*,*,#10695,.T.);
#10695 = EDGE_CURVE('',#9973,#10278,#10696,.T.);
#10696 = LINE('',#10697,#10698);
#10697 = CARTESIAN_POINT('',(13.335,-5.48,-4.6E-02));
#10698 = VECTOR('',#10699,1.);
#10699 = DIRECTION('',(0.,0.,1.));
#10700 = ORIENTED_EDGE('',*,*,#10277,.F.);
#10701 = ORIENTED_EDGE('',*,*,#10695,.F.);
#10702 = CYLINDRICAL_SURFACE('',#10703,0.4);
#10703 = AXIS2_PLACEMENT_3D('',#10704,#10705,#10706);
#10704 = CARTESIAN_POINT('',(13.335,-5.08,-4.6E-02));
#10705 = DIRECTION('',(-0.,-0.,-1.));
#10706 = DIRECTION('',(-0.,-1.,0.));
#10707 = ADVANCED_FACE('',(#10708),#10719,.F.);
#10708 = FACE_BOUND('',#10709,.T.);
#10709 = EDGE_LOOP('',(#10710,#10711,#10717,#10718));
#10710 = ORIENTED_EDGE('',*,*,#9983,.T.);
#10711 = ORIENTED_EDGE('',*,*,#10712,.T.);
#10712 = EDGE_CURVE('',#9984,#10289,#10713,.T.);
#10713 = LINE('',#10714,#10715);
#10714 = CARTESIAN_POINT('',(10.715,-4.21,-4.6E-02));
#10715 = VECTOR('',#10716,1.);
#10716 = DIRECTION('',(0.,0.,1.));
#10717 = ORIENTED_EDGE('',*,*,#10288,.F.);
#10718 = ORIENTED_EDGE('',*,*,#10712,.F.);
#10719 = CYLINDRICAL_SURFACE('',#10720,0.4);
#10720 = AXIS2_PLACEMENT_3D('',#10721,#10722,#10723);
#10721 = CARTESIAN_POINT('',(10.715,-3.81,-4.6E-02));
#10722 = DIRECTION('',(-0.,-0.,-1.));
#10723 = DIRECTION('',(-0.,-1.,0.));
#10724 = ADVANCED_FACE('',(#10725),#10736,.F.);
#10725 = FACE_BOUND('',#10726,.T.);
#10726 = EDGE_LOOP('',(#10727,#10728,#10734,#10735));
#10727 = ORIENTED_EDGE('',*,*,#9994,.T.);
#10728 = ORIENTED_EDGE('',*,*,#10729,.T.);
#10729 = EDGE_CURVE('',#9995,#10300,#10730,.T.);
#10730 = LINE('',#10731,#10732);
#10731 = CARTESIAN_POINT('',(15.875,-5.48,-4.6E-02));
#10732 = VECTOR('',#10733,1.);
#10733 = DIRECTION('',(0.,0.,1.));
#10734 = ORIENTED_EDGE('',*,*,#10299,.F.);
#10735 = ORIENTED_EDGE('',*,*,#10729,.F.);
#10736 = CYLINDRICAL_SURFACE('',#10737,0.4);
#10737 = AXIS2_PLACEMENT_3D('',#10738,#10739,#10740);
#10738 = CARTESIAN_POINT('',(15.875,-5.08,-4.6E-02));
#10739 = DIRECTION('',(-0.,-0.,-1.));
#10740 = DIRECTION('',(-0.,-1.,0.));
#10741 = ADVANCED_FACE('',(#10742),#10753,.F.);
#10742 = FACE_BOUND('',#10743,.T.);
#10743 = EDGE_LOOP('',(#10744,#10745,#10751,#10752));
#10744 = ORIENTED_EDGE('',*,*,#10005,.T.);
#10745 = ORIENTED_EDGE('',*,*,#10746,.T.);
#10746 = EDGE_CURVE('',#10006,#10311,#10747,.T.);
#10747 = LINE('',#10748,#10749);
#10748 = CARTESIAN_POINT('',(24.13,-12.465,-4.6E-02));
#10749 = VECTOR('',#10750,1.);
#10750 = DIRECTION('',(0.,0.,1.));
#10751 = ORIENTED_EDGE('',*,*,#10310,.F.);
#10752 = ORIENTED_EDGE('',*,*,#10746,.F.);
#10753 = CYLINDRICAL_SURFACE('',#10754,0.4);
#10754 = AXIS2_PLACEMENT_3D('',#10755,#10756,#10757);
#10755 = CARTESIAN_POINT('',(24.13,-12.065,-4.6E-02));
#10756 = DIRECTION('',(-0.,-0.,-1.));
#10757 = DIRECTION('',(-8.881784197001E-15,-1.,0.));
#10758 = ADVANCED_FACE('',(#10759),#10770,.F.);
#10759 = FACE_BOUND('',#10760,.T.);
#10760 = EDGE_LOOP('',(#10761,#10762,#10768,#10769));
#10761 = ORIENTED_EDGE('',*,*,#10016,.T.);
#10762 = ORIENTED_EDGE('',*,*,#10763,.T.);
#10763 = EDGE_CURVE('',#10017,#10322,#10764,.T.);
#10764 = LINE('',#10765,#10766);
#10765 = CARTESIAN_POINT('',(31.75,-12.465,-4.6E-02));
#10766 = VECTOR('',#10767,1.);
#10767 = DIRECTION('',(0.,0.,1.));
#10768 = ORIENTED_EDGE('',*,*,#10321,.F.);
#10769 = ORIENTED_EDGE('',*,*,#10763,.F.);
#10770 = CYLINDRICAL_SURFACE('',#10771,0.4);
#10771 = AXIS2_PLACEMENT_3D('',#10772,#10773,#10774);
#10772 = CARTESIAN_POINT('',(31.75,-12.065,-4.6E-02));
#10773 = DIRECTION('',(-0.,-0.,-1.));
#10774 = DIRECTION('',(-0.,-1.,0.));
#10775 = ADVANCED_FACE('',(#10776),#10787,.F.);
#10776 = FACE_BOUND('',#10777,.T.);
#10777 = EDGE_LOOP('',(#10778,#10779,#10785,#10786));
#10778 = ORIENTED_EDGE('',*,*,#10027,.T.);
#10779 = ORIENTED_EDGE('',*,*,#10780,.T.);
#10780 = EDGE_CURVE('',#10028,#10333,#10781,.T.);
#10781 = LINE('',#10782,#10783);
#10782 = CARTESIAN_POINT('',(18.415,-5.48,-4.6E-02));
#10783 = VECTOR('',#10784,1.);
#10784 = DIRECTION('',(0.,0.,1.));
#10785 = ORIENTED_EDGE('',*,*,#10332,.F.);
#10786 = ORIENTED_EDGE('',*,*,#10780,.F.);
#10787 = CYLINDRICAL_SURFACE('',#10788,0.4);
#10788 = AXIS2_PLACEMENT_3D('',#10789,#10790,#10791);
#10789 = CARTESIAN_POINT('',(18.415,-5.08,-4.6E-02));
#10790 = DIRECTION('',(-0.,-0.,-1.));
#10791 = DIRECTION('',(-0.,-1.,0.));
#10792 = ADVANCED_FACE('',(#10793),#10804,.F.);
#10793 = FACE_BOUND('',#10794,.T.);
#10794 = EDGE_LOOP('',(#10795,#10796,#10802,#10803));
#10795 = ORIENTED_EDGE('',*,*,#10038,.T.);
#10796 = ORIENTED_EDGE('',*,*,#10797,.T.);
#10797 = EDGE_CURVE('',#10039,#10344,#10798,.T.);
#10798 = LINE('',#10799,#10800);
#10799 = CARTESIAN_POINT('',(20.955,-5.48,-4.6E-02));
#10800 = VECTOR('',#10801,1.);
#10801 = DIRECTION('',(0.,0.,1.));
#10802 = ORIENTED_EDGE('',*,*,#10343,.F.);
#10803 = ORIENTED_EDGE('',*,*,#10797,.F.);
#10804 = CYLINDRICAL_SURFACE('',#10805,0.4);
#10805 = AXIS2_PLACEMENT_3D('',#10806,#10807,#10808);
#10806 = CARTESIAN_POINT('',(20.955,-5.08,-4.6E-02));
#10807 = DIRECTION('',(-0.,-0.,-1.));
#10808 = DIRECTION('',(-0.,-1.,0.));
#10809 = ADVANCED_FACE('',(#10810),#10821,.F.);
#10810 = FACE_BOUND('',#10811,.T.);
#10811 = EDGE_LOOP('',(#10812,#10813,#10819,#10820));
#10812 = ORIENTED_EDGE('',*,*,#10049,.T.);
#10813 = ORIENTED_EDGE('',*,*,#10814,.T.);
#10814 = EDGE_CURVE('',#10050,#10355,#10815,.T.);
#10815 = LINE('',#10816,#10817);
#10816 = CARTESIAN_POINT('',(26.035,-4.285,-4.6E-02));
#10817 = VECTOR('',#10818,1.);
#10818 = DIRECTION('',(0.,0.,1.));
#10819 = ORIENTED_EDGE('',*,*,#10354,.F.);
#10820 = ORIENTED_EDGE('',*,*,#10814,.F.);
#10821 = CYLINDRICAL_SURFACE('',#10822,0.475);
#10822 = AXIS2_PLACEMENT_3D('',#10823,#10824,#10825);
#10823 = CARTESIAN_POINT('',(26.035,-3.81,-4.6E-02));
#10824 = DIRECTION('',(-0.,-0.,-1.));
#10825 = DIRECTION('',(-0.,-1.,0.));
#10826 = ADVANCED_FACE('',(#10827),#10838,.F.);
#10827 = FACE_BOUND('',#10828,.T.);
#10828 = EDGE_LOOP('',(#10829,#10830,#10836,#10837));
#10829 = ORIENTED_EDGE('',*,*,#10060,.T.);
#10830 = ORIENTED_EDGE('',*,*,#10831,.T.);
#10831 = EDGE_CURVE('',#10061,#10366,#10832,.T.);
#10832 = LINE('',#10833,#10834);
#10833 = CARTESIAN_POINT('',(28.535,-4.285,-4.6E-02));
#10834 = VECTOR('',#10835,1.);
#10835 = DIRECTION('',(0.,0.,1.));
#10836 = ORIENTED_EDGE('',*,*,#10365,.F.);
#10837 = ORIENTED_EDGE('',*,*,#10831,.F.);
#10838 = CYLINDRICAL_SURFACE('',#10839,0.475);
#10839 = AXIS2_PLACEMENT_3D('',#10840,#10841,#10842);
#10840 = CARTESIAN_POINT('',(28.535,-3.81,-4.6E-02));
#10841 = DIRECTION('',(-0.,-0.,-1.));
#10842 = DIRECTION('',(-0.,-1.,0.));
#10843 = ADVANCED_FACE('',(#10844),#10855,.F.);
#10844 = FACE_BOUND('',#10845,.T.);
#10845 = EDGE_LOOP('',(#10846,#10847,#10853,#10854));
#10846 = ORIENTED_EDGE('',*,*,#10071,.T.);
#10847 = ORIENTED_EDGE('',*,*,#10848,.T.);
#10848 = EDGE_CURVE('',#10072,#10377,#10849,.T.);
#10849 = LINE('',#10850,#10851);
#10850 = CARTESIAN_POINT('',(31.035,-4.285,-4.6E-02));
#10851 = VECTOR('',#10852,1.);
#10852 = DIRECTION('',(0.,0.,1.));
#10853 = ORIENTED_EDGE('',*,*,#10376,.F.);
#10854 = ORIENTED_EDGE('',*,*,#10848,.F.);
#10855 = CYLINDRICAL_SURFACE('',#10856,0.475);
#10856 = AXIS2_PLACEMENT_3D('',#10857,#10858,#10859);
#10857 = CARTESIAN_POINT('',(31.035,-3.81,-4.6E-02));
#10858 = DIRECTION('',(-0.,-0.,-1.));
#10859 = DIRECTION('',(-0.,-1.,0.));
#10860 = ( GEOMETRIC_REPRESENTATION_CONTEXT(3) 
GLOBAL_UNCERTAINTY_ASSIGNED_CONTEXT((#10864)) 
GLOBAL_UNIT_ASSIGNED_CONTEXT((#10861,#10862,#10863)) 
REPRESENTATION_CONTEXT('Context #1',
  '3D Context with UNIT and UNCERTAINTY') );
#10861 = ( LENGTH_UNIT() NAMED_UNIT(*) SI_UNIT(.MILLI.,.METRE.) );
#10862 = ( NAMED_UNIT(*) PLANE_ANGLE_UNIT() SI_UNIT($,.RADIAN.) );
#10863 = ( NAMED_UNIT(*) SI_UNIT($,.STERADIAN.) SOLID_ANGLE_UNIT() );
#10864 = UNCERTAINTY_MEASURE_WITH_UNIT(LENGTH_MEASURE(1.E-07),#10861,
  'distance_accuracy_value','confusion accuracy');
#10865 = CONTEXT_DEPENDENT_SHAPE_REPRESENTATION(#10866,#10868);
#10866 = ( REPRESENTATION_RELATIONSHIP('','',#9672,#10) 
REPRESENTATION_RELATIONSHIP_WITH_TRANSFORMATION(#10867) 
SHAPE_REPRESENTATION_RELATIONSHIP() );
#10867 = ITEM_DEFINED_TRANSFORMATION('','',#11,#39);
#10868 = PRODUCT_DEFINITION_SHAPE('Placement','Placement of an item',
  #10869);
#10869 = NEXT_ASSEMBLY_USAGE_OCCURRENCE('11','=>[0:1:1:10]','',#5,#9667,
  $);
#10870 = PRODUCT_RELATED_PRODUCT_CATEGORY('part',$,(#9669));
#10871 = MECHANICAL_DESIGN_GEOMETRIC_PRESENTATION_REPRESENTATION('',(
    #10872,#10880,#10887,#10894,#10901,#10908,#10916,#10923,#10930,
    #10937,#10944,#10951,#10958,#10965,#10972),#4306);
#10872 = STYLED_ITEM('color',(#10873),#3645);
#10873 = PRESENTATION_STYLE_ASSIGNMENT((#10874));
#10874 = SURFACE_STYLE_USAGE(.BOTH.,#10875);
#10875 = SURFACE_SIDE_STYLE('',(#10876));
#10876 = SURFACE_STYLE_FILL_AREA(#10877);
#10877 = FILL_AREA_STYLE('',(#10878));
#10878 = FILL_AREA_STYLE_COLOUR('',#10879);
#10879 = COLOUR_RGB('',0.883000012551,0.711000022565,0.492000011028);
#10880 = STYLED_ITEM('color',(#10881),#3678);
#10881 = PRESENTATION_STYLE_ASSIGNMENT((#10882));
#10882 = SURFACE_STYLE_USAGE(.BOTH.,#10883);
#10883 = SURFACE_SIDE_STYLE('',(#10884));
#10884 = SURFACE_STYLE_FILL_AREA(#10885);
#10885 = FILL_AREA_STYLE('',(#10886));
#10886 = FILL_AREA_STYLE_COLOUR('',#10879);
#10887 = STYLED_ITEM('color',(#10888),#3704);
#10888 = PRESENTATION_STYLE_ASSIGNMENT((#10889));
#10889 = SURFACE_STYLE_USAGE(.BOTH.,#10890);
#10890 = SURFACE_SIDE_STYLE('',(#10891));
#10891 = SURFACE_STYLE_FILL_AREA(#10892);
#10892 = FILL_AREA_STYLE('',(#10893));
#10893 = FILL_AREA_STYLE_COLOUR('',#10879);
#10894 = STYLED_ITEM('color',(#10895),#3724);
#10895 = PRESENTATION_STYLE_ASSIGNMENT((#10896));
#10896 = SURFACE_STYLE_USAGE(.BOTH.,#10897);
#10897 = SURFACE_SIDE_STYLE('',(#10898));
#10898 = SURFACE_STYLE_FILL_AREA(#10899);
#10899 = FILL_AREA_STYLE('',(#10900));
#10900 = FILL_AREA_STYLE_COLOUR('',#10879);
#10901 = STYLED_ITEM('color',(#10902),#3907);
#10902 = PRESENTATION_STYLE_ASSIGNMENT((#10903));
#10903 = SURFACE_STYLE_USAGE(.BOTH.,#10904);
#10904 = SURFACE_SIDE_STYLE('',(#10905));
#10905 = SURFACE_STYLE_FILL_AREA(#10906);
#10906 = FILL_AREA_STYLE('',(#10907));
#10907 = FILL_AREA_STYLE_COLOUR('',#10879);
#10908 = STYLED_ITEM('color',(#10909),#3932);
#10909 = PRESENTATION_STYLE_ASSIGNMENT((#10910));
#10910 = SURFACE_STYLE_USAGE(.BOTH.,#10911);
#10911 = SURFACE_SIDE_STYLE('',(#10912));
#10912 = SURFACE_STYLE_FILL_AREA(#10913);
#10913 = FILL_AREA_STYLE('',(#10914));
#10914 = FILL_AREA_STYLE_COLOUR('',#10915);
#10915 = COLOUR_RGB('',0.823999987314,0.819999987296,0.781000009244);
#10916 = STYLED_ITEM('color',(#10917),#3958);
#10917 = PRESENTATION_STYLE_ASSIGNMENT((#10918));
#10918 = SURFACE_STYLE_USAGE(.BOTH.,#10919);
#10919 = SURFACE_SIDE_STYLE('',(#10920));
#10920 = SURFACE_STYLE_FILL_AREA(#10921);
#10921 = FILL_AREA_STYLE('',(#10922));
#10922 = FILL_AREA_STYLE_COLOUR('',#10879);
#10923 = STYLED_ITEM('color',(#10924),#3978);
#10924 = PRESENTATION_STYLE_ASSIGNMENT((#10925));
#10925 = SURFACE_STYLE_USAGE(.BOTH.,#10926);
#10926 = SURFACE_SIDE_STYLE('',(#10927));
#10927 = SURFACE_STYLE_FILL_AREA(#10928);
#10928 = FILL_AREA_STYLE('',(#10929));
#10929 = FILL_AREA_STYLE_COLOUR('',#10915);
#10930 = STYLED_ITEM('color',(#10931),#4003);
#10931 = PRESENTATION_STYLE_ASSIGNMENT((#10932));
#10932 = SURFACE_STYLE_USAGE(.BOTH.,#10933);
#10933 = SURFACE_SIDE_STYLE('',(#10934));
#10934 = SURFACE_STYLE_FILL_AREA(#10935);
#10935 = FILL_AREA_STYLE('',(#10936));
#10936 = FILL_AREA_STYLE_COLOUR('',#10879);
#10937 = STYLED_ITEM('color',(#10938),#4028);
#10938 = PRESENTATION_STYLE_ASSIGNMENT((#10939));
#10939 = SURFACE_STYLE_USAGE(.BOTH.,#10940);
#10940 = SURFACE_SIDE_STYLE('',(#10941));
#10941 = SURFACE_STYLE_FILL_AREA(#10942);
#10942 = FILL_AREA_STYLE('',(#10943));
#10943 = FILL_AREA_STYLE_COLOUR('',#10915);
#10944 = STYLED_ITEM('color',(#10945),#4037);
#10945 = PRESENTATION_STYLE_ASSIGNMENT((#10946));
#10946 = SURFACE_STYLE_USAGE(.BOTH.,#10947);
#10947 = SURFACE_SIDE_STYLE('',(#10948));
#10948 = SURFACE_STYLE_FILL_AREA(#10949);
#10949 = FILL_AREA_STYLE('',(#10950));
#10950 = FILL_AREA_STYLE_COLOUR('',#10879);
#10951 = STYLED_ITEM('color',(#10952),#4063);
#10952 = PRESENTATION_STYLE_ASSIGNMENT((#10953));
#10953 = SURFACE_STYLE_USAGE(.BOTH.,#10954);
#10954 = SURFACE_SIDE_STYLE('',(#10955));
#10955 = SURFACE_STYLE_FILL_AREA(#10956);
#10956 = FILL_AREA_STYLE('',(#10957));
#10957 = FILL_AREA_STYLE_COLOUR('',#10879);
#10958 = STYLED_ITEM('color',(#10959),#4246);
#10959 = PRESENTATION_STYLE_ASSIGNMENT((#10960));
#10960 = SURFACE_STYLE_USAGE(.BOTH.,#10961);
#10961 = SURFACE_SIDE_STYLE('',(#10962));
#10962 = SURFACE_STYLE_FILL_AREA(#10963);
#10963 = FILL_AREA_STYLE('',(#10964));
#10964 = FILL_AREA_STYLE_COLOUR('',#10915);
#10965 = STYLED_ITEM('color',(#10966),#4272);
#10966 = PRESENTATION_STYLE_ASSIGNMENT((#10967));
#10967 = SURFACE_STYLE_USAGE(.BOTH.,#10968);
#10968 = SURFACE_SIDE_STYLE('',(#10969));
#10969 = SURFACE_STYLE_FILL_AREA(#10970);
#10970 = FILL_AREA_STYLE('',(#10971));
#10971 = FILL_AREA_STYLE_COLOUR('',#10915);
#10972 = STYLED_ITEM('color',(#10973),#4297);
#10973 = PRESENTATION_STYLE_ASSIGNMENT((#10974));
#10974 = SURFACE_STYLE_USAGE(.BOTH.,#10975);
#10975 = SURFACE_SIDE_STYLE('',(#10976));
#10976 = SURFACE_STYLE_FILL_AREA(#10977);
#10977 = FILL_AREA_STYLE('',(#10978));
#10978 = FILL_AREA_STYLE_COLOUR('',#10915);
#10979 = MECHANICAL_DESIGN_GEOMETRIC_PRESENTATION_REPRESENTATION('',(
    #10980,#10987,#10994,#11001,#11008,#11016,#11023,#11030,#11037,
    #11044),#4830);
#10980 = STYLED_ITEM('color',(#10981),#4350);
#10981 = PRESENTATION_STYLE_ASSIGNMENT((#10982));
#10982 = SURFACE_STYLE_USAGE(.BOTH.,#10983);
#10983 = SURFACE_SIDE_STYLE('',(#10984));
#10984 = SURFACE_STYLE_FILL_AREA(#10985);
#10985 = FILL_AREA_STYLE('',(#10986));
#10986 = FILL_AREA_STYLE_COLOUR('',#10915);
#10987 = STYLED_ITEM('color',(#10988),#4367);
#10988 = PRESENTATION_STYLE_ASSIGNMENT((#10989));
#10989 = SURFACE_STYLE_USAGE(.BOTH.,#10990);
#10990 = SURFACE_SIDE_STYLE('',(#10991));
#10991 = SURFACE_STYLE_FILL_AREA(#10992);
#10992 = FILL_AREA_STYLE('',(#10993));
#10993 = FILL_AREA_STYLE_COLOUR('',#10915);
#10994 = STYLED_ITEM('color',(#10995),#4392);
#10995 = PRESENTATION_STYLE_ASSIGNMENT((#10996));
#10996 = SURFACE_STYLE_USAGE(.BOTH.,#10997);
#10997 = SURFACE_SIDE_STYLE('',(#10998));
#10998 = SURFACE_STYLE_FILL_AREA(#10999);
#10999 = FILL_AREA_STYLE('',(#11000));
#11000 = FILL_AREA_STYLE_COLOUR('',#10915);
#11001 = STYLED_ITEM('color',(#11002),#4422);
#11002 = PRESENTATION_STYLE_ASSIGNMENT((#11003));
#11003 = SURFACE_STYLE_USAGE(.BOTH.,#11004);
#11004 = SURFACE_SIDE_STYLE('',(#11005));
#11005 = SURFACE_STYLE_FILL_AREA(#11006);
#11006 = FILL_AREA_STYLE('',(#11007));
#11007 = FILL_AREA_STYLE_COLOUR('',#10915);
#11008 = STYLED_ITEM('color',(#11009),#4556);
#11009 = PRESENTATION_STYLE_ASSIGNMENT((#11010));
#11010 = SURFACE_STYLE_USAGE(.BOTH.,#11011);
#11011 = SURFACE_SIDE_STYLE('',(#11012));
#11012 = SURFACE_STYLE_FILL_AREA(#11013);
#11013 = FILL_AREA_STYLE('',(#11014));
#11014 = FILL_AREA_STYLE_COLOUR('',#11015);
#11015 = COLOUR_RGB('',0.809000013735,0.426000008053,0.147999998088);
#11016 = STYLED_ITEM('color',(#11017),#4657);
#11017 = PRESENTATION_STYLE_ASSIGNMENT((#11018));
#11018 = SURFACE_STYLE_USAGE(.BOTH.,#11019);
#11019 = SURFACE_SIDE_STYLE('',(#11020));
#11020 = SURFACE_STYLE_FILL_AREA(#11021);
#11021 = FILL_AREA_STYLE('',(#11022));
#11022 = FILL_AREA_STYLE_COLOUR('',#11015);
#11023 = STYLED_ITEM('color',(#11024),#4739);
#11024 = PRESENTATION_STYLE_ASSIGNMENT((#11025));
#11025 = SURFACE_STYLE_USAGE(.BOTH.,#11026);
#11026 = SURFACE_SIDE_STYLE('',(#11027));
#11027 = SURFACE_STYLE_FILL_AREA(#11028);
#11028 = FILL_AREA_STYLE('',(#11029));
#11029 = FILL_AREA_STYLE_COLOUR('',#10915);
#11030 = STYLED_ITEM('color',(#11031),#4766);
#11031 = PRESENTATION_STYLE_ASSIGNMENT((#11032));
#11032 = SURFACE_STYLE_USAGE(.BOTH.,#11033);
#11033 = SURFACE_SIDE_STYLE('',(#11034));
#11034 = SURFACE_STYLE_FILL_AREA(#11035);
#11035 = FILL_AREA_STYLE('',(#11036));
#11036 = FILL_AREA_STYLE_COLOUR('',#10915);
#11037 = STYLED_ITEM('color',(#11038),#4796);
#11038 = PRESENTATION_STYLE_ASSIGNMENT((#11039));
#11039 = SURFACE_STYLE_USAGE(.BOTH.,#11040);
#11040 = SURFACE_SIDE_STYLE('',(#11041));
#11041 = SURFACE_STYLE_FILL_AREA(#11042);
#11042 = FILL_AREA_STYLE('',(#11043));
#11043 = FILL_AREA_STYLE_COLOUR('',#10915);
#11044 = STYLED_ITEM('color',(#11045),#4821);
#11045 = PRESENTATION_STYLE_ASSIGNMENT((#11046));
#11046 = SURFACE_STYLE_USAGE(.BOTH.,#11047);
#11047 = SURFACE_SIDE_STYLE('',(#11048));
#11048 = SURFACE_STYLE_FILL_AREA(#11049);
#11049 = FILL_AREA_STYLE('',(#11050));
#11050 = FILL_AREA_STYLE_COLOUR('',#10915);
#11051 = MECHANICAL_DESIGN_GEOMETRIC_PRESENTATION_REPRESENTATION('',(
    #11052,#11060,#11067,#11074,#11081,#11088,#11095,#11102,#11109,
    #11116,#11123,#11130,#11137,#11144,#11151,#11158,#11165,#11172,
    #11179,#11186,#11193,#11200,#11207,#11214,#11221,#11228,#11235,
    #11242,#11249,#11256,#11263,#11270,#11277,#11284,#11291,#11298,
    #11305,#11312,#11319,#11326,#11333,#11340,#11347,#11354,#11361,
    #11368,#11375,#11382,#11389,#11396,#11403,#11410,#11417,#11424,
    #11431,#11438,#11445,#11452,#11459,#11466,#11473,#11480,#11487,
    #11494,#11501,#11508,#11515,#11522,#11529,#11536,#11543,#11550,
    #11557,#11564,#11571,#11578,#11585,#11592,#11599,#11606,#11613,
    #11620,#11627,#11634,#11641,#11648,#11655,#11662,#11669,#11676,
    #11683,#11690,#11697,#11704,#11711,#11718,#11725,#11732,#11739,
    #11746,#11753,#11760,#11767,#11774,#11781,#11788,#11795,#11802,
    #11809,#11816,#11823,#11830,#11837,#11844,#11851,#11858,#11865,
    #11872,#11879,#11886,#11893,#11900,#11907,#11914,#11921,#11928,
    #11935,#11942,#11949,#11956,#11963,#11970,#11977,#11984,#11991,
    #11998,#12005,#12012,#12019,#12026,#12033,#12040,#12047,#12054,
    #12061,#12068,#12075,#12082),#9644);
#11052 = STYLED_ITEM('color',(#11053),#4874);
#11053 = PRESENTATION_STYLE_ASSIGNMENT((#11054));
#11054 = SURFACE_STYLE_USAGE(.BOTH.,#11055);
#11055 = SURFACE_SIDE_STYLE('',(#11056));
#11056 = SURFACE_STYLE_FILL_AREA(#11057);
#11057 = FILL_AREA_STYLE('',(#11058));
#11058 = FILL_AREA_STYLE_COLOUR('',#11059);
#11059 = COLOUR_RGB('',0.147999998088,0.144999993226,0.144999993226);
#11060 = STYLED_ITEM('color',(#11061),#4914);
#11061 = PRESENTATION_STYLE_ASSIGNMENT((#11062));
#11062 = SURFACE_STYLE_USAGE(.BOTH.,#11063);
#11063 = SURFACE_SIDE_STYLE('',(#11064));
#11064 = SURFACE_STYLE_FILL_AREA(#11065);
#11065 = FILL_AREA_STYLE('',(#11066));
#11066 = FILL_AREA_STYLE_COLOUR('',#11059);
#11067 = STYLED_ITEM('color',(#11068),#5007);
#11068 = PRESENTATION_STYLE_ASSIGNMENT((#11069));
#11069 = SURFACE_STYLE_USAGE(.BOTH.,#11070);
#11070 = SURFACE_SIDE_STYLE('',(#11071));
#11071 = SURFACE_STYLE_FILL_AREA(#11072);
#11072 = FILL_AREA_STYLE('',(#11073));
#11073 = FILL_AREA_STYLE_COLOUR('',#11059);
#11074 = STYLED_ITEM('color',(#11075),#5030);
#11075 = PRESENTATION_STYLE_ASSIGNMENT((#11076));
#11076 = SURFACE_STYLE_USAGE(.BOTH.,#11077);
#11077 = SURFACE_SIDE_STYLE('',(#11078));
#11078 = SURFACE_STYLE_FILL_AREA(#11079);
#11079 = FILL_AREA_STYLE('',(#11080));
#11080 = FILL_AREA_STYLE_COLOUR('',#11059);
#11081 = STYLED_ITEM('color',(#11082),#5117);
#11082 = PRESENTATION_STYLE_ASSIGNMENT((#11083));
#11083 = SURFACE_STYLE_USAGE(.BOTH.,#11084);
#11084 = SURFACE_SIDE_STYLE('',(#11085));
#11085 = SURFACE_STYLE_FILL_AREA(#11086);
#11086 = FILL_AREA_STYLE('',(#11087));
#11087 = FILL_AREA_STYLE_COLOUR('',#11059);
#11088 = STYLED_ITEM('color',(#11089),#5134);
#11089 = PRESENTATION_STYLE_ASSIGNMENT((#11090));
#11090 = SURFACE_STYLE_USAGE(.BOTH.,#11091);
#11091 = SURFACE_SIDE_STYLE('',(#11092));
#11092 = SURFACE_STYLE_FILL_AREA(#11093);
#11093 = FILL_AREA_STYLE('',(#11094));
#11094 = FILL_AREA_STYLE_COLOUR('',#11059);
#11095 = STYLED_ITEM('color',(#11096),#5164);
#11096 = PRESENTATION_STYLE_ASSIGNMENT((#11097));
#11097 = SURFACE_STYLE_USAGE(.BOTH.,#11098);
#11098 = SURFACE_SIDE_STYLE('',(#11099));
#11099 = SURFACE_STYLE_FILL_AREA(#11100);
#11100 = FILL_AREA_STYLE('',(#11101));
#11101 = FILL_AREA_STYLE_COLOUR('',#11059);
#11102 = STYLED_ITEM('color',(#11103),#5194);
#11103 = PRESENTATION_STYLE_ASSIGNMENT((#11104));
#11104 = SURFACE_STYLE_USAGE(.BOTH.,#11105);
#11105 = SURFACE_SIDE_STYLE('',(#11106));
#11106 = SURFACE_STYLE_FILL_AREA(#11107);
#11107 = FILL_AREA_STYLE('',(#11108));
#11108 = FILL_AREA_STYLE_COLOUR('',#10915);
#11109 = STYLED_ITEM('color',(#11110),#5225);
#11110 = PRESENTATION_STYLE_ASSIGNMENT((#11111));
#11111 = SURFACE_STYLE_USAGE(.BOTH.,#11112);
#11112 = SURFACE_SIDE_STYLE('',(#11113));
#11113 = SURFACE_STYLE_FILL_AREA(#11114);
#11114 = FILL_AREA_STYLE('',(#11115));
#11115 = FILL_AREA_STYLE_COLOUR('',#10915);
#11116 = STYLED_ITEM('color',(#11117),#5256);
#11117 = PRESENTATION_STYLE_ASSIGNMENT((#11118));
#11118 = SURFACE_STYLE_USAGE(.BOTH.,#11119);
#11119 = SURFACE_SIDE_STYLE('',(#11120));
#11120 = SURFACE_STYLE_FILL_AREA(#11121);
#11121 = FILL_AREA_STYLE('',(#11122));
#11122 = FILL_AREA_STYLE_COLOUR('',#11059);
#11123 = STYLED_ITEM('color',(#11124),#5287);
#11124 = PRESENTATION_STYLE_ASSIGNMENT((#11125));
#11125 = SURFACE_STYLE_USAGE(.BOTH.,#11126);
#11126 = SURFACE_SIDE_STYLE('',(#11127));
#11127 = SURFACE_STYLE_FILL_AREA(#11128);
#11128 = FILL_AREA_STYLE('',(#11129));
#11129 = FILL_AREA_STYLE_COLOUR('',#11059);
#11130 = STYLED_ITEM('color',(#11131),#5318);
#11131 = PRESENTATION_STYLE_ASSIGNMENT((#11132));
#11132 = SURFACE_STYLE_USAGE(.BOTH.,#11133);
#11133 = SURFACE_SIDE_STYLE('',(#11134));
#11134 = SURFACE_STYLE_FILL_AREA(#11135);
#11135 = FILL_AREA_STYLE('',(#11136));
#11136 = FILL_AREA_STYLE_COLOUR('',#10915);
#11137 = STYLED_ITEM('color',(#11138),#5349);
#11138 = PRESENTATION_STYLE_ASSIGNMENT((#11139));
#11139 = SURFACE_STYLE_USAGE(.BOTH.,#11140);
#11140 = SURFACE_SIDE_STYLE('',(#11141));
#11141 = SURFACE_STYLE_FILL_AREA(#11142);
#11142 = FILL_AREA_STYLE('',(#11143));
#11143 = FILL_AREA_STYLE_COLOUR('',#10915);
#11144 = STYLED_ITEM('color',(#11145),#5380);
#11145 = PRESENTATION_STYLE_ASSIGNMENT((#11146));
#11146 = SURFACE_STYLE_USAGE(.BOTH.,#11147);
#11147 = SURFACE_SIDE_STYLE('',(#11148));
#11148 = SURFACE_STYLE_FILL_AREA(#11149);
#11149 = FILL_AREA_STYLE('',(#11150));
#11150 = FILL_AREA_STYLE_COLOUR('',#11059);
#11151 = STYLED_ITEM('color',(#11152),#5411);
#11152 = PRESENTATION_STYLE_ASSIGNMENT((#11153));
#11153 = SURFACE_STYLE_USAGE(.BOTH.,#11154);
#11154 = SURFACE_SIDE_STYLE('',(#11155));
#11155 = SURFACE_STYLE_FILL_AREA(#11156);
#11156 = FILL_AREA_STYLE('',(#11157));
#11157 = FILL_AREA_STYLE_COLOUR('',#11059);
#11158 = STYLED_ITEM('color',(#11159),#5434);
#11159 = PRESENTATION_STYLE_ASSIGNMENT((#11160));
#11160 = SURFACE_STYLE_USAGE(.BOTH.,#11161);
#11161 = SURFACE_SIDE_STYLE('',(#11162));
#11162 = SURFACE_STYLE_FILL_AREA(#11163);
#11163 = FILL_AREA_STYLE('',(#11164));
#11164 = FILL_AREA_STYLE_COLOUR('',#11059);
#11165 = STYLED_ITEM('color',(#11166),#5458);
#11166 = PRESENTATION_STYLE_ASSIGNMENT((#11167));
#11167 = SURFACE_STYLE_USAGE(.BOTH.,#11168);
#11168 = SURFACE_SIDE_STYLE('',(#11169));
#11169 = SURFACE_STYLE_FILL_AREA(#11170);
#11170 = FILL_AREA_STYLE('',(#11171));
#11171 = FILL_AREA_STYLE_COLOUR('',#11059);
#11172 = STYLED_ITEM('color',(#11173),#5488);
#11173 = PRESENTATION_STYLE_ASSIGNMENT((#11174));
#11174 = SURFACE_STYLE_USAGE(.BOTH.,#11175);
#11175 = SURFACE_SIDE_STYLE('',(#11176));
#11176 = SURFACE_STYLE_FILL_AREA(#11177);
#11177 = FILL_AREA_STYLE('',(#11178));
#11178 = FILL_AREA_STYLE_COLOUR('',#10915);
#11179 = STYLED_ITEM('color',(#11180),#5519);
#11180 = PRESENTATION_STYLE_ASSIGNMENT((#11181));
#11181 = SURFACE_STYLE_USAGE(.BOTH.,#11182);
#11182 = SURFACE_SIDE_STYLE('',(#11183));
#11183 = SURFACE_STYLE_FILL_AREA(#11184);
#11184 = FILL_AREA_STYLE('',(#11185));
#11185 = FILL_AREA_STYLE_COLOUR('',#10915);
#11186 = STYLED_ITEM('color',(#11187),#5550);
#11187 = PRESENTATION_STYLE_ASSIGNMENT((#11188));
#11188 = SURFACE_STYLE_USAGE(.BOTH.,#11189);
#11189 = SURFACE_SIDE_STYLE('',(#11190));
#11190 = SURFACE_STYLE_FILL_AREA(#11191);
#11191 = FILL_AREA_STYLE('',(#11192));
#11192 = FILL_AREA_STYLE_COLOUR('',#11059);
#11193 = STYLED_ITEM('color',(#11194),#5581);
#11194 = PRESENTATION_STYLE_ASSIGNMENT((#11195));
#11195 = SURFACE_STYLE_USAGE(.BOTH.,#11196);
#11196 = SURFACE_SIDE_STYLE('',(#11197));
#11197 = SURFACE_STYLE_FILL_AREA(#11198);
#11198 = FILL_AREA_STYLE('',(#11199));
#11199 = FILL_AREA_STYLE_COLOUR('',#11059);
#11200 = STYLED_ITEM('color',(#11201),#5612);
#11201 = PRESENTATION_STYLE_ASSIGNMENT((#11202));
#11202 = SURFACE_STYLE_USAGE(.BOTH.,#11203);
#11203 = SURFACE_SIDE_STYLE('',(#11204));
#11204 = SURFACE_STYLE_FILL_AREA(#11205);
#11205 = FILL_AREA_STYLE('',(#11206));
#11206 = FILL_AREA_STYLE_COLOUR('',#10915);
#11207 = STYLED_ITEM('color',(#11208),#5643);
#11208 = PRESENTATION_STYLE_ASSIGNMENT((#11209));
#11209 = SURFACE_STYLE_USAGE(.BOTH.,#11210);
#11210 = SURFACE_SIDE_STYLE('',(#11211));
#11211 = SURFACE_STYLE_FILL_AREA(#11212);
#11212 = FILL_AREA_STYLE('',(#11213));
#11213 = FILL_AREA_STYLE_COLOUR('',#10915);
#11214 = STYLED_ITEM('color',(#11215),#5674);
#11215 = PRESENTATION_STYLE_ASSIGNMENT((#11216));
#11216 = SURFACE_STYLE_USAGE(.BOTH.,#11217);
#11217 = SURFACE_SIDE_STYLE('',(#11218));
#11218 = SURFACE_STYLE_FILL_AREA(#11219);
#11219 = FILL_AREA_STYLE('',(#11220));
#11220 = FILL_AREA_STYLE_COLOUR('',#11059);
#11221 = STYLED_ITEM('color',(#11222),#5705);
#11222 = PRESENTATION_STYLE_ASSIGNMENT((#11223));
#11223 = SURFACE_STYLE_USAGE(.BOTH.,#11224);
#11224 = SURFACE_SIDE_STYLE('',(#11225));
#11225 = SURFACE_STYLE_FILL_AREA(#11226);
#11226 = FILL_AREA_STYLE('',(#11227));
#11227 = FILL_AREA_STYLE_COLOUR('',#11059);
#11228 = STYLED_ITEM('color',(#11229),#5722);
#11229 = PRESENTATION_STYLE_ASSIGNMENT((#11230));
#11230 = SURFACE_STYLE_USAGE(.BOTH.,#11231);
#11231 = SURFACE_SIDE_STYLE('',(#11232));
#11232 = SURFACE_STYLE_FILL_AREA(#11233);
#11233 = FILL_AREA_STYLE('',(#11234));
#11234 = FILL_AREA_STYLE_COLOUR('',#11059);
#11235 = STYLED_ITEM('color',(#11236),#5752);
#11236 = PRESENTATION_STYLE_ASSIGNMENT((#11237));
#11237 = SURFACE_STYLE_USAGE(.BOTH.,#11238);
#11238 = SURFACE_SIDE_STYLE('',(#11239));
#11239 = SURFACE_STYLE_FILL_AREA(#11240);
#11240 = FILL_AREA_STYLE('',(#11241));
#11241 = FILL_AREA_STYLE_COLOUR('',#10915);
#11242 = STYLED_ITEM('color',(#11243),#5810);
#11243 = PRESENTATION_STYLE_ASSIGNMENT((#11244));
#11244 = SURFACE_STYLE_USAGE(.BOTH.,#11245);
#11245 = SURFACE_SIDE_STYLE('',(#11246));
#11246 = SURFACE_STYLE_FILL_AREA(#11247);
#11247 = FILL_AREA_STYLE('',(#11248));
#11248 = FILL_AREA_STYLE_COLOUR('',#10915);
#11249 = STYLED_ITEM('color',(#11250),#5868);
#11250 = PRESENTATION_STYLE_ASSIGNMENT((#11251));
#11251 = SURFACE_STYLE_USAGE(.BOTH.,#11252);
#11252 = SURFACE_SIDE_STYLE('',(#11253));
#11253 = SURFACE_STYLE_FILL_AREA(#11254);
#11254 = FILL_AREA_STYLE('',(#11255));
#11255 = FILL_AREA_STYLE_COLOUR('',#11059);
#11256 = STYLED_ITEM('color',(#11257),#5898);
#11257 = PRESENTATION_STYLE_ASSIGNMENT((#11258));
#11258 = SURFACE_STYLE_USAGE(.BOTH.,#11259);
#11259 = SURFACE_SIDE_STYLE('',(#11260));
#11260 = SURFACE_STYLE_FILL_AREA(#11261);
#11261 = FILL_AREA_STYLE('',(#11262));
#11262 = FILL_AREA_STYLE_COLOUR('',#10915);
#11263 = STYLED_ITEM('color',(#11264),#5956);
#11264 = PRESENTATION_STYLE_ASSIGNMENT((#11265));
#11265 = SURFACE_STYLE_USAGE(.BOTH.,#11266);
#11266 = SURFACE_SIDE_STYLE('',(#11267));
#11267 = SURFACE_STYLE_FILL_AREA(#11268);
#11268 = FILL_AREA_STYLE('',(#11269));
#11269 = FILL_AREA_STYLE_COLOUR('',#10915);
#11270 = STYLED_ITEM('color',(#11271),#5973);
#11271 = PRESENTATION_STYLE_ASSIGNMENT((#11272));
#11272 = SURFACE_STYLE_USAGE(.BOTH.,#11273);
#11273 = SURFACE_SIDE_STYLE('',(#11274));
#11274 = SURFACE_STYLE_FILL_AREA(#11275);
#11275 = FILL_AREA_STYLE('',(#11276));
#11276 = FILL_AREA_STYLE_COLOUR('',#10915);
#11277 = STYLED_ITEM('color',(#11278),#5998);
#11278 = PRESENTATION_STYLE_ASSIGNMENT((#11279));
#11279 = SURFACE_STYLE_USAGE(.BOTH.,#11280);
#11280 = SURFACE_SIDE_STYLE('',(#11281));
#11281 = SURFACE_STYLE_FILL_AREA(#11282);
#11282 = FILL_AREA_STYLE('',(#11283));
#11283 = FILL_AREA_STYLE_COLOUR('',#10915);
#11284 = STYLED_ITEM('color',(#11285),#6048);
#11285 = PRESENTATION_STYLE_ASSIGNMENT((#11286));
#11286 = SURFACE_STYLE_USAGE(.BOTH.,#11287);
#11287 = SURFACE_SIDE_STYLE('',(#11288));
#11288 = SURFACE_STYLE_FILL_AREA(#11289);
#11289 = FILL_AREA_STYLE('',(#11290));
#11290 = FILL_AREA_STYLE_COLOUR('',#11059);
#11291 = STYLED_ITEM('color',(#11292),#6079);
#11292 = PRESENTATION_STYLE_ASSIGNMENT((#11293));
#11293 = SURFACE_STYLE_USAGE(.BOTH.,#11294);
#11294 = SURFACE_SIDE_STYLE('',(#11295));
#11295 = SURFACE_STYLE_FILL_AREA(#11296);
#11296 = FILL_AREA_STYLE('',(#11297));
#11297 = FILL_AREA_STYLE_COLOUR('',#10915);
#11298 = STYLED_ITEM('color',(#11299),#6137);
#11299 = PRESENTATION_STYLE_ASSIGNMENT((#11300));
#11300 = SURFACE_STYLE_USAGE(.BOTH.,#11301);
#11301 = SURFACE_SIDE_STYLE('',(#11302));
#11302 = SURFACE_STYLE_FILL_AREA(#11303);
#11303 = FILL_AREA_STYLE('',(#11304));
#11304 = FILL_AREA_STYLE_COLOUR('',#10915);
#11305 = STYLED_ITEM('color',(#11306),#6195);
#11306 = PRESENTATION_STYLE_ASSIGNMENT((#11307));
#11307 = SURFACE_STYLE_USAGE(.BOTH.,#11308);
#11308 = SURFACE_SIDE_STYLE('',(#11309));
#11309 = SURFACE_STYLE_FILL_AREA(#11310);
#11310 = FILL_AREA_STYLE('',(#11311));
#11311 = FILL_AREA_STYLE_COLOUR('',#11059);
#11312 = STYLED_ITEM('color',(#11313),#6226);
#11313 = PRESENTATION_STYLE_ASSIGNMENT((#11314));
#11314 = SURFACE_STYLE_USAGE(.BOTH.,#11315);
#11315 = SURFACE_SIDE_STYLE('',(#11316));
#11316 = SURFACE_STYLE_FILL_AREA(#11317);
#11317 = FILL_AREA_STYLE('',(#11318));
#11318 = FILL_AREA_STYLE_COLOUR('',#10915);
#11319 = STYLED_ITEM('color',(#11320),#6284);
#11320 = PRESENTATION_STYLE_ASSIGNMENT((#11321));
#11321 = SURFACE_STYLE_USAGE(.BOTH.,#11322);
#11322 = SURFACE_SIDE_STYLE('',(#11323));
#11323 = SURFACE_STYLE_FILL_AREA(#11324);
#11324 = FILL_AREA_STYLE('',(#11325));
#11325 = FILL_AREA_STYLE_COLOUR('',#10915);
#11326 = STYLED_ITEM('color',(#11327),#6301);
#11327 = PRESENTATION_STYLE_ASSIGNMENT((#11328));
#11328 = SURFACE_STYLE_USAGE(.BOTH.,#11329);
#11329 = SURFACE_SIDE_STYLE('',(#11330));
#11330 = SURFACE_STYLE_FILL_AREA(#11331);
#11331 = FILL_AREA_STYLE('',(#11332));
#11332 = FILL_AREA_STYLE_COLOUR('',#10915);
#11333 = STYLED_ITEM('color',(#11334),#6326);
#11334 = PRESENTATION_STYLE_ASSIGNMENT((#11335));
#11335 = SURFACE_STYLE_USAGE(.BOTH.,#11336);
#11336 = SURFACE_SIDE_STYLE('',(#11337));
#11337 = SURFACE_STYLE_FILL_AREA(#11338);
#11338 = FILL_AREA_STYLE('',(#11339));
#11339 = FILL_AREA_STYLE_COLOUR('',#10915);
#11340 = STYLED_ITEM('color',(#11341),#6376);
#11341 = PRESENTATION_STYLE_ASSIGNMENT((#11342));
#11342 = SURFACE_STYLE_USAGE(.BOTH.,#11343);
#11343 = SURFACE_SIDE_STYLE('',(#11344));
#11344 = SURFACE_STYLE_FILL_AREA(#11345);
#11345 = FILL_AREA_STYLE('',(#11346));
#11346 = FILL_AREA_STYLE_COLOUR('',#11059);
#11347 = STYLED_ITEM('color',(#11348),#6407);
#11348 = PRESENTATION_STYLE_ASSIGNMENT((#11349));
#11349 = SURFACE_STYLE_USAGE(.BOTH.,#11350);
#11350 = SURFACE_SIDE_STYLE('',(#11351));
#11351 = SURFACE_STYLE_FILL_AREA(#11352);
#11352 = FILL_AREA_STYLE('',(#11353));
#11353 = FILL_AREA_STYLE_COLOUR('',#11059);
#11354 = STYLED_ITEM('color',(#11355),#6430);
#11355 = PRESENTATION_STYLE_ASSIGNMENT((#11356));
#11356 = SURFACE_STYLE_USAGE(.BOTH.,#11357);
#11357 = SURFACE_SIDE_STYLE('',(#11358));
#11358 = SURFACE_STYLE_FILL_AREA(#11359);
#11359 = FILL_AREA_STYLE('',(#11360));
#11360 = FILL_AREA_STYLE_COLOUR('',#11059);
#11361 = STYLED_ITEM('color',(#11362),#6454);
#11362 = PRESENTATION_STYLE_ASSIGNMENT((#11363));
#11363 = SURFACE_STYLE_USAGE(.BOTH.,#11364);
#11364 = SURFACE_SIDE_STYLE('',(#11365));
#11365 = SURFACE_STYLE_FILL_AREA(#11366);
#11366 = FILL_AREA_STYLE('',(#11367));
#11367 = FILL_AREA_STYLE_COLOUR('',#10915);
#11368 = STYLED_ITEM('color',(#11369),#6512);
#11369 = PRESENTATION_STYLE_ASSIGNMENT((#11370));
#11370 = SURFACE_STYLE_USAGE(.BOTH.,#11371);
#11371 = SURFACE_SIDE_STYLE('',(#11372));
#11372 = SURFACE_STYLE_FILL_AREA(#11373);
#11373 = FILL_AREA_STYLE('',(#11374));
#11374 = FILL_AREA_STYLE_COLOUR('',#10915);
#11375 = STYLED_ITEM('color',(#11376),#6570);
#11376 = PRESENTATION_STYLE_ASSIGNMENT((#11377));
#11377 = SURFACE_STYLE_USAGE(.BOTH.,#11378);
#11378 = SURFACE_SIDE_STYLE('',(#11379));
#11379 = SURFACE_STYLE_FILL_AREA(#11380);
#11380 = FILL_AREA_STYLE('',(#11381));
#11381 = FILL_AREA_STYLE_COLOUR('',#11059);
#11382 = STYLED_ITEM('color',(#11383),#6600);
#11383 = PRESENTATION_STYLE_ASSIGNMENT((#11384));
#11384 = SURFACE_STYLE_USAGE(.BOTH.,#11385);
#11385 = SURFACE_SIDE_STYLE('',(#11386));
#11386 = SURFACE_STYLE_FILL_AREA(#11387);
#11387 = FILL_AREA_STYLE('',(#11388));
#11388 = FILL_AREA_STYLE_COLOUR('',#10915);
#11389 = STYLED_ITEM('color',(#11390),#6658);
#11390 = PRESENTATION_STYLE_ASSIGNMENT((#11391));
#11391 = SURFACE_STYLE_USAGE(.BOTH.,#11392);
#11392 = SURFACE_SIDE_STYLE('',(#11393));
#11393 = SURFACE_STYLE_FILL_AREA(#11394);
#11394 = FILL_AREA_STYLE('',(#11395));
#11395 = FILL_AREA_STYLE_COLOUR('',#10915);
#11396 = STYLED_ITEM('color',(#11397),#6675);
#11397 = PRESENTATION_STYLE_ASSIGNMENT((#11398));
#11398 = SURFACE_STYLE_USAGE(.BOTH.,#11399);
#11399 = SURFACE_SIDE_STYLE('',(#11400));
#11400 = SURFACE_STYLE_FILL_AREA(#11401);
#11401 = FILL_AREA_STYLE('',(#11402));
#11402 = FILL_AREA_STYLE_COLOUR('',#10915);
#11403 = STYLED_ITEM('color',(#11404),#6733);
#11404 = PRESENTATION_STYLE_ASSIGNMENT((#11405));
#11405 = SURFACE_STYLE_USAGE(.BOTH.,#11406);
#11406 = SURFACE_SIDE_STYLE('',(#11407));
#11407 = SURFACE_STYLE_FILL_AREA(#11408);
#11408 = FILL_AREA_STYLE('',(#11409));
#11409 = FILL_AREA_STYLE_COLOUR('',#10915);
#11410 = STYLED_ITEM('color',(#11411),#6750);
#11411 = PRESENTATION_STYLE_ASSIGNMENT((#11412));
#11412 = SURFACE_STYLE_USAGE(.BOTH.,#11413);
#11413 = SURFACE_SIDE_STYLE('',(#11414));
#11414 = SURFACE_STYLE_FILL_AREA(#11415);
#11415 = FILL_AREA_STYLE('',(#11416));
#11416 = FILL_AREA_STYLE_COLOUR('',#11059);
#11417 = STYLED_ITEM('color',(#11418),#6781);
#11418 = PRESENTATION_STYLE_ASSIGNMENT((#11419));
#11419 = SURFACE_STYLE_USAGE(.BOTH.,#11420);
#11420 = SURFACE_SIDE_STYLE('',(#11421));
#11421 = SURFACE_STYLE_FILL_AREA(#11422);
#11422 = FILL_AREA_STYLE('',(#11423));
#11423 = FILL_AREA_STYLE_COLOUR('',#10915);
#11424 = STYLED_ITEM('color',(#11425),#6839);
#11425 = PRESENTATION_STYLE_ASSIGNMENT((#11426));
#11426 = SURFACE_STYLE_USAGE(.BOTH.,#11427);
#11427 = SURFACE_SIDE_STYLE('',(#11428));
#11428 = SURFACE_STYLE_FILL_AREA(#11429);
#11429 = FILL_AREA_STYLE('',(#11430));
#11430 = FILL_AREA_STYLE_COLOUR('',#10915);
#11431 = STYLED_ITEM('color',(#11432),#6897);
#11432 = PRESENTATION_STYLE_ASSIGNMENT((#11433));
#11433 = SURFACE_STYLE_USAGE(.BOTH.,#11434);
#11434 = SURFACE_SIDE_STYLE('',(#11435));
#11435 = SURFACE_STYLE_FILL_AREA(#11436);
#11436 = FILL_AREA_STYLE('',(#11437));
#11437 = FILL_AREA_STYLE_COLOUR('',#11059);
#11438 = STYLED_ITEM('color',(#11439),#6928);
#11439 = PRESENTATION_STYLE_ASSIGNMENT((#11440));
#11440 = SURFACE_STYLE_USAGE(.BOTH.,#11441);
#11441 = SURFACE_SIDE_STYLE('',(#11442));
#11442 = SURFACE_STYLE_FILL_AREA(#11443);
#11443 = FILL_AREA_STYLE('',(#11444));
#11444 = FILL_AREA_STYLE_COLOUR('',#10915);
#11445 = STYLED_ITEM('color',(#11446),#6986);
#11446 = PRESENTATION_STYLE_ASSIGNMENT((#11447));
#11447 = SURFACE_STYLE_USAGE(.BOTH.,#11448);
#11448 = SURFACE_SIDE_STYLE('',(#11449));
#11449 = SURFACE_STYLE_FILL_AREA(#11450);
#11450 = FILL_AREA_STYLE('',(#11451));
#11451 = FILL_AREA_STYLE_COLOUR('',#10915);
#11452 = STYLED_ITEM('color',(#11453),#7003);
#11453 = PRESENTATION_STYLE_ASSIGNMENT((#11454));
#11454 = SURFACE_STYLE_USAGE(.BOTH.,#11455);
#11455 = SURFACE_SIDE_STYLE('',(#11456));
#11456 = SURFACE_STYLE_FILL_AREA(#11457);
#11457 = FILL_AREA_STYLE('',(#11458));
#11458 = FILL_AREA_STYLE_COLOUR('',#10915);
#11459 = STYLED_ITEM('color',(#11460),#7061);
#11460 = PRESENTATION_STYLE_ASSIGNMENT((#11461));
#11461 = SURFACE_STYLE_USAGE(.BOTH.,#11462);
#11462 = SURFACE_SIDE_STYLE('',(#11463));
#11463 = SURFACE_STYLE_FILL_AREA(#11464);
#11464 = FILL_AREA_STYLE('',(#11465));
#11465 = FILL_AREA_STYLE_COLOUR('',#10915);
#11466 = STYLED_ITEM('color',(#11467),#7078);
#11467 = PRESENTATION_STYLE_ASSIGNMENT((#11468));
#11468 = SURFACE_STYLE_USAGE(.BOTH.,#11469);
#11469 = SURFACE_SIDE_STYLE('',(#11470));
#11470 = SURFACE_STYLE_FILL_AREA(#11471);
#11471 = FILL_AREA_STYLE('',(#11472));
#11472 = FILL_AREA_STYLE_COLOUR('',#11059);
#11473 = STYLED_ITEM('color',(#11474),#7109);
#11474 = PRESENTATION_STYLE_ASSIGNMENT((#11475));
#11475 = SURFACE_STYLE_USAGE(.BOTH.,#11476);
#11476 = SURFACE_SIDE_STYLE('',(#11477));
#11477 = SURFACE_STYLE_FILL_AREA(#11478);
#11478 = FILL_AREA_STYLE('',(#11479));
#11479 = FILL_AREA_STYLE_COLOUR('',#11059);
#11480 = STYLED_ITEM('color',(#11481),#7126);
#11481 = PRESENTATION_STYLE_ASSIGNMENT((#11482));
#11482 = SURFACE_STYLE_USAGE(.BOTH.,#11483);
#11483 = SURFACE_SIDE_STYLE('',(#11484));
#11484 = SURFACE_STYLE_FILL_AREA(#11485);
#11485 = FILL_AREA_STYLE('',(#11486));
#11486 = FILL_AREA_STYLE_COLOUR('',#11059);
#11487 = STYLED_ITEM('color',(#11488),#7183);
#11488 = PRESENTATION_STYLE_ASSIGNMENT((#11489));
#11489 = SURFACE_STYLE_USAGE(.BOTH.,#11490);
#11490 = SURFACE_SIDE_STYLE('',(#11491));
#11491 = SURFACE_STYLE_FILL_AREA(#11492);
#11492 = FILL_AREA_STYLE('',(#11493));
#11493 = FILL_AREA_STYLE_COLOUR('',#10915);
#11494 = STYLED_ITEM('color',(#11495),#7202);
#11495 = PRESENTATION_STYLE_ASSIGNMENT((#11496));
#11496 = SURFACE_STYLE_USAGE(.BOTH.,#11497);
#11497 = SURFACE_SIDE_STYLE('',(#11498));
#11498 = SURFACE_STYLE_FILL_AREA(#11499);
#11499 = FILL_AREA_STYLE('',(#11500));
#11500 = FILL_AREA_STYLE_COLOUR('',#10915);
#11501 = STYLED_ITEM('color',(#11502),#7251);
#11502 = PRESENTATION_STYLE_ASSIGNMENT((#11503));
#11503 = SURFACE_STYLE_USAGE(.BOTH.,#11504);
#11504 = SURFACE_SIDE_STYLE('',(#11505));
#11505 = SURFACE_STYLE_FILL_AREA(#11506);
#11506 = FILL_AREA_STYLE('',(#11507));
#11507 = FILL_AREA_STYLE_COLOUR('',#10915);
#11508 = STYLED_ITEM('color',(#11509),#7275);
#11509 = PRESENTATION_STYLE_ASSIGNMENT((#11510));
#11510 = SURFACE_STYLE_USAGE(.BOTH.,#11511);
#11511 = SURFACE_SIDE_STYLE('',(#11512));
#11512 = SURFACE_STYLE_FILL_AREA(#11513);
#11513 = FILL_AREA_STYLE('',(#11514));
#11514 = FILL_AREA_STYLE_COLOUR('',#10915);
#11515 = STYLED_ITEM('color',(#11516),#7322);
#11516 = PRESENTATION_STYLE_ASSIGNMENT((#11517));
#11517 = SURFACE_STYLE_USAGE(.BOTH.,#11518);
#11518 = SURFACE_SIDE_STYLE('',(#11519));
#11519 = SURFACE_STYLE_FILL_AREA(#11520);
#11520 = FILL_AREA_STYLE('',(#11521));
#11521 = FILL_AREA_STYLE_COLOUR('',#10915);
#11522 = STYLED_ITEM('color',(#11523),#7334);
#11523 = PRESENTATION_STYLE_ASSIGNMENT((#11524));
#11524 = SURFACE_STYLE_USAGE(.BOTH.,#11525);
#11525 = SURFACE_SIDE_STYLE('',(#11526));
#11526 = SURFACE_STYLE_FILL_AREA(#11527);
#11527 = FILL_AREA_STYLE('',(#11528));
#11528 = FILL_AREA_STYLE_COLOUR('',#10915);
#11529 = STYLED_ITEM('color',(#11530),#7353);
#11530 = PRESENTATION_STYLE_ASSIGNMENT((#11531));
#11531 = SURFACE_STYLE_USAGE(.BOTH.,#11532);
#11532 = SURFACE_SIDE_STYLE('',(#11533));
#11533 = SURFACE_STYLE_FILL_AREA(#11534);
#11534 = FILL_AREA_STYLE('',(#11535));
#11535 = FILL_AREA_STYLE_COLOUR('',#10915);
#11536 = STYLED_ITEM('color',(#11537),#7370);
#11537 = PRESENTATION_STYLE_ASSIGNMENT((#11538));
#11538 = SURFACE_STYLE_USAGE(.BOTH.,#11539);
#11539 = SURFACE_SIDE_STYLE('',(#11540));
#11540 = SURFACE_STYLE_FILL_AREA(#11541);
#11541 = FILL_AREA_STYLE('',(#11542));
#11542 = FILL_AREA_STYLE_COLOUR('',#10915);
#11543 = STYLED_ITEM('color',(#11544),#7419);
#11544 = PRESENTATION_STYLE_ASSIGNMENT((#11545));
#11545 = SURFACE_STYLE_USAGE(.BOTH.,#11546);
#11546 = SURFACE_SIDE_STYLE('',(#11547));
#11547 = SURFACE_STYLE_FILL_AREA(#11548);
#11548 = FILL_AREA_STYLE('',(#11549));
#11549 = FILL_AREA_STYLE_COLOUR('',#10915);
#11550 = STYLED_ITEM('color',(#11551),#7443);
#11551 = PRESENTATION_STYLE_ASSIGNMENT((#11552));
#11552 = SURFACE_STYLE_USAGE(.BOTH.,#11553);
#11553 = SURFACE_SIDE_STYLE('',(#11554));
#11554 = SURFACE_STYLE_FILL_AREA(#11555);
#11555 = FILL_AREA_STYLE('',(#11556));
#11556 = FILL_AREA_STYLE_COLOUR('',#10915);
#11557 = STYLED_ITEM('color',(#11558),#7485);
#11558 = PRESENTATION_STYLE_ASSIGNMENT((#11559));
#11559 = SURFACE_STYLE_USAGE(.BOTH.,#11560);
#11560 = SURFACE_SIDE_STYLE('',(#11561));
#11561 = SURFACE_STYLE_FILL_AREA(#11562);
#11562 = FILL_AREA_STYLE('',(#11563));
#11563 = FILL_AREA_STYLE_COLOUR('',#10915);
#11564 = STYLED_ITEM('color',(#11565),#7502);
#11565 = PRESENTATION_STYLE_ASSIGNMENT((#11566));
#11566 = SURFACE_STYLE_USAGE(.BOTH.,#11567);
#11567 = SURFACE_SIDE_STYLE('',(#11568));
#11568 = SURFACE_STYLE_FILL_AREA(#11569);
#11569 = FILL_AREA_STYLE('',(#11570));
#11570 = FILL_AREA_STYLE_COLOUR('',#10915);
#11571 = STYLED_ITEM('color',(#11572),#7519);
#11572 = PRESENTATION_STYLE_ASSIGNMENT((#11573));
#11573 = SURFACE_STYLE_USAGE(.BOTH.,#11574);
#11574 = SURFACE_SIDE_STYLE('',(#11575));
#11575 = SURFACE_STYLE_FILL_AREA(#11576);
#11576 = FILL_AREA_STYLE('',(#11577));
#11577 = FILL_AREA_STYLE_COLOUR('',#10915);
#11578 = STYLED_ITEM('color',(#11579),#7538);
#11579 = PRESENTATION_STYLE_ASSIGNMENT((#11580));
#11580 = SURFACE_STYLE_USAGE(.BOTH.,#11581);
#11581 = SURFACE_SIDE_STYLE('',(#11582));
#11582 = SURFACE_STYLE_FILL_AREA(#11583);
#11583 = FILL_AREA_STYLE('',(#11584));
#11584 = FILL_AREA_STYLE_COLOUR('',#10915);
#11585 = STYLED_ITEM('color',(#11586),#7603);
#11586 = PRESENTATION_STYLE_ASSIGNMENT((#11587));
#11587 = SURFACE_STYLE_USAGE(.BOTH.,#11588);
#11588 = SURFACE_SIDE_STYLE('',(#11589));
#11589 = SURFACE_STYLE_FILL_AREA(#11590);
#11590 = FILL_AREA_STYLE('',(#11591));
#11591 = FILL_AREA_STYLE_COLOUR('',#10915);
#11592 = STYLED_ITEM('color',(#11593),#7627);
#11593 = PRESENTATION_STYLE_ASSIGNMENT((#11594));
#11594 = SURFACE_STYLE_USAGE(.BOTH.,#11595);
#11595 = SURFACE_SIDE_STYLE('',(#11596));
#11596 = SURFACE_STYLE_FILL_AREA(#11597);
#11597 = FILL_AREA_STYLE('',(#11598));
#11598 = FILL_AREA_STYLE_COLOUR('',#10915);
#11599 = STYLED_ITEM('color',(#11600),#7690);
#11600 = PRESENTATION_STYLE_ASSIGNMENT((#11601));
#11601 = SURFACE_STYLE_USAGE(.BOTH.,#11602);
#11602 = SURFACE_SIDE_STYLE('',(#11603));
#11603 = SURFACE_STYLE_FILL_AREA(#11604);
#11604 = FILL_AREA_STYLE('',(#11605));
#11605 = FILL_AREA_STYLE_COLOUR('',#10915);
#11606 = STYLED_ITEM('color',(#11607),#7702);
#11607 = PRESENTATION_STYLE_ASSIGNMENT((#11608));
#11608 = SURFACE_STYLE_USAGE(.BOTH.,#11609);
#11609 = SURFACE_SIDE_STYLE('',(#11610));
#11610 = SURFACE_STYLE_FILL_AREA(#11611);
#11611 = FILL_AREA_STYLE('',(#11612));
#11612 = FILL_AREA_STYLE_COLOUR('',#10915);
#11613 = STYLED_ITEM('color',(#11614),#7767);
#11614 = PRESENTATION_STYLE_ASSIGNMENT((#11615));
#11615 = SURFACE_STYLE_USAGE(.BOTH.,#11616);
#11616 = SURFACE_SIDE_STYLE('',(#11617));
#11617 = SURFACE_STYLE_FILL_AREA(#11618);
#11618 = FILL_AREA_STYLE('',(#11619));
#11619 = FILL_AREA_STYLE_COLOUR('',#10915);
#11620 = STYLED_ITEM('color',(#11621),#7791);
#11621 = PRESENTATION_STYLE_ASSIGNMENT((#11622));
#11622 = SURFACE_STYLE_USAGE(.BOTH.,#11623);
#11623 = SURFACE_SIDE_STYLE('',(#11624));
#11624 = SURFACE_STYLE_FILL_AREA(#11625);
#11625 = FILL_AREA_STYLE('',(#11626));
#11626 = FILL_AREA_STYLE_COLOUR('',#10915);
#11627 = STYLED_ITEM('color',(#11628),#7854);
#11628 = PRESENTATION_STYLE_ASSIGNMENT((#11629));
#11629 = SURFACE_STYLE_USAGE(.BOTH.,#11630);
#11630 = SURFACE_SIDE_STYLE('',(#11631));
#11631 = SURFACE_STYLE_FILL_AREA(#11632);
#11632 = FILL_AREA_STYLE('',(#11633));
#11633 = FILL_AREA_STYLE_COLOUR('',#10915);
#11634 = STYLED_ITEM('color',(#11635),#7871);
#11635 = PRESENTATION_STYLE_ASSIGNMENT((#11636));
#11636 = SURFACE_STYLE_USAGE(.BOTH.,#11637);
#11637 = SURFACE_SIDE_STYLE('',(#11638));
#11638 = SURFACE_STYLE_FILL_AREA(#11639);
#11639 = FILL_AREA_STYLE('',(#11640));
#11640 = FILL_AREA_STYLE_COLOUR('',#10915);
#11641 = STYLED_ITEM('color',(#11642),#7885);
#11642 = PRESENTATION_STYLE_ASSIGNMENT((#11643));
#11643 = SURFACE_STYLE_USAGE(.BOTH.,#11644);
#11644 = SURFACE_SIDE_STYLE('',(#11645));
#11645 = SURFACE_STYLE_FILL_AREA(#11646);
#11646 = FILL_AREA_STYLE('',(#11647));
#11647 = FILL_AREA_STYLE_COLOUR('',#10915);
#11648 = STYLED_ITEM('color',(#11649),#7902);
#11649 = PRESENTATION_STYLE_ASSIGNMENT((#11650));
#11650 = SURFACE_STYLE_USAGE(.BOTH.,#11651);
#11651 = SURFACE_SIDE_STYLE('',(#11652));
#11652 = SURFACE_STYLE_FILL_AREA(#11653);
#11653 = FILL_AREA_STYLE('',(#11654));
#11654 = FILL_AREA_STYLE_COLOUR('',#10915);
#11655 = STYLED_ITEM('color',(#11656),#7919);
#11656 = PRESENTATION_STYLE_ASSIGNMENT((#11657));
#11657 = SURFACE_STYLE_USAGE(.BOTH.,#11658);
#11658 = SURFACE_SIDE_STYLE('',(#11659));
#11659 = SURFACE_STYLE_FILL_AREA(#11660);
#11660 = FILL_AREA_STYLE('',(#11661));
#11661 = FILL_AREA_STYLE_COLOUR('',#11059);
#11662 = STYLED_ITEM('color',(#11663),#8268);
#11663 = PRESENTATION_STYLE_ASSIGNMENT((#11664));
#11664 = SURFACE_STYLE_USAGE(.BOTH.,#11665);
#11665 = SURFACE_SIDE_STYLE('',(#11666));
#11666 = SURFACE_STYLE_FILL_AREA(#11667);
#11667 = FILL_AREA_STYLE('',(#11668));
#11668 = FILL_AREA_STYLE_COLOUR('',#11059);
#11669 = STYLED_ITEM('color',(#11670),#8319);
#11670 = PRESENTATION_STYLE_ASSIGNMENT((#11671));
#11671 = SURFACE_STYLE_USAGE(.BOTH.,#11672);
#11672 = SURFACE_SIDE_STYLE('',(#11673));
#11673 = SURFACE_STYLE_FILL_AREA(#11674);
#11674 = FILL_AREA_STYLE('',(#11675));
#11675 = FILL_AREA_STYLE_COLOUR('',#10915);
#11676 = STYLED_ITEM('color',(#11677),#8338);
#11677 = PRESENTATION_STYLE_ASSIGNMENT((#11678));
#11678 = SURFACE_STYLE_USAGE(.BOTH.,#11679);
#11679 = SURFACE_SIDE_STYLE('',(#11680));
#11680 = SURFACE_STYLE_FILL_AREA(#11681);
#11681 = FILL_AREA_STYLE('',(#11682));
#11682 = FILL_AREA_STYLE_COLOUR('',#10915);
#11683 = STYLED_ITEM('color',(#11684),#8387);
#11684 = PRESENTATION_STYLE_ASSIGNMENT((#11685));
#11685 = SURFACE_STYLE_USAGE(.BOTH.,#11686);
#11686 = SURFACE_SIDE_STYLE('',(#11687));
#11687 = SURFACE_STYLE_FILL_AREA(#11688);
#11688 = FILL_AREA_STYLE('',(#11689));
#11689 = FILL_AREA_STYLE_COLOUR('',#10915);
#11690 = STYLED_ITEM('color',(#11691),#8411);
#11691 = PRESENTATION_STYLE_ASSIGNMENT((#11692));
#11692 = SURFACE_STYLE_USAGE(.BOTH.,#11693);
#11693 = SURFACE_SIDE_STYLE('',(#11694));
#11694 = SURFACE_STYLE_FILL_AREA(#11695);
#11695 = FILL_AREA_STYLE('',(#11696));
#11696 = FILL_AREA_STYLE_COLOUR('',#10915);
#11697 = STYLED_ITEM('color',(#11698),#8458);
#11698 = PRESENTATION_STYLE_ASSIGNMENT((#11699));
#11699 = SURFACE_STYLE_USAGE(.BOTH.,#11700);
#11700 = SURFACE_SIDE_STYLE('',(#11701));
#11701 = SURFACE_STYLE_FILL_AREA(#11702);
#11702 = FILL_AREA_STYLE('',(#11703));
#11703 = FILL_AREA_STYLE_COLOUR('',#10915);
#11704 = STYLED_ITEM('color',(#11705),#8470);
#11705 = PRESENTATION_STYLE_ASSIGNMENT((#11706));
#11706 = SURFACE_STYLE_USAGE(.BOTH.,#11707);
#11707 = SURFACE_SIDE_STYLE('',(#11708));
#11708 = SURFACE_STYLE_FILL_AREA(#11709);
#11709 = FILL_AREA_STYLE('',(#11710));
#11710 = FILL_AREA_STYLE_COLOUR('',#10915);
#11711 = STYLED_ITEM('color',(#11712),#8524);
#11712 = PRESENTATION_STYLE_ASSIGNMENT((#11713));
#11713 = SURFACE_STYLE_USAGE(.BOTH.,#11714);
#11714 = SURFACE_SIDE_STYLE('',(#11715));
#11715 = SURFACE_STYLE_FILL_AREA(#11716);
#11716 = FILL_AREA_STYLE('',(#11717));
#11717 = FILL_AREA_STYLE_COLOUR('',#10915);
#11718 = STYLED_ITEM('color',(#11719),#8548);
#11719 = PRESENTATION_STYLE_ASSIGNMENT((#11720));
#11720 = SURFACE_STYLE_USAGE(.BOTH.,#11721);
#11721 = SURFACE_SIDE_STYLE('',(#11722));
#11722 = SURFACE_STYLE_FILL_AREA(#11723);
#11723 = FILL_AREA_STYLE('',(#11724));
#11724 = FILL_AREA_STYLE_COLOUR('',#10915);
#11725 = STYLED_ITEM('color',(#11726),#8590);
#11726 = PRESENTATION_STYLE_ASSIGNMENT((#11727));
#11727 = SURFACE_STYLE_USAGE(.BOTH.,#11728);
#11728 = SURFACE_SIDE_STYLE('',(#11729));
#11729 = SURFACE_STYLE_FILL_AREA(#11730);
#11730 = FILL_AREA_STYLE('',(#11731));
#11731 = FILL_AREA_STYLE_COLOUR('',#10915);
#11732 = STYLED_ITEM('color',(#11733),#8609);
#11733 = PRESENTATION_STYLE_ASSIGNMENT((#11734));
#11734 = SURFACE_STYLE_USAGE(.BOTH.,#11735);
#11735 = SURFACE_SIDE_STYLE('',(#11736));
#11736 = SURFACE_STYLE_FILL_AREA(#11737);
#11737 = FILL_AREA_STYLE('',(#11738));
#11738 = FILL_AREA_STYLE_COLOUR('',#10915);
#11739 = STYLED_ITEM('color',(#11740),#8621);
#11740 = PRESENTATION_STYLE_ASSIGNMENT((#11741));
#11741 = SURFACE_STYLE_USAGE(.BOTH.,#11742);
#11742 = SURFACE_SIDE_STYLE('',(#11743));
#11743 = SURFACE_STYLE_FILL_AREA(#11744);
#11744 = FILL_AREA_STYLE('',(#11745));
#11745 = FILL_AREA_STYLE_COLOUR('',#10915);
#11746 = STYLED_ITEM('color',(#11747),#8638);
#11747 = PRESENTATION_STYLE_ASSIGNMENT((#11748));
#11748 = SURFACE_STYLE_USAGE(.BOTH.,#11749);
#11749 = SURFACE_SIDE_STYLE('',(#11750));
#11750 = SURFACE_STYLE_FILL_AREA(#11751);
#11751 = FILL_AREA_STYLE('',(#11752));
#11752 = FILL_AREA_STYLE_COLOUR('',#10915);
#11753 = STYLED_ITEM('color',(#11754),#8655);
#11754 = PRESENTATION_STYLE_ASSIGNMENT((#11755));
#11755 = SURFACE_STYLE_USAGE(.BOTH.,#11756);
#11756 = SURFACE_SIDE_STYLE('',(#11757));
#11757 = SURFACE_STYLE_FILL_AREA(#11758);
#11758 = FILL_AREA_STYLE('',(#11759));
#11759 = FILL_AREA_STYLE_COLOUR('',#10915);
#11760 = STYLED_ITEM('color',(#11761),#8674);
#11761 = PRESENTATION_STYLE_ASSIGNMENT((#11762));
#11762 = SURFACE_STYLE_USAGE(.BOTH.,#11763);
#11763 = SURFACE_SIDE_STYLE('',(#11764));
#11764 = SURFACE_STYLE_FILL_AREA(#11765);
#11765 = FILL_AREA_STYLE('',(#11766));
#11766 = FILL_AREA_STYLE_COLOUR('',#10915);
#11767 = STYLED_ITEM('color',(#11768),#8691);
#11768 = PRESENTATION_STYLE_ASSIGNMENT((#11769));
#11769 = SURFACE_STYLE_USAGE(.BOTH.,#11770);
#11770 = SURFACE_SIDE_STYLE('',(#11771));
#11771 = SURFACE_STYLE_FILL_AREA(#11772);
#11772 = FILL_AREA_STYLE('',(#11773));
#11773 = FILL_AREA_STYLE_COLOUR('',#10915);
#11774 = STYLED_ITEM('color',(#11775),#8756);
#11775 = PRESENTATION_STYLE_ASSIGNMENT((#11776));
#11776 = SURFACE_STYLE_USAGE(.BOTH.,#11777);
#11777 = SURFACE_SIDE_STYLE('',(#11778));
#11778 = SURFACE_STYLE_FILL_AREA(#11779);
#11779 = FILL_AREA_STYLE('',(#11780));
#11780 = FILL_AREA_STYLE_COLOUR('',#10915);
#11781 = STYLED_ITEM('color',(#11782),#8780);
#11782 = PRESENTATION_STYLE_ASSIGNMENT((#11783));
#11783 = SURFACE_STYLE_USAGE(.BOTH.,#11784);
#11784 = SURFACE_SIDE_STYLE('',(#11785));
#11785 = SURFACE_STYLE_FILL_AREA(#11786);
#11786 = FILL_AREA_STYLE('',(#11787));
#11787 = FILL_AREA_STYLE_COLOUR('',#10915);
#11788 = STYLED_ITEM('color',(#11789),#8838);
#11789 = PRESENTATION_STYLE_ASSIGNMENT((#11790));
#11790 = SURFACE_STYLE_USAGE(.BOTH.,#11791);
#11791 = SURFACE_SIDE_STYLE('',(#11792));
#11792 = SURFACE_STYLE_FILL_AREA(#11793);
#11793 = FILL_AREA_STYLE('',(#11794));
#11794 = FILL_AREA_STYLE_COLOUR('',#10915);
#11795 = STYLED_ITEM('color',(#11796),#8860);
#11796 = PRESENTATION_STYLE_ASSIGNMENT((#11797));
#11797 = SURFACE_STYLE_USAGE(.BOTH.,#11798);
#11798 = SURFACE_SIDE_STYLE('',(#11799));
#11799 = SURFACE_STYLE_FILL_AREA(#11800);
#11800 = FILL_AREA_STYLE('',(#11801));
#11801 = FILL_AREA_STYLE_COLOUR('',#10915);
#11802 = STYLED_ITEM('color',(#11803),#8925);
#11803 = PRESENTATION_STYLE_ASSIGNMENT((#11804));
#11804 = SURFACE_STYLE_USAGE(.BOTH.,#11805);
#11805 = SURFACE_SIDE_STYLE('',(#11806));
#11806 = SURFACE_STYLE_FILL_AREA(#11807);
#11807 = FILL_AREA_STYLE('',(#11808));
#11808 = FILL_AREA_STYLE_COLOUR('',#10915);
#11809 = STYLED_ITEM('color',(#11810),#8949);
#11810 = PRESENTATION_STYLE_ASSIGNMENT((#11811));
#11811 = SURFACE_STYLE_USAGE(.BOTH.,#11812);
#11812 = SURFACE_SIDE_STYLE('',(#11813));
#11813 = SURFACE_STYLE_FILL_AREA(#11814);
#11814 = FILL_AREA_STYLE('',(#11815));
#11815 = FILL_AREA_STYLE_COLOUR('',#10915);
#11816 = STYLED_ITEM('color',(#11817),#9007);
#11817 = PRESENTATION_STYLE_ASSIGNMENT((#11818));
#11818 = SURFACE_STYLE_USAGE(.BOTH.,#11819);
#11819 = SURFACE_SIDE_STYLE('',(#11820));
#11820 = SURFACE_STYLE_FILL_AREA(#11821);
#11821 = FILL_AREA_STYLE('',(#11822));
#11822 = FILL_AREA_STYLE_COLOUR('',#10915);
#11823 = STYLED_ITEM('color',(#11824),#9021);
#11824 = PRESENTATION_STYLE_ASSIGNMENT((#11825));
#11825 = SURFACE_STYLE_USAGE(.BOTH.,#11826);
#11826 = SURFACE_SIDE_STYLE('',(#11827));
#11827 = SURFACE_STYLE_FILL_AREA(#11828);
#11828 = FILL_AREA_STYLE('',(#11829));
#11829 = FILL_AREA_STYLE_COLOUR('',#10915);
#11830 = STYLED_ITEM('color',(#11831),#9038);
#11831 = PRESENTATION_STYLE_ASSIGNMENT((#11832));
#11832 = SURFACE_STYLE_USAGE(.BOTH.,#11833);
#11833 = SURFACE_SIDE_STYLE('',(#11834));
#11834 = SURFACE_STYLE_FILL_AREA(#11835);
#11835 = FILL_AREA_STYLE('',(#11836));
#11836 = FILL_AREA_STYLE_COLOUR('',#10915);
#11837 = STYLED_ITEM('color',(#11838),#9055);
#11838 = PRESENTATION_STYLE_ASSIGNMENT((#11839));
#11839 = SURFACE_STYLE_USAGE(.BOTH.,#11840);
#11840 = SURFACE_SIDE_STYLE('',(#11841));
#11841 = SURFACE_STYLE_FILL_AREA(#11842);
#11842 = FILL_AREA_STYLE('',(#11843));
#11843 = FILL_AREA_STYLE_COLOUR('',#11059);
#11844 = STYLED_ITEM('color',(#11845),#9072);
#11845 = PRESENTATION_STYLE_ASSIGNMENT((#11846));
#11846 = SURFACE_STYLE_USAGE(.BOTH.,#11847);
#11847 = SURFACE_SIDE_STYLE('',(#11848));
#11848 = SURFACE_STYLE_FILL_AREA(#11849);
#11849 = FILL_AREA_STYLE('',(#11850));
#11850 = FILL_AREA_STYLE_COLOUR('',#11059);
#11851 = STYLED_ITEM('color',(#11852),#9101);
#11852 = PRESENTATION_STYLE_ASSIGNMENT((#11853));
#11853 = SURFACE_STYLE_USAGE(.BOTH.,#11854);
#11854 = SURFACE_SIDE_STYLE('',(#11855));
#11855 = SURFACE_STYLE_FILL_AREA(#11856);
#11856 = FILL_AREA_STYLE('',(#11857));
#11857 = FILL_AREA_STYLE_COLOUR('',#10915);
#11858 = STYLED_ITEM('color',(#11859),#9118);
#11859 = PRESENTATION_STYLE_ASSIGNMENT((#11860));
#11860 = SURFACE_STYLE_USAGE(.BOTH.,#11861);
#11861 = SURFACE_SIDE_STYLE('',(#11862));
#11862 = SURFACE_STYLE_FILL_AREA(#11863);
#11863 = FILL_AREA_STYLE('',(#11864));
#11864 = FILL_AREA_STYLE_COLOUR('',#10915);
#11865 = STYLED_ITEM('color',(#11866),#9135);
#11866 = PRESENTATION_STYLE_ASSIGNMENT((#11867));
#11867 = SURFACE_STYLE_USAGE(.BOTH.,#11868);
#11868 = SURFACE_SIDE_STYLE('',(#11869));
#11869 = SURFACE_STYLE_FILL_AREA(#11870);
#11870 = FILL_AREA_STYLE('',(#11871));
#11871 = FILL_AREA_STYLE_COLOUR('',#10915);
#11872 = STYLED_ITEM('color',(#11873),#9147);
#11873 = PRESENTATION_STYLE_ASSIGNMENT((#11874));
#11874 = SURFACE_STYLE_USAGE(.BOTH.,#11875);
#11875 = SURFACE_SIDE_STYLE('',(#11876));
#11876 = SURFACE_STYLE_FILL_AREA(#11877);
#11877 = FILL_AREA_STYLE('',(#11878));
#11878 = FILL_AREA_STYLE_COLOUR('',#10915);
#11879 = STYLED_ITEM('color',(#11880),#9164);
#11880 = PRESENTATION_STYLE_ASSIGNMENT((#11881));
#11881 = SURFACE_STYLE_USAGE(.BOTH.,#11882);
#11882 = SURFACE_SIDE_STYLE('',(#11883));
#11883 = SURFACE_STYLE_FILL_AREA(#11884);
#11884 = FILL_AREA_STYLE('',(#11885));
#11885 = FILL_AREA_STYLE_COLOUR('',#10915);
#11886 = STYLED_ITEM('color',(#11887),#9181);
#11887 = PRESENTATION_STYLE_ASSIGNMENT((#11888));
#11888 = SURFACE_STYLE_USAGE(.BOTH.,#11889);
#11889 = SURFACE_SIDE_STYLE('',(#11890));
#11890 = SURFACE_STYLE_FILL_AREA(#11891);
#11891 = FILL_AREA_STYLE('',(#11892));
#11892 = FILL_AREA_STYLE_COLOUR('',#10915);
#11893 = STYLED_ITEM('color',(#11894),#9193);
#11894 = PRESENTATION_STYLE_ASSIGNMENT((#11895));
#11895 = SURFACE_STYLE_USAGE(.BOTH.,#11896);
#11896 = SURFACE_SIDE_STYLE('',(#11897));
#11897 = SURFACE_STYLE_FILL_AREA(#11898);
#11898 = FILL_AREA_STYLE('',(#11899));
#11899 = FILL_AREA_STYLE_COLOUR('',#10915);
#11900 = STYLED_ITEM('color',(#11901),#9210);
#11901 = PRESENTATION_STYLE_ASSIGNMENT((#11902));
#11902 = SURFACE_STYLE_USAGE(.BOTH.,#11903);
#11903 = SURFACE_SIDE_STYLE('',(#11904));
#11904 = SURFACE_STYLE_FILL_AREA(#11905);
#11905 = FILL_AREA_STYLE('',(#11906));
#11906 = FILL_AREA_STYLE_COLOUR('',#10915);
#11907 = STYLED_ITEM('color',(#11908),#9227);
#11908 = PRESENTATION_STYLE_ASSIGNMENT((#11909));
#11909 = SURFACE_STYLE_USAGE(.BOTH.,#11910);
#11910 = SURFACE_SIDE_STYLE('',(#11911));
#11911 = SURFACE_STYLE_FILL_AREA(#11912);
#11912 = FILL_AREA_STYLE('',(#11913));
#11913 = FILL_AREA_STYLE_COLOUR('',#10915);
#11914 = STYLED_ITEM('color',(#11915),#9244);
#11915 = PRESENTATION_STYLE_ASSIGNMENT((#11916));
#11916 = SURFACE_STYLE_USAGE(.BOTH.,#11917);
#11917 = SURFACE_SIDE_STYLE('',(#11918));
#11918 = SURFACE_STYLE_FILL_AREA(#11919);
#11919 = FILL_AREA_STYLE('',(#11920));
#11920 = FILL_AREA_STYLE_COLOUR('',#10915);
#11921 = STYLED_ITEM('color',(#11922),#9261);
#11922 = PRESENTATION_STYLE_ASSIGNMENT((#11923));
#11923 = SURFACE_STYLE_USAGE(.BOTH.,#11924);
#11924 = SURFACE_SIDE_STYLE('',(#11925));
#11925 = SURFACE_STYLE_FILL_AREA(#11926);
#11926 = FILL_AREA_STYLE('',(#11927));
#11927 = FILL_AREA_STYLE_COLOUR('',#10915);
#11928 = STYLED_ITEM('color',(#11929),#9273);
#11929 = PRESENTATION_STYLE_ASSIGNMENT((#11930));
#11930 = SURFACE_STYLE_USAGE(.BOTH.,#11931);
#11931 = SURFACE_SIDE_STYLE('',(#11932));
#11932 = SURFACE_STYLE_FILL_AREA(#11933);
#11933 = FILL_AREA_STYLE('',(#11934));
#11934 = FILL_AREA_STYLE_COLOUR('',#10915);
#11935 = STYLED_ITEM('color',(#11936),#9290);
#11936 = PRESENTATION_STYLE_ASSIGNMENT((#11937));
#11937 = SURFACE_STYLE_USAGE(.BOTH.,#11938);
#11938 = SURFACE_SIDE_STYLE('',(#11939));
#11939 = SURFACE_STYLE_FILL_AREA(#11940);
#11940 = FILL_AREA_STYLE('',(#11941));
#11941 = FILL_AREA_STYLE_COLOUR('',#10915);
#11942 = STYLED_ITEM('color',(#11943),#9307);
#11943 = PRESENTATION_STYLE_ASSIGNMENT((#11944));
#11944 = SURFACE_STYLE_USAGE(.BOTH.,#11945);
#11945 = SURFACE_SIDE_STYLE('',(#11946));
#11946 = SURFACE_STYLE_FILL_AREA(#11947);
#11947 = FILL_AREA_STYLE('',(#11948));
#11948 = FILL_AREA_STYLE_COLOUR('',#10915);
#11949 = STYLED_ITEM('color',(#11950),#9324);
#11950 = PRESENTATION_STYLE_ASSIGNMENT((#11951));
#11951 = SURFACE_STYLE_USAGE(.BOTH.,#11952);
#11952 = SURFACE_SIDE_STYLE('',(#11953));
#11953 = SURFACE_STYLE_FILL_AREA(#11954);
#11954 = FILL_AREA_STYLE('',(#11955));
#11955 = FILL_AREA_STYLE_COLOUR('',#10915);
#11956 = STYLED_ITEM('color',(#11957),#9341);
#11957 = PRESENTATION_STYLE_ASSIGNMENT((#11958));
#11958 = SURFACE_STYLE_USAGE(.BOTH.,#11959);
#11959 = SURFACE_SIDE_STYLE('',(#11960));
#11960 = SURFACE_STYLE_FILL_AREA(#11961);
#11961 = FILL_AREA_STYLE('',(#11962));
#11962 = FILL_AREA_STYLE_COLOUR('',#10915);
#11963 = STYLED_ITEM('color',(#11964),#9353);
#11964 = PRESENTATION_STYLE_ASSIGNMENT((#11965));
#11965 = SURFACE_STYLE_USAGE(.BOTH.,#11966);
#11966 = SURFACE_SIDE_STYLE('',(#11967));
#11967 = SURFACE_STYLE_FILL_AREA(#11968);
#11968 = FILL_AREA_STYLE('',(#11969));
#11969 = FILL_AREA_STYLE_COLOUR('',#11059);
#11970 = STYLED_ITEM('color',(#11971),#9381);
#11971 = PRESENTATION_STYLE_ASSIGNMENT((#11972));
#11972 = SURFACE_STYLE_USAGE(.BOTH.,#11973);
#11973 = SURFACE_SIDE_STYLE('',(#11974));
#11974 = SURFACE_STYLE_FILL_AREA(#11975);
#11975 = FILL_AREA_STYLE('',(#11976));
#11976 = FILL_AREA_STYLE_COLOUR('',#11059);
#11977 = STYLED_ITEM('color',(#11978),#9392);
#11978 = PRESENTATION_STYLE_ASSIGNMENT((#11979));
#11979 = SURFACE_STYLE_USAGE(.BOTH.,#11980);
#11980 = SURFACE_SIDE_STYLE('',(#11981));
#11981 = SURFACE_STYLE_FILL_AREA(#11982);
#11982 = FILL_AREA_STYLE('',(#11983));
#11983 = FILL_AREA_STYLE_COLOUR('',#10915);
#11984 = STYLED_ITEM('color',(#11985),#9409);
#11985 = PRESENTATION_STYLE_ASSIGNMENT((#11986));
#11986 = SURFACE_STYLE_USAGE(.BOTH.,#11987);
#11987 = SURFACE_SIDE_STYLE('',(#11988));
#11988 = SURFACE_STYLE_FILL_AREA(#11989);
#11989 = FILL_AREA_STYLE('',(#11990));
#11990 = FILL_AREA_STYLE_COLOUR('',#10915);
#11991 = STYLED_ITEM('color',(#11992),#9426);
#11992 = PRESENTATION_STYLE_ASSIGNMENT((#11993));
#11993 = SURFACE_STYLE_USAGE(.BOTH.,#11994);
#11994 = SURFACE_SIDE_STYLE('',(#11995));
#11995 = SURFACE_STYLE_FILL_AREA(#11996);
#11996 = FILL_AREA_STYLE('',(#11997));
#11997 = FILL_AREA_STYLE_COLOUR('',#10915);
#11998 = STYLED_ITEM('color',(#11999),#9438);
#11999 = PRESENTATION_STYLE_ASSIGNMENT((#12000));
#12000 = SURFACE_STYLE_USAGE(.BOTH.,#12001);
#12001 = SURFACE_SIDE_STYLE('',(#12002));
#12002 = SURFACE_STYLE_FILL_AREA(#12003);
#12003 = FILL_AREA_STYLE('',(#12004));
#12004 = FILL_AREA_STYLE_COLOUR('',#10915);
#12005 = STYLED_ITEM('color',(#12006),#9455);
#12006 = PRESENTATION_STYLE_ASSIGNMENT((#12007));
#12007 = SURFACE_STYLE_USAGE(.BOTH.,#12008);
#12008 = SURFACE_SIDE_STYLE('',(#12009));
#12009 = SURFACE_STYLE_FILL_AREA(#12010);
#12010 = FILL_AREA_STYLE('',(#12011));
#12011 = FILL_AREA_STYLE_COLOUR('',#10915);
#12012 = STYLED_ITEM('color',(#12013),#9472);
#12013 = PRESENTATION_STYLE_ASSIGNMENT((#12014));
#12014 = SURFACE_STYLE_USAGE(.BOTH.,#12015);
#12015 = SURFACE_SIDE_STYLE('',(#12016));
#12016 = SURFACE_STYLE_FILL_AREA(#12017);
#12017 = FILL_AREA_STYLE('',(#12018));
#12018 = FILL_AREA_STYLE_COLOUR('',#10915);
#12019 = STYLED_ITEM('color',(#12020),#9484);
#12020 = PRESENTATION_STYLE_ASSIGNMENT((#12021));
#12021 = SURFACE_STYLE_USAGE(.BOTH.,#12022);
#12022 = SURFACE_SIDE_STYLE('',(#12023));
#12023 = SURFACE_STYLE_FILL_AREA(#12024);
#12024 = FILL_AREA_STYLE('',(#12025));
#12025 = FILL_AREA_STYLE_COLOUR('',#10915);
#12026 = STYLED_ITEM('color',(#12027),#9501);
#12027 = PRESENTATION_STYLE_ASSIGNMENT((#12028));
#12028 = SURFACE_STYLE_USAGE(.BOTH.,#12029);
#12029 = SURFACE_SIDE_STYLE('',(#12030));
#12030 = SURFACE_STYLE_FILL_AREA(#12031);
#12031 = FILL_AREA_STYLE('',(#12032));
#12032 = FILL_AREA_STYLE_COLOUR('',#10915);
#12033 = STYLED_ITEM('color',(#12034),#9518);
#12034 = PRESENTATION_STYLE_ASSIGNMENT((#12035));
#12035 = SURFACE_STYLE_USAGE(.BOTH.,#12036);
#12036 = SURFACE_SIDE_STYLE('',(#12037));
#12037 = SURFACE_STYLE_FILL_AREA(#12038);
#12038 = FILL_AREA_STYLE('',(#12039));
#12039 = FILL_AREA_STYLE_COLOUR('',#10915);
#12040 = STYLED_ITEM('color',(#12041),#9535);
#12041 = PRESENTATION_STYLE_ASSIGNMENT((#12042));
#12042 = SURFACE_STYLE_USAGE(.BOTH.,#12043);
#12043 = SURFACE_SIDE_STYLE('',(#12044));
#12044 = SURFACE_STYLE_FILL_AREA(#12045);
#12045 = FILL_AREA_STYLE('',(#12046));
#12046 = FILL_AREA_STYLE_COLOUR('',#10915);
#12047 = STYLED_ITEM('color',(#12048),#9552);
#12048 = PRESENTATION_STYLE_ASSIGNMENT((#12049));
#12049 = SURFACE_STYLE_USAGE(.BOTH.,#12050);
#12050 = SURFACE_SIDE_STYLE('',(#12051));
#12051 = SURFACE_STYLE_FILL_AREA(#12052);
#12052 = FILL_AREA_STYLE('',(#12053));
#12053 = FILL_AREA_STYLE_COLOUR('',#10915);
#12054 = STYLED_ITEM('color',(#12055),#9564);
#12055 = PRESENTATION_STYLE_ASSIGNMENT((#12056));
#12056 = SURFACE_STYLE_USAGE(.BOTH.,#12057);
#12057 = SURFACE_SIDE_STYLE('',(#12058));
#12058 = SURFACE_STYLE_FILL_AREA(#12059);
#12059 = FILL_AREA_STYLE('',(#12060));
#12060 = FILL_AREA_STYLE_COLOUR('',#10915);
#12061 = STYLED_ITEM('color',(#12062),#9581);
#12062 = PRESENTATION_STYLE_ASSIGNMENT((#12063));
#12063 = SURFACE_STYLE_USAGE(.BOTH.,#12064);
#12064 = SURFACE_SIDE_STYLE('',(#12065));
#12065 = SURFACE_STYLE_FILL_AREA(#12066);
#12066 = FILL_AREA_STYLE('',(#12067));
#12067 = FILL_AREA_STYLE_COLOUR('',#10915);
#12068 = STYLED_ITEM('color',(#12069),#9598);
#12069 = PRESENTATION_STYLE_ASSIGNMENT((#12070));
#12070 = SURFACE_STYLE_USAGE(.BOTH.,#12071);
#12071 = SURFACE_SIDE_STYLE('',(#12072));
#12072 = SURFACE_STYLE_FILL_AREA(#12073);
#12073 = FILL_AREA_STYLE('',(#12074));
#12074 = FILL_AREA_STYLE_COLOUR('',#10915);
#12075 = STYLED_ITEM('color',(#12076),#9615);
#12076 = PRESENTATION_STYLE_ASSIGNMENT((#12077));
#12077 = SURFACE_STYLE_USAGE(.BOTH.,#12078);
#12078 = SURFACE_SIDE_STYLE('',(#12079));
#12079 = SURFACE_STYLE_FILL_AREA(#12080);
#12080 = FILL_AREA_STYLE('',(#12081));
#12081 = FILL_AREA_STYLE_COLOUR('',#10915);
#12082 = STYLED_ITEM('color',(#12083),#9632);
#12083 = PRESENTATION_STYLE_ASSIGNMENT((#12084));
#12084 = SURFACE_STYLE_USAGE(.BOTH.,#12085);
#12085 = SURFACE_SIDE_STYLE('',(#12086));
#12086 = SURFACE_STYLE_FILL_AREA(#12087);
#12087 = FILL_AREA_STYLE('',(#12088));
#12088 = FILL_AREA_STYLE_COLOUR('',#10915);
#12089 = MECHANICAL_DESIGN_GEOMETRIC_PRESENTATION_REPRESENTATION('',(
    #12090),#10860);
#12090 = STYLED_ITEM('color',(#12091),#9673);
#12091 = PRESENTATION_STYLE_ASSIGNMENT((#12092));
#12092 = SURFACE_STYLE_USAGE(.BOTH.,#12093);
#12093 = SURFACE_SIDE_STYLE('',(#12094));
#12094 = SURFACE_STYLE_FILL_AREA(#12095);
#12095 = FILL_AREA_STYLE('',(#12096));
#12096 = FILL_AREA_STYLE_COLOUR('',#12097);
#12097 = COLOUR_RGB('',0.313304153717,0.484529207832,0.410020903123);
#12098 = MECHANICAL_DESIGN_GEOMETRIC_PRESENTATION_REPRESENTATION('',(
    #12099,#12107,#12114,#12121,#12128,#12135,#12142,#12149,#12156,
    #12163,#12170,#12177,#12184,#12191,#12198,#12205,#12212,#12219,
    #12226,#12233,#12240,#12247,#12254,#12261,#12268,#12275,#12282,
    #12289,#12296,#12303,#12310,#12317,#12324,#12331,#12338,#12345,
    #12352,#12359,#12366,#12373,#12380,#12387,#12394,#12401,#12408,
    #12415,#12422,#12429,#12436,#12443,#12450,#12457,#12464,#12471,
    #12478,#12485,#12493,#12500,#12507,#12514,#12521,#12528,#12535,
    #12542,#12549,#12556,#12563,#12570,#12577,#12584,#12591,#12598,
    #12605,#12612,#12619,#12626,#12633,#12640,#12647,#12654,#12661,
    #12668,#12675,#12682,#12689,#12696,#12703,#12710,#12717,#12724,
    #12731,#12738,#12745,#12752,#12759,#12766,#12773,#12780,#12787,
    #12794,#12801,#12808,#12815,#12822,#12829,#12836,#12843,#12850,
    #12857,#12864,#12871,#12878,#12885,#12892,#12899,#12906,#12913),
  #3601);
#12099 = STYLED_ITEM('color',(#12100),#82);
#12100 = PRESENTATION_STYLE_ASSIGNMENT((#12101));
#12101 = SURFACE_STYLE_USAGE(.BOTH.,#12102);
#12102 = SURFACE_SIDE_STYLE('',(#12103));
#12103 = SURFACE_STYLE_FILL_AREA(#12104);
#12104 = FILL_AREA_STYLE('',(#12105));
#12105 = FILL_AREA_STYLE_COLOUR('',#12106);
#12106 = COLOUR_RGB('',0.894117649055,0.890196087049,0.811764731185);
#12107 = STYLED_ITEM('color',(#12108),#154);
#12108 = PRESENTATION_STYLE_ASSIGNMENT((#12109));
#12109 = SURFACE_STYLE_USAGE(.BOTH.,#12110);
#12110 = SURFACE_SIDE_STYLE('',(#12111));
#12111 = SURFACE_STYLE_FILL_AREA(#12112);
#12112 = FILL_AREA_STYLE('',(#12113));
#12113 = FILL_AREA_STYLE_COLOUR('',#12106);
#12114 = STYLED_ITEM('color',(#12115),#193);
#12115 = PRESENTATION_STYLE_ASSIGNMENT((#12116));
#12116 = SURFACE_STYLE_USAGE(.BOTH.,#12117);
#12117 = SURFACE_SIDE_STYLE('',(#12118));
#12118 = SURFACE_STYLE_FILL_AREA(#12119);
#12119 = FILL_AREA_STYLE('',(#12120));
#12120 = FILL_AREA_STYLE_COLOUR('',#12106);
#12121 = STYLED_ITEM('color',(#12122),#217);
#12122 = PRESENTATION_STYLE_ASSIGNMENT((#12123));
#12123 = SURFACE_STYLE_USAGE(.BOTH.,#12124);
#12124 = SURFACE_SIDE_STYLE('',(#12125));
#12125 = SURFACE_STYLE_FILL_AREA(#12126);
#12126 = FILL_AREA_STYLE('',(#12127));
#12127 = FILL_AREA_STYLE_COLOUR('',#12106);
#12128 = STYLED_ITEM('color',(#12129),#282);
#12129 = PRESENTATION_STYLE_ASSIGNMENT((#12130));
#12130 = SURFACE_STYLE_USAGE(.BOTH.,#12131);
#12131 = SURFACE_SIDE_STYLE('',(#12132));
#12132 = SURFACE_STYLE_FILL_AREA(#12133);
#12133 = FILL_AREA_STYLE('',(#12134));
#12134 = FILL_AREA_STYLE_COLOUR('',#12106);
#12135 = STYLED_ITEM('color',(#12136),#306);
#12136 = PRESENTATION_STYLE_ASSIGNMENT((#12137));
#12137 = SURFACE_STYLE_USAGE(.BOTH.,#12138);
#12138 = SURFACE_SIDE_STYLE('',(#12139));
#12139 = SURFACE_STYLE_FILL_AREA(#12140);
#12140 = FILL_AREA_STYLE('',(#12141));
#12141 = FILL_AREA_STYLE_COLOUR('',#12106);
#12142 = STYLED_ITEM('color',(#12143),#426);
#12143 = PRESENTATION_STYLE_ASSIGNMENT((#12144));
#12144 = SURFACE_STYLE_USAGE(.BOTH.,#12145);
#12145 = SURFACE_SIDE_STYLE('',(#12146));
#12146 = SURFACE_STYLE_FILL_AREA(#12147);
#12147 = FILL_AREA_STYLE('',(#12148));
#12148 = FILL_AREA_STYLE_COLOUR('',#12106);
#12149 = STYLED_ITEM('color',(#12150),#450);
#12150 = PRESENTATION_STYLE_ASSIGNMENT((#12151));
#12151 = SURFACE_STYLE_USAGE(.BOTH.,#12152);
#12152 = SURFACE_SIDE_STYLE('',(#12153));
#12153 = SURFACE_STYLE_FILL_AREA(#12154);
#12154 = FILL_AREA_STYLE('',(#12155));
#12155 = FILL_AREA_STYLE_COLOUR('',#12106);
#12156 = STYLED_ITEM('color',(#12157),#515);
#12157 = PRESENTATION_STYLE_ASSIGNMENT((#12158));
#12158 = SURFACE_STYLE_USAGE(.BOTH.,#12159);
#12159 = SURFACE_SIDE_STYLE('',(#12160));
#12160 = SURFACE_STYLE_FILL_AREA(#12161);
#12161 = FILL_AREA_STYLE('',(#12162));
#12162 = FILL_AREA_STYLE_COLOUR('',#12106);
#12163 = STYLED_ITEM('color',(#12164),#540);
#12164 = PRESENTATION_STYLE_ASSIGNMENT((#12165));
#12165 = SURFACE_STYLE_USAGE(.BOTH.,#12166);
#12166 = SURFACE_SIDE_STYLE('',(#12167));
#12167 = SURFACE_STYLE_FILL_AREA(#12168);
#12168 = FILL_AREA_STYLE('',(#12169));
#12169 = FILL_AREA_STYLE_COLOUR('',#12106);
#12170 = STYLED_ITEM('color',(#12171),#589);
#12171 = PRESENTATION_STYLE_ASSIGNMENT((#12172));
#12172 = SURFACE_STYLE_USAGE(.BOTH.,#12173);
#12173 = SURFACE_SIDE_STYLE('',(#12174));
#12174 = SURFACE_STYLE_FILL_AREA(#12175);
#12175 = FILL_AREA_STYLE('',(#12176));
#12176 = FILL_AREA_STYLE_COLOUR('',#12106);
#12177 = STYLED_ITEM('color',(#12178),#606);
#12178 = PRESENTATION_STYLE_ASSIGNMENT((#12179));
#12179 = SURFACE_STYLE_USAGE(.BOTH.,#12180);
#12180 = SURFACE_SIDE_STYLE('',(#12181));
#12181 = SURFACE_STYLE_FILL_AREA(#12182);
#12182 = FILL_AREA_STYLE('',(#12183));
#12183 = FILL_AREA_STYLE_COLOUR('',#12106);
#12184 = STYLED_ITEM('color',(#12185),#630);
#12185 = PRESENTATION_STYLE_ASSIGNMENT((#12186));
#12186 = SURFACE_STYLE_USAGE(.BOTH.,#12187);
#12187 = SURFACE_SIDE_STYLE('',(#12188));
#12188 = SURFACE_STYLE_FILL_AREA(#12189);
#12189 = FILL_AREA_STYLE('',(#12190));
#12190 = FILL_AREA_STYLE_COLOUR('',#12106);
#12191 = STYLED_ITEM('color',(#12192),#647);
#12192 = PRESENTATION_STYLE_ASSIGNMENT((#12193));
#12193 = SURFACE_STYLE_USAGE(.BOTH.,#12194);
#12194 = SURFACE_SIDE_STYLE('',(#12195));
#12195 = SURFACE_STYLE_FILL_AREA(#12196);
#12196 = FILL_AREA_STYLE('',(#12197));
#12197 = FILL_AREA_STYLE_COLOUR('',#12106);
#12198 = STYLED_ITEM('color',(#12199),#817);
#12199 = PRESENTATION_STYLE_ASSIGNMENT((#12200));
#12200 = SURFACE_STYLE_USAGE(.BOTH.,#12201);
#12201 = SURFACE_SIDE_STYLE('',(#12202));
#12202 = SURFACE_STYLE_FILL_AREA(#12203);
#12203 = FILL_AREA_STYLE('',(#12204));
#12204 = FILL_AREA_STYLE_COLOUR('',#12106);
#12205 = STYLED_ITEM('color',(#12206),#841);
#12206 = PRESENTATION_STYLE_ASSIGNMENT((#12207));
#12207 = SURFACE_STYLE_USAGE(.BOTH.,#12208);
#12208 = SURFACE_SIDE_STYLE('',(#12209));
#12209 = SURFACE_STYLE_FILL_AREA(#12210);
#12210 = FILL_AREA_STYLE('',(#12211));
#12211 = FILL_AREA_STYLE_COLOUR('',#12106);
#12212 = STYLED_ITEM('color',(#12213),#1075);
#12213 = PRESENTATION_STYLE_ASSIGNMENT((#12214));
#12214 = SURFACE_STYLE_USAGE(.BOTH.,#12215);
#12215 = SURFACE_SIDE_STYLE('',(#12216));
#12216 = SURFACE_STYLE_FILL_AREA(#12217);
#12217 = FILL_AREA_STYLE('',(#12218));
#12218 = FILL_AREA_STYLE_COLOUR('',#12106);
#12219 = STYLED_ITEM('color',(#12220),#1099);
#12220 = PRESENTATION_STYLE_ASSIGNMENT((#12221));
#12221 = SURFACE_STYLE_USAGE(.BOTH.,#12222);
#12222 = SURFACE_SIDE_STYLE('',(#12223));
#12223 = SURFACE_STYLE_FILL_AREA(#12224);
#12224 = FILL_AREA_STYLE('',(#12225));
#12225 = FILL_AREA_STYLE_COLOUR('',#12106);
#12226 = STYLED_ITEM('color',(#12227),#1132);
#12227 = PRESENTATION_STYLE_ASSIGNMENT((#12228));
#12228 = SURFACE_STYLE_USAGE(.BOTH.,#12229);
#12229 = SURFACE_SIDE_STYLE('',(#12230));
#12230 = SURFACE_STYLE_FILL_AREA(#12231);
#12231 = FILL_AREA_STYLE('',(#12232));
#12232 = FILL_AREA_STYLE_COLOUR('',#12106);
#12233 = STYLED_ITEM('color',(#12234),#1156);
#12234 = PRESENTATION_STYLE_ASSIGNMENT((#12235));
#12235 = SURFACE_STYLE_USAGE(.BOTH.,#12236);
#12236 = SURFACE_SIDE_STYLE('',(#12237));
#12237 = SURFACE_STYLE_FILL_AREA(#12238);
#12238 = FILL_AREA_STYLE('',(#12239));
#12239 = FILL_AREA_STYLE_COLOUR('',#12106);
#12240 = STYLED_ITEM('color',(#12241),#1187);
#12241 = PRESENTATION_STYLE_ASSIGNMENT((#12242));
#12242 = SURFACE_STYLE_USAGE(.BOTH.,#12243);
#12243 = SURFACE_SIDE_STYLE('',(#12244));
#12244 = SURFACE_STYLE_FILL_AREA(#12245);
#12245 = FILL_AREA_STYLE('',(#12246));
#12246 = FILL_AREA_STYLE_COLOUR('',#12106);
#12247 = STYLED_ITEM('color',(#12248),#1204);
#12248 = PRESENTATION_STYLE_ASSIGNMENT((#12249));
#12249 = SURFACE_STYLE_USAGE(.BOTH.,#12250);
#12250 = SURFACE_SIDE_STYLE('',(#12251));
#12251 = SURFACE_STYLE_FILL_AREA(#12252);
#12252 = FILL_AREA_STYLE('',(#12253));
#12253 = FILL_AREA_STYLE_COLOUR('',#12106);
#12254 = STYLED_ITEM('color',(#12255),#1237);
#12255 = PRESENTATION_STYLE_ASSIGNMENT((#12256));
#12256 = SURFACE_STYLE_USAGE(.BOTH.,#12257);
#12257 = SURFACE_SIDE_STYLE('',(#12258));
#12258 = SURFACE_STYLE_FILL_AREA(#12259);
#12259 = FILL_AREA_STYLE('',(#12260));
#12260 = FILL_AREA_STYLE_COLOUR('',#12106);
#12261 = STYLED_ITEM('color',(#12262),#1261);
#12262 = PRESENTATION_STYLE_ASSIGNMENT((#12263));
#12263 = SURFACE_STYLE_USAGE(.BOTH.,#12264);
#12264 = SURFACE_SIDE_STYLE('',(#12265));
#12265 = SURFACE_STYLE_FILL_AREA(#12266);
#12266 = FILL_AREA_STYLE('',(#12267));
#12267 = FILL_AREA_STYLE_COLOUR('',#12106);
#12268 = STYLED_ITEM('color',(#12269),#1292);
#12269 = PRESENTATION_STYLE_ASSIGNMENT((#12270));
#12270 = SURFACE_STYLE_USAGE(.BOTH.,#12271);
#12271 = SURFACE_SIDE_STYLE('',(#12272));
#12272 = SURFACE_STYLE_FILL_AREA(#12273);
#12273 = FILL_AREA_STYLE('',(#12274));
#12274 = FILL_AREA_STYLE_COLOUR('',#12106);
#12275 = STYLED_ITEM('color',(#12276),#1309);
#12276 = PRESENTATION_STYLE_ASSIGNMENT((#12277));
#12277 = SURFACE_STYLE_USAGE(.BOTH.,#12278);
#12278 = SURFACE_SIDE_STYLE('',(#12279));
#12279 = SURFACE_STYLE_FILL_AREA(#12280);
#12280 = FILL_AREA_STYLE('',(#12281));
#12281 = FILL_AREA_STYLE_COLOUR('',#12106);
#12282 = STYLED_ITEM('color',(#12283),#1342);
#12283 = PRESENTATION_STYLE_ASSIGNMENT((#12284));
#12284 = SURFACE_STYLE_USAGE(.BOTH.,#12285);
#12285 = SURFACE_SIDE_STYLE('',(#12286));
#12286 = SURFACE_STYLE_FILL_AREA(#12287);
#12287 = FILL_AREA_STYLE('',(#12288));
#12288 = FILL_AREA_STYLE_COLOUR('',#12106);
#12289 = STYLED_ITEM('color',(#12290),#1366);
#12290 = PRESENTATION_STYLE_ASSIGNMENT((#12291));
#12291 = SURFACE_STYLE_USAGE(.BOTH.,#12292);
#12292 = SURFACE_SIDE_STYLE('',(#12293));
#12293 = SURFACE_STYLE_FILL_AREA(#12294);
#12294 = FILL_AREA_STYLE('',(#12295));
#12295 = FILL_AREA_STYLE_COLOUR('',#12106);
#12296 = STYLED_ITEM('color',(#12297),#1397);
#12297 = PRESENTATION_STYLE_ASSIGNMENT((#12298));
#12298 = SURFACE_STYLE_USAGE(.BOTH.,#12299);
#12299 = SURFACE_SIDE_STYLE('',(#12300));
#12300 = SURFACE_STYLE_FILL_AREA(#12301);
#12301 = FILL_AREA_STYLE('',(#12302));
#12302 = FILL_AREA_STYLE_COLOUR('',#12106);
#12303 = STYLED_ITEM('color',(#12304),#1409);
#12304 = PRESENTATION_STYLE_ASSIGNMENT((#12305));
#12305 = SURFACE_STYLE_USAGE(.BOTH.,#12306);
#12306 = SURFACE_SIDE_STYLE('',(#12307));
#12307 = SURFACE_STYLE_FILL_AREA(#12308);
#12308 = FILL_AREA_STYLE('',(#12309));
#12309 = FILL_AREA_STYLE_COLOUR('',#12106);
#12310 = STYLED_ITEM('color',(#12311),#1442);
#12311 = PRESENTATION_STYLE_ASSIGNMENT((#12312));
#12312 = SURFACE_STYLE_USAGE(.BOTH.,#12313);
#12313 = SURFACE_SIDE_STYLE('',(#12314));
#12314 = SURFACE_STYLE_FILL_AREA(#12315);
#12315 = FILL_AREA_STYLE('',(#12316));
#12316 = FILL_AREA_STYLE_COLOUR('',#12106);
#12317 = STYLED_ITEM('color',(#12318),#1459);
#12318 = PRESENTATION_STYLE_ASSIGNMENT((#12319));
#12319 = SURFACE_STYLE_USAGE(.BOTH.,#12320);
#12320 = SURFACE_SIDE_STYLE('',(#12321));
#12321 = SURFACE_STYLE_FILL_AREA(#12322);
#12322 = FILL_AREA_STYLE('',(#12323));
#12323 = FILL_AREA_STYLE_COLOUR('',#12106);
#12324 = STYLED_ITEM('color',(#12325),#1476);
#12325 = PRESENTATION_STYLE_ASSIGNMENT((#12326));
#12326 = SURFACE_STYLE_USAGE(.BOTH.,#12327);
#12327 = SURFACE_SIDE_STYLE('',(#12328));
#12328 = SURFACE_STYLE_FILL_AREA(#12329);
#12329 = FILL_AREA_STYLE('',(#12330));
#12330 = FILL_AREA_STYLE_COLOUR('',#12106);
#12331 = STYLED_ITEM('color',(#12332),#1488);
#12332 = PRESENTATION_STYLE_ASSIGNMENT((#12333));
#12333 = SURFACE_STYLE_USAGE(.BOTH.,#12334);
#12334 = SURFACE_SIDE_STYLE('',(#12335));
#12335 = SURFACE_STYLE_FILL_AREA(#12336);
#12336 = FILL_AREA_STYLE('',(#12337));
#12337 = FILL_AREA_STYLE_COLOUR('',#12106);
#12338 = STYLED_ITEM('color',(#12339),#1602);
#12339 = PRESENTATION_STYLE_ASSIGNMENT((#12340));
#12340 = SURFACE_STYLE_USAGE(.BOTH.,#12341);
#12341 = SURFACE_SIDE_STYLE('',(#12342));
#12342 = SURFACE_STYLE_FILL_AREA(#12343);
#12343 = FILL_AREA_STYLE('',(#12344));
#12344 = FILL_AREA_STYLE_COLOUR('',#12106);
#12345 = STYLED_ITEM('color',(#12346),#1619);
#12346 = PRESENTATION_STYLE_ASSIGNMENT((#12347));
#12347 = SURFACE_STYLE_USAGE(.BOTH.,#12348);
#12348 = SURFACE_SIDE_STYLE('',(#12349));
#12349 = SURFACE_STYLE_FILL_AREA(#12350);
#12350 = FILL_AREA_STYLE('',(#12351));
#12351 = FILL_AREA_STYLE_COLOUR('',#12106);
#12352 = STYLED_ITEM('color',(#12353),#1636);
#12353 = PRESENTATION_STYLE_ASSIGNMENT((#12354));
#12354 = SURFACE_STYLE_USAGE(.BOTH.,#12355);
#12355 = SURFACE_SIDE_STYLE('',(#12356));
#12356 = SURFACE_STYLE_FILL_AREA(#12357);
#12357 = FILL_AREA_STYLE('',(#12358));
#12358 = FILL_AREA_STYLE_COLOUR('',#12106);
#12359 = STYLED_ITEM('color',(#12360),#1653);
#12360 = PRESENTATION_STYLE_ASSIGNMENT((#12361));
#12361 = SURFACE_STYLE_USAGE(.BOTH.,#12362);
#12362 = SURFACE_SIDE_STYLE('',(#12363));
#12363 = SURFACE_STYLE_FILL_AREA(#12364);
#12364 = FILL_AREA_STYLE('',(#12365));
#12365 = FILL_AREA_STYLE_COLOUR('',#12106);
#12366 = STYLED_ITEM('color',(#12367),#1670);
#12367 = PRESENTATION_STYLE_ASSIGNMENT((#12368));
#12368 = SURFACE_STYLE_USAGE(.BOTH.,#12369);
#12369 = SURFACE_SIDE_STYLE('',(#12370));
#12370 = SURFACE_STYLE_FILL_AREA(#12371);
#12371 = FILL_AREA_STYLE('',(#12372));
#12372 = FILL_AREA_STYLE_COLOUR('',#12106);
#12373 = STYLED_ITEM('color',(#12374),#1687);
#12374 = PRESENTATION_STYLE_ASSIGNMENT((#12375));
#12375 = SURFACE_STYLE_USAGE(.BOTH.,#12376);
#12376 = SURFACE_SIDE_STYLE('',(#12377));
#12377 = SURFACE_STYLE_FILL_AREA(#12378);
#12378 = FILL_AREA_STYLE('',(#12379));
#12379 = FILL_AREA_STYLE_COLOUR('',#12106);
#12380 = STYLED_ITEM('color',(#12381),#1704);
#12381 = PRESENTATION_STYLE_ASSIGNMENT((#12382));
#12382 = SURFACE_STYLE_USAGE(.BOTH.,#12383);
#12383 = SURFACE_SIDE_STYLE('',(#12384));
#12384 = SURFACE_STYLE_FILL_AREA(#12385);
#12385 = FILL_AREA_STYLE('',(#12386));
#12386 = FILL_AREA_STYLE_COLOUR('',#12106);
#12387 = STYLED_ITEM('color',(#12388),#1721);
#12388 = PRESENTATION_STYLE_ASSIGNMENT((#12389));
#12389 = SURFACE_STYLE_USAGE(.BOTH.,#12390);
#12390 = SURFACE_SIDE_STYLE('',(#12391));
#12391 = SURFACE_STYLE_FILL_AREA(#12392);
#12392 = FILL_AREA_STYLE('',(#12393));
#12393 = FILL_AREA_STYLE_COLOUR('',#12106);
#12394 = STYLED_ITEM('color',(#12395),#1738);
#12395 = PRESENTATION_STYLE_ASSIGNMENT((#12396));
#12396 = SURFACE_STYLE_USAGE(.BOTH.,#12397);
#12397 = SURFACE_SIDE_STYLE('',(#12398));
#12398 = SURFACE_STYLE_FILL_AREA(#12399);
#12399 = FILL_AREA_STYLE('',(#12400));
#12400 = FILL_AREA_STYLE_COLOUR('',#12106);
#12401 = STYLED_ITEM('color',(#12402),#1755);
#12402 = PRESENTATION_STYLE_ASSIGNMENT((#12403));
#12403 = SURFACE_STYLE_USAGE(.BOTH.,#12404);
#12404 = SURFACE_SIDE_STYLE('',(#12405));
#12405 = SURFACE_STYLE_FILL_AREA(#12406);
#12406 = FILL_AREA_STYLE('',(#12407));
#12407 = FILL_AREA_STYLE_COLOUR('',#12106);
#12408 = STYLED_ITEM('color',(#12409),#1772);
#12409 = PRESENTATION_STYLE_ASSIGNMENT((#12410));
#12410 = SURFACE_STYLE_USAGE(.BOTH.,#12411);
#12411 = SURFACE_SIDE_STYLE('',(#12412));
#12412 = SURFACE_STYLE_FILL_AREA(#12413);
#12413 = FILL_AREA_STYLE('',(#12414));
#12414 = FILL_AREA_STYLE_COLOUR('',#12106);
#12415 = STYLED_ITEM('color',(#12416),#1789);
#12416 = PRESENTATION_STYLE_ASSIGNMENT((#12417));
#12417 = SURFACE_STYLE_USAGE(.BOTH.,#12418);
#12418 = SURFACE_SIDE_STYLE('',(#12419));
#12419 = SURFACE_STYLE_FILL_AREA(#12420);
#12420 = FILL_AREA_STYLE('',(#12421));
#12421 = FILL_AREA_STYLE_COLOUR('',#12106);
#12422 = STYLED_ITEM('color',(#12423),#1806);
#12423 = PRESENTATION_STYLE_ASSIGNMENT((#12424));
#12424 = SURFACE_STYLE_USAGE(.BOTH.,#12425);
#12425 = SURFACE_SIDE_STYLE('',(#12426));
#12426 = SURFACE_STYLE_FILL_AREA(#12427);
#12427 = FILL_AREA_STYLE('',(#12428));
#12428 = FILL_AREA_STYLE_COLOUR('',#12106);
#12429 = STYLED_ITEM('color',(#12430),#1823);
#12430 = PRESENTATION_STYLE_ASSIGNMENT((#12431));
#12431 = SURFACE_STYLE_USAGE(.BOTH.,#12432);
#12432 = SURFACE_SIDE_STYLE('',(#12433));
#12433 = SURFACE_STYLE_FILL_AREA(#12434);
#12434 = FILL_AREA_STYLE('',(#12435));
#12435 = FILL_AREA_STYLE_COLOUR('',#12106);
#12436 = STYLED_ITEM('color',(#12437),#1840);
#12437 = PRESENTATION_STYLE_ASSIGNMENT((#12438));
#12438 = SURFACE_STYLE_USAGE(.BOTH.,#12439);
#12439 = SURFACE_SIDE_STYLE('',(#12440));
#12440 = SURFACE_STYLE_FILL_AREA(#12441);
#12441 = FILL_AREA_STYLE('',(#12442));
#12442 = FILL_AREA_STYLE_COLOUR('',#12106);
#12443 = STYLED_ITEM('color',(#12444),#1852);
#12444 = PRESENTATION_STYLE_ASSIGNMENT((#12445));
#12445 = SURFACE_STYLE_USAGE(.BOTH.,#12446);
#12446 = SURFACE_SIDE_STYLE('',(#12447));
#12447 = SURFACE_STYLE_FILL_AREA(#12448);
#12448 = FILL_AREA_STYLE('',(#12449));
#12449 = FILL_AREA_STYLE_COLOUR('',#12106);
#12450 = STYLED_ITEM('color',(#12451),#1869);
#12451 = PRESENTATION_STYLE_ASSIGNMENT((#12452));
#12452 = SURFACE_STYLE_USAGE(.BOTH.,#12453);
#12453 = SURFACE_SIDE_STYLE('',(#12454));
#12454 = SURFACE_STYLE_FILL_AREA(#12455);
#12455 = FILL_AREA_STYLE('',(#12456));
#12456 = FILL_AREA_STYLE_COLOUR('',#12106);
#12457 = STYLED_ITEM('color',(#12458),#1886);
#12458 = PRESENTATION_STYLE_ASSIGNMENT((#12459));
#12459 = SURFACE_STYLE_USAGE(.BOTH.,#12460);
#12460 = SURFACE_SIDE_STYLE('',(#12461));
#12461 = SURFACE_STYLE_FILL_AREA(#12462);
#12462 = FILL_AREA_STYLE('',(#12463));
#12463 = FILL_AREA_STYLE_COLOUR('',#12106);
#12464 = STYLED_ITEM('color',(#12465),#1903);
#12465 = PRESENTATION_STYLE_ASSIGNMENT((#12466));
#12466 = SURFACE_STYLE_USAGE(.BOTH.,#12467);
#12467 = SURFACE_SIDE_STYLE('',(#12468));
#12468 = SURFACE_STYLE_FILL_AREA(#12469);
#12469 = FILL_AREA_STYLE('',(#12470));
#12470 = FILL_AREA_STYLE_COLOUR('',#12106);
#12471 = STYLED_ITEM('color',(#12472),#1949);
#12472 = PRESENTATION_STYLE_ASSIGNMENT((#12473));
#12473 = SURFACE_STYLE_USAGE(.BOTH.,#12474);
#12474 = SURFACE_SIDE_STYLE('',(#12475));
#12475 = SURFACE_STYLE_FILL_AREA(#12476);
#12476 = FILL_AREA_STYLE('',(#12477));
#12477 = FILL_AREA_STYLE_COLOUR('',#12106);
#12478 = STYLED_ITEM('color',(#12479),#1995);
#12479 = PRESENTATION_STYLE_ASSIGNMENT((#12480));
#12480 = SURFACE_STYLE_USAGE(.BOTH.,#12481);
#12481 = SURFACE_SIDE_STYLE('',(#12482));
#12482 = SURFACE_STYLE_FILL_AREA(#12483);
#12483 = FILL_AREA_STYLE('',(#12484));
#12484 = FILL_AREA_STYLE_COLOUR('',#12106);
#12485 = STYLED_ITEM('color',(#12486),#2041);
#12486 = PRESENTATION_STYLE_ASSIGNMENT((#12487));
#12487 = SURFACE_STYLE_USAGE(.BOTH.,#12488);
#12488 = SURFACE_SIDE_STYLE('',(#12489));
#12489 = SURFACE_STYLE_FILL_AREA(#12490);
#12490 = FILL_AREA_STYLE('',(#12491));
#12491 = FILL_AREA_STYLE_COLOUR('',#12492);
#12492 = COLOUR_RGB('',0.823529417451,0.819607860991,0.780392170416);
#12493 = STYLED_ITEM('color',(#12494),#2072);
#12494 = PRESENTATION_STYLE_ASSIGNMENT((#12495));
#12495 = SURFACE_STYLE_USAGE(.BOTH.,#12496);
#12496 = SURFACE_SIDE_STYLE('',(#12497));
#12497 = SURFACE_STYLE_FILL_AREA(#12498);
#12498 = FILL_AREA_STYLE('',(#12499));
#12499 = FILL_AREA_STYLE_COLOUR('',#12492);
#12500 = STYLED_ITEM('color',(#12501),#2096);
#12501 = PRESENTATION_STYLE_ASSIGNMENT((#12502));
#12502 = SURFACE_STYLE_USAGE(.BOTH.,#12503);
#12503 = SURFACE_SIDE_STYLE('',(#12504));
#12504 = SURFACE_STYLE_FILL_AREA(#12505);
#12505 = FILL_AREA_STYLE('',(#12506));
#12506 = FILL_AREA_STYLE_COLOUR('',#12492);
#12507 = STYLED_ITEM('color',(#12508),#2120);
#12508 = PRESENTATION_STYLE_ASSIGNMENT((#12509));
#12509 = SURFACE_STYLE_USAGE(.BOTH.,#12510);
#12510 = SURFACE_SIDE_STYLE('',(#12511));
#12511 = SURFACE_STYLE_FILL_AREA(#12512);
#12512 = FILL_AREA_STYLE('',(#12513));
#12513 = FILL_AREA_STYLE_COLOUR('',#12492);
#12514 = STYLED_ITEM('color',(#12515),#2137);
#12515 = PRESENTATION_STYLE_ASSIGNMENT((#12516));
#12516 = SURFACE_STYLE_USAGE(.BOTH.,#12517);
#12517 = SURFACE_SIDE_STYLE('',(#12518));
#12518 = SURFACE_STYLE_FILL_AREA(#12519);
#12519 = FILL_AREA_STYLE('',(#12520));
#12520 = FILL_AREA_STYLE_COLOUR('',#12492);
#12521 = STYLED_ITEM('color',(#12522),#2168);
#12522 = PRESENTATION_STYLE_ASSIGNMENT((#12523));
#12523 = SURFACE_STYLE_USAGE(.BOTH.,#12524);
#12524 = SURFACE_SIDE_STYLE('',(#12525));
#12525 = SURFACE_STYLE_FILL_AREA(#12526);
#12526 = FILL_AREA_STYLE('',(#12527));
#12527 = FILL_AREA_STYLE_COLOUR('',#12492);
#12528 = STYLED_ITEM('color',(#12529),#2192);
#12529 = PRESENTATION_STYLE_ASSIGNMENT((#12530));
#12530 = SURFACE_STYLE_USAGE(.BOTH.,#12531);
#12531 = SURFACE_SIDE_STYLE('',(#12532));
#12532 = SURFACE_STYLE_FILL_AREA(#12533);
#12533 = FILL_AREA_STYLE('',(#12534));
#12534 = FILL_AREA_STYLE_COLOUR('',#12492);
#12535 = STYLED_ITEM('color',(#12536),#2216);
#12536 = PRESENTATION_STYLE_ASSIGNMENT((#12537));
#12537 = SURFACE_STYLE_USAGE(.BOTH.,#12538);
#12538 = SURFACE_SIDE_STYLE('',(#12539));
#12539 = SURFACE_STYLE_FILL_AREA(#12540);
#12540 = FILL_AREA_STYLE('',(#12541));
#12541 = FILL_AREA_STYLE_COLOUR('',#12492);
#12542 = STYLED_ITEM('color',(#12543),#2233);
#12543 = PRESENTATION_STYLE_ASSIGNMENT((#12544));
#12544 = SURFACE_STYLE_USAGE(.BOTH.,#12545);
#12545 = SURFACE_SIDE_STYLE('',(#12546));
#12546 = SURFACE_STYLE_FILL_AREA(#12547);
#12547 = FILL_AREA_STYLE('',(#12548));
#12548 = FILL_AREA_STYLE_COLOUR('',#12492);
#12549 = STYLED_ITEM('color',(#12550),#2264);
#12550 = PRESENTATION_STYLE_ASSIGNMENT((#12551));
#12551 = SURFACE_STYLE_USAGE(.BOTH.,#12552);
#12552 = SURFACE_SIDE_STYLE('',(#12553));
#12553 = SURFACE_STYLE_FILL_AREA(#12554);
#12554 = FILL_AREA_STYLE('',(#12555));
#12555 = FILL_AREA_STYLE_COLOUR('',#12492);
#12556 = STYLED_ITEM('color',(#12557),#2288);
#12557 = PRESENTATION_STYLE_ASSIGNMENT((#12558));
#12558 = SURFACE_STYLE_USAGE(.BOTH.,#12559);
#12559 = SURFACE_SIDE_STYLE('',(#12560));
#12560 = SURFACE_STYLE_FILL_AREA(#12561);
#12561 = FILL_AREA_STYLE('',(#12562));
#12562 = FILL_AREA_STYLE_COLOUR('',#12492);
#12563 = STYLED_ITEM('color',(#12564),#2312);
#12564 = PRESENTATION_STYLE_ASSIGNMENT((#12565));
#12565 = SURFACE_STYLE_USAGE(.BOTH.,#12566);
#12566 = SURFACE_SIDE_STYLE('',(#12567));
#12567 = SURFACE_STYLE_FILL_AREA(#12568);
#12568 = FILL_AREA_STYLE('',(#12569));
#12569 = FILL_AREA_STYLE_COLOUR('',#12492);
#12570 = STYLED_ITEM('color',(#12571),#2329);
#12571 = PRESENTATION_STYLE_ASSIGNMENT((#12572));
#12572 = SURFACE_STYLE_USAGE(.BOTH.,#12573);
#12573 = SURFACE_SIDE_STYLE('',(#12574));
#12574 = SURFACE_STYLE_FILL_AREA(#12575);
#12575 = FILL_AREA_STYLE('',(#12576));
#12576 = FILL_AREA_STYLE_COLOUR('',#12492);
#12577 = STYLED_ITEM('color',(#12578),#2392);
#12578 = PRESENTATION_STYLE_ASSIGNMENT((#12579));
#12579 = SURFACE_STYLE_USAGE(.BOTH.,#12580);
#12580 = SURFACE_SIDE_STYLE('',(#12581));
#12581 = SURFACE_STYLE_FILL_AREA(#12582);
#12582 = FILL_AREA_STYLE('',(#12583));
#12583 = FILL_AREA_STYLE_COLOUR('',#12492);
#12584 = STYLED_ITEM('color',(#12585),#2416);
#12585 = PRESENTATION_STYLE_ASSIGNMENT((#12586));
#12586 = SURFACE_STYLE_USAGE(.BOTH.,#12587);
#12587 = SURFACE_SIDE_STYLE('',(#12588));
#12588 = SURFACE_STYLE_FILL_AREA(#12589);
#12589 = FILL_AREA_STYLE('',(#12590));
#12590 = FILL_AREA_STYLE_COLOUR('',#12492);
#12591 = STYLED_ITEM('color',(#12592),#2472);
#12592 = PRESENTATION_STYLE_ASSIGNMENT((#12593));
#12593 = SURFACE_STYLE_USAGE(.BOTH.,#12594);
#12594 = SURFACE_SIDE_STYLE('',(#12595));
#12595 = SURFACE_STYLE_FILL_AREA(#12596);
#12596 = FILL_AREA_STYLE('',(#12597));
#12597 = FILL_AREA_STYLE_COLOUR('',#12492);
#12598 = STYLED_ITEM('color',(#12599),#2489);
#12599 = PRESENTATION_STYLE_ASSIGNMENT((#12600));
#12600 = SURFACE_STYLE_USAGE(.BOTH.,#12601);
#12601 = SURFACE_SIDE_STYLE('',(#12602));
#12602 = SURFACE_STYLE_FILL_AREA(#12603);
#12603 = FILL_AREA_STYLE('',(#12604));
#12604 = FILL_AREA_STYLE_COLOUR('',#12492);
#12605 = STYLED_ITEM('color',(#12606),#2520);
#12606 = PRESENTATION_STYLE_ASSIGNMENT((#12607));
#12607 = SURFACE_STYLE_USAGE(.BOTH.,#12608);
#12608 = SURFACE_SIDE_STYLE('',(#12609));
#12609 = SURFACE_STYLE_FILL_AREA(#12610);
#12610 = FILL_AREA_STYLE('',(#12611));
#12611 = FILL_AREA_STYLE_COLOUR('',#12492);
#12612 = STYLED_ITEM('color',(#12613),#2544);
#12613 = PRESENTATION_STYLE_ASSIGNMENT((#12614));
#12614 = SURFACE_STYLE_USAGE(.BOTH.,#12615);
#12615 = SURFACE_SIDE_STYLE('',(#12616));
#12616 = SURFACE_STYLE_FILL_AREA(#12617);
#12617 = FILL_AREA_STYLE('',(#12618));
#12618 = FILL_AREA_STYLE_COLOUR('',#12492);
#12619 = STYLED_ITEM('color',(#12620),#2568);
#12620 = PRESENTATION_STYLE_ASSIGNMENT((#12621));
#12621 = SURFACE_STYLE_USAGE(.BOTH.,#12622);
#12622 = SURFACE_SIDE_STYLE('',(#12623));
#12623 = SURFACE_STYLE_FILL_AREA(#12624);
#12624 = FILL_AREA_STYLE('',(#12625));
#12625 = FILL_AREA_STYLE_COLOUR('',#12492);
#12626 = STYLED_ITEM('color',(#12627),#2585);
#12627 = PRESENTATION_STYLE_ASSIGNMENT((#12628));
#12628 = SURFACE_STYLE_USAGE(.BOTH.,#12629);
#12629 = SURFACE_SIDE_STYLE('',(#12630));
#12630 = SURFACE_STYLE_FILL_AREA(#12631);
#12631 = FILL_AREA_STYLE('',(#12632));
#12632 = FILL_AREA_STYLE_COLOUR('',#12492);
#12633 = STYLED_ITEM('color',(#12634),#2648);
#12634 = PRESENTATION_STYLE_ASSIGNMENT((#12635));
#12635 = SURFACE_STYLE_USAGE(.BOTH.,#12636);
#12636 = SURFACE_SIDE_STYLE('',(#12637));
#12637 = SURFACE_STYLE_FILL_AREA(#12638);
#12638 = FILL_AREA_STYLE('',(#12639));
#12639 = FILL_AREA_STYLE_COLOUR('',#12492);
#12640 = STYLED_ITEM('color',(#12641),#2672);
#12641 = PRESENTATION_STYLE_ASSIGNMENT((#12642));
#12642 = SURFACE_STYLE_USAGE(.BOTH.,#12643);
#12643 = SURFACE_SIDE_STYLE('',(#12644));
#12644 = SURFACE_STYLE_FILL_AREA(#12645);
#12645 = FILL_AREA_STYLE('',(#12646));
#12646 = FILL_AREA_STYLE_COLOUR('',#12492);
#12647 = STYLED_ITEM('color',(#12648),#2728);
#12648 = PRESENTATION_STYLE_ASSIGNMENT((#12649));
#12649 = SURFACE_STYLE_USAGE(.BOTH.,#12650);
#12650 = SURFACE_SIDE_STYLE('',(#12651));
#12651 = SURFACE_STYLE_FILL_AREA(#12652);
#12652 = FILL_AREA_STYLE('',(#12653));
#12653 = FILL_AREA_STYLE_COLOUR('',#12492);
#12654 = STYLED_ITEM('color',(#12655),#2745);
#12655 = PRESENTATION_STYLE_ASSIGNMENT((#12656));
#12656 = SURFACE_STYLE_USAGE(.BOTH.,#12657);
#12657 = SURFACE_SIDE_STYLE('',(#12658));
#12658 = SURFACE_STYLE_FILL_AREA(#12659);
#12659 = FILL_AREA_STYLE('',(#12660));
#12660 = FILL_AREA_STYLE_COLOUR('',#12492);
#12661 = STYLED_ITEM('color',(#12662),#2776);
#12662 = PRESENTATION_STYLE_ASSIGNMENT((#12663));
#12663 = SURFACE_STYLE_USAGE(.BOTH.,#12664);
#12664 = SURFACE_SIDE_STYLE('',(#12665));
#12665 = SURFACE_STYLE_FILL_AREA(#12666);
#12666 = FILL_AREA_STYLE('',(#12667));
#12667 = FILL_AREA_STYLE_COLOUR('',#12492);
#12668 = STYLED_ITEM('color',(#12669),#2800);
#12669 = PRESENTATION_STYLE_ASSIGNMENT((#12670));
#12670 = SURFACE_STYLE_USAGE(.BOTH.,#12671);
#12671 = SURFACE_SIDE_STYLE('',(#12672));
#12672 = SURFACE_STYLE_FILL_AREA(#12673);
#12673 = FILL_AREA_STYLE('',(#12674));
#12674 = FILL_AREA_STYLE_COLOUR('',#12492);
#12675 = STYLED_ITEM('color',(#12676),#2824);
#12676 = PRESENTATION_STYLE_ASSIGNMENT((#12677));
#12677 = SURFACE_STYLE_USAGE(.BOTH.,#12678);
#12678 = SURFACE_SIDE_STYLE('',(#12679));
#12679 = SURFACE_STYLE_FILL_AREA(#12680);
#12680 = FILL_AREA_STYLE('',(#12681));
#12681 = FILL_AREA_STYLE_COLOUR('',#12492);
#12682 = STYLED_ITEM('color',(#12683),#2841);
#12683 = PRESENTATION_STYLE_ASSIGNMENT((#12684));
#12684 = SURFACE_STYLE_USAGE(.BOTH.,#12685);
#12685 = SURFACE_SIDE_STYLE('',(#12686));
#12686 = SURFACE_STYLE_FILL_AREA(#12687);
#12687 = FILL_AREA_STYLE('',(#12688));
#12688 = FILL_AREA_STYLE_COLOUR('',#12492);
#12689 = STYLED_ITEM('color',(#12690),#2872);
#12690 = PRESENTATION_STYLE_ASSIGNMENT((#12691));
#12691 = SURFACE_STYLE_USAGE(.BOTH.,#12692);
#12692 = SURFACE_SIDE_STYLE('',(#12693));
#12693 = SURFACE_STYLE_FILL_AREA(#12694);
#12694 = FILL_AREA_STYLE('',(#12695));
#12695 = FILL_AREA_STYLE_COLOUR('',#12492);
#12696 = STYLED_ITEM('color',(#12697),#2896);
#12697 = PRESENTATION_STYLE_ASSIGNMENT((#12698));
#12698 = SURFACE_STYLE_USAGE(.BOTH.,#12699);
#12699 = SURFACE_SIDE_STYLE('',(#12700));
#12700 = SURFACE_STYLE_FILL_AREA(#12701);
#12701 = FILL_AREA_STYLE('',(#12702));
#12702 = FILL_AREA_STYLE_COLOUR('',#12492);
#12703 = STYLED_ITEM('color',(#12704),#2920);
#12704 = PRESENTATION_STYLE_ASSIGNMENT((#12705));
#12705 = SURFACE_STYLE_USAGE(.BOTH.,#12706);
#12706 = SURFACE_SIDE_STYLE('',(#12707));
#12707 = SURFACE_STYLE_FILL_AREA(#12708);
#12708 = FILL_AREA_STYLE('',(#12709));
#12709 = FILL_AREA_STYLE_COLOUR('',#12492);
#12710 = STYLED_ITEM('color',(#12711),#2937);
#12711 = PRESENTATION_STYLE_ASSIGNMENT((#12712));
#12712 = SURFACE_STYLE_USAGE(.BOTH.,#12713);
#12713 = SURFACE_SIDE_STYLE('',(#12714));
#12714 = SURFACE_STYLE_FILL_AREA(#12715);
#12715 = FILL_AREA_STYLE('',(#12716));
#12716 = FILL_AREA_STYLE_COLOUR('',#12492);
#12717 = STYLED_ITEM('color',(#12718),#2968);
#12718 = PRESENTATION_STYLE_ASSIGNMENT((#12719));
#12719 = SURFACE_STYLE_USAGE(.BOTH.,#12720);
#12720 = SURFACE_SIDE_STYLE('',(#12721));
#12721 = SURFACE_STYLE_FILL_AREA(#12722);
#12722 = FILL_AREA_STYLE('',(#12723));
#12723 = FILL_AREA_STYLE_COLOUR('',#12492);
#12724 = STYLED_ITEM('color',(#12725),#2992);
#12725 = PRESENTATION_STYLE_ASSIGNMENT((#12726));
#12726 = SURFACE_STYLE_USAGE(.BOTH.,#12727);
#12727 = SURFACE_SIDE_STYLE('',(#12728));
#12728 = SURFACE_STYLE_FILL_AREA(#12729);
#12729 = FILL_AREA_STYLE('',(#12730));
#12730 = FILL_AREA_STYLE_COLOUR('',#12492);
#12731 = STYLED_ITEM('color',(#12732),#3016);
#12732 = PRESENTATION_STYLE_ASSIGNMENT((#12733));
#12733 = SURFACE_STYLE_USAGE(.BOTH.,#12734);
#12734 = SURFACE_SIDE_STYLE('',(#12735));
#12735 = SURFACE_STYLE_FILL_AREA(#12736);
#12736 = FILL_AREA_STYLE('',(#12737));
#12737 = FILL_AREA_STYLE_COLOUR('',#12492);
#12738 = STYLED_ITEM('color',(#12739),#3033);
#12739 = PRESENTATION_STYLE_ASSIGNMENT((#12740));
#12740 = SURFACE_STYLE_USAGE(.BOTH.,#12741);
#12741 = SURFACE_SIDE_STYLE('',(#12742));
#12742 = SURFACE_STYLE_FILL_AREA(#12743);
#12743 = FILL_AREA_STYLE('',(#12744));
#12744 = FILL_AREA_STYLE_COLOUR('',#12492);
#12745 = STYLED_ITEM('color',(#12746),#3080);
#12746 = PRESENTATION_STYLE_ASSIGNMENT((#12747));
#12747 = SURFACE_STYLE_USAGE(.BOTH.,#12748);
#12748 = SURFACE_SIDE_STYLE('',(#12749));
#12749 = SURFACE_STYLE_FILL_AREA(#12750);
#12750 = FILL_AREA_STYLE('',(#12751));
#12751 = FILL_AREA_STYLE_COLOUR('',#12492);
#12752 = STYLED_ITEM('color',(#12753),#3111);
#12753 = PRESENTATION_STYLE_ASSIGNMENT((#12754));
#12754 = SURFACE_STYLE_USAGE(.BOTH.,#12755);
#12755 = SURFACE_SIDE_STYLE('',(#12756));
#12756 = SURFACE_STYLE_FILL_AREA(#12757);
#12757 = FILL_AREA_STYLE('',(#12758));
#12758 = FILL_AREA_STYLE_COLOUR('',#12492);
#12759 = STYLED_ITEM('color',(#12760),#3123);
#12760 = PRESENTATION_STYLE_ASSIGNMENT((#12761));
#12761 = SURFACE_STYLE_USAGE(.BOTH.,#12762);
#12762 = SURFACE_SIDE_STYLE('',(#12763));
#12763 = SURFACE_STYLE_FILL_AREA(#12764);
#12764 = FILL_AREA_STYLE('',(#12765));
#12765 = FILL_AREA_STYLE_COLOUR('',#12492);
#12766 = STYLED_ITEM('color',(#12767),#3140);
#12767 = PRESENTATION_STYLE_ASSIGNMENT((#12768));
#12768 = SURFACE_STYLE_USAGE(.BOTH.,#12769);
#12769 = SURFACE_SIDE_STYLE('',(#12770));
#12770 = SURFACE_STYLE_FILL_AREA(#12771);
#12771 = FILL_AREA_STYLE('',(#12772));
#12772 = FILL_AREA_STYLE_COLOUR('',#12492);
#12773 = STYLED_ITEM('color',(#12774),#3166);
#12774 = PRESENTATION_STYLE_ASSIGNMENT((#12775));
#12775 = SURFACE_STYLE_USAGE(.BOTH.,#12776);
#12776 = SURFACE_SIDE_STYLE('',(#12777));
#12777 = SURFACE_STYLE_FILL_AREA(#12778);
#12778 = FILL_AREA_STYLE('',(#12779));
#12779 = FILL_AREA_STYLE_COLOUR('',#12492);
#12780 = STYLED_ITEM('color',(#12781),#3199);
#12781 = PRESENTATION_STYLE_ASSIGNMENT((#12782));
#12782 = SURFACE_STYLE_USAGE(.BOTH.,#12783);
#12783 = SURFACE_SIDE_STYLE('',(#12784));
#12784 = SURFACE_STYLE_FILL_AREA(#12785);
#12785 = FILL_AREA_STYLE('',(#12786));
#12786 = FILL_AREA_STYLE_COLOUR('',#12492);
#12787 = STYLED_ITEM('color',(#12788),#3230);
#12788 = PRESENTATION_STYLE_ASSIGNMENT((#12789));
#12789 = SURFACE_STYLE_USAGE(.BOTH.,#12790);
#12790 = SURFACE_SIDE_STYLE('',(#12791));
#12791 = SURFACE_STYLE_FILL_AREA(#12792);
#12792 = FILL_AREA_STYLE('',(#12793));
#12793 = FILL_AREA_STYLE_COLOUR('',#12492);
#12794 = STYLED_ITEM('color',(#12795),#3254);
#12795 = PRESENTATION_STYLE_ASSIGNMENT((#12796));
#12796 = SURFACE_STYLE_USAGE(.BOTH.,#12797);
#12797 = SURFACE_SIDE_STYLE('',(#12798));
#12798 = SURFACE_STYLE_FILL_AREA(#12799);
#12799 = FILL_AREA_STYLE('',(#12800));
#12800 = FILL_AREA_STYLE_COLOUR('',#12492);
#12801 = STYLED_ITEM('color',(#12802),#3278);
#12802 = PRESENTATION_STYLE_ASSIGNMENT((#12803));
#12803 = SURFACE_STYLE_USAGE(.BOTH.,#12804);
#12804 = SURFACE_SIDE_STYLE('',(#12805));
#12805 = SURFACE_STYLE_FILL_AREA(#12806);
#12806 = FILL_AREA_STYLE('',(#12807));
#12807 = FILL_AREA_STYLE_COLOUR('',#12492);
#12808 = STYLED_ITEM('color',(#12809),#3295);
#12809 = PRESENTATION_STYLE_ASSIGNMENT((#12810));
#12810 = SURFACE_STYLE_USAGE(.BOTH.,#12811);
#12811 = SURFACE_SIDE_STYLE('',(#12812));
#12812 = SURFACE_STYLE_FILL_AREA(#12813);
#12813 = FILL_AREA_STYLE('',(#12814));
#12814 = FILL_AREA_STYLE_COLOUR('',#12492);
#12815 = STYLED_ITEM('color',(#12816),#3342);
#12816 = PRESENTATION_STYLE_ASSIGNMENT((#12817));
#12817 = SURFACE_STYLE_USAGE(.BOTH.,#12818);
#12818 = SURFACE_SIDE_STYLE('',(#12819));
#12819 = SURFACE_STYLE_FILL_AREA(#12820);
#12820 = FILL_AREA_STYLE('',(#12821));
#12821 = FILL_AREA_STYLE_COLOUR('',#12492);
#12822 = STYLED_ITEM('color',(#12823),#3373);
#12823 = PRESENTATION_STYLE_ASSIGNMENT((#12824));
#12824 = SURFACE_STYLE_USAGE(.BOTH.,#12825);
#12825 = SURFACE_SIDE_STYLE('',(#12826));
#12826 = SURFACE_STYLE_FILL_AREA(#12827);
#12827 = FILL_AREA_STYLE('',(#12828));
#12828 = FILL_AREA_STYLE_COLOUR('',#12492);
#12829 = STYLED_ITEM('color',(#12830),#3385);
#12830 = PRESENTATION_STYLE_ASSIGNMENT((#12831));
#12831 = SURFACE_STYLE_USAGE(.BOTH.,#12832);
#12832 = SURFACE_SIDE_STYLE('',(#12833));
#12833 = SURFACE_STYLE_FILL_AREA(#12834);
#12834 = FILL_AREA_STYLE('',(#12835));
#12835 = FILL_AREA_STYLE_COLOUR('',#12492);
#12836 = STYLED_ITEM('color',(#12837),#3402);
#12837 = PRESENTATION_STYLE_ASSIGNMENT((#12838));
#12838 = SURFACE_STYLE_USAGE(.BOTH.,#12839);
#12839 = SURFACE_SIDE_STYLE('',(#12840));
#12840 = SURFACE_STYLE_FILL_AREA(#12841);
#12841 = FILL_AREA_STYLE('',(#12842));
#12842 = FILL_AREA_STYLE_COLOUR('',#12492);
#12843 = STYLED_ITEM('color',(#12844),#3428);
#12844 = PRESENTATION_STYLE_ASSIGNMENT((#12845));
#12845 = SURFACE_STYLE_USAGE(.BOTH.,#12846);
#12846 = SURFACE_SIDE_STYLE('',(#12847));
#12847 = SURFACE_STYLE_FILL_AREA(#12848);
#12848 = FILL_AREA_STYLE('',(#12849));
#12849 = FILL_AREA_STYLE_COLOUR('',#12492);
#12850 = STYLED_ITEM('color',(#12851),#3461);
#12851 = PRESENTATION_STYLE_ASSIGNMENT((#12852));
#12852 = SURFACE_STYLE_USAGE(.BOTH.,#12853);
#12853 = SURFACE_SIDE_STYLE('',(#12854));
#12854 = SURFACE_STYLE_FILL_AREA(#12855);
#12855 = FILL_AREA_STYLE('',(#12856));
#12856 = FILL_AREA_STYLE_COLOUR('',#12492);
#12857 = STYLED_ITEM('color',(#12858),#3473);
#12858 = PRESENTATION_STYLE_ASSIGNMENT((#12859));
#12859 = SURFACE_STYLE_USAGE(.BOTH.,#12860);
#12860 = SURFACE_SIDE_STYLE('',(#12861));
#12861 = SURFACE_STYLE_FILL_AREA(#12862);
#12862 = FILL_AREA_STYLE('',(#12863));
#12863 = FILL_AREA_STYLE_COLOUR('',#12492);
#12864 = STYLED_ITEM('color',(#12865),#3485);
#12865 = PRESENTATION_STYLE_ASSIGNMENT((#12866));
#12866 = SURFACE_STYLE_USAGE(.BOTH.,#12867);
#12867 = SURFACE_SIDE_STYLE('',(#12868));
#12868 = SURFACE_STYLE_FILL_AREA(#12869);
#12869 = FILL_AREA_STYLE('',(#12870));
#12870 = FILL_AREA_STYLE_COLOUR('',#12492);
#12871 = STYLED_ITEM('color',(#12872),#3497);
#12872 = PRESENTATION_STYLE_ASSIGNMENT((#12873));
#12873 = SURFACE_STYLE_USAGE(.BOTH.,#12874);
#12874 = SURFACE_SIDE_STYLE('',(#12875));
#12875 = SURFACE_STYLE_FILL_AREA(#12876);
#12876 = FILL_AREA_STYLE('',(#12877));
#12877 = FILL_AREA_STYLE_COLOUR('',#12492);
#12878 = STYLED_ITEM('color',(#12879),#3514);
#12879 = PRESENTATION_STYLE_ASSIGNMENT((#12880));
#12880 = SURFACE_STYLE_USAGE(.BOTH.,#12881);
#12881 = SURFACE_SIDE_STYLE('',(#12882));
#12882 = SURFACE_STYLE_FILL_AREA(#12883);
#12883 = FILL_AREA_STYLE('',(#12884));
#12884 = FILL_AREA_STYLE_COLOUR('',#12492);
#12885 = STYLED_ITEM('color',(#12886),#3531);
#12886 = PRESENTATION_STYLE_ASSIGNMENT((#12887));
#12887 = SURFACE_STYLE_USAGE(.BOTH.,#12888);
#12888 = SURFACE_SIDE_STYLE('',(#12889));
#12889 = SURFACE_STYLE_FILL_AREA(#12890);
#12890 = FILL_AREA_STYLE('',(#12891));
#12891 = FILL_AREA_STYLE_COLOUR('',#12492);
#12892 = STYLED_ITEM('color',(#12893),#3543);
#12893 = PRESENTATION_STYLE_ASSIGNMENT((#12894));
#12894 = SURFACE_STYLE_USAGE(.BOTH.,#12895);
#12895 = SURFACE_SIDE_STYLE('',(#12896));
#12896 = SURFACE_STYLE_FILL_AREA(#12897);
#12897 = FILL_AREA_STYLE('',(#12898));
#12898 = FILL_AREA_STYLE_COLOUR('',#12492);
#12899 = STYLED_ITEM('color',(#12900),#3555);
#12900 = PRESENTATION_STYLE_ASSIGNMENT((#12901));
#12901 = SURFACE_STYLE_USAGE(.BOTH.,#12902);
#12902 = SURFACE_SIDE_STYLE('',(#12903));
#12903 = SURFACE_STYLE_FILL_AREA(#12904);
#12904 = FILL_AREA_STYLE('',(#12905));
#12905 = FILL_AREA_STYLE_COLOUR('',#12492);
#12906 = STYLED_ITEM('color',(#12907),#3572);
#12907 = PRESENTATION_STYLE_ASSIGNMENT((#12908));
#12908 = SURFACE_STYLE_USAGE(.BOTH.,#12909);
#12909 = SURFACE_SIDE_STYLE('',(#12910));
#12910 = SURFACE_STYLE_FILL_AREA(#12911);
#12911 = FILL_AREA_STYLE('',(#12912));
#12912 = FILL_AREA_STYLE_COLOUR('',#12492);
#12913 = STYLED_ITEM('color',(#12914),#3589);
#12914 = PRESENTATION_STYLE_ASSIGNMENT((#12915));
#12915 = SURFACE_STYLE_USAGE(.BOTH.,#12916);
#12916 = SURFACE_SIDE_STYLE('',(#12917));
#12917 = SURFACE_STYLE_FILL_AREA(#12918);
#12918 = FILL_AREA_STYLE('',(#12919));
#12919 = FILL_AREA_STYLE_COLOUR('',#12492);
ENDSEC;
END-ISO-10303-21;
